label,rq,a,b,median_dbar_norm,share_a_better,share_sig,median_p,t_panel,n_countries,median_q,share_sig_fdr
RQ3 arma/L: aci_cqr vs native,RQ3,arma/L/42/aci_cqr,arma/L/42/native,-0.07319614712503603,0.7,0.5,0.07324720442845056,-5.0975636273257985,10,0.1444535368939741,0.5
RQ3 arma/L: agaci_cqr vs native,RQ3,arma/L/42/agaci_cqr,arma/L/42/native,-0.07579689867500808,0.7,0.5,0.0840408770636315,-5.299576332522571,10,0.16316631594136993,0.5
RQ3 arma/L: cqr_rolling vs native,RQ3,arma/L/42/cqr_rolling,arma/L/42/native,-0.06770158114003474,0.7,0.5,0.0629269277755502,-4.63946859058304,10,0.13402161131788184,0.5
RQ3 arma/L: cqr_static vs native,RQ3,arma/L/42/cqr_static,arma/L/42/native,0.150688955769213,0.1,0.9,5.923357444492794e-05,22.116551593277936,10,0.0003914430395857936,0.9
RQ3 arma/L: decay_ocp_cqr vs native,RQ3,arma/L/42/decay_ocp_cqr,arma/L/42/native,0.03848705071588845,0.3,0.8,0.00028936018656700035,6.613443632716823,10,0.0015706999409012593,0.7
RQ3 arma/L: dtaci_cqr vs native,RQ3,arma/L/42/dtaci_cqr,arma/L/42/native,-0.07099837653663693,0.7,0.5,0.23496412467477523,-5.986722225351011,10,0.3171419299048854,0.5
RQ3 arma/L: mondrian_cqr vs native,RQ3,arma/L/42/mondrian_cqr,arma/L/42/native,0.037407395564411,0.4,0.4,0.13725347035404734,-1.15617351494758,10,0.2649172181639501,0.4
RQ3 arma/L: pid_cqr vs native,RQ3,arma/L/42/pid_cqr,arma/L/42/native,-0.06550382901728527,0.8,0.5,0.0804221070544675,-4.878319940996317,10,0.15584904243630285,0.5
RQ3 arma/L: pid_local_cqr vs native,RQ3,arma/L/42/pid_local_cqr,arma/L/42/native,-0.032856940114262524,0.7,0.3,0.30580912848104047,-2.9785313748544393,10,0.4679523676056172,0.3
RQ3 arma/L: pid_tan_cqr vs native,RQ3,arma/L/42/pid_tan_cqr,arma/L/42/native,0.03561022624689625,0.5,0.8,0.008005166449904788,-0.8012454778428428,10,0.029118518243912286,0.7
RQ3 arma/L: saocp_cqr vs native,RQ3,arma/L/42/saocp_cqr,arma/L/42/native,0.04983225935944556,0.1,0.5,0.07721175999969399,3.719824643864477,10,0.1666841744770523,0.5
RQ3 arma/L: sfogd_cqr vs native,RQ3,arma/L/42/sfogd_cqr,arma/L/42/native,0.003020140014654527,0.4,0.3,0.3392078410299245,-1.6686802413909654,10,0.48065369319772755,0.2
RQ3 arma/L: spci_cqr vs native,RQ3,arma/L/42/spci_cqr,arma/L/42/native,-0.05120386623848957,0.7,0.6,0.03870120116634279,-3.326699106723464,10,0.10202048773499378,0.5
RQ3 arma_monthly/L: aci_cqr vs native,RQ3,arma_monthly/L/42/aci_cqr,arma_monthly/L/42/native,-0.05248688593874625,0.6,0.5,0.08369910382993795,-5.351975756815415,10,0.16013602644240355,0.5
RQ3 arma_monthly/L: agaci_cqr vs native,RQ3,arma_monthly/L/42/agaci_cqr,arma_monthly/L/42/native,-0.06316874662121934,0.6,0.5,0.16054003924369642,-5.001419537475223,10,0.24768824247178614,0.5
RQ3 arma_monthly/L: cqr_rolling vs native,RQ3,arma_monthly/L/42/cqr_rolling,arma_monthly/L/42/native,-0.06255466561193913,0.6,0.5,0.09263015278676368,-5.225914998853189,10,0.16604237425847052,0.5
RQ3 arma_monthly/L: cqr_static vs native,RQ3,arma_monthly/L/42/cqr_static,arma_monthly/L/42/native,0.06805908974675233,0.1,0.9,0.00024760000429335793,13.736796480741466,10,0.0013701923146175945,0.9
RQ3 arma_monthly/L: decay_ocp_cqr vs native,RQ3,arma_monthly/L/42/decay_ocp_cqr,arma_monthly/L/42/native,0.012043040016872321,0.4,0.8,0.001870334409393437,3.0484358180780498,10,0.008167092710242033,0.6
RQ3 arma_monthly/L: dtaci_cqr vs native,RQ3,arma_monthly/L/42/dtaci_cqr,arma_monthly/L/42/native,-0.05674400266495877,0.6,0.5,0.22493384290219698,-5.840419238810395,10,0.30842890181627886,0.5
RQ3 arma_monthly/L: mondrian_cqr vs native,RQ3,arma_monthly/L/42/mondrian_cqr,arma_monthly/L/42/native,0.05014659328074596,0.4,0.9,0.031187815158757015,-0.847702534542557,10,0.08645306239583553,0.7
RQ3 arma_monthly/L: pid_cqr vs native,RQ3,arma_monthly/L/42/pid_cqr,arma_monthly/L/42/native,-0.0537809903695546,0.8,0.5,0.12206089608864212,-4.709017926548004,10,0.20864925517953464,0.5
RQ3 arma_monthly/L: pid_local_cqr vs native,RQ3,arma_monthly/L/42/pid_local_cqr,arma_monthly/L/42/native,-0.03684023155117426,0.7,0.4,0.3569618349152972,-3.694870794502606,10,0.5260283043652356,0.4
RQ3 arma_monthly/L: pid_tan_cqr vs native,RQ3,arma_monthly/L/42/pid_tan_cqr,arma_monthly/L/42/native,0.08694801489099385,0.4,0.8,0.006205640654023736,0.0367779278922157,10,0.023420821420147224,0.8
RQ3 arma_monthly/L: saocp_cqr vs native,RQ3,arma_monthly/L/42/saocp_cqr,arma_monthly/L/42/native,0.0554924420387778,0.1,0.6,0.032374987062060656,3.9386476720262618,10,0.08627776457727797,0.5
RQ3 arma_monthly/L: sfogd_cqr vs native,RQ3,arma_monthly/L/42/sfogd_cqr,arma_monthly/L/42/native,-0.012355238617564218,0.5,0.3,0.36316511405906915,-2.065438635855548,10,0.5318673394657849,0.2
RQ3 arma_monthly/L: spci_cqr vs native,RQ3,arma_monthly/L/42/spci_cqr,arma_monthly/L/42/native,-0.036643731335141295,0.7,0.5,0.0982498480138525,-3.057355191939822,10,0.19482350880538574,0.5
RQ3 lgbm/G: aci_cqr vs native,RQ3,lgbm/G/42/aci_cqr,lgbm/G/42/native,0.011002449626394215,0.4,0.5,0.13607603626795406,-0.12166099208210206,10,0.25856241609129005,0.4
RQ3 lgbm/G: agaci_cqr vs native,RQ3,lgbm/G/42/agaci_cqr,lgbm/G/42/native,0.005218882904407404,0.4,0.5,0.11803257316020987,-0.5374592859150749,10,0.2335100438643739,0.4
RQ3 lgbm/G: cqr_rolling vs native,RQ3,lgbm/G/42/cqr_rolling,lgbm/G/42/native,0.0037420649504171155,0.5,0.5,0.14416893958332355,-0.556151144265174,10,0.2663401099841713,0.3
RQ3 lgbm/G: cqr_static vs native,RQ3,lgbm/G/42/cqr_static,lgbm/G/42/native,0.014558961858593969,0.3,0.5,0.08551382632069449,8.050383171870035,10,0.17969616443276765,0.5
RQ3 lgbm/G: decay_ocp_cqr vs native,RQ3,lgbm/G/42/decay_ocp_cqr,lgbm/G/42/native,-0.00440612981118706,0.7,0.3,0.25729642003924946,-4.691503641932042,10,0.41781328075182556,0.3
RQ3 lgbm/G: dtaci_cqr vs native,RQ3,lgbm/G/42/dtaci_cqr,lgbm/G/42/native,0.01042979287718976,0.4,0.5,0.11170050300925594,-0.5232944137392724,10,0.2164561236019375,0.3
RQ3 lgbm/G: mondrian_cqr vs native,RQ3,lgbm/G/42/mondrian_cqr,lgbm/G/42/native,0.07720346038185955,0.2,0.7,0.0066935519344246686,4.689320539359412,10,0.024256295108620547,0.6
RQ3 lgbm/G: pid_cqr vs native,RQ3,lgbm/G/42/pid_cqr,lgbm/G/42/native,0.015328942415025259,0.3,0.3,0.14851210674528537,-0.1243056245809379,10,0.279783789231388,0.3
RQ3 lgbm/G: pid_local_cqr vs native,RQ3,lgbm/G/42/pid_local_cqr,lgbm/G/42/native,0.02554868625098198,0.2,0.2,0.2545891482270032,1.7950837202836043,10,0.4146614906226748,0.2
RQ3 lgbm/G: pid_tan_cqr vs native,RQ3,lgbm/G/42/pid_tan_cqr,lgbm/G/42/native,0.1313255250767447,0.0,0.9,0.0010974611803168388,7.248412023535018,10,0.00542583300335159,0.7
RQ3 lgbm/G: saocp_cqr vs native,RQ3,lgbm/G/42/saocp_cqr,lgbm/G/42/native,0.06532288390828006,0.0,0.8,0.007853512361744142,5.806524433158607,10,0.02868484601650055,0.6
RQ3 lgbm/G: sfogd_cqr vs native,RQ3,lgbm/G/42/sfogd_cqr,lgbm/G/42/native,0.04379557611943933,0.0,0.3,0.1913821373859994,2.8596293256973118,10,0.33837616531425035,0.2
RQ3 lgbm/G: spci_cqr vs native,RQ3,lgbm/G/42/spci_cqr,lgbm/G/42/native,0.023881382015926947,0.2,0.4,0.3527262181930395,1.5089029095437339,10,0.5155373830366167,0.1
RQ3 lgbm/GI: aci_cqr vs native,RQ3,lgbm/GI/42/aci_cqr,lgbm/GI/42/native,0.009719387591902726,0.4,0.5,0.10140697752726247,0.22305978702475113,10,0.21103872813680177,0.3
RQ3 lgbm/GI: agaci_cqr vs native,RQ3,lgbm/GI/42/agaci_cqr,lgbm/GI/42/native,0.005976538585891619,0.5,0.5,0.12314156816157751,-0.01983537434441441,10,0.24373522581558432,0.3
RQ3 lgbm/GI: cqr_rolling vs native,RQ3,lgbm/GI/42/cqr_rolling,lgbm/GI/42/native,0.007390934046094296,0.4,0.4,0.1646770962207259,-0.17160056321806633,10,0.3036997972500364,0.3
RQ3 lgbm/GI: cqr_static vs native,RQ3,lgbm/GI/42/cqr_static,lgbm/GI/42/native,0.006553588128200808,0.2,0.4,0.40722714464985954,8.738849733990431,10,0.5740712131438999,0.3
RQ3 lgbm/GI: decay_ocp_cqr vs native,RQ3,lgbm/GI/42/decay_ocp_cqr,lgbm/GI/42/native,-0.0011424079115262054,0.6,0.4,0.3416616764015802,-2.880828427436178,10,0.5078751872159174,0.3
RQ3 lgbm/GI: dtaci_cqr vs native,RQ3,lgbm/GI/42/dtaci_cqr,lgbm/GI/42/native,0.01937718443774644,0.4,0.5,0.10294619224346346,0.16209423404695436,10,0.21361945279958447,0.1
RQ3 lgbm/GI: mondrian_cqr vs native,RQ3,lgbm/GI/42/mondrian_cqr,lgbm/GI/42/native,0.07717799589457003,0.2,0.7,0.053133801022164584,4.726793442701029,10,0.12989310505128768,0.4
RQ3 lgbm/GI: pid_cqr vs native,RQ3,lgbm/GI/42/pid_cqr,lgbm/GI/42/native,0.014835771907052703,0.4,0.4,0.12818691108712033,0.5413410591526918,10,0.2528619503430769,0.1
RQ3 lgbm/GI: pid_local_cqr vs native,RQ3,lgbm/GI/42/pid_local_cqr,lgbm/GI/42/native,0.027917638549100347,0.2,0.3,0.22920806162082952,1.8836296564340038,10,0.3840794233066719,0.2
RQ3 lgbm/GI: pid_tan_cqr vs native,RQ3,lgbm/GI/42/pid_tan_cqr,lgbm/GI/42/native,0.15603630908721688,0.0,0.9,0.0007638295643591642,7.470566542012975,10,0.0039063046973055624,0.9
RQ3 lgbm/GI: saocp_cqr vs native,RQ3,lgbm/GI/42/saocp_cqr,lgbm/GI/42/native,0.0798476929471844,0.0,0.8,0.0016096928522641996,5.80215329718865,10,0.007503013554793016,0.6
RQ3 lgbm/GI: sfogd_cqr vs native,RQ3,lgbm/GI/42/sfogd_cqr,lgbm/GI/42/native,0.04536966298448129,0.1,0.3,0.17228596353400571,3.031538683245802,10,0.3097172718644867,0.2
RQ3 lgbm/GI: spci_cqr vs native,RQ3,lgbm/GI/42/spci_cqr,lgbm/GI/42/native,0.03859122299613211,0.2,0.4,0.35746569205784184,2.611143646332235,10,0.5256015765811598,0.3
RQ3 lgbm/L: aci_cqr vs native,RQ3,lgbm/L/42/aci_cqr,lgbm/L/42/native,0.01707280352331473,0.3,0.3,0.29764069131450277,1.8816423586670556,10,0.460685215746124,0.2
RQ3 lgbm/L: agaci_cqr vs native,RQ3,lgbm/L/42/agaci_cqr,lgbm/L/42/native,0.012122394007509406,0.4,0.1,0.3421008961171278,1.0183414540837221,10,0.5111609910558413,0.0
RQ3 lgbm/L: cqr_rolling vs native,RQ3,lgbm/L/42/cqr_rolling,lgbm/L/42/native,0.01874453270462069,0.3,0.2,0.25062123438602946,1.3309438973027696,10,0.4103322475187866,0.1
RQ3 lgbm/L: cqr_static vs native,RQ3,lgbm/L/42/cqr_static,lgbm/L/42/native,0.046567455575393074,0.0,0.7,0.007012973631883246,9.263126445894551,10,0.02616383838382965,0.7
RQ3 lgbm/L: decay_ocp_cqr vs native,RQ3,lgbm/L/42/decay_ocp_cqr,lgbm/L/42/native,0.005344065583104136,0.2,0.4,0.20733013958541802,2.193469788239901,10,0.3581887671642181,0.3
RQ3 lgbm/L: dtaci_cqr vs native,RQ3,lgbm/L/42/dtaci_cqr,lgbm/L/42/native,0.010361029554230025,0.3,0.1,0.4160544561677616,1.3316154583118798,10,0.5835937810080057,0.1
RQ3 lgbm/L: mondrian_cqr vs native,RQ3,lgbm/L/42/mondrian_cqr,lgbm/L/42/native,0.07891020754055493,0.0,0.7,0.025071117998572312,4.9421513681644775,10,0.07270242735545572,0.6
RQ3 lgbm/L: pid_cqr vs native,RQ3,lgbm/L/42/pid_cqr,lgbm/L/42/native,0.01784744345433386,0.2,0.0,0.43863671906653945,2.029413188304931,10,0.6045026276238556,0.0
RQ3 lgbm/L: pid_local_cqr vs native,RQ3,lgbm/L/42/pid_local_cqr,lgbm/L/42/native,0.026590735384095135,0.1,0.3,0.36567800522439287,3.492729923757189,10,0.534600254660685,0.2
RQ3 lgbm/L: pid_tan_cqr vs native,RQ3,lgbm/L/42/pid_tan_cqr,lgbm/L/42/native,0.1718631926896677,0.0,1.0,0.00025610583205359916,8.96196262278717,10,0.001526469534475112,1.0
RQ3 lgbm/L: saocp_cqr vs native,RQ3,lgbm/L/42/saocp_cqr,lgbm/L/42/native,0.055844217800173235,0.1,0.5,0.0983116729367789,4.0271985404857995,10,0.19818016721700138,0.4
RQ3 lgbm/L: sfogd_cqr vs native,RQ3,lgbm/L/42/sfogd_cqr,lgbm/L/42/native,0.051763415559694825,0.0,0.5,0.09180681544870206,4.036812200257263,10,0.19658904250924086,0.2
RQ3 lgbm/L: spci_cqr vs native,RQ3,lgbm/L/42/spci_cqr,lgbm/L/42/native,0.04104979685584692,0.1,0.3,0.381132359516799,3.7557777880937664,10,0.5461032977824845,0.3
RQ3 lgbm_const/G: aci_cqr vs native,RQ3,lgbm_const/G/42/aci_cqr,lgbm_const/G/42/native,-0.018852364005924386,0.6,0.3,0.22843249185022696,-2.402422131573044,10,0.3830435008008228,0.3
RQ3 lgbm_const/G: agaci_cqr vs native,RQ3,lgbm_const/G/42/agaci_cqr,lgbm_const/G/42/native,-0.014758602017175127,0.5,0.4,0.2670352037353143,-2.6216934521347017,10,0.42578968911281506,0.3
RQ3 lgbm_const/G: cqr_rolling vs native,RQ3,lgbm_const/G/42/cqr_rolling,lgbm_const/G/42/native,-0.01624026462849547,0.5,0.3,0.3323648137928952,-2.1588650164690812,10,0.5012103119457516,0.3
RQ3 lgbm_const/G: cqr_static vs native,RQ3,lgbm_const/G/42/cqr_static,lgbm_const/G/42/native,0.026880388899491073,0.1,0.7,0.03935599486214325,7.823593629158445,10,0.09557419328787448,0.5
RQ3 lgbm_const/G: decay_ocp_cqr vs native,RQ3,lgbm_const/G/42/decay_ocp_cqr,lgbm_const/G/42/native,0.007338985009027068,0.3,0.4,0.3229651634553856,2.344153335083515,10,0.48986249260226256,0.4
RQ3 lgbm_const/G: dtaci_cqr vs native,RQ3,lgbm_const/G/42/dtaci_cqr,lgbm_const/G/42/native,-0.011327987377040771,0.5,0.4,0.15563228562125286,-2.6218173308188124,10,0.291470341969626,0.3
RQ3 lgbm_const/G: mondrian_cqr vs native,RQ3,lgbm_const/G/42/mondrian_cqr,lgbm_const/G/42/native,0.0689084903237149,0.2,0.6,0.07988192888292689,1.9968912317707346,10,0.17767660456141307,0.3
RQ3 lgbm_const/G: pid_cqr vs native,RQ3,lgbm_const/G/42/pid_cqr,lgbm_const/G/42/native,-0.01800521116897505,0.6,0.5,0.11398406621713675,-2.7753031524718583,10,0.23053325202449845,0.2
RQ3 lgbm_const/G: pid_local_cqr vs native,RQ3,lgbm_const/G/42/pid_local_cqr,lgbm_const/G/42/native,0.0022561897185017703,0.4,0.4,0.19458250789545095,-0.9565967084920239,10,0.33590535059444326,0.2
RQ3 lgbm_const/G: pid_tan_cqr vs native,RQ3,lgbm_const/G/42/pid_tan_cqr,lgbm_const/G/42/native,0.16352774549878166,0.2,0.8,0.003926269625641576,5.869909554136945,10,0.016068828253755288,0.7
RQ3 lgbm_const/G: saocp_cqr vs native,RQ3,lgbm_const/G/42/saocp_cqr,lgbm_const/G/42/native,0.04384338514881036,0.1,0.4,0.14102889315424727,2.1374804532257783,10,0.2700781455886918,0.3
RQ3 lgbm_const/G: sfogd_cqr vs native,RQ3,lgbm_const/G/42/sfogd_cqr,lgbm_const/G/42/native,0.010872395087121938,0.4,0.4,0.2510213055022955,0.14541977305065185,10,0.399082366106863,0.2
RQ3 lgbm_const/G: spci_cqr vs native,RQ3,lgbm_const/G/42/spci_cqr,lgbm_const/G/42/native,-0.004554260388196188,0.6,0.4,0.1157000878962463,-0.47839079945960206,10,0.23428502316770328,0.4
RQ3 lgbm_const/L: aci_cqr vs native,RQ3,lgbm_const/L/42/aci_cqr,lgbm_const/L/42/native,-0.009328122265076141,0.6,0.4,0.14491732902991772,-2.5069892189810936,10,0.276766224534356,0.3
RQ3 lgbm_const/L: agaci_cqr vs native,RQ3,lgbm_const/L/42/agaci_cqr,lgbm_const/L/42/native,-0.005575776816409519,0.5,0.6,0.06813156600015113,-2.9660891436749175,10,0.15687423404020884,0.4
RQ3 lgbm_const/L: cqr_rolling vs native,RQ3,lgbm_const/L/42/cqr_rolling,lgbm_const/L/42/native,-0.0008250768169710352,0.6,0.4,0.15733997876033,-1.9267400787208484,10,0.29197112729835506,0.4
RQ3 lgbm_const/L: cqr_static vs native,RQ3,lgbm_const/L/42/cqr_static,lgbm_const/L/42/native,0.11722121605392541,0.1,0.6,0.00010785351043185454,6.892428328519961,10,0.0006703640409200951,0.6
RQ3 lgbm_const/L: decay_ocp_cqr vs native,RQ3,lgbm_const/L/42/decay_ocp_cqr,lgbm_const/L/42/native,0.022118329522450818,0.4,0.6,0.049213440360884375,2.7454228542762453,10,0.11572609502198553,0.5
RQ3 lgbm_const/L: dtaci_cqr vs native,RQ3,lgbm_const/L/42/dtaci_cqr,lgbm_const/L/42/native,-0.0035995549406066564,0.5,0.4,0.17277898977933015,-3.187402317948084,10,0.311895323166227,0.4
RQ3 lgbm_const/L: mondrian_cqr vs native,RQ3,lgbm_const/L/42/mondrian_cqr,lgbm_const/L/42/native,0.051937062209749196,0.3,0.3,0.20682108249094944,1.0024361087445313,10,0.35692438037517155,0.2
RQ3 lgbm_const/L: pid_cqr vs native,RQ3,lgbm_const/L/42/pid_cqr,lgbm_const/L/42/native,-0.013710400450361716,0.6,0.4,0.24257991961241177,-3.327989304846598,10,0.39429980999793773,0.3
RQ3 lgbm_const/L: pid_local_cqr vs native,RQ3,lgbm_const/L/42/pid_local_cqr,lgbm_const/L/42/native,-0.0014003406224489547,0.5,0.1,0.486246173052058,-0.9212559606437868,10,0.6451393299281445,0.1
RQ3 lgbm_const/L: pid_tan_cqr vs native,RQ3,lgbm_const/L/42/pid_tan_cqr,lgbm_const/L/42/native,0.1656642867169735,0.3,0.7,0.0036432219461874915,4.295507521248557,10,0.015081709080844167,0.6
RQ3 lgbm_const/L: saocp_cqr vs native,RQ3,lgbm_const/L/42/saocp_cqr,lgbm_const/L/42/native,0.032673690805331196,0.1,0.1,0.4119623541489499,1.618113544477309,10,0.5800452578717519,0.1
RQ3 lgbm_const/L: sfogd_cqr vs native,RQ3,lgbm_const/L/42/sfogd_cqr,lgbm_const/L/42/native,0.01902683715324095,0.2,0.1,0.5426040080194486,-0.22423126219268355,10,0.695846489225872,0.1
RQ3 lgbm_const/L: spci_cqr vs native,RQ3,lgbm_const/L/42/spci_cqr,lgbm_const/L/42/native,0.046677511938452265,0.3,0.7,0.044667375296838396,0.12828132898531594,10,0.11389581855140624,0.4
RQ3 lstm/G: aci_cqr vs native,RQ3,lstm/G/42/aci_cqr,lstm/G/42/native,-0.1493660265120059,0.8,0.6,0.0022396636003823023,-5.288652908532564,10,0.05469370878311247,0.5666666666666667
RQ3 lstm/G: agaci_cqr vs native,RQ3,lstm/G/42/agaci_cqr,lstm/G/42/native,-0.15481758815683344,0.8,0.6,0.001799916126472234,-5.4777881462504805,10,0.05239201107991227,0.6333333333333333
RQ3 lstm/G: cqr_rolling vs native,RQ3,lstm/G/42/cqr_rolling,lstm/G/42/native,-0.15622799120677439,0.8,0.6,0.0014546126966330508,-5.31584250891988,10,0.056075120289458075,0.5333333333333333
RQ3 lstm/G: cqr_static vs native,RQ3,lstm/G/42/cqr_static,lstm/G/42/native,0.06366588545070344,0.1,0.9,3.1708357330906267e-06,15.856685995201182,10,0.00690009118178826,0.7333333333333333
RQ3 lstm/G: decay_ocp_cqr vs native,RQ3,lstm/G/42/decay_ocp_cqr,lstm/G/42/native,-0.003422649748763264,0.6,0.6,0.01769517083717409,-2.8150894965478783,10,0.002098308135009334,0.6333333333333333
RQ3 lstm/G: dtaci_cqr vs native,RQ3,lstm/G/42/dtaci_cqr,lstm/G/42/native,-0.1442177144058207,0.8,0.7,0.007273768211492837,-5.453198114779833,10,0.07305734579081999,0.5666666666666667
RQ3 lstm/G: mondrian_cqr vs native,RQ3,lstm/G/42/mondrian_cqr,lstm/G/42/native,-0.11148912624865064,0.7,0.9,0.005229682822340265,-3.2451998669272157,10,0.058214664234063254,0.5333333333333333
RQ3 lstm/G: pid_cqr vs native,RQ3,lstm/G/42/pid_cqr,lstm/G/42/native,-0.15557520804589875,0.9,0.7,0.001800671369671436,-5.608168407132473,10,0.013915359318416087,0.7
RQ3 lstm/G: pid_local_cqr vs native,RQ3,lstm/G/42/pid_local_cqr,lstm/G/42/native,-0.16022327841055573,0.9,0.6,0.003953700487663747,-5.354691592440476,10,0.04184745143566663,0.6
RQ3 lstm/G: pid_tan_cqr vs native,RQ3,lstm/G/42/pid_tan_cqr,lstm/G/42/native,0.05140973999689455,0.3,0.7,0.00047592390941331164,-0.5170585171526022,10,0.09213686043522241,0.5333333333333333
RQ3 lstm/G: saocp_cqr vs native,RQ3,lstm/G/42/saocp_cqr,lstm/G/42/native,0.04246516540162885,0.0,0.3,0.1827625575596632,3.5199881990469892,10,0.31756740209239487,0.3
RQ3 lstm/G: sfogd_cqr vs native,RQ3,lstm/G/42/sfogd_cqr,lstm/G/42/native,-0.08940939142079522,0.9,0.5,0.12529994233824115,-4.287559332342098,10,0.09710090683209494,0.5
RQ3 lstm/G: spci_cqr vs native,RQ3,lstm/G/42/spci_cqr,lstm/G/42/native,-0.11131763177650784,0.8,0.6,0.033532068007792515,-4.251125572802473,10,0.17316947592053275,0.4
RQ3 lstm/G: aci_cqr vs native,RQ3,lstm/G/43/aci_cqr,lstm/G/43/native,-0.3193723470866864,1.0,0.9,5.412773040891494e-08,-11.474168559727516,10,0.05469370878311247,0.5666666666666667
RQ3 lstm/G: agaci_cqr vs native,RQ3,lstm/G/43/agaci_cqr,lstm/G/43/native,-0.3199149732697334,1.0,0.9,1.1109901443262515e-07,-11.113742304246069,10,0.05239201107991227,0.6333333333333333
RQ3 lstm/G: cqr_rolling vs native,RQ3,lstm/G/43/cqr_rolling,lstm/G/43/native,-0.3140966533306133,1.0,0.9,3.192986260946995e-07,-11.873893149344015,10,0.056075120289458075,0.5333333333333333
RQ3 lstm/G: cqr_static vs native,RQ3,lstm/G/43/cqr_static,lstm/G/43/native,-0.13866813594991434,0.7,0.9,8.843911913913871e-08,-7.644153944262343,10,0.00690009118178826,0.7333333333333333
RQ3 lstm/G: decay_ocp_cqr vs native,RQ3,lstm/G/43/decay_ocp_cqr,lstm/G/43/native,-0.14810274917633065,1.0,1.0,1.0029754804463664e-12,-11.801448099086736,10,0.002098308135009334,0.6333333333333333
RQ3 lstm/G: dtaci_cqr vs native,RQ3,lstm/G/43/dtaci_cqr,lstm/G/43/native,-0.3250950500776235,1.0,0.9,1.625232692870071e-08,-11.584678876972143,10,0.07305734579081999,0.5666666666666667
RQ3 lstm/G: mondrian_cqr vs native,RQ3,lstm/G/43/mondrian_cqr,lstm/G/43/native,-0.27001329255041406,0.8,0.8,2.4278344042949485e-06,-7.9016925102988145,10,0.058214664234063254,0.5333333333333333
RQ3 lstm/G: pid_cqr vs native,RQ3,lstm/G/43/pid_cqr,lstm/G/43/native,-0.32196168078082255,1.0,1.0,5.334680710511464e-07,-9.566678231721012,10,0.013915359318416087,0.7
RQ3 lstm/G: pid_local_cqr vs native,RQ3,lstm/G/43/pid_local_cqr,lstm/G/43/native,-0.2920418658150592,1.0,0.9,3.542745619089516e-08,-9.310725613585795,10,0.04184745143566663,0.6
RQ3 lstm/G: pid_tan_cqr vs native,RQ3,lstm/G/43/pid_tan_cqr,lstm/G/43/native,-0.11982091078180186,0.6,0.8,0.021756444950451814,-4.5789307442882,10,0.09213686043522241,0.5333333333333333
RQ3 lstm/G: saocp_cqr vs native,RQ3,lstm/G/43/saocp_cqr,lstm/G/43/native,0.036916218064401124,0.0,0.5,0.06826077495727856,3.2826987376830696,10,0.31756740209239487,0.3
RQ3 lstm/G: sfogd_cqr vs native,RQ3,lstm/G/43/sfogd_cqr,lstm/G/43/native,-0.2687426454259343,1.0,0.8,6.016226919025591e-05,-7.768261206353728,10,0.09710090683209494,0.5
RQ3 lstm/G: spci_cqr vs native,RQ3,lstm/G/43/spci_cqr,lstm/G/43/native,-0.2771837171406819,1.0,0.8,2.681129451787001e-06,-8.651890364712216,10,0.17316947592053275,0.4
RQ3 lstm/G: aci_cqr vs native,RQ3,lstm/G/44/aci_cqr,lstm/G/44/native,-0.08411753799782598,0.8,0.4,0.19132219902516923,-1.8611495815584918,10,0.05469370878311247,0.5666666666666667
RQ3 lstm/G: agaci_cqr vs native,RQ3,lstm/G/44/agaci_cqr,lstm/G/44/native,-0.09058681895476196,1.0,0.5,0.15287876450725402,-2.2200703853402572,10,0.05239201107991227,0.6333333333333333
RQ3 lstm/G: cqr_rolling vs native,RQ3,lstm/G/44/cqr_rolling,lstm/G/44/native,-0.07382795152823195,0.8,0.4,0.24259506451876545,-1.549511302775106,10,0.056075120289458075,0.5333333333333333
RQ3 lstm/G: cqr_static vs native,RQ3,lstm/G/44/cqr_static,lstm/G/44/native,-0.00615017791408946,0.5,0.6,0.039995823671400976,1.8234951241252462,10,0.00690009118178826,0.7333333333333333
RQ3 lstm/G: decay_ocp_cqr vs native,RQ3,lstm/G/44/decay_ocp_cqr,lstm/G/44/native,-0.04262996315310061,0.7,0.6,0.06789403399354177,-0.8249916448674116,10,0.002098308135009334,0.6333333333333333
RQ3 lstm/G: dtaci_cqr vs native,RQ3,lstm/G/44/dtaci_cqr,lstm/G/44/native,-0.0905839122437529,1.0,0.5,0.1672958306756105,-2.0677529536950896,10,0.07305734579081999,0.5666666666666667
RQ3 lstm/G: mondrian_cqr vs native,RQ3,lstm/G/44/mondrian_cqr,lstm/G/44/native,-0.04515753305848718,0.7,0.0,0.4496742183376963,-0.5155528362453874,10,0.058214664234063254,0.5333333333333333
RQ3 lstm/G: pid_cqr vs native,RQ3,lstm/G/44/pid_cqr,lstm/G/44/native,-0.09492849688902325,1.0,0.5,0.14064658545349995,-2.748509622472741,10,0.013915359318416087,0.7
RQ3 lstm/G: pid_local_cqr vs native,RQ3,lstm/G/44/pid_local_cqr,lstm/G/44/native,-0.07896626876024335,0.9,0.3,0.1943539980263147,-2.137584075010701,10,0.04184745143566663,0.6
RQ3 lstm/G: pid_tan_cqr vs native,RQ3,lstm/G/44/pid_tan_cqr,lstm/G/44/native,0.08858403659762487,0.2,0.3,0.20201103203695492,1.7333541065349416,10,0.09213686043522241,0.5333333333333333
RQ3 lstm/G: saocp_cqr vs native,RQ3,lstm/G/44/saocp_cqr,lstm/G/44/native,-0.03138347632594808,0.8,0.4,0.3190140553597567,-0.9446164891419311,10,0.31756740209239487,0.3
RQ3 lstm/G: sfogd_cqr vs native,RQ3,lstm/G/44/sfogd_cqr,lstm/G/44/native,-0.0620677330973147,0.8,0.4,0.23521346665870535,-1.4191184452827423,10,0.09710090683209494,0.5
RQ3 lstm/G: spci_cqr vs native,RQ3,lstm/G/44/spci_cqr,lstm/G/44/native,-0.07097883268707764,0.9,0.2,0.20787906311775273,-1.753444640742723,10,0.17316947592053275,0.4
RQ3 lstm/GF: aci_cqr vs native,RQ3,lstm/GF/42/aci_cqr,lstm/GF/42/native,-0.14012701601144706,0.8,0.6,0.0023988017257835503,-4.866688562218677,10,0.04071201080599906,0.6
RQ3 lstm/GF: agaci_cqr vs native,RQ3,lstm/GF/42/agaci_cqr,lstm/GF/42/native,-0.14841659341668334,0.8,0.6,0.0013492320138680514,-5.237638069992064,10,0.03831591316341146,0.6333333333333333
RQ3 lstm/GF: cqr_rolling vs native,RQ3,lstm/GF/42/cqr_rolling,lstm/GF/42/native,-0.14885948868242743,0.8,0.6,0.0011592125683058674,-4.895821623054365,10,0.060827719950299994,0.5666666666666667
RQ3 lstm/GF: cqr_static vs native,RQ3,lstm/GF/42/cqr_static,lstm/GF/42/native,0.08785717302877419,0.1,1.0,2.2663010836865283e-06,14.971746935670005,10,0.0012701642622433467,0.8
RQ3 lstm/GF: decay_ocp_cqr vs native,RQ3,lstm/GF/42/decay_ocp_cqr,lstm/GF/42/native,0.0022951952572302326,0.5,0.7,0.02215342541704368,-1.0591626500084135,10,0.008213899580560804,0.7
RQ3 lstm/GF: dtaci_cqr vs native,RQ3,lstm/GF/42/dtaci_cqr,lstm/GF/42/native,-0.13738209576153926,0.8,0.6,0.007761595707359126,-5.094385858202788,10,0.05233494529537361,0.6
RQ3 lstm/GF: mondrian_cqr vs native,RQ3,lstm/GF/42/mondrian_cqr,lstm/GF/42/native,-0.09986560882615592,0.6,0.8,0.003550732447795024,-3.293916381746126,10,0.10658124829870652,0.5
RQ3 lstm/GF: pid_cqr vs native,RQ3,lstm/GF/42/pid_cqr,lstm/GF/42/native,-0.15556903611733225,0.9,0.7,0.00138073059676469,-5.175612085772804,10,0.008323469200330237,0.6666666666666666
RQ3 lstm/GF: pid_local_cqr vs native,RQ3,lstm/GF/42/pid_local_cqr,lstm/GF/42/native,-0.1461500500701579,0.9,0.6,0.004726296452068124,-5.1207106123556665,10,0.016729018147138605,0.5666666666666667
RQ3 lstm/GF: pid_tan_cqr vs native,RQ3,lstm/GF/42/pid_tan_cqr,lstm/GF/42/native,0.028294388371956882,0.4,0.7,0.00024903508154505705,-0.24696647971168048,10,0.10723869221482188,0.4666666666666667
RQ3 lstm/GF: saocp_cqr vs native,RQ3,lstm/GF/42/saocp_cqr,lstm/GF/42/native,0.035897572629716865,0.0,0.4,0.10616780760566114,3.8402430745108043,10,0.20692514692183483,0.3333333333333333
RQ3 lstm/GF: sfogd_cqr vs native,RQ3,lstm/GF/42/sfogd_cqr,lstm/GF/42/native,-0.10994541842044137,0.8,0.5,0.09501782939795855,-4.142214406385791,10,0.03877007312837408,0.5333333333333333
RQ3 lstm/GF: spci_cqr vs native,RQ3,lstm/GF/42/spci_cqr,lstm/GF/42/native,-0.12337717438859111,0.8,0.7,0.026813446965162968,-4.122512712080228,10,0.11367083426607796,0.4666666666666667
RQ3 lstm/GF: aci_cqr vs native,RQ3,lstm/GF/43/aci_cqr,lstm/GF/43/native,-0.320538857851564,1.0,0.9,1.7489526515923615e-07,-11.028518432603102,10,0.04071201080599906,0.6
RQ3 lstm/GF: agaci_cqr vs native,RQ3,lstm/GF/43/agaci_cqr,lstm/GF/43/native,-0.3221812200737225,1.0,0.9,1.4234036871396682e-07,-10.637662183229734,10,0.03831591316341146,0.6333333333333333
RQ3 lstm/GF: cqr_rolling vs native,RQ3,lstm/GF/43/cqr_rolling,lstm/GF/43/native,-0.3145007644333506,1.0,0.9,4.313611791095795e-07,-11.190496465297558,10,0.060827719950299994,0.5666666666666667
RQ3 lstm/GF: cqr_static vs native,RQ3,lstm/GF/43/cqr_static,lstm/GF/43/native,-0.15738790221029658,0.7,0.9,1.8153501368800562e-07,-6.814463538231851,10,0.0012701642622433467,0.8
RQ3 lstm/GF: decay_ocp_cqr vs native,RQ3,lstm/GF/43/decay_ocp_cqr,lstm/GF/43/native,-0.14423989208611362,1.0,1.0,2.909952279139816e-10,-11.150056714561686,10,0.008213899580560804,0.7
RQ3 lstm/GF: dtaci_cqr vs native,RQ3,lstm/GF/43/dtaci_cqr,lstm/GF/43/native,-0.3201144284202339,1.0,0.9,1.2944997129782365e-07,-11.000081141630417,10,0.05233494529537361,0.6
RQ3 lstm/GF: mondrian_cqr vs native,RQ3,lstm/GF/43/mondrian_cqr,lstm/GF/43/native,-0.24412136947359864,0.8,0.8,0.0010767022943504179,-7.638713507687198,10,0.10658124829870652,0.5
RQ3 lstm/GF: pid_cqr vs native,RQ3,lstm/GF/43/pid_cqr,lstm/GF/43/native,-0.316887552183693,1.0,0.9,1.7537147545265697e-07,-9.414890962106876,10,0.008323469200330237,0.6666666666666666
RQ3 lstm/GF: pid_local_cqr vs native,RQ3,lstm/GF/43/pid_local_cqr,lstm/GF/43/native,-0.2946856157286813,1.0,0.9,6.792268801847356e-07,-8.735283081577577,10,0.016729018147138605,0.5666666666666667
RQ3 lstm/GF: pid_tan_cqr vs native,RQ3,lstm/GF/43/pid_tan_cqr,lstm/GF/43/native,-0.10963833573412947,0.6,0.8,0.013803651608539136,-4.162220376613626,10,0.10723869221482188,0.4666666666666667
RQ3 lstm/GF: saocp_cqr vs native,RQ3,lstm/GF/43/saocp_cqr,lstm/GF/43/native,0.04323957311958678,0.0,0.6,0.030005967042446402,3.3719092789208163,10,0.20692514692183483,0.3333333333333333
RQ3 lstm/GF: sfogd_cqr vs native,RQ3,lstm/GF/43/sfogd_cqr,lstm/GF/43/native,-0.2732965804946885,1.0,0.9,6.414459957182483e-05,-7.578074129382808,10,0.03877007312837408,0.5333333333333333
RQ3 lstm/GF: spci_cqr vs native,RQ3,lstm/GF/43/spci_cqr,lstm/GF/43/native,-0.2826121793716472,1.0,0.8,1.2861938576635978e-05,-8.319554231142964,10,0.11367083426607796,0.4666666666666667
RQ3 lstm/GF: aci_cqr vs native,RQ3,lstm/GF/44/aci_cqr,lstm/GF/44/native,-0.09486959092533448,1.0,0.4,0.13945301220304285,-2.207726623689183,10,0.04071201080599906,0.6
RQ3 lstm/GF: agaci_cqr vs native,RQ3,lstm/GF/44/agaci_cqr,lstm/GF/44/native,-0.09824343168519928,1.0,0.5,0.09466532917561776,-2.504151233565345,10,0.03831591316341146,0.6333333333333333
RQ3 lstm/GF: cqr_rolling vs native,RQ3,lstm/GF/44/cqr_rolling,lstm/GF/44/native,-0.08273559080858398,0.8,0.4,0.20732638751864496,-1.8485596052814466,10,0.060827719950299994,0.5666666666666667
RQ3 lstm/GF: cqr_static vs native,RQ3,lstm/GF/44/cqr_static,lstm/GF/44/native,-0.021546738914033626,0.5,0.7,0.05189477364680961,1.6252923380242634,10,0.0012701642622433467,0.8
RQ3 lstm/GF: decay_ocp_cqr vs native,RQ3,lstm/GF/44/decay_ocp_cqr,lstm/GF/44/native,-0.06438186087436715,0.7,0.7,0.028866835507415645,-1.0570063469997506,10,0.008213899580560804,0.7
RQ3 lstm/GF: dtaci_cqr vs native,RQ3,lstm/GF/44/dtaci_cqr,lstm/GF/44/native,-0.10280605633484823,1.0,0.5,0.12239200750922807,-2.344647741632311,10,0.05233494529537361,0.6
RQ3 lstm/GF: mondrian_cqr vs native,RQ3,lstm/GF/44/mondrian_cqr,lstm/GF/44/native,-0.035234006701198424,0.6,0.0,0.37971034675101123,-0.7312049548263075,10,0.10658124829870652,0.5
RQ3 lstm/GF: pid_cqr vs native,RQ3,lstm/GF/44/pid_cqr,lstm/GF/44/native,-0.09933146151571073,1.0,0.5,0.09280063103190084,-2.775303956282935,10,0.008323469200330237,0.6666666666666666
RQ3 lstm/GF: pid_local_cqr vs native,RQ3,lstm/GF/44/pid_local_cqr,lstm/GF/44/native,-0.07665353468742178,0.8,0.4,0.15663687827386963,-2.060599956762683,10,0.016729018147138605,0.5666666666666667
RQ3 lstm/GF: pid_tan_cqr vs native,RQ3,lstm/GF/44/pid_tan_cqr,lstm/GF/44/native,0.0719081868175677,0.2,0.2,0.25208023278599356,1.4323646657013225,10,0.10723869221482188,0.4666666666666667
RQ3 lstm/GF: saocp_cqr vs native,RQ3,lstm/GF/44/saocp_cqr,lstm/GF/44/native,-0.04484815633035279,0.8,0.5,0.22794552143571412,-1.209151826683044,10,0.20692514692183483,0.3333333333333333
RQ3 lstm/GF: sfogd_cqr vs native,RQ3,lstm/GF/44/sfogd_cqr,lstm/GF/44/native,-0.07214739082297532,0.8,0.4,0.1551397544893579,-1.5170252149337593,10,0.03877007312837408,0.5333333333333333
RQ3 lstm/GF: spci_cqr vs native,RQ3,lstm/GF/44/spci_cqr,lstm/GF/44/native,-0.07609466942201537,0.9,0.4,0.2541881176253622,-2.0671853999330025,10,0.11367083426607796,0.4666666666666667
RQ3 lstm/GI: aci_cqr vs native,RQ3,lstm/GI/42/aci_cqr,lstm/GI/42/native,-0.08426818511014571,0.7,0.5,0.07891068990715244,-3.5238159123191135,10,0.22675901688860367,0.4666666666666667
RQ3 lstm/GI: agaci_cqr vs native,RQ3,lstm/GI/42/agaci_cqr,lstm/GI/42/native,-0.08420414064007054,0.8,0.5,0.08323630879589239,-3.784485205036489,10,0.15729355788818922,0.4666666666666667
RQ3 lstm/GI: cqr_rolling vs native,RQ3,lstm/GI/42/cqr_rolling,lstm/GI/42/native,-0.07933779232299468,0.7,0.5,0.0962271638904626,-3.501051133816387,10,0.20663067482651032,0.43333333333333335
RQ3 lstm/GI: cqr_static vs native,RQ3,lstm/GI/42/cqr_static,lstm/GI/42/native,0.16793854822375365,0.1,0.9,4.859769142662174e-09,16.733590522741377,10,2.0090149284420657e-05,0.8
RQ3 lstm/GI: decay_ocp_cqr vs native,RQ3,lstm/GI/42/decay_ocp_cqr,lstm/GI/42/native,0.034955228911554816,0.1,0.8,0.0012948290663586937,7.4534936111725365,10,0.005660120480536839,0.7
RQ3 lstm/GI: dtaci_cqr vs native,RQ3,lstm/GI/42/dtaci_cqr,lstm/GI/42/native,-0.08510163622745205,0.8,0.6,0.053777401897587174,-3.9937412955046168,10,0.16110435726587688,0.43333333333333335
RQ3 lstm/GI: mondrian_cqr vs native,RQ3,lstm/GI/42/mondrian_cqr,lstm/GI/42/native,-0.0692948776637465,0.6,0.7,0.006889844363122011,-2.464800251427795,10,0.1960312382805493,0.43333333333333335
RQ3 lstm/GI: pid_cqr vs native,RQ3,lstm/GI/42/pid_cqr,lstm/GI/42/native,-0.11164909237245058,0.7,0.6,0.004919091695699818,-4.387368324254102,10,0.04198315885049812,0.5666666666666667
RQ3 lstm/GI: pid_local_cqr vs native,RQ3,lstm/GI/42/pid_local_cqr,lstm/GI/42/native,-0.09592086912808676,0.7,0.7,0.009521849406878724,-4.44408057346194,10,0.04114593152751294,0.6
RQ3 lstm/GI: pid_tan_cqr vs native,RQ3,lstm/GI/42/pid_tan_cqr,lstm/GI/42/native,0.0884440781318407,0.3,0.8,0.00018008224784160642,0.649515455912019,10,0.061856830675634494,0.5333333333333333
RQ3 lstm/GI: saocp_cqr vs native,RQ3,lstm/GI/42/saocp_cqr,lstm/GI/42/native,0.048221757655012756,0.0,0.3,0.1654955380782417,3.424872422522686,10,0.23962808154398407,0.3
RQ3 lstm/GI: sfogd_cqr vs native,RQ3,lstm/GI/42/sfogd_cqr,lstm/GI/42/native,-0.07172094866887098,0.6,0.5,0.17384396205459396,-3.742474303853093,10,0.14125503328265576,0.43333333333333335
RQ3 lstm/GI: spci_cqr vs native,RQ3,lstm/GI/42/spci_cqr,lstm/GI/42/native,-0.08405746633776998,0.6,0.5,0.09521648192898935,-3.803693254189778,10,0.2583237346853396,0.36666666666666664
RQ3 lstm/GI: aci_cqr vs native,RQ3,lstm/GI/43/aci_cqr,lstm/GI/43/native,-0.24102291432357756,1.0,0.7,2.0705696609946145e-05,-8.838007348788945,10,0.22675901688860367,0.4666666666666667
RQ3 lstm/GI: agaci_cqr vs native,RQ3,lstm/GI/43/agaci_cqr,lstm/GI/43/native,-0.24928489359709122,1.0,0.9,1.3574945366912061e-05,-8.68924214802941,10,0.15729355788818922,0.4666666666666667
RQ3 lstm/GI: cqr_rolling vs native,RQ3,lstm/GI/43/cqr_rolling,lstm/GI/43/native,-0.24795903853606366,1.0,0.8,1.3065279194535151e-05,-8.969161285394218,10,0.20663067482651032,0.43333333333333335
RQ3 lstm/GI: cqr_static vs native,RQ3,lstm/GI/43/cqr_static,lstm/GI/43/native,-0.0361843811698844,0.7,0.8,0.000858672536483418,-2.83516518053541,10,2.0090149284420657e-05,0.8
RQ3 lstm/GI: decay_ocp_cqr vs native,RQ3,lstm/GI/43/decay_ocp_cqr,lstm/GI/43/native,-0.1187773757933541,0.9,1.0,4.5248267788178254e-07,-10.422679479958177,10,0.005660120480536839,0.7
RQ3 lstm/GI: dtaci_cqr vs native,RQ3,lstm/GI/43/dtaci_cqr,lstm/GI/43/native,-0.25306701768371387,1.0,0.7,1.6434672580944998e-05,-8.906780449207432,10,0.16110435726587688,0.43333333333333335
RQ3 lstm/GI: mondrian_cqr vs native,RQ3,lstm/GI/43/mondrian_cqr,lstm/GI/43/native,-0.19090054308916896,0.8,0.8,0.011759375094859359,-5.7283646580635,10,0.1960312382805493,0.43333333333333335
RQ3 lstm/GI: pid_cqr vs native,RQ3,lstm/GI/43/pid_cqr,lstm/GI/43/native,-0.27044613421438185,1.0,0.9,3.692100344265814e-05,-8.232170309763777,10,0.04198315885049812,0.5666666666666667
RQ3 lstm/GI: pid_local_cqr vs native,RQ3,lstm/GI/43/pid_local_cqr,lstm/GI/43/native,-0.2718446443833803,1.0,0.8,2.6325113517966514e-06,-7.537523760486538,10,0.04114593152751294,0.6
RQ3 lstm/GI: pid_tan_cqr vs native,RQ3,lstm/GI/43/pid_tan_cqr,lstm/GI/43/native,-0.09399882329827504,0.6,0.8,0.00754030699512942,-3.360600231505337,10,0.061856830675634494,0.5333333333333333
RQ3 lstm/GI: saocp_cqr vs native,RQ3,lstm/GI/43/saocp_cqr,lstm/GI/43/native,0.04310278235795334,0.1,0.7,0.031195208808221686,3.4913259303311075,10,0.23962808154398407,0.3
RQ3 lstm/GI: sfogd_cqr vs native,RQ3,lstm/GI/43/sfogd_cqr,lstm/GI/43/native,-0.2225921322175233,1.0,0.8,0.0006745573227768809,-6.651990714304846,10,0.14125503328265576,0.43333333333333335
RQ3 lstm/GI: spci_cqr vs native,RQ3,lstm/GI/43/spci_cqr,lstm/GI/43/native,-0.24008584526494353,0.9,0.7,0.00018269870056508708,-6.812224855095756,10,0.2583237346853396,0.36666666666666664
RQ3 lstm/GI: aci_cqr vs native,RQ3,lstm/GI/44/aci_cqr,lstm/GI/44/native,-0.06121215243954743,1.0,0.3,0.25244492418818987,-1.8140340956832717,10,0.22675901688860367,0.4666666666666667
RQ3 lstm/GI: agaci_cqr vs native,RQ3,lstm/GI/44/agaci_cqr,lstm/GI/44/native,-0.064756341098711,1.0,0.3,0.13312933670446614,-2.1352523738084277,10,0.15729355788818922,0.4666666666666667
RQ3 lstm/GI: cqr_rolling vs native,RQ3,lstm/GI/44/cqr_rolling,lstm/GI/44/native,-0.06117762687596609,0.9,0.2,0.3221473805577979,-1.5738532958535205,10,0.20663067482651032,0.43333333333333335
RQ3 lstm/GI: cqr_static vs native,RQ3,lstm/GI/44/cqr_static,lstm/GI/44/native,0.0370160416649178,0.4,0.8,0.0005673292868455526,2.7618326379602163,10,2.0090149284420657e-05,0.8
RQ3 lstm/GI: decay_ocp_cqr vs native,RQ3,lstm/GI/44/decay_ocp_cqr,lstm/GI/44/native,-0.03589518267498179,0.7,0.5,0.08548767551165215,-0.6418261084176163,10,0.005660120480536839,0.7
RQ3 lstm/GI: dtaci_cqr vs native,RQ3,lstm/GI/44/dtaci_cqr,lstm/GI/44/native,-0.08288903477541207,1.0,0.4,0.14933684333205288,-2.1428014808044327,10,0.16110435726587688,0.43333333333333335
RQ3 lstm/GI: mondrian_cqr vs native,RQ3,lstm/GI/44/mondrian_cqr,lstm/GI/44/native,-0.043142420164856005,0.8,0.0,0.5359101928175416,-0.663742555092025,10,0.1960312382805493,0.43333333333333335
RQ3 lstm/GI: pid_cqr vs native,RQ3,lstm/GI/44/pid_cqr,lstm/GI/44/native,-0.09111091575119738,1.0,0.7,0.07591922551172847,-2.9629182559670055,10,0.04198315885049812,0.5666666666666667
RQ3 lstm/GI: pid_local_cqr vs native,RQ3,lstm/GI/44/pid_local_cqr,lstm/GI/44/native,-0.08502721316928578,1.0,0.6,0.08080917066136806,-2.611624384512908,10,0.04114593152751294,0.6
RQ3 lstm/GI: pid_tan_cqr vs native,RQ3,lstm/GI/44/pid_tan_cqr,lstm/GI/44/native,0.060983487107541576,0.2,0.2,0.3387382454201432,1.0407879060285703,10,0.061856830675634494,0.5333333333333333
RQ3 lstm/GI: saocp_cqr vs native,RQ3,lstm/GI/44/saocp_cqr,lstm/GI/44/native,-0.042742442856841645,0.7,0.3,0.3815668292973371,-1.366316162703607,10,0.23962808154398407,0.3
RQ3 lstm/GI: sfogd_cqr vs native,RQ3,lstm/GI/44/sfogd_cqr,lstm/GI/44/native,-0.05888370434819681,1.0,0.3,0.3638481664367943,-1.865314720774907,10,0.14125503328265576,0.43333333333333335
RQ3 lstm/GI: spci_cqr vs native,RQ3,lstm/GI/44/spci_cqr,lstm/GI/44/native,-0.06053072530277962,0.8,0.2,0.33040749698342176,-1.4769317920864709,10,0.2583237346853396,0.36666666666666664
RQ3 lstm/L: aci_cqr vs native,RQ3,lstm/L/42/aci_cqr,lstm/L/42/native,0.005590934894023654,0.4,0.2,0.44057781244672745,-0.0062602814759408,10,0.5052682085187704,0.06666666666666667
RQ3 lstm/L: agaci_cqr vs native,RQ3,lstm/L/42/agaci_cqr,lstm/L/42/native,0.0016914833889245815,0.5,0.3,0.5430927963828969,-0.2982256675145488,10,0.37683540028536977,0.16666666666666666
RQ3 lstm/L: cqr_rolling vs native,RQ3,lstm/L/42/cqr_rolling,lstm/L/42/native,-0.0007835028229312693,0.5,0.2,0.49556221360130337,0.2714098148037845,10,0.5523980096413212,0.1
RQ3 lstm/L: cqr_static vs native,RQ3,lstm/L/42/cqr_static,lstm/L/42/native,0.011727951265003107,0.4,0.6,0.030997024087880742,9.241874979248086,10,0.12790904281942292,0.43333333333333335
RQ3 lstm/L: decay_ocp_cqr vs native,RQ3,lstm/L/42/decay_ocp_cqr,lstm/L/42/native,-0.005973684351018244,0.5,0.4,0.15453662467929685,-0.5877308368895777,10,0.28511675939702524,0.3
RQ3 lstm/L: dtaci_cqr vs native,RQ3,lstm/L/42/dtaci_cqr,lstm/L/42/native,-0.0045258660772956585,0.6,0.3,0.41126873991121193,-0.5563813092768897,10,0.4228946055991064,0.2
RQ3 lstm/L: mondrian_cqr vs native,RQ3,lstm/L/42/mondrian_cqr,lstm/L/42/native,0.05234543107669189,0.1,0.4,0.20119587086184698,2.6831992961254927,10,0.3089931972259271,0.3
RQ3 lstm/L: pid_cqr vs native,RQ3,lstm/L/42/pid_cqr,lstm/L/42/native,-0.017199704851627598,0.6,0.2,0.3689762485291874,-1.4093580814379956,10,0.5698477859834002,0.1
RQ3 lstm/L: pid_local_cqr vs native,RQ3,lstm/L/42/pid_local_cqr,lstm/L/42/native,0.0008825318812054578,0.4,0.2,0.49311715528932243,0.639247737878926,10,0.5974591762171984,0.06666666666666667
RQ3 lstm/L: pid_tan_cqr vs native,RQ3,lstm/L/42/pid_tan_cqr,lstm/L/42/native,0.17339020662487192,0.1,0.9,0.0004375343478517646,6.112128174091178,10,0.0027081558858793285,0.7666666666666667
RQ3 lstm/L: saocp_cqr vs native,RQ3,lstm/L/42/saocp_cqr,lstm/L/42/native,0.06978688457223219,0.0,0.8,0.015348592845802478,4.7671778573229195,10,0.09282491537346074,0.5
RQ3 lstm/L: sfogd_cqr vs native,RQ3,lstm/L/42/sfogd_cqr,lstm/L/42/native,0.027548730864049697,0.3,0.3,0.442700681012681,1.323022551674118,10,0.5930725455359631,0.13333333333333333
RQ3 lstm/L: spci_cqr vs native,RQ3,lstm/L/42/spci_cqr,lstm/L/42/native,0.0254876830775472,0.4,0.3,0.20987613329471522,0.9467002563315212,10,0.3693507595393017,0.2
RQ3 lstm/L: aci_cqr vs native,RQ3,lstm/L/43/aci_cqr,lstm/L/43/native,0.02436205124343664,0.4,0.2,0.19230640512138375,1.2465834770678932,10,0.5052682085187704,0.06666666666666667
RQ3 lstm/L: agaci_cqr vs native,RQ3,lstm/L/43/agaci_cqr,lstm/L/43/native,0.023901473437423777,0.4,0.4,0.17249793941800418,0.8075121539938515,10,0.37683540028536977,0.16666666666666666
RQ3 lstm/L: cqr_rolling vs native,RQ3,lstm/L/43/cqr_rolling,lstm/L/43/native,0.026908274282037445,0.4,0.3,0.14647666698847672,1.175012553164728,10,0.5523980096413212,0.1
RQ3 lstm/L: cqr_static vs native,RQ3,lstm/L/43/cqr_static,lstm/L/43/native,0.06732207957746215,0.1,0.7,0.01128796447979441,14.961773132405385,10,0.12790904281942292,0.43333333333333335
RQ3 lstm/L: decay_ocp_cqr vs native,RQ3,lstm/L/43/decay_ocp_cqr,lstm/L/43/native,0.0018944259195383688,0.4,0.5,0.09221939399477153,1.107224498752274,10,0.28511675939702524,0.3
RQ3 lstm/L: dtaci_cqr vs native,RQ3,lstm/L/43/dtaci_cqr,lstm/L/43/native,0.019681855366301355,0.4,0.2,0.20034067426257007,0.383886025247638,10,0.4228946055991064,0.2
RQ3 lstm/L: mondrian_cqr vs native,RQ3,lstm/L/43/mondrian_cqr,lstm/L/43/native,0.09002008361570929,0.2,0.7,0.08013273270437471,3.9024286372080614,10,0.3089931972259271,0.3
RQ3 lstm/L: pid_cqr vs native,RQ3,lstm/L/43/pid_cqr,lstm/L/43/native,0.012649996163882824,0.4,0.1,0.41659400303014615,-0.8695568056842718,10,0.5698477859834002,0.1
RQ3 lstm/L: pid_local_cqr vs native,RQ3,lstm/L/43/pid_local_cqr,lstm/L/43/native,0.023207583670619182,0.1,0.1,0.3709039536994623,1.3792346559185098,10,0.5974591762171984,0.06666666666666667
RQ3 lstm/L: pid_tan_cqr vs native,RQ3,lstm/L/43/pid_tan_cqr,lstm/L/43/native,0.1686009564629548,0.0,0.7,0.00038186742455148526,6.6259524799918035,10,0.0027081558858793285,0.7666666666666667
RQ3 lstm/L: saocp_cqr vs native,RQ3,lstm/L/43/saocp_cqr,lstm/L/43/native,0.06790064431126192,0.0,0.7,0.008450072233427086,6.358156934334269,10,0.09282491537346074,0.5
RQ3 lstm/L: sfogd_cqr vs native,RQ3,lstm/L/43/sfogd_cqr,lstm/L/43/native,0.026436984481218367,0.1,0.3,0.47268806227420956,2.5056833612577973,10,0.5930725455359631,0.13333333333333333
RQ3 lstm/L: spci_cqr vs native,RQ3,lstm/L/43/spci_cqr,lstm/L/43/native,0.05872104775837726,0.3,0.5,0.10423307061503084,2.089605839152572,10,0.3693507595393017,0.2
RQ3 lstm/L: aci_cqr vs native,RQ3,lstm/L/44/aci_cqr,lstm/L/44/native,0.016559274366249314,0.3,0.2,0.4351617714504046,-0.545617899502842,10,0.5052682085187704,0.06666666666666667
RQ3 lstm/L: agaci_cqr vs native,RQ3,lstm/L/44/agaci_cqr,lstm/L/44/native,0.0060902102753313874,0.5,0.2,0.2638619968707192,-0.9703618603404591,10,0.37683540028536977,0.16666666666666666
RQ3 lstm/L: cqr_rolling vs native,RQ3,lstm/L/44/cqr_rolling,lstm/L/44/native,0.011564956792841384,0.4,0.2,0.4843341669830309,-0.7308216065218477,10,0.5523980096413212,0.1
RQ3 lstm/L: cqr_static vs native,RQ3,lstm/L/44/cqr_static,lstm/L/44/native,0.001942372996992456,0.5,0.4,0.1739040985112117,8.773147143875534,10,0.12790904281942292,0.43333333333333335
RQ3 lstm/L: decay_ocp_cqr vs native,RQ3,lstm/L/44/decay_ocp_cqr,lstm/L/44/native,-0.0011770073869875601,0.5,0.4,0.1437579812176838,-3.795489282561101,10,0.28511675939702524,0.3
RQ3 lstm/L: dtaci_cqr vs native,RQ3,lstm/L/44/dtaci_cqr,lstm/L/44/native,-0.0002527613874383399,0.5,0.2,0.27444668628884994,-1.0565364105486428,10,0.4228946055991064,0.2
RQ3 lstm/L: mondrian_cqr vs native,RQ3,lstm/L/44/mondrian_cqr,lstm/L/44/native,0.04859197535603779,0.3,0.3,0.24100191013717975,1.4609967698595374,10,0.3089931972259271,0.3
RQ3 lstm/L: pid_cqr vs native,RQ3,lstm/L/44/pid_cqr,lstm/L/44/native,-0.0005926040321728691,0.5,0.3,0.4076443230296687,-1.6352474057113255,10,0.5698477859834002,0.1
RQ3 lstm/L: pid_local_cqr vs native,RQ3,lstm/L/44/pid_local_cqr,lstm/L/44/native,-0.003634754356329468,0.6,0.1,0.417663825691202,-0.7488884760422596,10,0.5974591762171984,0.06666666666666667
RQ3 lstm/L: pid_tan_cqr vs native,RQ3,lstm/L/44/pid_tan_cqr,lstm/L/44/native,0.1606578505857477,0.1,1.0,0.0016584433751615224,5.600148745805418,10,0.0027081558858793285,0.7666666666666667
RQ3 lstm/L: saocp_cqr vs native,RQ3,lstm/L/44/saocp_cqr,lstm/L/44/native,0.05885195393178645,0.0,0.4,0.10896848971601258,3.621685763150533,10,0.09282491537346074,0.5
RQ3 lstm/L: sfogd_cqr vs native,RQ3,lstm/L/44/sfogd_cqr,lstm/L/44/native,0.017653268164109406,0.4,0.1,0.35656157138334144,0.24103638829565496,10,0.5930725455359631,0.13333333333333333
RQ3 lstm/L: spci_cqr vs native,RQ3,lstm/L/44/spci_cqr,lstm/L/44/native,0.0028310827417648062,0.5,0.2,0.31472537864529726,-0.6627473029172444,10,0.3693507595393017,0.2
RQ3 lstm_const/G: aci_cqr vs native,RQ3,lstm_const/G/42/aci_cqr,lstm_const/G/42/native,-0.08965750423298055,0.8,0.7,0.007851674929520103,-4.67252286522045,10,0.02842566447200095,0.5333333333333333
RQ3 lstm_const/G: agaci_cqr vs native,RQ3,lstm_const/G/42/agaci_cqr,lstm_const/G/42/native,-0.08646636948635233,0.8,0.6,0.04340421149516249,-4.518452847796056,10,0.11205714585564179,0.5
RQ3 lstm_const/G: cqr_rolling vs native,RQ3,lstm_const/G/42/cqr_rolling,lstm_const/G/42/native,-0.08298191757558517,0.7,0.6,0.00926354926901829,-4.701185732580265,10,0.03354971890951891,0.5666666666666667
RQ3 lstm_const/G: cqr_static vs native,RQ3,lstm_const/G/42/cqr_static,lstm_const/G/42/native,0.0504063378576223,0.3,0.9,1.8784687666473232e-05,13.875862032711618,10,0.00011739503639399579,0.7666666666666667
RQ3 lstm_const/G: decay_ocp_cqr vs native,RQ3,lstm_const/G/42/decay_ocp_cqr,lstm_const/G/42/native,0.011604285497426915,0.4,0.7,0.03579247101097083,0.8960014393076341,10,0.02877408051554655,0.5666666666666667
RQ3 lstm_const/G: dtaci_cqr vs native,RQ3,lstm_const/G/42/dtaci_cqr,lstm_const/G/42/native,-0.08536072388563537,0.8,0.6,0.030578748116310117,-4.7398056585352055,10,0.0794022647257496,0.5
RQ3 lstm_const/G: mondrian_cqr vs native,RQ3,lstm_const/G/42/mondrian_cqr,lstm_const/G/42/native,0.004812123301262135,0.5,0.6,0.05125046851276682,-0.789676964808332,10,0.10785886607262946,0.4666666666666667
RQ3 lstm_const/G: pid_cqr vs native,RQ3,lstm_const/G/42/pid_cqr,lstm_const/G/42/native,-0.08117710089929998,0.8,0.5,0.0787710848676183,-4.2097280548641045,10,0.11170567896010254,0.5
RQ3 lstm_const/G: pid_local_cqr vs native,RQ3,lstm_const/G/42/pid_local_cqr,lstm_const/G/42/native,-0.06105643686922924,0.8,0.5,0.0850874801121041,-3.415379816722085,10,0.35181008391117335,0.4
RQ3 lstm_const/G: pid_tan_cqr vs native,RQ3,lstm_const/G/42/pid_tan_cqr,lstm_const/G/42/native,0.09359943450908541,0.4,0.8,0.0035371418269665167,0.5801385904339018,10,0.009006616087222204,0.7666666666666667
RQ3 lstm_const/G: saocp_cqr vs native,RQ3,lstm_const/G/42/saocp_cqr,lstm_const/G/42/native,0.04516648874015161,0.0,0.6,0.03545329100923433,3.52608897073302,10,0.10851424416196051,0.5
RQ3 lstm_const/G: sfogd_cqr vs native,RQ3,lstm_const/G/42/sfogd_cqr,lstm_const/G/42/native,-0.03471447497194555,0.6,0.4,0.3089951254867064,-1.897102829673877,10,0.4438730762466281,0.3
RQ3 lstm_const/G: spci_cqr vs native,RQ3,lstm_const/G/42/spci_cqr,lstm_const/G/42/native,-0.0550418292800894,0.7,0.5,0.10235988854610467,-3.072403113892103,10,0.09208982453251739,0.5333333333333333
RQ3 lstm_const/G: aci_cqr vs native,RQ3,lstm_const/G/43/aci_cqr,lstm_const/G/43/native,-0.09229160121042779,0.7,0.7,0.025021196947465407,-5.162058981362386,10,0.02842566447200095,0.5333333333333333
RQ3 lstm_const/G: agaci_cqr vs native,RQ3,lstm_const/G/43/agaci_cqr,lstm_const/G/43/native,-0.08879158698176996,0.7,0.5,0.056855342904142736,-5.128722399750936,10,0.11205714585564179,0.5
RQ3 lstm_const/G: cqr_rolling vs native,RQ3,lstm_const/G/43/cqr_rolling,lstm_const/G/43/native,-0.08766857547336153,0.7,0.7,0.014698795199983627,-5.032627168250231,10,0.03354971890951891,0.5666666666666667
RQ3 lstm_const/G: cqr_static vs native,RQ3,lstm_const/G/43/cqr_static,lstm_const/G/43/native,0.030515529550191194,0.4,0.8,1.2502430710381596e-05,11.599271715298558,10,0.00011739503639399579,0.7666666666666667
RQ3 lstm_const/G: decay_ocp_cqr vs native,RQ3,lstm_const/G/43/decay_ocp_cqr,lstm_const/G/43/native,0.002546783826576658,0.5,0.8,0.005626645755959725,0.5081697280622713,10,0.02877408051554655,0.5666666666666667
RQ3 lstm_const/G: dtaci_cqr vs native,RQ3,lstm_const/G/43/dtaci_cqr,lstm_const/G/43/native,-0.0881502036643034,0.8,0.6,0.03320608099155831,-5.225971201576049,10,0.0794022647257496,0.5
RQ3 lstm_const/G: mondrian_cqr vs native,RQ3,lstm_const/G/43/mondrian_cqr,lstm_const/G/43/native,-0.002138487408251625,0.5,0.8,0.012355990724631338,-1.001112894243424,10,0.10785886607262946,0.4666666666666667
RQ3 lstm_const/G: pid_cqr vs native,RQ3,lstm_const/G/43/pid_cqr,lstm_const/G/43/native,-0.08188454560705291,0.9,0.5,0.0518953567034699,-4.392510861589643,10,0.11170567896010254,0.5
RQ3 lstm_const/G: pid_local_cqr vs native,RQ3,lstm_const/G/43/pid_local_cqr,lstm_const/G/43/native,-0.0358386320812091,0.8,0.4,0.2737334071277595,-3.1480774762653914,10,0.35181008391117335,0.4
RQ3 lstm_const/G: pid_tan_cqr vs native,RQ3,lstm_const/G/43/pid_tan_cqr,lstm_const/G/43/native,0.06950488616758205,0.4,0.7,0.001997683599555544,0.7302903145744586,10,0.009006616087222204,0.7666666666666667
RQ3 lstm_const/G: saocp_cqr vs native,RQ3,lstm_const/G/43/saocp_cqr,lstm_const/G/43/native,0.047296110079276324,0.0,0.5,0.09534837814413277,3.60696939304755,10,0.10851424416196051,0.5
RQ3 lstm_const/G: sfogd_cqr vs native,RQ3,lstm_const/G/43/sfogd_cqr,lstm_const/G/43/native,-0.020556052111621557,0.6,0.3,0.30922207438113525,-1.6292832574268805,10,0.4438730762466281,0.3
RQ3 lstm_const/G: spci_cqr vs native,RQ3,lstm_const/G/43/spci_cqr,lstm_const/G/43/native,-0.055519955445976016,0.6,0.5,0.0635883743019987,-2.5046989828741717,10,0.09208982453251739,0.5333333333333333
RQ3 lstm_const/G: aci_cqr vs native,RQ3,lstm_const/G/44/aci_cqr,lstm_const/G/44/native,-0.07707092178554265,0.7,0.6,0.03588311507027342,-4.8939486092346876,10,0.02842566447200095,0.5333333333333333
RQ3 lstm_const/G: agaci_cqr vs native,RQ3,lstm_const/G/44/agaci_cqr,lstm_const/G/44/native,-0.07256228937461141,0.7,0.5,0.08640127357709637,-4.748934455774841,10,0.11205714585564179,0.5
RQ3 lstm_const/G: cqr_rolling vs native,RQ3,lstm_const/G/44/cqr_rolling,lstm_const/G/44/native,-0.0784498232041463,0.7,0.5,0.051430313926084215,-4.971504668086694,10,0.03354971890951891,0.5666666666666667
RQ3 lstm_const/G: cqr_static vs native,RQ3,lstm_const/G/44/cqr_static,lstm_const/G/44/native,0.03340776773149088,0.3,0.8,1.9520300070685614e-05,12.272225593929972,10,0.00011739503639399579,0.7666666666666667
RQ3 lstm_const/G: decay_ocp_cqr vs native,RQ3,lstm_const/G/44/decay_ocp_cqr,lstm_const/G/44/native,0.0030146049119747866,0.5,0.7,0.011264314041987356,-0.35804904403029053,10,0.02877408051554655,0.5666666666666667
RQ3 lstm_const/G: dtaci_cqr vs native,RQ3,lstm_const/G/44/dtaci_cqr,lstm_const/G/44/native,-0.07664951381743083,0.7,0.5,0.06958124231367602,-5.279083495261332,10,0.0794022647257496,0.5
RQ3 lstm_const/G: mondrian_cqr vs native,RQ3,lstm_const/G/44/mondrian_cqr,lstm_const/G/44/native,0.007916298593413992,0.5,0.6,0.06425144917205272,-1.2885044088324442,10,0.10785886607262946,0.4666666666666667
RQ3 lstm_const/G: pid_cqr vs native,RQ3,lstm_const/G/44/pid_cqr,lstm_const/G/44/native,-0.08620955878736285,0.8,0.5,0.07280712820551904,-5.164298670406944,10,0.11170567896010254,0.5
RQ3 lstm_const/G: pid_local_cqr vs native,RQ3,lstm_const/G/44/pid_local_cqr,lstm_const/G/44/native,-0.041143515337708325,0.7,0.4,0.2709074343690866,-3.65737741421831,10,0.35181008391117335,0.4
RQ3 lstm_const/G: pid_tan_cqr vs native,RQ3,lstm_const/G/44/pid_tan_cqr,lstm_const/G/44/native,0.11376569398244851,0.4,0.9,0.0008073340709662258,0.5777413618800996,10,0.009006616087222204,0.7666666666666667
RQ3 lstm_const/G: saocp_cqr vs native,RQ3,lstm_const/G/44/saocp_cqr,lstm_const/G/44/native,0.05727699935666004,0.0,0.6,0.02019196769121967,4.173306323477909,10,0.10851424416196051,0.5
RQ3 lstm_const/G: sfogd_cqr vs native,RQ3,lstm_const/G/44/sfogd_cqr,lstm_const/G/44/native,-0.00861846370780599,0.5,0.4,0.23419742834911916,-1.5972941868095099,10,0.4438730762466281,0.3
RQ3 lstm_const/G: spci_cqr vs native,RQ3,lstm_const/G/44/spci_cqr,lstm_const/G/44/native,-0.04070184141601017,0.6,0.6,0.031341862374530516,-2.506096782512495,10,0.09208982453251739,0.5333333333333333
RQ3 lstm_const/GF: aci_cqr vs native,RQ3,lstm_const/GF/42/aci_cqr,lstm_const/GF/42/native,-0.07920162424907892,0.8,0.6,0.006214144962748636,-4.460990423282093,10,0.024898277391254307,0.5333333333333333
RQ3 lstm_const/GF: agaci_cqr vs native,RQ3,lstm_const/GF/42/agaci_cqr,lstm_const/GF/42/native,-0.0773941786028045,0.8,0.6,0.04465661253984654,-4.405717392451917,10,0.11117530523651033,0.5
RQ3 lstm_const/GF: cqr_rolling vs native,RQ3,lstm_const/GF/42/cqr_rolling,lstm_const/GF/42/native,-0.07696810089612618,0.7,0.6,0.00567125146801839,-4.569420107650729,10,0.02392020255341383,0.5666666666666667
RQ3 lstm_const/GF: cqr_static vs native,RQ3,lstm_const/GF/42/cqr_static,lstm_const/GF/42/native,0.04635094576551635,0.3,0.9,1.7882317435047312e-05,13.82575173195668,10,0.00014935464344254966,0.7666666666666667
RQ3 lstm_const/GF: decay_ocp_cqr vs native,RQ3,lstm_const/GF/42/decay_ocp_cqr,lstm_const/GF/42/native,0.010534886046262163,0.4,0.7,0.03657477951360577,1.0610592479926586,10,0.1374639520690711,0.4666666666666667
RQ3 lstm_const/GF: dtaci_cqr vs native,RQ3,lstm_const/GF/42/dtaci_cqr,lstm_const/GF/42/native,-0.07835403890063371,0.8,0.6,0.02665499354217138,-4.665633880294422,10,0.07225983537843933,0.5
RQ3 lstm_const/GF: mondrian_cqr vs native,RQ3,lstm_const/GF/42/mondrian_cqr,lstm_const/GF/42/native,0.016131851604877116,0.5,0.4,0.13919887653286245,-0.12199820962603683,10,0.12799332939273725,0.43333333333333335
RQ3 lstm_const/GF: pid_cqr vs native,RQ3,lstm_const/GF/42/pid_cqr,lstm_const/GF/42/native,-0.06677849300633272,0.8,0.5,0.07500709057162702,-4.113447045650978,10,0.1486536870289687,0.5
RQ3 lstm_const/GF: pid_local_cqr vs native,RQ3,lstm_const/GF/42/pid_local_cqr,lstm_const/GF/42/native,-0.05436893945871407,0.7,0.5,0.07751941766897574,-3.3274350447288654,10,0.3070489568371982,0.4
RQ3 lstm_const/GF: pid_tan_cqr vs native,RQ3,lstm_const/GF/42/pid_tan_cqr,lstm_const/GF/42/native,0.10211830713712777,0.4,0.8,0.0023699079336183537,0.653681035974495,10,0.005415040627247382,0.7666666666666667
RQ3 lstm_const/GF: saocp_cqr vs native,RQ3,lstm_const/GF/42/saocp_cqr,lstm_const/GF/42/native,0.050118618417015245,0.0,0.7,0.03988827587088306,3.6032627039814322,10,0.1604831962159658,0.4666666666666667
RQ3 lstm_const/GF: sfogd_cqr vs native,RQ3,lstm_const/GF/42/sfogd_cqr,lstm_const/GF/42/native,-0.0393697531862282,0.6,0.4,0.2502686236932421,-1.9575509266065938,10,0.4247950002139987,0.26666666666666666
RQ3 lstm_const/GF: spci_cqr vs native,RQ3,lstm_const/GF/42/spci_cqr,lstm_const/GF/42/native,-0.05072687904628576,0.7,0.5,0.06679099308708558,-2.9169659010224467,10,0.090561772745369,0.5333333333333333
RQ3 lstm_const/GF: aci_cqr vs native,RQ3,lstm_const/GF/43/aci_cqr,lstm_const/GF/43/native,-0.08374317016216412,0.7,0.7,0.034421434821118146,-5.063291516744512,10,0.024898277391254307,0.5333333333333333
RQ3 lstm_const/GF: agaci_cqr vs native,RQ3,lstm_const/GF/43/agaci_cqr,lstm_const/GF/43/native,-0.07692031440136249,0.8,0.5,0.07631292989636884,-5.107471229469347,10,0.11117530523651033,0.5
RQ3 lstm_const/GF: cqr_rolling vs native,RQ3,lstm_const/GF/43/cqr_rolling,lstm_const/GF/43/native,-0.07681227845947468,0.7,0.7,0.009618328215515448,-4.9238121873942395,10,0.02392020255341383,0.5666666666666667
RQ3 lstm_const/GF: cqr_static vs native,RQ3,lstm_const/GF/43/cqr_static,lstm_const/GF/43/native,0.02563846379625289,0.4,0.8,1.907698068859265e-05,11.570165264757383,10,0.00014935464344254966,0.7666666666666667
RQ3 lstm_const/GF: decay_ocp_cqr vs native,RQ3,lstm_const/GF/43/decay_ocp_cqr,lstm_const/GF/43/native,0.0032653524928240333,0.5,0.6,0.057395432850268824,0.7880545904836731,10,0.1374639520690711,0.4666666666666667
RQ3 lstm_const/GF: dtaci_cqr vs native,RQ3,lstm_const/GF/43/dtaci_cqr,lstm_const/GF/43/native,-0.07992877888945707,0.8,0.6,0.04826075231116911,-5.182628525479096,10,0.07225983537843933,0.5
RQ3 lstm_const/GF: mondrian_cqr vs native,RQ3,lstm_const/GF/43/mondrian_cqr,lstm_const/GF/43/native,0.017118206101362842,0.5,0.7,0.03310026430248214,-1.343196154862136,10,0.12799332939273725,0.43333333333333335
RQ3 lstm_const/GF: pid_cqr vs native,RQ3,lstm_const/GF/43/pid_cqr,lstm_const/GF/43/native,-0.07321946668154876,0.8,0.5,0.08426729875401273,-4.4956333110589926,10,0.1486536870289687,0.5
RQ3 lstm_const/GF: pid_local_cqr vs native,RQ3,lstm_const/GF/43/pid_local_cqr,lstm_const/GF/43/native,-0.032658352892627876,0.8,0.4,0.23980205499862572,-2.948418601600751,10,0.3070489568371982,0.4
RQ3 lstm_const/GF: pid_tan_cqr vs native,RQ3,lstm_const/GF/43/pid_tan_cqr,lstm_const/GF/43/native,0.07496385842897581,0.4,0.7,0.0024860266181477852,0.7588603310661929,10,0.005415040627247382,0.7666666666666667
RQ3 lstm_const/GF: saocp_cqr vs native,RQ3,lstm_const/GF/43/saocp_cqr,lstm_const/GF/43/native,0.03647040107421614,0.0,0.4,0.12792362620669906,3.4534337660125316,10,0.1604831962159658,0.4666666666666667
RQ3 lstm_const/GF: sfogd_cqr vs native,RQ3,lstm_const/GF/43/sfogd_cqr,lstm_const/GF/43/native,-0.017484709772274183,0.6,0.3,0.19767858645444425,-1.6149117285177998,10,0.4247950002139987,0.26666666666666666
RQ3 lstm_const/GF: spci_cqr vs native,RQ3,lstm_const/GF/43/spci_cqr,lstm_const/GF/43/native,-0.03979690491905792,0.6,0.7,0.02355015352399059,-2.0787082405441906,10,0.090561772745369,0.5333333333333333
RQ3 lstm_const/GF: aci_cqr vs native,RQ3,lstm_const/GF/44/aci_cqr,lstm_const/GF/44/native,-0.07851243509159928,0.7,0.6,0.03236448697527905,-4.880451264405483,10,0.024898277391254307,0.5333333333333333
RQ3 lstm_const/GF: agaci_cqr vs native,RQ3,lstm_const/GF/44/agaci_cqr,lstm_const/GF/44/native,-0.07253410365849682,0.7,0.5,0.09997890368755946,-4.774778729438159,10,0.11117530523651033,0.5
RQ3 lstm_const/GF: cqr_rolling vs native,RQ3,lstm_const/GF/44/cqr_rolling,lstm_const/GF/44/native,-0.07808401281773564,0.7,0.5,0.05464063985415857,-5.04595709017429,10,0.02392020255341383,0.5666666666666667
RQ3 lstm_const/GF: cqr_static vs native,RQ3,lstm_const/GF/44/cqr_static,lstm_const/GF/44/native,0.025083704509643312,0.3,0.8,2.0070252136683564e-05,12.805786281061243,10,0.00014935464344254966,0.7666666666666667
RQ3 lstm_const/GF: decay_ocp_cqr vs native,RQ3,lstm_const/GF/44/decay_ocp_cqr,lstm_const/GF/44/native,0.00441338976084761,0.4,0.7,0.048782337203112314,-0.22300434533629387,10,0.1374639520690711,0.4666666666666667
RQ3 lstm_const/GF: dtaci_cqr vs native,RQ3,lstm_const/GF/44/dtaci_cqr,lstm_const/GF/44/native,-0.07332328953476228,0.7,0.5,0.08248696071091843,-5.218710282994436,10,0.07225983537843933,0.5
RQ3 lstm_const/GF: mondrian_cqr vs native,RQ3,lstm_const/GF/44/mondrian_cqr,lstm_const/GF/44/native,0.02252164017936382,0.5,0.8,0.06412945614737364,-0.6525478455139632,10,0.12799332939273725,0.43333333333333335
RQ3 lstm_const/GF: pid_cqr vs native,RQ3,lstm_const/GF/44/pid_cqr,lstm_const/GF/44/native,-0.080814885804156,0.8,0.5,0.09343261858090757,-5.199619114529817,10,0.1486536870289687,0.5
RQ3 lstm_const/GF: pid_local_cqr vs native,RQ3,lstm_const/GF/44/pid_local_cqr,lstm_const/GF/44/native,-0.05804860798933763,0.7,0.4,0.2096000282536422,-3.7866136811490336,10,0.3070489568371982,0.4
RQ3 lstm_const/GF: pid_tan_cqr vs native,RQ3,lstm_const/GF/44/pid_tan_cqr,lstm_const/GF/44/native,0.11429738250227568,0.4,0.9,0.0007284528264345225,0.6587200065180631,10,0.005415040627247382,0.7666666666666667
RQ3 lstm_const/GF: saocp_cqr vs native,RQ3,lstm_const/GF/44/saocp_cqr,lstm_const/GF/44/native,0.050811047267118034,0.0,0.6,0.032196954792316546,3.9955821422043707,10,0.1604831962159658,0.4666666666666667
RQ3 lstm_const/GF: sfogd_cqr vs native,RQ3,lstm_const/GF/44/sfogd_cqr,lstm_const/GF/44/native,-0.024675254301338385,0.5,0.3,0.2989138630397198,-1.9347689272804731,10,0.4247950002139987,0.26666666666666666
RQ3 lstm_const/GF: spci_cqr vs native,RQ3,lstm_const/GF/44/spci_cqr,lstm_const/GF/44/native,-0.044907319354795694,0.6,0.5,0.06923433663836609,-2.750204681308087,10,0.090561772745369,0.5333333333333333
RQ3 lstm_const/L: aci_cqr vs native,RQ3,lstm_const/L/42/aci_cqr,lstm_const/L/42/native,-0.039931921172329105,0.6,0.6,0.06698779992815673,-3.135190846946004,10,0.1552209963047731,0.4
RQ3 lstm_const/L: agaci_cqr vs native,RQ3,lstm_const/L/42/agaci_cqr,lstm_const/L/42/native,-0.03700745247030425,0.6,0.5,0.11248386946690159,-3.3940517384911364,10,0.1954944495598535,0.4666666666666667
RQ3 lstm_const/L: cqr_rolling vs native,RQ3,lstm_const/L/42/cqr_rolling,lstm_const/L/42/native,-0.041344167250360234,0.6,0.6,0.07790424184925682,-3.2055883302247294,10,0.1626529120308771,0.3333333333333333
RQ3 lstm_const/L: cqr_static vs native,RQ3,lstm_const/L/42/cqr_static,lstm_const/L/42/native,0.03439181745042364,0.2,0.8,0.006846394166397762,12.424312906896947,10,0.007493559019344887,0.6666666666666666
RQ3 lstm_const/L: decay_ocp_cqr vs native,RQ3,lstm_const/L/42/decay_ocp_cqr,lstm_const/L/42/native,0.0030149492066084108,0.5,0.3,0.11022913509663457,2.217775218241882,10,0.22620965980965888,0.36666666666666664
RQ3 lstm_const/L: dtaci_cqr vs native,RQ3,lstm_const/L/42/dtaci_cqr,lstm_const/L/42/native,-0.02649299680143989,0.6,0.4,0.11626527469421288,-3.420387157923259,10,0.20146526197415215,0.43333333333333335
RQ3 lstm_const/L: mondrian_cqr vs native,RQ3,lstm_const/L/42/mondrian_cqr,lstm_const/L/42/native,0.06367713780975309,0.3,0.5,0.09389888967330995,1.0278295041229333,10,0.12960578542739704,0.4666666666666667
RQ3 lstm_const/L: pid_cqr vs native,RQ3,lstm_const/L/42/pid_cqr,lstm_const/L/42/native,-0.02331322503617817,0.6,0.5,0.10369584207672877,-3.380384819198491,10,0.3003695163667274,0.43333333333333335
RQ3 lstm_const/L: pid_local_cqr vs native,RQ3,lstm_const/L/42/pid_local_cqr,lstm_const/L/42/native,-0.012758362679613585,0.5,0.3,0.20425842560899188,-1.6519241893697676,10,0.3439034688644762,0.26666666666666666
RQ3 lstm_const/L: pid_tan_cqr vs native,RQ3,lstm_const/L/42/pid_tan_cqr,lstm_const/L/42/native,0.13063682395700416,0.3,0.9,0.0008749462421646648,2.6111936295948808,10,0.002572407225768777,0.8
RQ3 lstm_const/L: saocp_cqr vs native,RQ3,lstm_const/L/42/saocp_cqr,lstm_const/L/42/native,0.06455437086188646,0.0,0.7,0.028293405094229618,4.934610957218158,10,0.08919979419446056,0.5333333333333333
RQ3 lstm_const/L: sfogd_cqr vs native,RQ3,lstm_const/L/42/sfogd_cqr,lstm_const/L/42/native,0.013198720249806006,0.4,0.1,0.18703963225179232,-0.5969549848340558,10,0.32364223663807845,0.16666666666666666
RQ3 lstm_const/L: spci_cqr vs native,RQ3,lstm_const/L/42/spci_cqr,lstm_const/L/42/native,0.02256805328683107,0.4,0.8,0.022560722293669788,-0.8181211197003873,10,0.09576793301923618,0.5333333333333333
RQ3 lstm_const/L: aci_cqr vs native,RQ3,lstm_const/L/43/aci_cqr,lstm_const/L/43/native,-0.04531213107659925,0.6,0.5,0.10014918270179052,-3.7699061844414414,10,0.1552209963047731,0.4
RQ3 lstm_const/L: agaci_cqr vs native,RQ3,lstm_const/L/43/agaci_cqr,lstm_const/L/43/native,-0.042112678048859806,0.6,0.5,0.07242998635592501,-4.541039039217195,10,0.1954944495598535,0.4666666666666667
RQ3 lstm_const/L: cqr_rolling vs native,RQ3,lstm_const/L/43/cqr_rolling,lstm_const/L/43/native,-0.04415164810443994,0.6,0.5,0.10756416811624114,-3.9213288961334003,10,0.1626529120308771,0.3333333333333333
RQ3 lstm_const/L: cqr_static vs native,RQ3,lstm_const/L/43/cqr_static,lstm_const/L/43/native,0.05959137726606385,0.2,0.8,0.0004740013852916336,13.864838897334916,10,0.007493559019344887,0.6666666666666666
RQ3 lstm_const/L: decay_ocp_cqr vs native,RQ3,lstm_const/L/43/decay_ocp_cqr,lstm_const/L/43/native,0.005657137718227118,0.4,0.4,0.13452236256586647,3.7444629508527902,10,0.22620965980965888,0.36666666666666664
RQ3 lstm_const/L: dtaci_cqr vs native,RQ3,lstm_const/L/43/dtaci_cqr,lstm_const/L/43/native,-0.044172860023184095,0.6,0.6,0.041096616456655966,-4.4744630417444,10,0.20146526197415215,0.43333333333333335
RQ3 lstm_const/L: mondrian_cqr vs native,RQ3,lstm_const/L/43/mondrian_cqr,lstm_const/L/43/native,0.02664478257738865,0.5,0.6,0.0297268656513614,0.4047474661555015,10,0.12960578542739704,0.4666666666666667
RQ3 lstm_const/L: pid_cqr vs native,RQ3,lstm_const/L/43/pid_cqr,lstm_const/L/43/native,-0.048231938810445074,0.7,0.4,0.25682719729605585,-3.787083785378487,10,0.3003695163667274,0.43333333333333335
RQ3 lstm_const/L: pid_local_cqr vs native,RQ3,lstm_const/L/43/pid_local_cqr,lstm_const/L/43/native,0.006313203842919278,0.5,0.3,0.19573782761412495,-2.2009668269188527,10,0.3439034688644762,0.26666666666666666
RQ3 lstm_const/L: pid_tan_cqr vs native,RQ3,lstm_const/L/43/pid_tan_cqr,lstm_const/L/43/native,0.11552307949110122,0.3,0.8,0.0009965092318182656,1.7754333825018402,10,0.002572407225768777,0.8
RQ3 lstm_const/L: saocp_cqr vs native,RQ3,lstm_const/L/43/saocp_cqr,lstm_const/L/43/native,0.04248296672998368,0.1,0.6,0.05716746371223047,4.1484513490270665,10,0.08919979419446056,0.5333333333333333
RQ3 lstm_const/L: sfogd_cqr vs native,RQ3,lstm_const/L/43/sfogd_cqr,lstm_const/L/43/native,0.013063306281933647,0.4,0.6,0.0740460448496505,-1.7612503533241715,10,0.32364223663807845,0.16666666666666666
RQ3 lstm_const/L: spci_cqr vs native,RQ3,lstm_const/L/43/spci_cqr,lstm_const/L/43/native,-0.034608623487399015,0.6,0.5,0.07650751445576309,-1.8045225971023866,10,0.09576793301923618,0.5333333333333333
RQ3 lstm_const/L: aci_cqr vs native,RQ3,lstm_const/L/44/aci_cqr,lstm_const/L/44/native,-0.044619508911648606,0.6,0.6,0.04397480923385466,-4.316914614762912,10,0.1552209963047731,0.4
RQ3 lstm_const/L: agaci_cqr vs native,RQ3,lstm_const/L/44/agaci_cqr,lstm_const/L/44/native,-0.03075364036087736,0.5,0.5,0.09776058265961851,-4.307388168586843,10,0.1954944495598535,0.4666666666666667
RQ3 lstm_const/L: cqr_rolling vs native,RQ3,lstm_const/L/44/cqr_rolling,lstm_const/L/44/native,-0.03309341536810455,0.6,0.7,0.0502350938953432,-3.9439938288979968,10,0.1626529120308771,0.3333333333333333
RQ3 lstm_const/L: cqr_static vs native,RQ3,lstm_const/L/44/cqr_static,lstm_const/L/44/native,0.035704650586886294,0.4,0.7,0.007054514593510031,10.072395004601058,10,0.007493559019344887,0.6666666666666666
RQ3 lstm_const/L: decay_ocp_cqr vs native,RQ3,lstm_const/L/44/decay_ocp_cqr,lstm_const/L/44/native,-0.001596155141962199,0.5,0.6,0.07913295349079374,1.314746359823167,10,0.22620965980965888,0.36666666666666664
RQ3 lstm_const/L: dtaci_cqr vs native,RQ3,lstm_const/L/44/dtaci_cqr,lstm_const/L/44/native,-0.0316528774158171,0.6,0.5,0.10804907681186116,-4.59726815785409,10,0.20146526197415215,0.43333333333333335
RQ3 lstm_const/L: mondrian_cqr vs native,RQ3,lstm_const/L/44/mondrian_cqr,lstm_const/L/44/native,0.027079923541985948,0.4,0.6,0.04182420610438664,-0.4067676729935563,10,0.12960578542739704,0.4666666666666667
RQ3 lstm_const/L: pid_cqr vs native,RQ3,lstm_const/L/44/pid_cqr,lstm_const/L/44/native,-0.03630229788571101,0.6,0.5,0.1400928071514329,-4.612530392759788,10,0.3003695163667274,0.43333333333333335
RQ3 lstm_const/L: pid_local_cqr vs native,RQ3,lstm_const/L/44/pid_local_cqr,lstm_const/L/44/native,-0.022111781635795642,0.5,0.5,0.19311101081833737,-2.7698846249624687,10,0.3439034688644762,0.26666666666666666
RQ3 lstm_const/L: pid_tan_cqr vs native,RQ3,lstm_const/L/44/pid_tan_cqr,lstm_const/L/44/native,0.1470150208346014,0.3,0.9,0.0003298671544303966,2.0151835112767267,10,0.002572407225768777,0.8
RQ3 lstm_const/L: saocp_cqr vs native,RQ3,lstm_const/L/44/saocp_cqr,lstm_const/L/44/native,0.0685181669133714,0.0,0.8,0.047855180098636985,4.567295218715624,10,0.08919979419446056,0.5333333333333333
RQ3 lstm_const/L: sfogd_cqr vs native,RQ3,lstm_const/L/44/sfogd_cqr,lstm_const/L/44/native,0.002347256682299124,0.5,0.3,0.37296907861651185,-1.207973880339873,10,0.32364223663807845,0.16666666666666666
RQ3 lstm_const/L: spci_cqr vs native,RQ3,lstm_const/L/44/spci_cqr,lstm_const/L/44/native,-0.04477005715506941,0.6,0.8,0.025013865741404406,-1.9844589725702886,10,0.09576793301923618,0.5333333333333333
RQ3 rw/L: aci_cqr vs native,RQ3,rw/L/42/aci_cqr,rw/L/42/native,-0.0852044238305527,0.7,0.5,0.1026187040843648,-5.0086967522096995,10,0.1793654294270189,0.5
RQ3 rw/L: agaci_cqr vs native,RQ3,rw/L/42/agaci_cqr,rw/L/42/native,-0.08174892553862267,0.7,0.5,0.15924760127210313,-4.694097402525801,10,0.24442327505791647,0.5
RQ3 rw/L: cqr_rolling vs native,RQ3,rw/L/42/cqr_rolling,rw/L/42/native,-0.0845748032211078,0.7,0.5,0.06421709511111462,-5.068263681808585,10,0.12945859707594456,0.5
RQ3 rw/L: cqr_static vs native,RQ3,rw/L/42/cqr_static,rw/L/42/native,0.03567843405889802,0.4,0.8,0.00013020647355832526,14.431501057337575,10,0.0007759895005880579,0.7
RQ3 rw/L: decay_ocp_cqr vs native,RQ3,rw/L/42/decay_ocp_cqr,rw/L/42/native,0.009433752763308106,0.4,0.7,0.015589352839226578,0.8923211312187738,10,0.04372246948072494,0.6
RQ3 rw/L: dtaci_cqr vs native,RQ3,rw/L/42/dtaci_cqr,rw/L/42/native,-0.08149027371662579,0.7,0.5,0.14773626494608993,-5.364494943663677,10,0.2310432168788755,0.5
RQ3 rw/L: mondrian_cqr vs native,RQ3,rw/L/42/mondrian_cqr,rw/L/42/native,-0.01617487981611114,0.5,0.5,0.1509226231810321,-1.1174599741456013,10,0.2760848468172597,0.3
RQ3 rw/L: pid_cqr vs native,RQ3,rw/L/42/pid_cqr,rw/L/42/native,-0.07985030543213463,0.8,0.5,0.17634621051307053,-5.014493429538341,10,0.2684686962110589,0.5
RQ3 rw/L: pid_local_cqr vs native,RQ3,rw/L/42/pid_local_cqr,rw/L/42/native,-0.03084896177994745,0.7,0.4,0.23344901201834867,-3.612812466711308,10,0.37733520237431417,0.4
RQ3 rw/L: pid_tan_cqr vs native,RQ3,rw/L/42/pid_tan_cqr,rw/L/42/native,0.1006729771856625,0.4,0.7,0.0033549984170851976,0.9455091117813934,10,0.013776139148476023,0.7
RQ3 rw/L: saocp_cqr vs native,RQ3,rw/L/42/saocp_cqr,rw/L/42/native,0.03933375394356537,0.0,0.4,0.14235519262275154,4.066650267958016,10,0.2734520766100795,0.4
RQ3 rw/L: sfogd_cqr vs native,RQ3,rw/L/42/sfogd_cqr,rw/L/42/native,-0.019620505405076247,0.5,0.3,0.2893287057261308,-1.8530410585309034,10,0.4492088353469742,0.3
RQ3 rw/L: spci_cqr vs native,RQ3,rw/L/42/spci_cqr,rw/L/42/native,-0.07523509933089059,0.7,0.6,0.05404111011477464,-3.3558585394289495,10,0.128432548426079,0.5
RQ3 tirex/ZS: aci_cqr vs native,RQ3,tirex/ZS/42/aci_cqr,tirex/ZS/42/native,0.02505395695776157,0.1,0.5,0.10728648404295538,4.81498752988171,10,0.22186444190128085,0.2
RQ3 tirex/ZS: agaci_cqr vs native,RQ3,tirex/ZS/42/agaci_cqr,tirex/ZS/42/native,0.022288426705599315,0.2,0.5,0.1547056057948092,3.6950439318154147,10,0.28541382015441846,0.1
RQ3 tirex/ZS: cqr_rolling vs native,RQ3,tirex/ZS/42/cqr_rolling,tirex/ZS/42/native,0.02224172724210685,0.2,0.4,0.15678634940859104,3.906437994108051,10,0.2885986645917308,0.2
RQ3 tirex/ZS: cqr_static vs native,RQ3,tirex/ZS/42/cqr_static,tirex/ZS/42/native,0.013375572721847463,0.2,0.3,0.3470101517393359,4.155253696348645,10,0.5090149553144429,0.2
RQ3 tirex/ZS: decay_ocp_cqr vs native,RQ3,tirex/ZS/42/decay_ocp_cqr,tirex/ZS/42/native,0.004446984579725494,0.3,0.0,0.5983513381470948,0.6840522116936557,10,0.740476482345447,0.0
RQ3 tirex/ZS: dtaci_cqr vs native,RQ3,tirex/ZS/42/dtaci_cqr,tirex/ZS/42/native,0.02334003076749174,0.0,0.5,0.10986024152693785,4.728666128170677,10,0.22565748079964337,0.1
RQ3 tirex/ZS: mondrian_cqr vs native,RQ3,tirex/ZS/42/mondrian_cqr,tirex/ZS/42/native,0.0913885739972732,0.0,0.8,0.007265231862164212,6.427610438402921,10,0.026176230055895103,0.7
RQ3 tirex/ZS: pid_cqr vs native,RQ3,tirex/ZS/42/pid_cqr,tirex/ZS/42/native,0.04386499137177885,0.0,0.7,0.044411606351240196,6.513734348921181,10,0.11285709790290555,0.5
RQ3 tirex/ZS: pid_local_cqr vs native,RQ3,tirex/ZS/42/pid_local_cqr,tirex/ZS/42/native,0.06882772958350492,0.0,0.8,0.02078798048593744,8.658135947305265,10,0.0623928320862116,0.7
RQ3 tirex/ZS: pid_tan_cqr vs native,RQ3,tirex/ZS/42/pid_tan_cqr,tirex/ZS/42/native,0.15803497409879416,0.0,1.0,0.001212693124159947,9.414198035832165,10,0.005915874275901992,1.0
RQ3 tirex/ZS: saocp_cqr vs native,RQ3,tirex/ZS/42/saocp_cqr,tirex/ZS/42/native,0.12344300406353631,0.0,0.8,0.00086224912797217,10.018634615679025,10,0.004276082535529476,0.8
RQ3 tirex/ZS: sfogd_cqr vs native,RQ3,tirex/ZS/42/sfogd_cqr,tirex/ZS/42/native,0.09730300069889161,0.0,1.0,0.0021033310691638274,10.024243038292116,10,0.009388587919315664,0.8
RQ3 tirex/ZS: spci_cqr vs native,RQ3,tirex/ZS/42/spci_cqr,tirex/ZS/42/native,0.06992827893416928,0.0,0.8,0.06061784923830693,5.559395628338583,10,0.14371264456482818,0.4
RQ3 tirex2/ZS: aci_cqr vs native,RQ3,tirex2/ZS/42/aci_cqr,tirex2/ZS/42/native,0.01737304652011315,0.3,0.3,0.24627865557179485,2.0292797666497613,10,0.40538829450377284,0.2
RQ3 tirex2/ZS: agaci_cqr vs native,RQ3,tirex2/ZS/42/agaci_cqr,tirex2/ZS/42/native,0.012657821037897659,0.3,0.3,0.3541071271617017,1.6650388817872788,10,0.5217879208268319,0.1
RQ3 tirex2/ZS: cqr_rolling vs native,RQ3,tirex2/ZS/42/cqr_rolling,tirex2/ZS/42/native,0.011016497157231624,0.3,0.2,0.3576622100275333,1.6481190508151422,10,0.5258484019688683,0.1
RQ3 tirex2/ZS: cqr_static vs native,RQ3,tirex2/ZS/42/cqr_static,tirex2/ZS/42/native,0.0002526388589172735,0.5,0.1,0.4983294149209977,-0.014734471746565708,10,0.6590168977228348,0.1
RQ3 tirex2/ZS: decay_ocp_cqr vs native,RQ3,tirex2/ZS/42/decay_ocp_cqr,tirex2/ZS/42/native,-0.0022581891981287234,0.7,0.0,0.5099318090820827,-0.9106067302932107,10,0.6683149057110049,0.0
RQ3 tirex2/ZS: dtaci_cqr vs native,RQ3,tirex2/ZS/42/dtaci_cqr,tirex2/ZS/42/native,0.01522301759076826,0.3,0.3,0.30765493420504486,2.097255654710382,10,0.47472568756921146,0.2
RQ3 tirex2/ZS: mondrian_cqr vs native,RQ3,tirex2/ZS/42/mondrian_cqr,tirex2/ZS/42/native,0.07793443323259891,0.0,0.8,0.03307800558021856,5.598663073751433,10,0.09005044727249975,0.5
RQ3 tirex2/ZS: pid_cqr vs native,RQ3,tirex2/ZS/42/pid_cqr,tirex2/ZS/42/native,0.032103351921770884,0.0,0.3,0.167160637557089,3.1901247874104093,10,0.3026878358213898,0.1
RQ3 tirex2/ZS: pid_local_cqr vs native,RQ3,tirex2/ZS/42/pid_local_cqr,tirex2/ZS/42/native,0.06647530978049784,0.0,0.6,0.04591630721165285,6.572498294675638,10,0.11434869274278253,0.5
RQ3 tirex2/ZS: pid_tan_cqr vs native,RQ3,tirex2/ZS/42/pid_tan_cqr,tirex2/ZS/42/native,0.1619083963945896,0.0,0.8,0.0007996558853657909,7.791611260413147,10,0.004078240851837572,0.8
RQ3 tirex2/ZS: saocp_cqr vs native,RQ3,tirex2/ZS/42/saocp_cqr,tirex2/ZS/42/native,0.1251136377465885,0.0,0.9,0.00035892468339060457,8.13809830135377,10,0.0020566054663712953,0.9
RQ3 tirex2/ZS: sfogd_cqr vs native,RQ3,tirex2/ZS/42/sfogd_cqr,tirex2/ZS/42/native,0.09647112858135667,0.0,0.8,0.021975203534283283,8.029642875516458,10,0.06535655392884308,0.6
RQ3 tirex2/ZS: spci_cqr vs native,RQ3,tirex2/ZS/42/spci_cqr,tirex2/ZS/42/native,0.06639844505724538,0.0,0.6,0.06887180306536789,3.75461799233933,10,0.15574321436252261,0.4
RQ3 tirex2_cov/ZS: aci_cqr vs native,RQ3,tirex2_cov/ZS/42/aci_cqr,tirex2_cov/ZS/42/native,0.025626077656538394,0.2,0.4,0.18044618331518625,3.3657585521305986,10,0.32271344466059926,0.3
RQ3 tirex2_cov/ZS: agaci_cqr vs native,RQ3,tirex2_cov/ZS/42/agaci_cqr,tirex2_cov/ZS/42/native,0.020255260967303373,0.1,0.3,0.15877281410260558,3.017593361487636,10,0.2957803514588757,0.2
RQ3 tirex2_cov/ZS: cqr_rolling vs native,RQ3,tirex2_cov/ZS/42/cqr_rolling,tirex2_cov/ZS/42/native,0.019395912446594513,0.1,0.3,0.14503072678212137,3.1788484053262724,10,0.27701300530393624,0.1
RQ3 tirex2_cov/ZS: cqr_static vs native,RQ3,tirex2_cov/ZS/42/cqr_static,tirex2_cov/ZS/42/native,0.001335082653868287,0.4,0.1,0.6765501928713463,0.6287349137617321,10,0.7957569851870685,0.1
RQ3 tirex2_cov/ZS: decay_ocp_cqr vs native,RQ3,tirex2_cov/ZS/42/decay_ocp_cqr,tirex2_cov/ZS/42/native,0.0019323780785748949,0.4,0.1,0.5128204729741941,-0.19632030202032016,10,0.6637200340524261,0.1
RQ3 tirex2_cov/ZS: dtaci_cqr vs native,RQ3,tirex2_cov/ZS/42/dtaci_cqr,tirex2_cov/ZS/42/native,0.02132120718714366,0.1,0.5,0.19422288519769748,3.3839770785105063,10,0.33073719734456436,0.2
RQ3 tirex2_cov/ZS: mondrian_cqr vs native,RQ3,tirex2_cov/ZS/42/mondrian_cqr,tirex2_cov/ZS/42/native,0.09861872476939831,0.0,1.0,0.003240374434425375,6.336086978212711,10,0.01365568385249119,0.9
RQ3 tirex2_cov/ZS: pid_cqr vs native,RQ3,tirex2_cov/ZS/42/pid_cqr,tirex2_cov/ZS/42/native,0.03308406293532837,0.0,0.3,0.2685381993292296,3.7970901280954896,10,0.43093240001436606,0.3
RQ3 tirex2_cov/ZS: pid_local_cqr vs native,RQ3,tirex2_cov/ZS/42/pid_local_cqr,tirex2_cov/ZS/42/native,0.08261976724996342,0.0,0.8,0.025908720845081112,7.3614644358490064,10,0.07433114667385822,0.7
RQ3 tirex2_cov/ZS: pid_tan_cqr vs native,RQ3,tirex2_cov/ZS/42/pid_tan_cqr,tirex2_cov/ZS/42/native,0.17715877968881955,0.0,1.0,0.00021440779724046788,8.936942913990212,10,0.0013030306312084108,1.0
RQ3 tirex2_cov/ZS: saocp_cqr vs native,RQ3,tirex2_cov/ZS/42/saocp_cqr,tirex2_cov/ZS/42/native,0.1142270256394788,0.0,0.9,0.0036438949112896912,9.419414323679407,10,0.014217775339187649,0.9
RQ3 tirex2_cov/ZS: sfogd_cqr vs native,RQ3,tirex2_cov/ZS/42/sfogd_cqr,tirex2_cov/ZS/42/native,0.11592652377285242,0.0,0.9,0.007660947693798437,10.068250479533589,10,0.028117706099863103,0.7
RQ3 tirex2_cov/ZS: spci_cqr vs native,RQ3,tirex2_cov/ZS/42/spci_cqr,tirex2_cov/ZS/42/native,0.07428703327802771,0.0,0.7,0.045602289291368225,4.428444527424643,10,0.11548702908390746,0.4
RQ3 xlstm/G: aci_cqr vs native,RQ3,xlstm/G/42/aci_cqr,xlstm/G/42/native,-0.006661954916329616,0.6,0.3,0.3808037540004481,-1.2582232933731943,10,0.2696809436824632,0.36666666666666664
RQ3 xlstm/G: agaci_cqr vs native,RQ3,xlstm/G/42/agaci_cqr,xlstm/G/42/native,-0.008528969199970074,0.6,0.3,0.22905014061132256,-2.133612585675719,10,0.19587109397811342,0.43333333333333335
RQ3 xlstm/G: cqr_rolling vs native,RQ3,xlstm/G/42/cqr_rolling,xlstm/G/42/native,-0.003480724062753391,0.6,0.3,0.3853401913465744,-1.2414483561085896,10,0.262342838596238,0.3333333333333333
RQ3 xlstm/G: cqr_static vs native,RQ3,xlstm/G/42/cqr_static,xlstm/G/42/native,0.003292892975971469,0.5,0.4,0.4472941646670481,5.5788970292392515,10,0.02384039250382065,0.6
RQ3 xlstm/G: decay_ocp_cqr vs native,RQ3,xlstm/G/42/decay_ocp_cqr,xlstm/G/42/native,-0.0005880187856817637,0.5,0.3,0.41161219073558597,-1.9746526708989625,10,0.049708571483771335,0.5333333333333333
RQ3 xlstm/G: dtaci_cqr vs native,RQ3,xlstm/G/42/dtaci_cqr,xlstm/G/42/native,-0.012951979364560362,0.6,0.2,0.35276688341479046,-2.500680913645378,10,0.20938959984434738,0.36666666666666664
RQ3 xlstm/G: mondrian_cqr vs native,RQ3,xlstm/G/42/mondrian_cqr,xlstm/G/42/native,0.051593408541332514,0.3,0.7,0.02561444862203366,1.2128261060576782,10,0.07124779443451491,0.5666666666666667
RQ3 xlstm/G: pid_cqr vs native,RQ3,xlstm/G/42/pid_cqr,xlstm/G/42/native,-0.009730561271758552,0.8,0.3,0.40946657644802054,-3.323804147061416,10,0.11264770888615269,0.5
RQ3 xlstm/G: pid_local_cqr vs native,RQ3,xlstm/G/42/pid_local_cqr,xlstm/G/42/native,-0.005865403556179676,0.6,0.2,0.7903787043822472,-1.9068050925289854,10,0.23607798678210606,0.36666666666666664
RQ3 xlstm/G: pid_tan_cqr vs native,RQ3,xlstm/G/42/pid_tan_cqr,xlstm/G/42/native,0.11632172885709177,0.2,0.8,0.006642079082041619,5.344017025326239,10,0.04873466038965323,0.6
RQ3 xlstm/G: saocp_cqr vs native,RQ3,xlstm/G/42/saocp_cqr,xlstm/G/42/native,0.05904235872717968,0.0,0.6,0.07578278806474792,4.34891002311488,10,0.1611162071205099,0.36666666666666664
RQ3 xlstm/G: sfogd_cqr vs native,RQ3,xlstm/G/42/sfogd_cqr,xlstm/G/42/native,6.858293989844605e-05,0.5,0.2,0.6402498236348448,-0.5390001680926201,10,0.3068091862945276,0.3
RQ3 xlstm/G: spci_cqr vs native,RQ3,xlstm/G/42/spci_cqr,xlstm/G/42/native,0.016770900724691385,0.4,0.6,0.07410867332802584,0.5288759114436937,10,0.17837325416548394,0.36666666666666664
RQ3 xlstm/G: aci_cqr vs native,RQ3,xlstm/G/43/aci_cqr,xlstm/G/43/native,-0.09547066875647309,1.0,0.5,0.08619663046411152,-5.646738335318148,10,0.2696809436824632,0.36666666666666664
RQ3 xlstm/G: agaci_cqr vs native,RQ3,xlstm/G/43/agaci_cqr,xlstm/G/43/native,-0.12321800280240022,1.0,0.6,0.030112487038538638,-6.168800689810949,10,0.19587109397811342,0.43333333333333335
RQ3 xlstm/G: cqr_rolling vs native,RQ3,xlstm/G/43/cqr_rolling,xlstm/G/43/native,-0.09955698026038073,0.9,0.6,0.06299117786183561,-5.831381531835384,10,0.262342838596238,0.3333333333333333
RQ3 xlstm/G: cqr_static vs native,RQ3,xlstm/G/43/cqr_static,xlstm/G/43/native,-0.08174950556954248,0.8,0.9,6.664194181937866e-06,-8.84592924148331,10,0.02384039250382065,0.6
RQ3 xlstm/G: decay_ocp_cqr vs native,RQ3,xlstm/G/43/decay_ocp_cqr,xlstm/G/43/native,-0.08011952996306979,1.0,0.7,0.00013659540071042642,-8.404346469557849,10,0.049708571483771335,0.5333333333333333
RQ3 xlstm/G: dtaci_cqr vs native,RQ3,xlstm/G/43/dtaci_cqr,xlstm/G/43/native,-0.11497975512897762,0.9,0.6,0.04559119531417355,-6.206814166546138,10,0.20938959984434738,0.36666666666666664
RQ3 xlstm/G: mondrian_cqr vs native,RQ3,xlstm/G/43/mondrian_cqr,xlstm/G/43/native,-0.09724477852537448,0.8,0.8,0.004296344853679024,-6.738357955265984,10,0.07124779443451491,0.5666666666666667
RQ3 xlstm/G: pid_cqr vs native,RQ3,xlstm/G/43/pid_cqr,xlstm/G/43/native,-0.12434684800954943,1.0,0.8,0.005203455378856803,-6.839888129962762,10,0.11264770888615269,0.5
RQ3 xlstm/G: pid_local_cqr vs native,RQ3,xlstm/G/43/pid_local_cqr,xlstm/G/43/native,-0.12920646760704887,0.8,0.7,0.004850553956068371,-5.360292280503762,10,0.23607798678210606,0.36666666666666664
RQ3 xlstm/G: pid_tan_cqr vs native,RQ3,xlstm/G/43/pid_tan_cqr,xlstm/G/43/native,-0.010998957804743022,0.5,0.6,0.035421767001419524,-1.9609166558909714,10,0.04873466038965323,0.6
RQ3 xlstm/G: saocp_cqr vs native,RQ3,xlstm/G/43/saocp_cqr,xlstm/G/43/native,0.04101148889103466,0.0,0.7,0.05196660750026694,4.226177961638898,10,0.1611162071205099,0.36666666666666664
RQ3 xlstm/G: sfogd_cqr vs native,RQ3,xlstm/G/43/sfogd_cqr,xlstm/G/43/native,-0.10366594569932101,0.8,0.5,0.09384315720808545,-4.969257234170683,10,0.3068091862945276,0.3
RQ3 xlstm/G: spci_cqr vs native,RQ3,xlstm/G/43/spci_cqr,xlstm/G/43/native,-0.1329573512618018,0.8,0.7,0.02655667903248282,-5.69891551891821,10,0.17837325416548394,0.36666666666666664
RQ3 xlstm/G: aci_cqr vs native,RQ3,xlstm/G/44/aci_cqr,xlstm/G/44/native,-0.04962928722169898,0.7,0.6,0.057891309555394566,-2.4910396982756935,10,0.2696809436824632,0.36666666666666664
RQ3 xlstm/G: agaci_cqr vs native,RQ3,xlstm/G/44/agaci_cqr,xlstm/G/44/native,-0.06438246180782281,0.7,0.6,0.04236668207645966,-3.225351846031364,10,0.19587109397811342,0.43333333333333335
RQ3 xlstm/G: cqr_rolling vs native,RQ3,xlstm/G/44/cqr_rolling,xlstm/G/44/native,-0.05027166046211974,0.7,0.5,0.11057368452409111,-2.548888652388742,10,0.262342838596238,0.3333333333333333
RQ3 xlstm/G: cqr_static vs native,RQ3,xlstm/G/44/cqr_static,xlstm/G/44/native,-0.025879257598800384,0.6,0.6,0.0344559090849168,2.3350005309555097,10,0.02384039250382065,0.6
RQ3 xlstm/G: decay_ocp_cqr vs native,RQ3,xlstm/G/44/decay_ocp_cqr,xlstm/G/44/native,-0.03151591472669864,0.8,0.8,0.004755207542229134,-3.858150561266337,10,0.049708571483771335,0.5333333333333333
RQ3 xlstm/G: dtaci_cqr vs native,RQ3,xlstm/G/44/dtaci_cqr,xlstm/G/44/native,-0.0732885322387754,0.7,0.7,0.054695704401510614,-3.47670120647925,10,0.20938959984434738,0.36666666666666664
RQ3 xlstm/G: mondrian_cqr vs native,RQ3,xlstm/G/44/mondrian_cqr,xlstm/G/44/native,-0.041305275906325656,0.6,0.5,0.07783902330940429,-2.533348558694915,10,0.07124779443451491,0.5666666666666667
RQ3 xlstm/G: pid_cqr vs native,RQ3,xlstm/G/44/pid_cqr,xlstm/G/44/native,-0.09933255139051443,0.9,0.7,0.016595310324365675,-4.166576526247352,10,0.11264770888615269,0.5
RQ3 xlstm/G: pid_local_cqr vs native,RQ3,xlstm/G/44/pid_local_cqr,xlstm/G/44/native,-0.07542581117372402,0.9,0.5,0.08948366706121258,-3.7965463247826534,10,0.23607798678210606,0.36666666666666664
RQ3 xlstm/G: pid_tan_cqr vs native,RQ3,xlstm/G/44/pid_tan_cqr,xlstm/G/44/native,0.07973486238359823,0.4,0.6,0.02633614662680861,1.9501618510300358,10,0.04873466038965323,0.6
RQ3 xlstm/G: saocp_cqr vs native,RQ3,xlstm/G/44/saocp_cqr,xlstm/G/44/native,0.05156477769548755,0.0,0.5,0.11855146298964958,5.051564854946917,10,0.1611162071205099,0.36666666666666664
RQ3 xlstm/G: sfogd_cqr vs native,RQ3,xlstm/G/44/sfogd_cqr,xlstm/G/44/native,-0.07732365019921217,0.8,0.5,0.08172439349443739,-2.843653670742275,10,0.3068091862945276,0.3
RQ3 xlstm/G: spci_cqr vs native,RQ3,xlstm/G/44/spci_cqr,xlstm/G/44/native,-0.05934830270771359,0.7,0.5,0.159049199149624,-2.1250914261749427,10,0.17837325416548394,0.36666666666666664
RQ3 xlstm/GF: aci_cqr vs native,RQ3,xlstm/GF/42/aci_cqr,xlstm/GF/42/native,-0.004262275776058314,0.5,0.3,0.3057325463644518,-1.5330692080587118,10,0.22702374467169842,0.26666666666666666
RQ3 xlstm/GF: agaci_cqr vs native,RQ3,xlstm/GF/42/agaci_cqr,xlstm/GF/42/native,-0.002327541738687522,0.6,0.4,0.26173865242415795,-2.2446678304656706,10,0.20077556161802113,0.3
RQ3 xlstm/GF: cqr_rolling vs native,RQ3,xlstm/GF/42/cqr_rolling,xlstm/GF/42/native,-0.00529743216621295,0.6,0.3,0.3345683385941559,-1.6268143871075276,10,0.20819343622954983,0.26666666666666666
RQ3 xlstm/GF: cqr_static vs native,RQ3,xlstm/GF/42/cqr_static,xlstm/GF/42/native,0.0037407006221356616,0.4,0.3,0.43696453780359057,5.062922261829989,10,0.03835372596087633,0.6333333333333333
RQ3 xlstm/GF: decay_ocp_cqr vs native,RQ3,xlstm/GF/42/decay_ocp_cqr,xlstm/GF/42/native,-0.0034002832651720345,0.7,0.3,0.46415461317303075,-1.8450571653353391,10,0.05393857854611274,0.6333333333333333
RQ3 xlstm/GF: dtaci_cqr vs native,RQ3,xlstm/GF/42/dtaci_cqr,xlstm/GF/42/native,-0.013354188294936866,0.7,0.2,0.45691079608694585,-2.4652353296022285,10,0.2370441685379418,0.4
RQ3 xlstm/GF: mondrian_cqr vs native,RQ3,xlstm/GF/42/mondrian_cqr,xlstm/GF/42/native,0.05783806587245432,0.3,0.6,0.06004815694721266,1.3292996247217783,10,0.08540184775287207,0.5333333333333333
RQ3 xlstm/GF: pid_cqr vs native,RQ3,xlstm/GF/42/pid_cqr,xlstm/GF/42/native,-0.017485111663359552,0.8,0.3,0.3950287308042457,-3.073600925157093,10,0.10277260907109687,0.5
RQ3 xlstm/GF: pid_local_cqr vs native,RQ3,xlstm/GF/42/pid_local_cqr,xlstm/GF/42/native,-0.012785441463739876,0.7,0.2,0.575595914644789,-2.251385795205282,10,0.2253145467645631,0.36666666666666664
RQ3 xlstm/GF: pid_tan_cqr vs native,RQ3,xlstm/GF/42/pid_tan_cqr,xlstm/GF/42/native,0.09761653588848918,0.2,0.6,0.01963735338627437,5.220174593774021,10,0.09675995848395547,0.5
RQ3 xlstm/GF: saocp_cqr vs native,RQ3,xlstm/GF/42/saocp_cqr,xlstm/GF/42/native,0.0636301936441926,0.0,0.7,0.033228251585894375,5.402118277478718,10,0.08771733601160367,0.5666666666666667
RQ3 xlstm/GF: sfogd_cqr vs native,RQ3,xlstm/GF/42/sfogd_cqr,xlstm/GF/42/native,0.008162285988461759,0.4,0.1,0.6581385944224497,-0.8998522834506985,10,0.5838682426505313,0.23333333333333334
RQ3 xlstm/GF: spci_cqr vs native,RQ3,xlstm/GF/42/spci_cqr,xlstm/GF/42/native,0.0050232190146968485,0.5,0.4,0.24838525477795426,-0.19644030805319282,10,0.23279687801440493,0.3
RQ3 xlstm/GF: aci_cqr vs native,RQ3,xlstm/GF/43/aci_cqr,xlstm/GF/43/native,-0.08681146459331875,0.9,0.7,0.05054294924508007,-4.7294760463446375,10,0.22702374467169842,0.26666666666666666
RQ3 xlstm/GF: agaci_cqr vs native,RQ3,xlstm/GF/43/agaci_cqr,xlstm/GF/43/native,-0.09347926088763428,0.9,0.7,0.045205798890845084,-5.316872742795597,10,0.20077556161802113,0.3
RQ3 xlstm/GF: cqr_rolling vs native,RQ3,xlstm/GF/43/cqr_rolling,xlstm/GF/43/native,-0.09078818932575071,0.8,0.7,0.04596186575198058,-4.676175174902732,10,0.20819343622954983,0.26666666666666666
RQ3 xlstm/GF: cqr_static vs native,RQ3,xlstm/GF/43/cqr_static,xlstm/GF/43/native,-0.06077538409426933,0.8,1.0,1.3546131410357987e-05,-6.036686694280288,10,0.03835372596087633,0.6333333333333333
RQ3 xlstm/GF: decay_ocp_cqr vs native,RQ3,xlstm/GF/43/decay_ocp_cqr,xlstm/GF/43/native,-0.07880686560197542,1.0,0.8,3.237723675675319e-05,-6.826294080334607,10,0.05393857854611274,0.6333333333333333
RQ3 xlstm/GF: dtaci_cqr vs native,RQ3,xlstm/GF/43/dtaci_cqr,xlstm/GF/43/native,-0.09446624461133754,0.9,0.7,0.03204946335525105,-5.253427893772566,10,0.2370441685379418,0.4
RQ3 xlstm/GF: mondrian_cqr vs native,RQ3,xlstm/GF/43/mondrian_cqr,xlstm/GF/43/native,-0.07090546955620033,0.7,0.6,0.018968322602421428,-4.617754223428807,10,0.08540184775287207,0.5333333333333333
RQ3 xlstm/GF: pid_cqr vs native,RQ3,xlstm/GF/43/pid_cqr,xlstm/GF/43/native,-0.09494827043443912,0.9,0.7,0.018811735504612126,-5.136052515887956,10,0.10277260907109687,0.5
RQ3 xlstm/GF: pid_local_cqr vs native,RQ3,xlstm/GF/43/pid_local_cqr,xlstm/GF/43/native,-0.0878343505318499,0.8,0.5,0.09131448929725605,-4.788286181578334,10,0.2253145467645631,0.36666666666666664
RQ3 xlstm/GF: pid_tan_cqr vs native,RQ3,xlstm/GF/43/pid_tan_cqr,xlstm/GF/43/native,0.013355654802117343,0.5,0.6,0.03629674810040895,-1.225249358551728,10,0.09675995848395547,0.5
RQ3 xlstm/GF: saocp_cqr vs native,RQ3,xlstm/GF/43/saocp_cqr,xlstm/GF/43/native,0.04067085385122968,0.0,0.7,0.040337032466169154,4.519850786284759,10,0.08771733601160367,0.5666666666666667
RQ3 xlstm/GF: sfogd_cqr vs native,RQ3,xlstm/GF/43/sfogd_cqr,xlstm/GF/43/native,-0.06772768273777438,0.8,0.4,0.1688632097467586,-3.5567839418370557,10,0.5838682426505313,0.23333333333333334
RQ3 xlstm/GF: spci_cqr vs native,RQ3,xlstm/GF/43/spci_cqr,xlstm/GF/43/native,-0.13322879247202615,0.8,0.7,0.020038411030576353,-5.117208333305109,10,0.23279687801440493,0.3
RQ3 xlstm/GF: aci_cqr vs native,RQ3,xlstm/GF/44/aci_cqr,xlstm/GF/44/native,-0.04697183772226016,0.8,0.4,0.11240677984059955,-2.158808087884749,10,0.22702374467169842,0.26666666666666666
RQ3 xlstm/GF: agaci_cqr vs native,RQ3,xlstm/GF/44/agaci_cqr,xlstm/GF/44/native,-0.04962810909195052,0.8,0.4,0.18374128884447305,-2.4656319826848647,10,0.20077556161802113,0.3
RQ3 xlstm/GF: cqr_rolling vs native,RQ3,xlstm/GF/44/cqr_rolling,xlstm/GF/44/native,-0.04520632087883031,0.8,0.5,0.21183812779355793,-2.0216724988129804,10,0.20819343622954983,0.26666666666666666
RQ3 xlstm/GF: cqr_static vs native,RQ3,xlstm/GF/44/cqr_static,xlstm/GF/44/native,-0.012595503242896988,0.6,0.7,0.0168657760709926,1.85062910572748,10,0.03835372596087633,0.6333333333333333
RQ3 xlstm/GF: decay_ocp_cqr vs native,RQ3,xlstm/GF/44/decay_ocp_cqr,xlstm/GF/44/native,-0.038623558414324424,0.9,0.8,0.004756964298295974,-3.526857860059194,10,0.05393857854611274,0.6333333333333333
RQ3 xlstm/GF: dtaci_cqr vs native,RQ3,xlstm/GF/44/dtaci_cqr,xlstm/GF/44/native,-0.057036998831978346,0.9,0.6,0.07389372531134686,-2.8341564125704215,10,0.2370441685379418,0.4
RQ3 xlstm/GF: mondrian_cqr vs native,RQ3,xlstm/GF/44/mondrian_cqr,xlstm/GF/44/native,-0.08873734391796864,0.7,0.8,0.02388246919292747,-3.1601146416885375,10,0.08540184775287207,0.5333333333333333
RQ3 xlstm/GF: pid_cqr vs native,RQ3,xlstm/GF/44/pid_cqr,xlstm/GF/44/native,-0.09208649569312242,0.9,0.7,0.034852127639039,-3.584739496955666,10,0.10277260907109687,0.5
RQ3 xlstm/GF: pid_local_cqr vs native,RQ3,xlstm/GF/44/pid_local_cqr,xlstm/GF/44/native,-0.06413745118649028,0.9,0.6,0.053858017313834106,-3.364840880785054,10,0.2253145467645631,0.36666666666666664
RQ3 xlstm/GF: pid_tan_cqr vs native,RQ3,xlstm/GF/44/pid_tan_cqr,xlstm/GF/44/native,0.07555429841792785,0.2,0.5,0.2540884839289306,2.603770965016777,10,0.09675995848395547,0.5
RQ3 xlstm/GF: saocp_cqr vs native,RQ3,xlstm/GF/44/saocp_cqr,xlstm/GF/44/native,0.05663112399740413,0.0,0.7,0.025133951460752924,5.825171518674604,10,0.08771733601160367,0.5666666666666667
RQ3 xlstm/GF: sfogd_cqr vs native,RQ3,xlstm/GF/44/sfogd_cqr,xlstm/GF/44/native,-0.04069908050955036,0.7,0.4,0.32737705271693385,-2.238658841082896,10,0.5838682426505313,0.23333333333333334
RQ3 xlstm/GF: spci_cqr vs native,RQ3,xlstm/GF/44/spci_cqr,xlstm/GF/44/native,-0.05031510538095439,0.8,0.3,0.19592360127234332,-2.0129130002607285,10,0.23279687801440493,0.3
RQ3 xlstm/GI: aci_cqr vs native,RQ3,xlstm/GI/42/aci_cqr,xlstm/GI/42/native,0.011241454912329705,0.4,0.5,0.13291873472855897,-0.272813839536821,10,0.3292955366283468,0.23333333333333334
RQ3 xlstm/GI: agaci_cqr vs native,RQ3,xlstm/GI/42/agaci_cqr,xlstm/GI/42/native,0.02046874919584455,0.4,0.5,0.199904073142799,-0.9127096160282349,10,0.2598084063701901,0.3
RQ3 xlstm/GI: cqr_rolling vs native,RQ3,xlstm/GI/42/cqr_rolling,xlstm/GI/42/native,0.006623141387309645,0.5,0.4,0.159644350191262,-0.44499761262127757,10,0.2761690469921196,0.23333333333333334
RQ3 xlstm/GI: cqr_static vs native,RQ3,xlstm/GI/42/cqr_static,xlstm/GI/42/native,0.020712765218154308,0.2,0.5,0.08751706913789259,7.008398016577096,10,0.005085957416873543,0.6666666666666666
RQ3 xlstm/GI: decay_ocp_cqr vs native,RQ3,xlstm/GI/42/decay_ocp_cqr,xlstm/GI/42/native,0.0007616227137051216,0.5,0.2,0.33842305246260995,1.0567734130624875,10,0.03690360636992854,0.6
RQ3 xlstm/GI: dtaci_cqr vs native,RQ3,xlstm/GI/42/dtaci_cqr,xlstm/GI/42/native,0.0020515609430858924,0.5,0.4,0.19292214927521378,-1.5876591694289852,10,0.27628487733271784,0.23333333333333334
RQ3 xlstm/GI: mondrian_cqr vs native,RQ3,xlstm/GI/42/mondrian_cqr,xlstm/GI/42/native,0.04352655570576531,0.2,0.6,0.08396330188130297,1.7534404822492884,10,0.1659075660413019,0.4
RQ3 xlstm/GI: pid_cqr vs native,RQ3,xlstm/GI/42/pid_cqr,xlstm/GI/42/native,0.008999735842573922,0.4,0.3,0.3280438231471554,-2.6497677107832565,10,0.18927821979002904,0.4666666666666667
RQ3 xlstm/GI: pid_local_cqr vs native,RQ3,xlstm/GI/42/pid_local_cqr,xlstm/GI/42/native,0.0024138690940803268,0.4,0.4,0.3607793780231534,-1.84072514744721,10,0.15974748340484923,0.43333333333333335
RQ3 xlstm/GI: pid_tan_cqr vs native,RQ3,xlstm/GI/42/pid_tan_cqr,xlstm/GI/42/native,0.11796526806114527,0.0,0.7,0.013553161594840657,5.927082058356568,10,0.0639098941802751,0.5666666666666667
RQ3 xlstm/GI: saocp_cqr vs native,RQ3,xlstm/GI/42/saocp_cqr,xlstm/GI/42/native,0.04818937797267786,0.0,0.4,0.10111632099254686,4.494139504735228,10,0.21135436017725226,0.36666666666666664
RQ3 xlstm/GI: sfogd_cqr vs native,RQ3,xlstm/GI/42/sfogd_cqr,xlstm/GI/42/native,0.0267538155268279,0.2,0.3,0.31740692640271073,0.46323118385626255,10,0.3440870700849471,0.26666666666666666
RQ3 xlstm/GI: spci_cqr vs native,RQ3,xlstm/GI/42/spci_cqr,xlstm/GI/42/native,0.028489395135663377,0.4,0.5,0.11494496187996417,1.048807065914443,10,0.23147400670992546,0.3333333333333333
RQ3 xlstm/GI: aci_cqr vs native,RQ3,xlstm/GI/43/aci_cqr,xlstm/GI/43/native,-0.08747017470650408,0.8,0.4,0.14861183523010024,-3.7244325749061846,10,0.3292955366283468,0.23333333333333334
RQ3 xlstm/GI: agaci_cqr vs native,RQ3,xlstm/GI/43/agaci_cqr,xlstm/GI/43/native,-0.10166628488368074,0.9,0.6,0.0905333489368424,-3.980011860602415,10,0.2598084063701901,0.3
RQ3 xlstm/GI: cqr_rolling vs native,RQ3,xlstm/GI/43/cqr_rolling,xlstm/GI/43/native,-0.08700868594220247,1.0,0.5,0.11772894721456073,-3.8878472992545468,10,0.2761690469921196,0.23333333333333334
RQ3 xlstm/GI: cqr_static vs native,RQ3,xlstm/GI/43/cqr_static,xlstm/GI/43/native,-0.028529620821682956,0.7,1.0,1.4810064114634258e-05,-3.6419674044536436,10,0.005085957416873543,0.6666666666666666
RQ3 xlstm/GI: decay_ocp_cqr vs native,RQ3,xlstm/GI/43/decay_ocp_cqr,xlstm/GI/43/native,-0.04866559176713536,0.7,0.9,0.00020021470094766514,-6.424981278691676,10,0.03690360636992854,0.6
RQ3 xlstm/GI: dtaci_cqr vs native,RQ3,xlstm/GI/43/dtaci_cqr,xlstm/GI/43/native,-0.10745354902991645,0.9,0.7,0.05931153963529723,-4.579313718343722,10,0.27628487733271784,0.23333333333333334
RQ3 xlstm/GI: mondrian_cqr vs native,RQ3,xlstm/GI/43/mondrian_cqr,xlstm/GI/43/native,-0.05136307971693786,0.8,0.6,0.03880045565131096,-4.608032457633413,10,0.1659075660413019,0.4
RQ3 xlstm/GI: pid_cqr vs native,RQ3,xlstm/GI/43/pid_cqr,xlstm/GI/43/native,-0.1163638245808951,0.8,0.7,0.01663528839765349,-4.802635081390891,10,0.18927821979002904,0.4666666666666667
RQ3 xlstm/GI: pid_local_cqr vs native,RQ3,xlstm/GI/43/pid_local_cqr,xlstm/GI/43/native,-0.12421287565853796,0.8,0.7,0.016518731842210532,-4.500844982614845,10,0.15974748340484923,0.43333333333333335
RQ3 xlstm/GI: pid_tan_cqr vs native,RQ3,xlstm/GI/43/pid_tan_cqr,xlstm/GI/43/native,0.005138658878524548,0.5,0.5,0.06396815933418143,-0.9082580010716651,10,0.0639098941802751,0.5666666666666667
RQ3 xlstm/GI: saocp_cqr vs native,RQ3,xlstm/GI/43/saocp_cqr,xlstm/GI/43/native,0.04367943641819019,0.0,0.4,0.13203204538392033,4.3830114639329825,10,0.21135436017725226,0.36666666666666664
RQ3 xlstm/GI: sfogd_cqr vs native,RQ3,xlstm/GI/43/sfogd_cqr,xlstm/GI/43/native,-0.10448031009413195,0.8,0.7,0.06098770055902647,-4.461191163593659,10,0.3440870700849471,0.26666666666666666
RQ3 xlstm/GI: spci_cqr vs native,RQ3,xlstm/GI/43/spci_cqr,xlstm/GI/43/native,-0.07869151360667614,0.8,0.6,0.030943699385937884,-3.433038986094726,10,0.23147400670992546,0.3333333333333333
RQ3 xlstm/GI: aci_cqr vs native,RQ3,xlstm/GI/44/aci_cqr,xlstm/GI/44/native,-0.010293060608938804,0.6,0.2,0.48940712413614096,-1.0056665727561593,10,0.3292955366283468,0.23333333333333334
RQ3 xlstm/GI: agaci_cqr vs native,RQ3,xlstm/GI/44/agaci_cqr,xlstm/GI/44/native,-0.035517060480988856,0.7,0.3,0.27638464933727425,-2.036605804293792,10,0.2598084063701901,0.3
RQ3 xlstm/GI: cqr_rolling vs native,RQ3,xlstm/GI/44/cqr_rolling,xlstm/GI/44/native,-0.006385059157775513,0.5,0.2,0.4036307188862259,-0.9671378806229185,10,0.2761690469921196,0.23333333333333334
RQ3 xlstm/GI: cqr_static vs native,RQ3,xlstm/GI/44/cqr_static,xlstm/GI/44/native,0.12383604216314761,0.2,0.5,0.06005297610858862,8.427454586934502,10,0.005085957416873543,0.6666666666666666
RQ3 xlstm/GI: decay_ocp_cqr vs native,RQ3,xlstm/GI/44/decay_ocp_cqr,xlstm/GI/44/native,-0.0162657445520404,0.6,0.8,0.010953208560832595,0.9193725007245309,10,0.03690360636992854,0.6
RQ3 xlstm/GI: dtaci_cqr vs native,RQ3,xlstm/GI/44/dtaci_cqr,xlstm/GI/44/native,-0.04996117050574474,0.7,0.2,0.22559394391946108,-2.3864698143186533,10,0.27628487733271784,0.23333333333333334
RQ3 xlstm/GI: mondrian_cqr vs native,RQ3,xlstm/GI/44/mondrian_cqr,xlstm/GI/44/native,0.0062371189806714605,0.5,0.6,0.06570738168778134,-0.717917211394764,10,0.1659075660413019,0.4
RQ3 xlstm/GI: pid_cqr vs native,RQ3,xlstm/GI/44/pid_cqr,xlstm/GI/44/native,-0.07775589682572936,1.0,0.5,0.09501589566156698,-3.531673878023837,10,0.18927821979002904,0.4666666666666667
RQ3 xlstm/GI: pid_local_cqr vs native,RQ3,xlstm/GI/44/pid_local_cqr,xlstm/GI/44/native,-0.05231315326871442,0.8,0.5,0.19250475771751252,-3.1183880829517947,10,0.15974748340484923,0.43333333333333335
RQ3 xlstm/GI: pid_tan_cqr vs native,RQ3,xlstm/GI/44/pid_tan_cqr,xlstm/GI/44/native,0.08882262531975277,0.1,0.5,0.09665197450454888,3.126963934339114,10,0.0639098941802751,0.5666666666666667
RQ3 xlstm/GI: saocp_cqr vs native,RQ3,xlstm/GI/44/saocp_cqr,xlstm/GI/44/native,0.058748902457753306,0.0,0.7,0.05591180039858468,5.1473888579707126,10,0.21135436017725226,0.36666666666666664
RQ3 xlstm/GI: sfogd_cqr vs native,RQ3,xlstm/GI/44/sfogd_cqr,xlstm/GI/44/native,-0.03388654972638483,0.6,0.2,0.2747818407271695,-1.4832025276944765,10,0.3440870700849471,0.26666666666666666
RQ3 xlstm/GI: spci_cqr vs native,RQ3,xlstm/GI/44/spci_cqr,xlstm/GI/44/native,-0.07204215021988236,0.6,0.4,0.2649334315920684,-1.9520406318018995,10,0.23147400670992546,0.3333333333333333
RQ3 xlstm/L: aci_cqr vs native,RQ3,xlstm/L/42/aci_cqr,xlstm/L/42/native,0.02514644798883494,0.1,0.3,0.3746877174285187,1.4671397882732118,10,0.5278401011128326,0.16666666666666666
RQ3 xlstm/L: agaci_cqr vs native,RQ3,xlstm/L/42/agaci_cqr,xlstm/L/42/native,0.017321512288159497,0.1,0.3,0.47989578360814467,1.4228096278309168,10,0.5693461886971432,0.16666666666666666
RQ3 xlstm/L: cqr_rolling vs native,RQ3,xlstm/L/42/cqr_rolling,xlstm/L/42/native,0.02168265443913339,0.2,0.3,0.4203724739641145,1.6416909866043192,10,0.5507653504555989,0.26666666666666666
RQ3 xlstm/L: cqr_static vs native,RQ3,xlstm/L/42/cqr_static,xlstm/L/42/native,0.045564515728385296,0.1,0.6,0.009692433448451387,10.716332071119998,10,0.05818611988196044,0.5333333333333333
RQ3 xlstm/L: decay_ocp_cqr vs native,RQ3,xlstm/L/42/decay_ocp_cqr,xlstm/L/42/native,0.005656425894171006,0.4,0.3,0.5815429418216802,2.22059761004971,10,0.5077734233244763,0.16666666666666666
RQ3 xlstm/L: dtaci_cqr vs native,RQ3,xlstm/L/42/dtaci_cqr,xlstm/L/42/native,0.015655131755492158,0.1,0.3,0.5408682674872538,1.1870979964526958,10,0.6409304129162805,0.13333333333333333
RQ3 xlstm/L: mondrian_cqr vs native,RQ3,xlstm/L/42/mondrian_cqr,xlstm/L/42/native,0.08721772340241453,0.1,0.6,0.046772344731904725,3.7806509520357405,10,0.08881189390440833,0.5333333333333333
RQ3 xlstm/L: pid_cqr vs native,RQ3,xlstm/L/42/pid_cqr,xlstm/L/42/native,0.013756544168863306,0.4,0.2,0.39702862146194007,0.7239798468245342,10,0.6768538657718948,0.06666666666666667
RQ3 xlstm/L: pid_local_cqr vs native,RQ3,xlstm/L/42/pid_local_cqr,xlstm/L/42/native,0.0336843075809668,0.3,0.1,0.34416166907313483,1.3276239491500046,10,0.43577427736668195,0.13333333333333333
RQ3 xlstm/L: pid_tan_cqr vs native,RQ3,xlstm/L/42/pid_tan_cqr,xlstm/L/42/native,0.14767764855289783,0.1,0.8,0.0012237074102915413,5.695416103669681,10,0.017550136672077155,0.8333333333333334
RQ3 xlstm/L: saocp_cqr vs native,RQ3,xlstm/L/42/saocp_cqr,xlstm/L/42/native,0.034755347231762955,0.1,0.4,0.43017055566442686,2.9576880350757127,10,0.1519433839212031,0.4
RQ3 xlstm/L: sfogd_cqr vs native,RQ3,xlstm/L/42/sfogd_cqr,xlstm/L/42/native,0.022202195575322756,0.0,0.4,0.620737392627572,2.64504090034136,10,0.3157154627794046,0.3
RQ3 xlstm/L: spci_cqr vs native,RQ3,xlstm/L/42/spci_cqr,xlstm/L/42/native,0.03691357720026642,0.3,0.4,0.32237896221322704,2.3681084668824335,10,0.2949452840466893,0.23333333333333334
RQ3 xlstm/L: aci_cqr vs native,RQ3,xlstm/L/43/aci_cqr,xlstm/L/43/native,0.027430780719304174,0.2,0.1,0.32612743410546186,2.4509007345501352,10,0.5278401011128326,0.16666666666666666
RQ3 xlstm/L: agaci_cqr vs native,RQ3,xlstm/L/43/agaci_cqr,xlstm/L/43/native,0.018105524229587645,0.3,0.2,0.43226482083388007,1.0779936952560802,10,0.5693461886971432,0.16666666666666666
RQ3 xlstm/L: cqr_rolling vs native,RQ3,xlstm/L/43/cqr_rolling,xlstm/L/43/native,0.023688737495650432,0.2,0.2,0.34143663368817134,2.2306630137623507,10,0.5507653504555989,0.26666666666666666
RQ3 xlstm/L: cqr_static vs native,RQ3,xlstm/L/43/cqr_static,xlstm/L/43/native,0.04857979242713138,0.1,0.7,0.012943088343074227,11.327913578908253,10,0.05818611988196044,0.5333333333333333
RQ3 xlstm/L: decay_ocp_cqr vs native,RQ3,xlstm/L/43/decay_ocp_cqr,xlstm/L/43/native,0.004299825905800846,0.2,0.2,0.16069183105924933,2.3040922062732414,10,0.5077734233244763,0.16666666666666666
RQ3 xlstm/L: dtaci_cqr vs native,RQ3,xlstm/L/43/dtaci_cqr,xlstm/L/43/native,0.01870450065209612,0.3,0.2,0.3941068610059497,0.7938914591049145,10,0.6409304129162805,0.13333333333333333
RQ3 xlstm/L: mondrian_cqr vs native,RQ3,xlstm/L/43/mondrian_cqr,xlstm/L/43/native,0.09221216392286678,0.1,0.5,0.11145744706951566,3.9936454643979236,10,0.08881189390440833,0.5333333333333333
RQ3 xlstm/L: pid_cqr vs native,RQ3,xlstm/L/43/pid_cqr,xlstm/L/43/native,0.010214191574423501,0.2,0.0,0.6987711193891613,1.0249952761173529,10,0.6768538657718948,0.06666666666666667
RQ3 xlstm/L: pid_local_cqr vs native,RQ3,xlstm/L/43/pid_local_cqr,xlstm/L/43/native,0.005942163949308979,0.3,0.3,0.2555623481607493,1.3411494951518632,10,0.43577427736668195,0.13333333333333333
RQ3 xlstm/L: pid_tan_cqr vs native,RQ3,xlstm/L/43/pid_tan_cqr,xlstm/L/43/native,0.1429011537438411,0.0,0.8,0.008084711074771489,5.513301097449164,10,0.017550136672077155,0.8333333333333334
RQ3 xlstm/L: saocp_cqr vs native,RQ3,xlstm/L/43/saocp_cqr,xlstm/L/43/native,0.06269969033243727,0.0,0.4,0.1577181900743212,3.910174423806051,10,0.1519433839212031,0.4
RQ3 xlstm/L: sfogd_cqr vs native,RQ3,xlstm/L/43/sfogd_cqr,xlstm/L/43/native,0.041268676557614334,0.3,0.4,0.17342807581772668,2.0345252610393825,10,0.3157154627794046,0.3
RQ3 xlstm/L: spci_cqr vs native,RQ3,xlstm/L/43/spci_cqr,xlstm/L/43/native,0.05005839872450431,0.2,0.4,0.13317150040932602,2.0977365482536943,10,0.2949452840466893,0.23333333333333334
RQ3 xlstm/L: aci_cqr vs native,RQ3,xlstm/L/44/aci_cqr,xlstm/L/44/native,0.030425547030920874,0.1,0.5,0.20340034927163697,2.7370051530417894,10,0.5278401011128326,0.16666666666666666
RQ3 xlstm/L: agaci_cqr vs native,RQ3,xlstm/L/44/agaci_cqr,xlstm/L/44/native,0.0234558425813535,0.1,0.5,0.2501920913221156,2.253071858011395,10,0.5693461886971432,0.16666666666666666
RQ3 xlstm/L: cqr_rolling vs native,RQ3,xlstm/L/44/cqr_rolling,xlstm/L/44/native,0.023453055432045684,0.1,0.5,0.23023012878609117,2.915371703220985,10,0.5507653504555989,0.26666666666666666
RQ3 xlstm/L: cqr_static vs native,RQ3,xlstm/L/44/cqr_static,xlstm/L/44/native,0.03856952577566657,0.2,0.6,0.06841639018872869,10.810252196959352,10,0.05818611988196044,0.5333333333333333
RQ3 xlstm/L: decay_ocp_cqr vs native,RQ3,xlstm/L/44/decay_ocp_cqr,xlstm/L/44/native,0.004373251153227326,0.4,0.1,0.4886618371936067,1.6708929358440083,10,0.5077734233244763,0.16666666666666666
RQ3 xlstm/L: dtaci_cqr vs native,RQ3,xlstm/L/44/dtaci_cqr,xlstm/L/44/native,0.02206179314438984,0.1,0.4,0.3796970638246455,1.984873063516705,10,0.6409304129162805,0.13333333333333333
RQ3 xlstm/L: mondrian_cqr vs native,RQ3,xlstm/L/44/mondrian_cqr,xlstm/L/44/native,0.08482589137082058,0.0,0.6,0.025846785910863423,5.319365799027441,10,0.08881189390440833,0.5333333333333333
RQ3 xlstm/L: pid_cqr vs native,RQ3,xlstm/L/44/pid_cqr,xlstm/L/44/native,0.016096309742866365,0.1,0.1,0.4786418604767374,1.6765483481299386,10,0.6768538657718948,0.06666666666666667
RQ3 xlstm/L: pid_local_cqr vs native,RQ3,xlstm/L/44/pid_local_cqr,xlstm/L/44/native,0.04313355485888745,0.1,0.4,0.22931316277575842,2.6694285825001085,10,0.43577427736668195,0.13333333333333333
RQ3 xlstm/L: pid_tan_cqr vs native,RQ3,xlstm/L/44/pid_tan_cqr,xlstm/L/44/native,0.12950527333072703,0.0,1.0,0.004467639323588513,7.39049862722961,10,0.017550136672077155,0.8333333333333334
RQ3 xlstm/L: saocp_cqr vs native,RQ3,xlstm/L/44/saocp_cqr,xlstm/L/44/native,0.09292873915132273,0.1,0.9,0.017704608148311096,5.524207241193529,10,0.1519433839212031,0.4
RQ3 xlstm/L: sfogd_cqr vs native,RQ3,xlstm/L/44/sfogd_cqr,xlstm/L/44/native,0.06351020052330617,0.0,0.5,0.12071833723642833,3.477553047646938,10,0.3157154627794046,0.3
RQ3 xlstm/L: spci_cqr vs native,RQ3,xlstm/L/44/spci_cqr,xlstm/L/44/native,0.05735511018908236,0.0,0.2,0.1551195317855475,3.7844052487450095,10,0.2949452840466893,0.23333333333333334
RQ3 xlstm_const/G: aci_cqr vs native,RQ3,xlstm_const/G/42/aci_cqr,xlstm_const/G/42/native,-0.03448315944296505,0.7,0.5,0.05914516368202272,-4.416943204246854,10,0.05554527062812939,0.5666666666666667
RQ3 xlstm_const/G: agaci_cqr vs native,RQ3,xlstm_const/G/42/agaci_cqr,xlstm_const/G/42/native,-0.03006695818984302,0.7,0.5,0.11634181833973023,-5.3673461905909825,10,0.11176079932829718,0.5
RQ3 xlstm_const/G: cqr_rolling vs native,RQ3,xlstm_const/G/42/cqr_rolling,xlstm_const/G/42/native,-0.03718468393551411,0.7,0.5,0.0678654350222766,-4.585849644875324,10,0.03936391512729334,0.5333333333333333
RQ3 xlstm_const/G: cqr_static vs native,RQ3,xlstm_const/G/42/cqr_static,xlstm_const/G/42/native,0.016823121711827788,0.4,0.6,0.013580908563229355,6.029890428888788,10,0.012089858656106438,0.6666666666666666
RQ3 xlstm_const/G: decay_ocp_cqr vs native,RQ3,xlstm_const/G/42/decay_ocp_cqr,xlstm_const/G/42/native,-0.018346946231656197,0.6,0.6,0.04546754273146292,-4.32103374464023,10,0.1571565636948265,0.43333333333333335
RQ3 xlstm_const/G: dtaci_cqr vs native,RQ3,xlstm_const/G/42/dtaci_cqr,xlstm_const/G/42/native,-0.029864860519025625,0.7,0.5,0.07055888753382511,-5.115967995054092,10,0.09971012362222856,0.5
RQ3 xlstm_const/G: mondrian_cqr vs native,RQ3,xlstm_const/G/42/mondrian_cqr,xlstm_const/G/42/native,0.0073754030211790975,0.5,0.6,0.059604424772866205,-1.70748841832546,10,0.20285438575884243,0.43333333333333335
RQ3 xlstm_const/G: pid_cqr vs native,RQ3,xlstm_const/G/42/pid_cqr,xlstm_const/G/42/native,-0.04271002483178464,0.8,0.5,0.1076801354160033,-5.405366308044947,10,0.19173549619135724,0.5
RQ3 xlstm_const/G: pid_local_cqr vs native,RQ3,xlstm_const/G/42/pid_local_cqr,xlstm_const/G/42/native,-0.013239061996545443,0.8,0.5,0.2884071737469148,-3.9935889813703476,10,0.23505167012877376,0.36666666666666664
RQ3 xlstm_const/G: pid_tan_cqr vs native,RQ3,xlstm_const/G/42/pid_tan_cqr,xlstm_const/G/42/native,0.1038785860461029,0.4,0.9,0.01034102765755418,1.960564332635916,10,0.009304150837716008,0.8
RQ3 xlstm_const/G: saocp_cqr vs native,RQ3,xlstm_const/G/42/saocp_cqr,xlstm_const/G/42/native,0.06953293052437647,0.0,0.6,0.017122726399628974,4.851015647698612,10,0.1153721885979097,0.43333333333333335
RQ3 xlstm_const/G: sfogd_cqr vs native,RQ3,xlstm_const/G/42/sfogd_cqr,xlstm_const/G/42/native,-0.010614330878776331,0.6,0.4,0.19208803498338878,-2.816525734502588,10,0.31870028258184074,0.3
RQ3 xlstm_const/G: spci_cqr vs native,RQ3,xlstm_const/G/42/spci_cqr,xlstm_const/G/42/native,-0.010693241944888975,0.5,0.6,0.02008779802979266,-2.780013575233987,10,0.10550388936454934,0.5
RQ3 xlstm_const/G: aci_cqr vs native,RQ3,xlstm_const/G/43/aci_cqr,xlstm_const/G/43/native,-0.061998839074150186,0.6,0.6,0.008559676521499138,-5.308206756637206,10,0.05554527062812939,0.5666666666666667
RQ3 xlstm_const/G: agaci_cqr vs native,RQ3,xlstm_const/G/43/agaci_cqr,xlstm_const/G/43/native,-0.053133469631913025,0.6,0.5,0.14100775933397325,-6.580505901807041,10,0.11176079932829718,0.5
RQ3 xlstm_const/G: cqr_rolling vs native,RQ3,xlstm_const/G/43/cqr_rolling,xlstm_const/G/43/native,-0.05135241622390951,0.6,0.6,0.03541472802048784,-5.030670382139189,10,0.03936391512729334,0.5333333333333333
RQ3 xlstm_const/G: cqr_static vs native,RQ3,xlstm_const/G/43/cqr_static,xlstm_const/G/43/native,0.03242483082744292,0.3,0.8,0.0008029816611675455,7.059901959151221,10,0.012089858656106438,0.6666666666666666
RQ3 xlstm_const/G: decay_ocp_cqr vs native,RQ3,xlstm_const/G/43/decay_ocp_cqr,xlstm_const/G/43/native,0.00493308597764767,0.4,0.5,0.08992750320922349,-0.4722687504923094,10,0.1571565636948265,0.43333333333333335
RQ3 xlstm_const/G: dtaci_cqr vs native,RQ3,xlstm_const/G/43/dtaci_cqr,xlstm_const/G/43/native,-0.05412340470943111,0.6,0.5,0.16732911690571428,-6.625891192943329,10,0.09971012362222856,0.5
RQ3 xlstm_const/G: mondrian_cqr vs native,RQ3,xlstm_const/G/43/mondrian_cqr,xlstm_const/G/43/native,-0.0012349739938231664,0.5,0.5,0.10732811134579312,-0.9129303910083931,10,0.20285438575884243,0.43333333333333335
RQ3 xlstm_const/G: pid_cqr vs native,RQ3,xlstm_const/G/43/pid_cqr,xlstm_const/G/43/native,-0.04900538392677001,0.8,0.5,0.1869904175299988,-6.059606341211769,10,0.19173549619135724,0.5
RQ3 xlstm_const/G: pid_local_cqr vs native,RQ3,xlstm_const/G/43/pid_local_cqr,xlstm_const/G/43/native,-0.02884780706744429,0.5,0.4,0.2775186013506906,-4.112099381385299,10,0.23505167012877376,0.36666666666666664
RQ3 xlstm_const/G: pid_tan_cqr vs native,RQ3,xlstm_const/G/43/pid_tan_cqr,xlstm_const/G/43/native,0.09906398566041719,0.3,0.7,0.002091849102897503,1.8786604209881372,10,0.009304150837716008,0.8
RQ3 xlstm_const/G: saocp_cqr vs native,RQ3,xlstm_const/G/43/saocp_cqr,xlstm_const/G/43/native,0.05246014573116634,0.1,0.6,0.07035621765276434,3.8066868483554948,10,0.1153721885979097,0.43333333333333335
RQ3 xlstm_const/G: sfogd_cqr vs native,RQ3,xlstm_const/G/43/sfogd_cqr,xlstm_const/G/43/native,-0.008311559899008603,0.6,0.2,0.4696822368862914,-2.472685105837224,10,0.31870028258184074,0.3
RQ3 xlstm_const/G: spci_cqr vs native,RQ3,xlstm_const/G/43/spci_cqr,xlstm_const/G/43/native,-0.02031172274559489,0.6,0.5,0.10703512707736695,-2.123898130092869,10,0.10550388936454934,0.5
RQ3 xlstm_const/G: aci_cqr vs native,RQ3,xlstm_const/G/44/aci_cqr,xlstm_const/G/44/native,-0.05816304716632968,0.6,0.7,0.02230580817347627,-5.114265605044131,10,0.05554527062812939,0.5666666666666667
RQ3 xlstm_const/G: agaci_cqr vs native,RQ3,xlstm_const/G/44/agaci_cqr,xlstm_const/G/44/native,-0.05296196699276448,0.7,0.6,0.04151461987339522,-5.773063749242768,10,0.11176079932829718,0.5
RQ3 xlstm_const/G: cqr_rolling vs native,RQ3,xlstm_const/G/44/cqr_rolling,xlstm_const/G/44/native,-0.05322077098170045,0.7,0.6,0.011790743779181545,-4.969480629517816,10,0.03936391512729334,0.5333333333333333
RQ3 xlstm_const/G: cqr_static vs native,RQ3,xlstm_const/G/44/cqr_static,xlstm_const/G/44/native,0.008175352400858297,0.4,0.7,0.015393266891866708,18.688355643207117,10,0.012089858656106438,0.6666666666666666
RQ3 xlstm_const/G: decay_ocp_cqr vs native,RQ3,xlstm_const/G/44/decay_ocp_cqr,xlstm_const/G/44/native,-0.004313869369513771,0.6,0.5,0.10732145881276012,-1.6684488906353316,10,0.1571565636948265,0.43333333333333335
RQ3 xlstm_const/G: dtaci_cqr vs native,RQ3,xlstm_const/G/44/dtaci_cqr,xlstm_const/G/44/native,-0.058938112099385175,0.6,0.6,0.03775392319484305,-5.533364964473888,10,0.09971012362222856,0.5
RQ3 xlstm_const/G: mondrian_cqr vs native,RQ3,xlstm_const/G/44/mondrian_cqr,xlstm_const/G/44/native,-0.0030866684372415987,0.5,0.5,0.07848116602329469,-1.2659990744421232,10,0.20285438575884243,0.43333333333333335
RQ3 xlstm_const/G: pid_cqr vs native,RQ3,xlstm_const/G/44/pid_cqr,xlstm_const/G/44/native,-0.06481428962256446,0.8,0.5,0.08957581000220838,-5.6266023127115705,10,0.19173549619135724,0.5
RQ3 xlstm_const/G: pid_local_cqr vs native,RQ3,xlstm_const/G/44/pid_local_cqr,xlstm_const/G/44/native,-0.05501280860609633,0.6,0.6,0.07334105889122744,-4.7251964814517065,10,0.23505167012877376,0.36666666666666664
RQ3 xlstm_const/G: pid_tan_cqr vs native,RQ3,xlstm_const/G/44/pid_tan_cqr,xlstm_const/G/44/native,0.09809740778237477,0.4,0.9,0.0016794935380224363,0.46987185357416705,10,0.009304150837716008,0.8
RQ3 xlstm_const/G: saocp_cqr vs native,RQ3,xlstm_const/G/44/saocp_cqr,xlstm_const/G/44/native,0.056559207452414204,0.0,0.5,0.07265811387739018,3.604974393608336,10,0.1153721885979097,0.43333333333333335
RQ3 xlstm_const/G: sfogd_cqr vs native,RQ3,xlstm_const/G/44/sfogd_cqr,xlstm_const/G/44/native,-0.03905635199641957,0.6,0.5,0.0958832294876586,-2.8195077400170723,10,0.31870028258184074,0.3
RQ3 xlstm_const/G: spci_cqr vs native,RQ3,xlstm_const/G/44/spci_cqr,xlstm_const/G/44/native,-0.022470665456977276,0.6,0.7,0.040735882296773385,-2.6699217505598494,10,0.10550388936454934,0.5
RQ3 xlstm_const/GF: aci_cqr vs native,RQ3,xlstm_const/GF/42/aci_cqr,xlstm_const/GF/42/native,-0.040781222261193906,0.6,0.5,0.0786326338587312,-4.8029992881767045,10,0.04938791824602,0.5333333333333333
RQ3 xlstm_const/GF: agaci_cqr vs native,RQ3,xlstm_const/GF/42/agaci_cqr,xlstm_const/GF/42/native,-0.03494702682457131,0.6,0.5,0.06317896808323642,-4.853947675759347,10,0.13825312067122508,0.5
RQ3 xlstm_const/GF: cqr_rolling vs native,RQ3,xlstm_const/GF/42/cqr_rolling,xlstm_const/GF/42/native,-0.04267502128893097,0.6,0.6,0.041177623805039754,-4.584602954382362,10,0.04343934392651331,0.5333333333333333
RQ3 xlstm_const/GF: cqr_static vs native,RQ3,xlstm_const/GF/42/cqr_static,xlstm_const/GF/42/native,0.01877948589318422,0.4,0.6,0.019485273505637113,4.400373228990943,10,0.010766799505545505,0.7
RQ3 xlstm_const/GF: decay_ocp_cqr vs native,RQ3,xlstm_const/GF/42/decay_ocp_cqr,xlstm_const/GF/42/native,-0.021922651311409403,0.6,0.5,0.1697649938266823,-4.613736937425951,10,0.1677468141169603,0.36666666666666664
RQ3 xlstm_const/GF: dtaci_cqr vs native,RQ3,xlstm_const/GF/42/dtaci_cqr,xlstm_const/GF/42/native,-0.03295878135148657,0.7,0.5,0.08071116160878,-4.961012611446901,10,0.11837993256556778,0.5
RQ3 xlstm_const/GF: mondrian_cqr vs native,RQ3,xlstm_const/GF/42/mondrian_cqr,xlstm_const/GF/42/native,0.032294491302293976,0.4,0.8,0.02632841017912535,-1.1818464019477535,10,0.09798234273589085,0.5
RQ3 xlstm_const/GF: pid_cqr vs native,RQ3,xlstm_const/GF/42/pid_cqr,xlstm_const/GF/42/native,-0.028147180014013243,0.8,0.4,0.13674491037183079,-4.854428649898754,10,0.264468937963107,0.4666666666666667
RQ3 xlstm_const/GF: pid_local_cqr vs native,RQ3,xlstm_const/GF/42/pid_local_cqr,xlstm_const/GF/42/native,-0.014589802411338318,0.7,0.5,0.2950531514218214,-4.015736922677477,10,0.28938107343412034,0.43333333333333335
RQ3 xlstm_const/GF: pid_tan_cqr vs native,RQ3,xlstm_const/GF/42/pid_tan_cqr,xlstm_const/GF/42/native,0.10235979741666479,0.4,0.9,0.007810704864613993,1.9576542418428275,10,0.012803025190143112,0.7666666666666667
RQ3 xlstm_const/GF: saocp_cqr vs native,RQ3,xlstm_const/GF/42/saocp_cqr,xlstm_const/GF/42/native,0.05540298871790183,0.1,0.7,0.03909216385371017,4.40054161740652,10,0.13058344245467746,0.43333333333333335
RQ3 xlstm_const/GF: sfogd_cqr vs native,RQ3,xlstm_const/GF/42/sfogd_cqr,xlstm_const/GF/42/native,-0.007441109609115594,0.6,0.4,0.21403393154448525,-2.311459829110958,10,0.42252963286905865,0.3
RQ3 xlstm_const/GF: spci_cqr vs native,RQ3,xlstm_const/GF/42/spci_cqr,xlstm_const/GF/42/native,-0.04998153146533385,0.6,0.6,0.025565212352242406,-3.322606578076977,10,0.07105147001355103,0.5
RQ3 xlstm_const/GF: aci_cqr vs native,RQ3,xlstm_const/GF/43/aci_cqr,xlstm_const/GF/43/native,-0.053136380265595064,0.6,0.5,0.0635288649919703,-5.950144789032057,10,0.04938791824602,0.5333333333333333
RQ3 xlstm_const/GF: agaci_cqr vs native,RQ3,xlstm_const/GF/43/agaci_cqr,xlstm_const/GF/43/native,-0.04257189055246498,0.6,0.4,0.11507382835019431,-6.339139052087794,10,0.13825312067122508,0.5
RQ3 xlstm_const/GF: cqr_rolling vs native,RQ3,xlstm_const/GF/43/cqr_rolling,xlstm_const/GF/43/native,-0.04897393826769463,0.6,0.6,0.03359010931572337,-5.6786085780391105,10,0.04343934392651331,0.5333333333333333
RQ3 xlstm_const/GF: cqr_static vs native,RQ3,xlstm_const/GF/43/cqr_static,xlstm_const/GF/43/native,0.04974865178193682,0.2,0.7,0.00031607480078077455,8.193726328713824,10,0.010766799505545505,0.7
RQ3 xlstm_const/GF: decay_ocp_cqr vs native,RQ3,xlstm_const/GF/43/decay_ocp_cqr,xlstm_const/GF/43/native,0.0031296900704097805,0.4,0.5,0.23478112105956317,-0.9889812115685906,10,0.1677468141169603,0.36666666666666664
RQ3 xlstm_const/GF: dtaci_cqr vs native,RQ3,xlstm_const/GF/43/dtaci_cqr,xlstm_const/GF/43/native,-0.05682529217215651,0.6,0.5,0.1038354107089906,-6.801787115373767,10,0.11837993256556778,0.5
RQ3 xlstm_const/GF: mondrian_cqr vs native,RQ3,xlstm_const/GF/43/mondrian_cqr,xlstm_const/GF/43/native,0.013433631144569084,0.5,0.8,0.020265208816185654,-1.1845886854616567,10,0.09798234273589085,0.5
RQ3 xlstm_const/GF: pid_cqr vs native,RQ3,xlstm_const/GF/43/pid_cqr,xlstm_const/GF/43/native,-0.05572825873693517,0.8,0.5,0.13632191443047192,-6.09798754155699,10,0.264468937963107,0.4666666666666667
RQ3 xlstm_const/GF: pid_local_cqr vs native,RQ3,xlstm_const/GF/43/pid_local_cqr,xlstm_const/GF/43/native,-0.045722182378601865,0.7,0.4,0.15621608829015643,-4.53624886108179,10,0.28938107343412034,0.43333333333333335
RQ3 xlstm_const/GF: pid_tan_cqr vs native,RQ3,xlstm_const/GF/43/pid_tan_cqr,xlstm_const/GF/43/native,0.08072815271047956,0.4,0.7,0.0019329418398965625,1.2061922808320429,10,0.012803025190143112,0.7666666666666667
RQ3 xlstm_const/GF: saocp_cqr vs native,RQ3,xlstm_const/GF/43/saocp_cqr,xlstm_const/GF/43/native,0.04577020607082521,0.1,0.4,0.13216050085774955,3.35303132909888,10,0.13058344245467746,0.43333333333333335
RQ3 xlstm_const/GF: sfogd_cqr vs native,RQ3,xlstm_const/GF/43/sfogd_cqr,xlstm_const/GF/43/native,0.0038178707602967796,0.5,0.3,0.3474483624481792,-2.5584087800940107,10,0.42252963286905865,0.3
RQ3 xlstm_const/GF: spci_cqr vs native,RQ3,xlstm_const/GF/43/spci_cqr,xlstm_const/GF/43/native,-0.026570445810119858,0.6,0.7,0.0016497699635438234,-2.8139959447307734,10,0.07105147001355103,0.5
RQ3 xlstm_const/GF: aci_cqr vs native,RQ3,xlstm_const/GF/44/aci_cqr,xlstm_const/GF/44/native,-0.0716871732169205,0.7,0.7,0.008608640160682635,-5.153195332584887,10,0.04938791824602,0.5333333333333333
RQ3 xlstm_const/GF: agaci_cqr vs native,RQ3,xlstm_const/GF/44/agaci_cqr,xlstm_const/GF/44/native,-0.06853329750272592,0.7,0.6,0.014153941368065581,-5.778503784414413,10,0.13825312067122508,0.5
RQ3 xlstm_const/GF: cqr_rolling vs native,RQ3,xlstm_const/GF/44/cqr_rolling,xlstm_const/GF/44/native,-0.06876288881957159,0.7,0.6,0.006497182790386691,-5.2487915779691345,10,0.04343934392651331,0.5333333333333333
RQ3 xlstm_const/GF: cqr_static vs native,RQ3,xlstm_const/GF/44/cqr_static,xlstm_const/GF/44/native,0.01825370065574132,0.3,0.8,0.0010837841725548358,17.14219896648851,10,0.010766799505545505,0.7
RQ3 xlstm_const/GF: decay_ocp_cqr vs native,RQ3,xlstm_const/GF/44/decay_ocp_cqr,xlstm_const/GF/44/native,0.0014234379275532907,0.4,0.6,0.06181535469310906,-1.1830079926967794,10,0.1677468141169603,0.36666666666666664
RQ3 xlstm_const/GF: dtaci_cqr vs native,RQ3,xlstm_const/GF/44/dtaci_cqr,xlstm_const/GF/44/native,-0.06889518975722854,0.7,0.6,0.020998955941206265,-5.769325279984597,10,0.11837993256556778,0.5
RQ3 xlstm_const/GF: mondrian_cqr vs native,RQ3,xlstm_const/GF/44/mondrian_cqr,xlstm_const/GF/44/native,0.05556256481023692,0.4,0.7,0.05402771479593205,-1.01981401757186,10,0.09798234273589085,0.5
RQ3 xlstm_const/GF: pid_cqr vs native,RQ3,xlstm_const/GF/44/pid_cqr,xlstm_const/GF/44/native,-0.05997675456699712,0.8,0.5,0.1994350534412208,-5.147657423632855,10,0.264468937963107,0.4666666666666667
RQ3 xlstm_const/GF: pid_local_cqr vs native,RQ3,xlstm_const/GF/44/pid_local_cqr,xlstm_const/GF/44/native,-0.04808836072550153,0.7,0.5,0.14111386128414738,-4.694126790304116,10,0.28938107343412034,0.43333333333333335
RQ3 xlstm_const/GF: pid_tan_cqr vs native,RQ3,xlstm_const/GF/44/pid_tan_cqr,xlstm_const/GF/44/native,0.09760137440843403,0.4,0.9,0.00300105095026848,0.39421800937709967,10,0.012803025190143112,0.7666666666666667
RQ3 xlstm_const/GF: saocp_cqr vs native,RQ3,xlstm_const/GF/44/saocp_cqr,xlstm_const/GF/44/native,0.053344027544740776,0.0,0.5,0.0718459087214085,4.093198578548214,10,0.13058344245467746,0.43333333333333335
RQ3 xlstm_const/GF: sfogd_cqr vs native,RQ3,xlstm_const/GF/44/sfogd_cqr,xlstm_const/GF/44/native,-0.028520591372032222,0.6,0.3,0.22955622619352034,-2.9071650136337586,10,0.42252963286905865,0.3
RQ3 xlstm_const/GF: spci_cqr vs native,RQ3,xlstm_const/GF/44/spci_cqr,xlstm_const/GF/44/native,-0.038489807438806034,0.6,0.5,0.0844445887404095,-3.2412574600792134,10,0.07105147001355103,0.5
RQ3 xlstm_const/L: aci_cqr vs native,RQ3,xlstm_const/L/42/aci_cqr,xlstm_const/L/42/native,-0.024757757235999774,0.5,0.5,0.10207309842461865,-3.456244484733355,10,0.1534862624955963,0.3333333333333333
RQ3 xlstm_const/L: agaci_cqr vs native,RQ3,xlstm_const/L/42/agaci_cqr,xlstm_const/L/42/native,-0.022834898796925816,0.5,0.5,0.10282278668666867,-3.553210724986331,10,0.20050244019586771,0.4
RQ3 xlstm_const/L: cqr_rolling vs native,RQ3,xlstm_const/L/42/cqr_rolling,xlstm_const/L/42/native,-0.017118085289733933,0.5,0.4,0.1381244646454718,-3.020413763765201,10,0.2384637300714088,0.36666666666666664
RQ3 xlstm_const/L: cqr_static vs native,RQ3,xlstm_const/L/42/cqr_static,xlstm_const/L/42/native,0.0622937806051728,0.3,0.7,2.84909080435769e-05,11.643026301844364,10,7.865192928716038e-05,0.7333333333333333
RQ3 xlstm_const/L: decay_ocp_cqr vs native,RQ3,xlstm_const/L/42/decay_ocp_cqr,xlstm_const/L/42/native,0.01725595040578743,0.2,0.7,0.04003951302235331,2.5001161428072565,10,0.19878502797464315,0.36666666666666664
RQ3 xlstm_const/L: dtaci_cqr vs native,RQ3,xlstm_const/L/42/dtaci_cqr,xlstm_const/L/42/native,-0.021775877589185807,0.5,0.5,0.13039423329646116,-3.724810079676613,10,0.22866708505601752,0.43333333333333335
RQ3 xlstm_const/L: mondrian_cqr vs native,RQ3,xlstm_const/L/42/mondrian_cqr,xlstm_const/L/42/native,0.01498845536032035,0.4,0.5,0.28872313644435676,0.18881250887915813,10,0.1200154579944719,0.4
RQ3 xlstm_const/L: pid_cqr vs native,RQ3,xlstm_const/L/42/pid_cqr,xlstm_const/L/42/native,-0.02637815674422895,0.5,0.6,0.039566602438686815,-3.971222370264564,10,0.24994820036208354,0.43333333333333335
RQ3 xlstm_const/L: pid_local_cqr vs native,RQ3,xlstm_const/L/42/pid_local_cqr,xlstm_const/L/42/native,-0.013606602827396393,0.6,0.5,0.24437657516693967,-1.8060812111446551,10,0.33262686614330483,0.3
RQ3 xlstm_const/L: pid_tan_cqr vs native,RQ3,xlstm_const/L/42/pid_tan_cqr,xlstm_const/L/42/native,0.1279171336697401,0.3,0.8,0.007824211518407287,3.5205711031129656,10,0.008289457900791561,0.7666666666666667
RQ3 xlstm_const/L: saocp_cqr vs native,RQ3,xlstm_const/L/42/saocp_cqr,xlstm_const/L/42/native,0.05591749732413515,0.1,0.5,0.148236830307804,3.6943378662336945,10,0.26044970586672345,0.36666666666666664
RQ3 xlstm_const/L: sfogd_cqr vs native,RQ3,xlstm_const/L/42/sfogd_cqr,xlstm_const/L/42/native,0.009260720238353885,0.5,0.5,0.16758971389255106,-0.0998479930020633,10,0.2082262279866039,0.3
RQ3 xlstm_const/L: spci_cqr vs native,RQ3,xlstm_const/L/42/spci_cqr,xlstm_const/L/42/native,-0.039125134661662384,0.6,0.5,0.09755716638104617,-1.9163140001268755,10,0.11583967898031727,0.4666666666666667
RQ3 xlstm_const/L: aci_cqr vs native,RQ3,xlstm_const/L/43/aci_cqr,xlstm_const/L/43/native,0.012749687990957296,0.4,0.5,0.14974774067470242,-2.5717159616487826,10,0.1534862624955963,0.3333333333333333
RQ3 xlstm_const/L: agaci_cqr vs native,RQ3,xlstm_const/L/43/agaci_cqr,xlstm_const/L/43/native,0.014832217445266485,0.4,0.4,0.15674244854484498,-2.725094632157534,10,0.20050244019586771,0.4
RQ3 xlstm_const/L: cqr_rolling vs native,RQ3,xlstm_const/L/43/cqr_rolling,xlstm_const/L/43/native,0.01557243430176811,0.4,0.3,0.17315367374963497,-2.4270311771377204,10,0.2384637300714088,0.36666666666666664
RQ3 xlstm_const/L: cqr_static vs native,RQ3,xlstm_const/L/43/cqr_static,xlstm_const/L/43/native,0.15377195558772289,0.2,0.8,5.267646874251852e-09,10.542553001261998,10,7.865192928716038e-05,0.7333333333333333
RQ3 xlstm_const/L: decay_ocp_cqr vs native,RQ3,xlstm_const/L/43/decay_ocp_cqr,xlstm_const/L/43/native,0.018780862493631745,0.1,0.5,0.08917292496783269,3.7608054503079495,10,0.19878502797464315,0.36666666666666664
RQ3 xlstm_const/L: dtaci_cqr vs native,RQ3,xlstm_const/L/43/dtaci_cqr,xlstm_const/L/43/native,0.01611788113293382,0.4,0.3,0.1915057101113784,-3.072366134696542,10,0.22866708505601752,0.43333333333333335
RQ3 xlstm_const/L: mondrian_cqr vs native,RQ3,xlstm_const/L/43/mondrian_cqr,xlstm_const/L/43/native,0.09578719235220488,0.2,0.8,0.022943874836192313,2.353551525521291,10,0.1200154579944719,0.4
RQ3 xlstm_const/L: pid_cqr vs native,RQ3,xlstm_const/L/43/pid_cqr,xlstm_const/L/43/native,-0.0034701742044666614,0.5,0.4,0.2777239757692883,-2.812780061133435,10,0.24994820036208354,0.43333333333333335
RQ3 xlstm_const/L: pid_local_cqr vs native,RQ3,xlstm_const/L/43/pid_local_cqr,xlstm_const/L/43/native,0.022106338524032938,0.3,0.5,0.16073308834450517,-0.3912857389842111,10,0.33262686614330483,0.3
RQ3 xlstm_const/L: pid_tan_cqr vs native,RQ3,xlstm_const/L/43/pid_tan_cqr,xlstm_const/L/43/native,0.12439386116021794,0.3,0.9,0.0007340087935622241,3.7203730594080375,10,0.008289457900791561,0.7666666666666667
RQ3 xlstm_const/L: saocp_cqr vs native,RQ3,xlstm_const/L/43/saocp_cqr,xlstm_const/L/43/native,0.06042227457771947,0.0,0.5,0.07984922599720179,4.49186766232912,10,0.26044970586672345,0.36666666666666664
RQ3 xlstm_const/L: sfogd_cqr vs native,RQ3,xlstm_const/L/43/sfogd_cqr,xlstm_const/L/43/native,0.04046241758576101,0.3,0.4,0.11863780309279948,0.7509651746282715,10,0.2082262279866039,0.3
RQ3 xlstm_const/L: spci_cqr vs native,RQ3,xlstm_const/L/43/spci_cqr,xlstm_const/L/43/native,0.004891066118894465,0.5,0.5,0.07669128480063914,-0.39911491687364775,10,0.11583967898031727,0.4666666666666667
RQ3 xlstm_const/L: aci_cqr vs native,RQ3,xlstm_const/L/44/aci_cqr,xlstm_const/L/44/native,-0.011552900066700879,0.5,0.7,0.06218692125805869,-2.73246934733197,10,0.1534862624955963,0.3333333333333333
RQ3 xlstm_const/L: agaci_cqr vs native,RQ3,xlstm_const/L/44/agaci_cqr,xlstm_const/L/44/native,-0.014614680297968611,0.5,0.8,0.048477121173559956,-2.729068880850594,10,0.20050244019586771,0.4
RQ3 xlstm_const/L: cqr_rolling vs native,RQ3,xlstm_const/L/44/cqr_rolling,xlstm_const/L/44/native,-0.012653903149586242,0.5,0.7,0.05577389929239196,-2.398635178893147,10,0.2384637300714088,0.36666666666666664
RQ3 xlstm_const/L: cqr_static vs native,RQ3,xlstm_const/L/44/cqr_static,xlstm_const/L/44/native,0.1007503667220648,0.2,0.7,5.215528173052597e-05,8.460417352508648,10,7.865192928716038e-05,0.7333333333333333
RQ3 xlstm_const/L: decay_ocp_cqr vs native,RQ3,xlstm_const/L/44/decay_ocp_cqr,xlstm_const/L/44/native,0.00910821644123931,0.1,0.3,0.3941272554017273,4.8820699392624105,10,0.19878502797464315,0.36666666666666664
RQ3 xlstm_const/L: dtaci_cqr vs native,RQ3,xlstm_const/L/44/dtaci_cqr,xlstm_const/L/44/native,-0.011744137095977708,0.5,0.6,0.04043712669355881,-3.0058514323879364,10,0.22866708505601752,0.43333333333333335
RQ3 xlstm_const/L: mondrian_cqr vs native,RQ3,xlstm_const/L/44/mondrian_cqr,xlstm_const/L/44/native,0.05256196702364342,0.4,0.6,0.0652631803736392,0.8094927585258065,10,0.1200154579944719,0.4
RQ3 xlstm_const/L: pid_cqr vs native,RQ3,xlstm_const/L/44/pid_cqr,xlstm_const/L/44/native,-0.006663549020487135,0.5,0.5,0.14085084113055768,-3.3915983894406416,10,0.24994820036208354,0.43333333333333335
RQ3 xlstm_const/L: pid_local_cqr vs native,RQ3,xlstm_const/L/44/pid_local_cqr,xlstm_const/L/44/native,-0.00882551816453669,0.5,0.3,0.18657119319784599,-2.5179941650884987,10,0.33262686614330483,0.3
RQ3 xlstm_const/L: pid_tan_cqr vs native,RQ3,xlstm_const/L/44/pid_tan_cqr,xlstm_const/L/44/native,0.16319741994695836,0.4,0.8,0.0014157257872836615,3.1316056307286337,10,0.008289457900791561,0.7666666666666667
RQ3 xlstm_const/L: saocp_cqr vs native,RQ3,xlstm_const/L/44/saocp_cqr,xlstm_const/L/44/native,0.04112241153527367,0.0,0.3,0.21123257628580794,3.740844344566598,10,0.26044970586672345,0.36666666666666664
RQ3 xlstm_const/L: sfogd_cqr vs native,RQ3,xlstm_const/L/44/sfogd_cqr,xlstm_const/L/44/native,0.010764617245005444,0.5,0.6,0.0664364771374415,-0.9061038374974268,10,0.2082262279866039,0.3
RQ3 xlstm_const/L: spci_cqr vs native,RQ3,xlstm_const/L/44/spci_cqr,xlstm_const/L/44/native,0.0012266540460783857,0.5,0.6,0.024735962928513433,-0.4386027254605481,10,0.11583967898031727,0.4666666666666667
RQ1 xlstm (aci_cqr): G vs L,RQ1,xlstm/G/42/aci_cqr,xlstm/L/42/aci_cqr,0.03756004841937111,0.4,0.3,0.15864933939673798,0.7589743477701151,10,0.3298365328869389,0.26666666666666666
RQ1 xlstm (aci_cqr): GF vs G,RQ1,xlstm/GF/42/aci_cqr,xlstm/G/42/aci_cqr,-0.0110126954226687,0.8,0.2,0.42838570267802045,-1.8581373504784953,10,0.35090419003642154,0.3
RQ1 xlstm (aci_cqr): GF vs GI,RQ1,xlstm/GF/42/aci_cqr,xlstm/GI/42/aci_cqr,-0.04740535983907071,0.9,0.5,0.09920690072610128,-2.9856437873073145,10,0.11940035559608511,0.43333333333333335
RQ1 xlstm (agaci_cqr): G vs L,RQ1,xlstm/G/42/agaci_cqr,xlstm/L/42/agaci_cqr,0.0063349289228469725,0.4,0.2,0.2025129324611129,0.39323392946571084,10,0.3797971236269425,0.23333333333333334
RQ1 xlstm (agaci_cqr): GF vs G,RQ1,xlstm/GF/42/agaci_cqr,xlstm/G/42/agaci_cqr,-0.008092549518996819,0.7,0.2,0.4003556367441573,-1.8353640738295884,10,0.49870339960063126,0.26666666666666666
RQ1 xlstm (agaci_cqr): GF vs GI,RQ1,xlstm/GF/42/agaci_cqr,xlstm/GI/42/agaci_cqr,-0.04631908978294775,0.8,0.5,0.10001996921234346,-3.2234470778916795,10,0.1452131371440321,0.4
RQ1 xlstm (cqr_rolling): G vs L,RQ1,xlstm/G/42/cqr_rolling,xlstm/L/42/cqr_rolling,0.033671845679525345,0.4,0.3,0.2122610748197149,0.7014968985595297,10,0.3641381823380255,0.26666666666666666
RQ1 xlstm (cqr_rolling): GF vs G,RQ1,xlstm/GF/42/cqr_rolling,xlstm/G/42/cqr_rolling,-0.011760680604594231,0.7,0.2,0.27297951403634924,-1.8380308083717898,10,0.27727581072741736,0.36666666666666664
RQ1 xlstm (cqr_rolling): GF vs GI,RQ1,xlstm/GF/42/cqr_rolling,xlstm/GI/42/cqr_rolling,-0.04559109937897917,0.8,0.5,0.0910408824028528,-3.1318442668664943,10,0.13899189049692157,0.4666666666666667
RQ1 xlstm (cqr_static): G vs L,RQ1,xlstm/G/42/cqr_static,xlstm/L/42/cqr_static,-0.01539024106152615,0.5,0.5,0.14850529960150605,1.4386325874756294,10,0.2081197491851327,0.36666666666666664
RQ1 xlstm (cqr_static): GF vs G,RQ1,xlstm/GF/42/cqr_static,xlstm/G/42/cqr_static,-0.0043971620939726765,0.6,0.1,0.43389616345772597,-1.087078834238901,10,0.32372063924197164,0.3333333333333333
RQ1 xlstm (cqr_static): GF vs GI,RQ1,xlstm/GF/42/cqr_static,xlstm/GI/42/cqr_static,-0.032795899305374264,0.7,0.5,0.08493843350399799,-1.6225086375452908,10,0.0187953103592021,0.6333333333333333
RQ1 xlstm (decay_ocp_cqr): G vs L,RQ1,xlstm/G/42/decay_ocp_cqr,xlstm/L/42/decay_ocp_cqr,0.05442448254837465,0.4,0.4,0.1518858552693102,1.0704339121643482,10,0.24736373764644015,0.36666666666666664
RQ1 xlstm (decay_ocp_cqr): GF vs G,RQ1,xlstm/GF/42/decay_ocp_cqr,xlstm/G/42/decay_ocp_cqr,-0.007971969210470763,0.7,0.4,0.35134189000884397,-1.498277238511684,10,0.057787773819303445,0.5666666666666667
RQ1 xlstm (decay_ocp_cqr): GF vs GI,RQ1,xlstm/GF/42/decay_ocp_cqr,xlstm/GI/42/decay_ocp_cqr,-0.06078742895059097,0.8,0.6,0.036315892142144146,-4.935505638545987,10,0.023414871972339497,0.6666666666666666
RQ1 xlstm (dtaci_cqr): G vs L,RQ1,xlstm/G/42/dtaci_cqr,xlstm/L/42/dtaci_cqr,0.0142281305401319,0.5,0.3,0.14793222731252287,0.3190463258287689,10,0.3467050440466929,0.23333333333333334
RQ1 xlstm (dtaci_cqr): GF vs G,RQ1,xlstm/GF/42/dtaci_cqr,xlstm/G/42/dtaci_cqr,-0.006950257777546176,0.7,0.1,0.5170944525321908,-1.4381321259187172,10,0.3051052493517496,0.23333333333333334
RQ1 xlstm (dtaci_cqr): GF vs GI,RQ1,xlstm/GF/42/dtaci_cqr,xlstm/GI/42/dtaci_cqr,-0.044293626654620444,0.9,0.5,0.11735342739343968,-3.1145299138034845,10,0.12067287746881405,0.36666666666666664
RQ1 xlstm (mondrian_cqr): G vs L,RQ1,xlstm/G/42/mondrian_cqr,xlstm/L/42/mondrian_cqr,-0.024029753629723347,0.5,0.3,0.33485404866754587,-0.6673373000967406,10,0.5038301352809137,0.13333333333333333
RQ1 xlstm (mondrian_cqr): GF vs G,RQ1,xlstm/GF/42/mondrian_cqr,xlstm/G/42/mondrian_cqr,-0.0028459388510829655,0.7,0.1,0.6098110488745483,-0.5253710402067411,10,0.40843106661259043,0.16666666666666666
RQ1 xlstm (mondrian_cqr): GF vs GI,RQ1,xlstm/GF/42/mondrian_cqr,xlstm/GI/42/mondrian_cqr,-0.030737076685540696,0.9,0.2,0.5006781798177652,-2.146501904853456,10,0.14706028462023052,0.4666666666666667
RQ1 xlstm (native): G vs L,RQ1,xlstm/G/42/native,xlstm/L/42/native,0.06598952611260916,0.4,0.5,0.10854391609688718,1.9775044976743164,10,0.0736586907787784,0.5333333333333333
RQ1 xlstm (native): GF vs G,RQ1,xlstm/GF/42/native,xlstm/G/42/native,-0.01016967207251433,0.6,0.4,0.1716484677183966,-1.7173445014285353,10,0.12293860734230849,0.4666666666666667
RQ1 xlstm (native): GF vs GI,RQ1,xlstm/GF/42/native,xlstm/GI/42/native,-0.025341866565457387,0.8,0.3,0.2531862791071994,-3.2349088902121035,10,0.14474677770162755,0.4666666666666667
RQ1 xlstm (pid_cqr): G vs L,RQ1,xlstm/G/42/pid_cqr,xlstm/L/42/pid_cqr,-0.009162280572703147,0.6,0.2,0.22962403130109066,0.042294242501579295,10,0.4131214225670077,0.23333333333333334
RQ1 xlstm (pid_cqr): GF vs G,RQ1,xlstm/GF/42/pid_cqr,xlstm/G/42/pid_cqr,-0.009636670737092918,0.7,0.1,0.4827332771649453,-1.428662729061663,10,0.6035866949112756,0.1
RQ1 xlstm (pid_cqr): GF vs GI,RQ1,xlstm/GF/42/pid_cqr,xlstm/GI/42/pid_cqr,-0.04792633010080301,0.9,0.4,0.11279983572059638,-3.157903137811471,10,0.19708034668051508,0.43333333333333335
RQ1 xlstm (pid_local_cqr): G vs L,RQ1,xlstm/G/42/pid_local_cqr,xlstm/L/42/pid_local_cqr,0.00991543125407842,0.5,0.1,0.27420813681755485,0.30838265866533615,10,0.3627689866835039,0.16666666666666666
RQ1 xlstm (pid_local_cqr): GF vs G,RQ1,xlstm/GF/42/pid_local_cqr,xlstm/G/42/pid_local_cqr,-0.008150258132222863,0.6,0.3,0.3593377097730639,-2.0059264621451747,10,0.5313768355186923,0.16666666666666666
RQ1 xlstm (pid_local_cqr): GF vs GI,RQ1,xlstm/GF/42/pid_local_cqr,xlstm/GI/42/pid_local_cqr,-0.04360908137448083,0.9,0.3,0.23861834511686952,-2.7719504397283945,10,0.2919857071958183,0.23333333333333334
RQ1 xlstm (pid_tan_cqr): G vs L,RQ1,xlstm/G/42/pid_tan_cqr,xlstm/L/42/pid_tan_cqr,0.003682197486352489,0.4,0.4,0.2725906466873751,0.27548653404973633,10,0.24267113957096476,0.26666666666666666
RQ1 xlstm (pid_tan_cqr): GF vs G,RQ1,xlstm/GF/42/pid_tan_cqr,xlstm/G/42/pid_tan_cqr,-0.008959971127210455,0.6,0.2,0.33432120236417406,-1.0696201447762157,10,0.41286462984213657,0.2
RQ1 xlstm (pid_tan_cqr): GF vs GI,RQ1,xlstm/GF/42/pid_tan_cqr,xlstm/GI/42/pid_tan_cqr,-0.06841997951229024,0.8,0.6,0.07307454371556432,-3.4246318346082876,10,0.14650837670751962,0.36666666666666664
RQ1 xlstm (saocp_cqr): G vs L,RQ1,xlstm/G/42/saocp_cqr,xlstm/L/42/saocp_cqr,0.04307100445084776,0.3,0.3,0.24476864747059823,2.2048872981388863,10,0.06472041331629064,0.6
RQ1 xlstm (saocp_cqr): GF vs G,RQ1,xlstm/GF/42/saocp_cqr,xlstm/G/42/saocp_cqr,0.004571592347506774,0.4,0.3,0.3779410799654648,1.072706541463116,10,0.20711620692554755,0.4
RQ1 xlstm (saocp_cqr): GF vs GI,RQ1,xlstm/GF/42/saocp_cqr,xlstm/GI/42/saocp_cqr,-0.018999270999210536,0.6,0.6,0.07907067466293127,-1.9335211608714304,10,0.10101223856108806,0.5
RQ1 xlstm (sfogd_cqr): G vs L,RQ1,xlstm/G/42/sfogd_cqr,xlstm/L/42/sfogd_cqr,-0.013067065190813333,0.6,0.1,0.36605537443443525,0.1034985307158307,10,0.48674173518353686,0.1
RQ1 xlstm (sfogd_cqr): GF vs G,RQ1,xlstm/GF/42/sfogd_cqr,xlstm/G/42/sfogd_cqr,-0.018106614865139058,0.9,0.1,0.5526888590689314,-1.7844700082375353,10,0.602253949214069,0.06666666666666667
RQ1 xlstm (sfogd_cqr): GF vs GI,RQ1,xlstm/GF/42/sfogd_cqr,xlstm/GI/42/sfogd_cqr,-0.06582969039367173,0.9,0.6,0.0738378535575771,-3.2693519183656647,10,0.3361452751872021,0.23333333333333334
RQ1 xlstm (spci_cqr): G vs L,RQ1,xlstm/G/42/spci_cqr,xlstm/L/42/spci_cqr,-0.00428139891687734,0.5,0.3,0.44725491606899204,1.4591851105725187,10,0.49211328365142587,0.23333333333333334
RQ1 xlstm (spci_cqr): GF vs G,RQ1,xlstm/GF/42/spci_cqr,xlstm/G/42/spci_cqr,-0.016954509738027757,0.7,0.2,0.5612644199465199,-2.823153332500543,10,0.4816266666259893,0.13333333333333333
RQ1 xlstm (spci_cqr): GF vs GI,RQ1,xlstm/GF/42/spci_cqr,xlstm/GI/42/spci_cqr,-0.03053561515553304,0.9,0.4,0.3440450732990281,-2.3450624423205157,10,0.24213903467476322,0.26666666666666666
RQ1 xlstm (aci_cqr): G vs L,RQ1,xlstm/G/43/aci_cqr,xlstm/L/43/aci_cqr,-0.0003689015161469338,0.5,0.3,0.47705688877742747,0.18583215160190095,10,0.3298365328869389,0.26666666666666666
RQ1 xlstm (aci_cqr): GF vs G,RQ1,xlstm/GF/43/aci_cqr,xlstm/G/43/aci_cqr,-0.022107985186202793,0.8,0.5,0.12494066893596623,-3.9827115177820116,10,0.35090419003642154,0.3
RQ1 xlstm (aci_cqr): GF vs GI,RQ1,xlstm/GF/43/aci_cqr,xlstm/GI/43/aci_cqr,-0.0660365070547315,1.0,0.6,0.04872172794736218,-5.141162088560815,10,0.11940035559608511,0.43333333333333335
RQ1 xlstm (agaci_cqr): G vs L,RQ1,xlstm/G/43/agaci_cqr,xlstm/L/43/agaci_cqr,0.016883102889109797,0.4,0.3,0.5004197811818705,0.22993809463499046,10,0.3797971236269425,0.23333333333333334
RQ1 xlstm (agaci_cqr): GF vs G,RQ1,xlstm/GF/43/agaci_cqr,xlstm/G/43/agaci_cqr,-0.021285046134580897,0.7,0.5,0.0816210742386273,-3.7832537313649226,10,0.49870339960063126,0.26666666666666666
RQ1 xlstm (agaci_cqr): GF vs GI,RQ1,xlstm/GF/43/agaci_cqr,xlstm/GI/43/agaci_cqr,-0.06226412196894536,1.0,0.6,0.06372711377340168,-5.614488053935926,10,0.1452131371440321,0.4
RQ1 xlstm (cqr_rolling): G vs L,RQ1,xlstm/G/43/cqr_rolling,xlstm/L/43/cqr_rolling,0.016891035542931195,0.4,0.3,0.5763734363690368,0.4067523064428319,10,0.3641381823380255,0.26666666666666666
RQ1 xlstm (cqr_rolling): GF vs G,RQ1,xlstm/GF/43/cqr_rolling,xlstm/G/43/cqr_rolling,-0.026609584219127416,0.8,0.5,0.08456802369895355,-4.0341930244696655,10,0.27727581072741736,0.36666666666666664
RQ1 xlstm (cqr_rolling): GF vs GI,RQ1,xlstm/GF/43/cqr_rolling,xlstm/GI/43/cqr_rolling,-0.0662460137373788,0.9,0.6,0.03664623304822878,-5.098442300371594,10,0.13899189049692157,0.4666666666666667
RQ1 xlstm (cqr_static): G vs L,RQ1,xlstm/G/43/cqr_static,xlstm/L/43/cqr_static,-0.011805615299652631,0.5,0.4,0.1860645375898219,-3.373979153558941,10,0.2081197491851327,0.36666666666666664
RQ1 xlstm (cqr_static): GF vs G,RQ1,xlstm/GF/43/cqr_static,xlstm/G/43/cqr_static,-0.034941918948423065,0.7,0.7,0.008564940893572959,-3.444424910817477,10,0.32372063924197164,0.3333333333333333
RQ1 xlstm (cqr_static): GF vs GI,RQ1,xlstm/GF/43/cqr_static,xlstm/GI/43/cqr_static,-0.11039263049328715,0.9,0.8,0.0016547215947209093,-8.424063778230344,10,0.0187953103592021,0.6333333333333333
RQ1 xlstm (decay_ocp_cqr): G vs L,RQ1,xlstm/G/43/decay_ocp_cqr,xlstm/L/43/decay_ocp_cqr,0.05441840811648799,0.0,0.4,0.23267270529810258,3.11173374388084,10,0.24736373764644015,0.36666666666666664
RQ1 xlstm (decay_ocp_cqr): GF vs G,RQ1,xlstm/GF/43/decay_ocp_cqr,xlstm/G/43/decay_ocp_cqr,-0.03919499202912188,1.0,0.8,0.0021666871917679353,-8.432158826322908,10,0.057787773819303445,0.5666666666666667
RQ1 xlstm (decay_ocp_cqr): GF vs GI,RQ1,xlstm/GF/43/decay_ocp_cqr,xlstm/GI/43/decay_ocp_cqr,-0.07935458986463562,0.9,0.9,0.001673736967279904,-6.943168858560481,10,0.023414871972339497,0.6666666666666666
RQ1 xlstm (dtaci_cqr): G vs L,RQ1,xlstm/G/43/dtaci_cqr,xlstm/L/43/dtaci_cqr,0.017062436545691045,0.4,0.3,0.46361224007577295,0.4863868000611608,10,0.3467050440466929,0.23333333333333334
RQ1 xlstm (dtaci_cqr): GF vs G,RQ1,xlstm/GF/43/dtaci_cqr,xlstm/G/43/dtaci_cqr,-0.019235814013150006,0.8,0.3,0.12447776197565996,-4.416842997591021,10,0.3051052493517496,0.23333333333333334
RQ1 xlstm (dtaci_cqr): GF vs GI,RQ1,xlstm/GF/43/dtaci_cqr,xlstm/GI/43/dtaci_cqr,-0.056276068658973416,0.9,0.6,0.0675978355711836,-5.164564929113137,10,0.12067287746881405,0.36666666666666664
RQ1 xlstm (mondrian_cqr): G vs L,RQ1,xlstm/G/43/mondrian_cqr,xlstm/L/43/mondrian_cqr,-0.02776038673300831,0.6,0.2,0.5434629425281648,-1.0235853112830369,10,0.5038301352809137,0.13333333333333333
RQ1 xlstm (mondrian_cqr): GF vs G,RQ1,xlstm/GF/43/mondrian_cqr,xlstm/G/43/mondrian_cqr,-0.029729844542437447,0.8,0.3,0.13184440730440572,-2.0721104840538698,10,0.40843106661259043,0.16666666666666666
RQ1 xlstm (mondrian_cqr): GF vs GI,RQ1,xlstm/GF/43/mondrian_cqr,xlstm/GI/43/mondrian_cqr,-0.05777281341852127,0.9,0.5,0.15833289786132632,-4.663393270188128,10,0.14706028462023052,0.4666666666666667
RQ1 xlstm (native): G vs L,RQ1,xlstm/G/43/native,xlstm/L/43/native,0.16344361371784127,0.0,0.7,0.0014173361453355682,6.1331586139560565,10,0.0736586907787784,0.5333333333333333
RQ1 xlstm (native): GF vs G,RQ1,xlstm/GF/43/native,xlstm/G/43/native,-0.037451173540708,1.0,0.9,0.009912064833341838,-15.921782152583013,10,0.12293860734230849,0.4666666666666667
RQ1 xlstm (native): GF vs GI,RQ1,xlstm/GF/43/native,xlstm/GI/43/native,-0.055186251385697715,1.0,0.7,0.0039020804950123944,-7.68391624440545,10,0.14474677770162755,0.4666666666666667
RQ1 xlstm (pid_cqr): G vs L,RQ1,xlstm/G/43/pid_cqr,xlstm/L/43/pid_cqr,-0.003940867029285068,0.5,0.2,0.5029238450387115,-0.4982539125564695,10,0.4131214225670077,0.23333333333333334
RQ1 xlstm (pid_cqr): GF vs G,RQ1,xlstm/GF/43/pid_cqr,xlstm/G/43/pid_cqr,-0.004208730240350755,0.6,0.2,0.37893170742657956,-1.4371488914210537,10,0.6035866949112756,0.1
RQ1 xlstm (pid_cqr): GF vs GI,RQ1,xlstm/GF/43/pid_cqr,xlstm/GI/43/pid_cqr,-0.04803659903388913,1.0,0.5,0.1098018769085708,-4.6009329057088335,10,0.19708034668051508,0.43333333333333335
RQ1 xlstm (pid_local_cqr): G vs L,RQ1,xlstm/G/43/pid_local_cqr,xlstm/L/43/pid_local_cqr,0.008968613094869494,0.4,0.3,0.5388577645560505,0.35057789126027034,10,0.3627689866835039,0.16666666666666666
RQ1 xlstm (pid_local_cqr): GF vs G,RQ1,xlstm/GF/43/pid_local_cqr,xlstm/G/43/pid_local_cqr,0.0008563527111407137,0.4,0.5,0.34177477947713875,-1.824157422897029,10,0.5313768355186923,0.16666666666666666
RQ1 xlstm (pid_local_cqr): GF vs GI,RQ1,xlstm/GF/43/pid_local_cqr,xlstm/GI/43/pid_local_cqr,-0.04648906777923481,0.9,0.3,0.15746989245366394,-3.7883236124832433,10,0.2919857071958183,0.23333333333333334
RQ1 xlstm (pid_tan_cqr): G vs L,RQ1,xlstm/G/43/pid_tan_cqr,xlstm/L/43/pid_tan_cqr,0.043042655600106346,0.4,0.4,0.14100856190686128,0.4775818731079663,10,0.24267113957096476,0.26666666666666666
RQ1 xlstm (pid_tan_cqr): GF vs G,RQ1,xlstm/GF/43/pid_tan_cqr,xlstm/G/43/pid_tan_cqr,-0.04795900214104709,0.9,0.6,0.054531861134075266,-4.470082561084686,10,0.41286462984213657,0.2
RQ1 xlstm (pid_tan_cqr): GF vs GI,RQ1,xlstm/GF/43/pid_tan_cqr,xlstm/GI/43/pid_tan_cqr,-0.06976269336482754,0.9,0.5,0.0888734953071002,-4.6158593352229795,10,0.14650837670751962,0.36666666666666664
RQ1 xlstm (saocp_cqr): G vs L,RQ1,xlstm/G/43/saocp_cqr,xlstm/L/43/saocp_cqr,0.154977212037069,0.0,0.8,0.0002975209546621782,7.299613499453897,10,0.06472041331629064,0.6
RQ1 xlstm (saocp_cqr): GF vs G,RQ1,xlstm/GF/43/saocp_cqr,xlstm/G/43/saocp_cqr,-0.039754705909771176,0.9,0.7,0.008696243820429772,-8.79495134549746,10,0.20711620692554755,0.4
RQ1 xlstm (saocp_cqr): GF vs GI,RQ1,xlstm/GF/43/saocp_cqr,xlstm/GI/43/saocp_cqr,-0.048143721335535294,1.0,0.7,0.01876494992831501,-6.997831947968574,10,0.10101223856108806,0.5
RQ1 xlstm (sfogd_cqr): G vs L,RQ1,xlstm/G/43/sfogd_cqr,xlstm/L/43/sfogd_cqr,0.0027869175802043115,0.5,0.2,0.5360531537429727,0.8163038119633326,10,0.48674173518353686,0.1
RQ1 xlstm (sfogd_cqr): GF vs G,RQ1,xlstm/GF/43/sfogd_cqr,xlstm/G/43/sfogd_cqr,-0.011305295662493327,0.6,0.0,0.6466249684807881,-1.326464387914141,10,0.602253949214069,0.06666666666666667
RQ1 xlstm (sfogd_cqr): GF vs GI,RQ1,xlstm/GF/43/sfogd_cqr,xlstm/GI/43/sfogd_cqr,-0.04379047150536112,0.8,0.1,0.31902767483970573,-2.78200278420245,10,0.3361452751872021,0.23333333333333334
RQ1 xlstm (spci_cqr): G vs L,RQ1,xlstm/G/43/spci_cqr,xlstm/L/43/spci_cqr,0.028539908206420037,0.4,0.3,0.32397146332061855,0.22240059836450046,10,0.49211328365142587,0.23333333333333334
RQ1 xlstm (spci_cqr): GF vs G,RQ1,xlstm/GF/43/spci_cqr,xlstm/G/43/spci_cqr,-0.032036648209396314,1.0,0.1,0.23088305641122564,-3.7016592544812514,10,0.4816266666259893,0.13333333333333333
RQ1 xlstm (spci_cqr): GF vs GI,RQ1,xlstm/GF/43/spci_cqr,xlstm/GI/43/spci_cqr,-0.09374320346988152,0.9,0.6,0.09357758456687115,-5.2854563159232235,10,0.24213903467476322,0.26666666666666666
RQ1 xlstm (aci_cqr): G vs L,RQ1,xlstm/G/44/aci_cqr,xlstm/L/44/aci_cqr,0.14091100124861336,0.1,0.6,0.03669968132917145,5.558608078073554,10,0.3298365328869389,0.26666666666666666
RQ1 xlstm (aci_cqr): GF vs G,RQ1,xlstm/GF/44/aci_cqr,xlstm/G/44/aci_cqr,-0.03247367840258688,0.8,0.6,0.08061368676908887,-3.671071838963927,10,0.35090419003642154,0.3
RQ1 xlstm (aci_cqr): GF vs GI,RQ1,xlstm/GF/44/aci_cqr,xlstm/GI/44/aci_cqr,-0.0882488231551303,0.9,0.7,0.01989585805198879,-6.625651638750205,10,0.11940035559608511,0.43333333333333335
RQ1 xlstm (agaci_cqr): G vs L,RQ1,xlstm/G/44/agaci_cqr,xlstm/L/44/agaci_cqr,0.12089887805907432,0.1,0.6,0.05598223363933785,5.106906867519886,10,0.3797971236269425,0.23333333333333334
RQ1 xlstm (agaci_cqr): GF vs G,RQ1,xlstm/GF/44/agaci_cqr,xlstm/G/44/agaci_cqr,-0.017081414356111647,0.8,0.4,0.2674617373070878,-2.500908734571015,10,0.49870339960063126,0.26666666666666666
RQ1 xlstm (agaci_cqr): GF vs GI,RQ1,xlstm/GF/44/agaci_cqr,xlstm/GI/44/agaci_cqr,-0.070812312218861,0.9,0.7,0.038138173956915544,-5.321258474139637,10,0.1452131371440321,0.4
RQ1 xlstm (cqr_rolling): G vs L,RQ1,xlstm/G/44/cqr_rolling,xlstm/L/44/cqr_rolling,0.1408932049137664,0.1,0.6,0.03649649139341815,5.29631806871232,10,0.3641381823380255,0.26666666666666666
RQ1 xlstm (cqr_rolling): GF vs G,RQ1,xlstm/GF/44/cqr_rolling,xlstm/G/44/cqr_rolling,-0.029967423324964618,0.8,0.5,0.06838099651433605,-2.974624210435286,10,0.27727581072741736,0.36666666666666664
RQ1 xlstm (cqr_rolling): GF vs GI,RQ1,xlstm/GF/44/cqr_rolling,xlstm/GI/44/cqr_rolling,-0.09322270184421066,0.9,0.7,0.010928131623278103,-6.684651172122192,10,0.13899189049692157,0.4666666666666667
RQ1 xlstm (cqr_static): G vs L,RQ1,xlstm/G/44/cqr_static,xlstm/L/44/cqr_static,0.09320683313516501,0.4,0.6,0.08916383871573164,6.089486878711127,10,0.2081197491851327,0.36666666666666664
RQ1 xlstm (cqr_static): GF vs G,RQ1,xlstm/GF/44/cqr_static,xlstm/G/44/cqr_static,-0.0326845152005925,0.8,0.5,0.1313530456268488,-5.913893056095636,10,0.32372063924197164,0.3333333333333333
RQ1 xlstm (cqr_static): GF vs GI,RQ1,xlstm/GF/44/cqr_static,xlstm/GI/44/cqr_static,-0.1964122046392911,0.8,0.8,0.0009741223399228893,-11.05953968758756,10,0.0187953103592021,0.6333333333333333
RQ1 xlstm (decay_ocp_cqr): G vs L,RQ1,xlstm/G/44/decay_ocp_cqr,xlstm/L/44/decay_ocp_cqr,0.18659022870576925,0.1,0.6,0.006735258201460259,6.8400126439558,10,0.24736373764644015,0.36666666666666664
RQ1 xlstm (decay_ocp_cqr): GF vs G,RQ1,xlstm/GF/44/decay_ocp_cqr,xlstm/G/44/decay_ocp_cqr,-0.039009195740429985,1.0,0.6,0.008737080367319572,-4.8658541789422385,10,0.057787773819303445,0.5666666666666667
RQ1 xlstm (decay_ocp_cqr): GF vs GI,RQ1,xlstm/GF/44/decay_ocp_cqr,xlstm/GI/44/decay_ocp_cqr,-0.10196531194542524,1.0,0.8,0.0002714800510987825,-7.632673601322476,10,0.023414871972339497,0.6666666666666666
RQ1 xlstm (dtaci_cqr): G vs L,RQ1,xlstm/G/44/dtaci_cqr,xlstm/L/44/dtaci_cqr,0.10952618395325237,0.1,0.5,0.09064552532426562,4.697968131422937,10,0.3467050440466929,0.23333333333333334
RQ1 xlstm (dtaci_cqr): GF vs G,RQ1,xlstm/GF/44/dtaci_cqr,xlstm/G/44/dtaci_cqr,-0.025285554626925104,0.8,0.5,0.06798205748559172,-3.1326109687273007,10,0.3051052493517496,0.23333333333333334
RQ1 xlstm (dtaci_cqr): GF vs GI,RQ1,xlstm/GF/44/dtaci_cqr,xlstm/GI/44/dtaci_cqr,-0.07500048113100992,0.9,0.8,0.03542700888891481,-5.8945313010052285,10,0.12067287746881405,0.36666666666666664
RQ1 xlstm (mondrian_cqr): G vs L,RQ1,xlstm/G/44/mondrian_cqr,xlstm/L/44/mondrian_cqr,0.0599323238953115,0.2,0.3,0.23873219124206413,3.2203347840359804,10,0.5038301352809137,0.13333333333333333
RQ1 xlstm (mondrian_cqr): GF vs G,RQ1,xlstm/GF/44/mondrian_cqr,xlstm/G/44/mondrian_cqr,-0.05854450622177201,0.8,0.6,0.06402958516376167,-6.001771252189803,10,0.40843106661259043,0.16666666666666666
RQ1 xlstm (mondrian_cqr): GF vs GI,RQ1,xlstm/GF/44/mondrian_cqr,xlstm/GI/44/mondrian_cqr,-0.111868094774065,1.0,0.9,0.007843464177994974,-7.624616941431471,10,0.14706028462023052,0.4666666666666667
RQ1 xlstm (native): G vs L,RQ1,xlstm/G/44/native,xlstm/L/44/native,0.24771356603436712,0.0,0.7,2.141133716393462e-05,10.032682586510868,10,0.0736586907787784,0.5333333333333333
RQ1 xlstm (native): GF vs G,RQ1,xlstm/GF/44/native,xlstm/G/44/native,-0.032186446395440056,0.9,0.7,0.035281343485559113,-7.162664762418006,10,0.12293860734230849,0.4666666666666667
RQ1 xlstm (native): GF vs GI,RQ1,xlstm/GF/44/native,xlstm/GI/44/native,-0.05244655072788716,0.9,0.6,0.02546306975414392,-4.92442149244695,10,0.14474677770162755,0.4666666666666667
RQ1 xlstm (pid_cqr): G vs L,RQ1,xlstm/G/44/pid_cqr,xlstm/L/44/pid_cqr,0.0837953598363759,0.2,0.6,0.0828474847845787,3.8386819099317595,10,0.4131214225670077,0.23333333333333334
RQ1 xlstm (pid_cqr): GF vs G,RQ1,xlstm/GF/44/pid_cqr,xlstm/G/44/pid_cqr,-0.027559576298235813,0.8,0.5,0.2841854002675399,-3.745357574285922,10,0.6035866949112756,0.1
RQ1 xlstm (pid_cqr): GF vs GI,RQ1,xlstm/GF/44/pid_cqr,xlstm/GI/44/pid_cqr,-0.06715242788812123,1.0,0.7,0.03252951529248904,-5.462940535879493,10,0.19708034668051508,0.43333333333333335
RQ1 xlstm (pid_local_cqr): G vs L,RQ1,xlstm/G/44/pid_local_cqr,xlstm/L/44/pid_local_cqr,0.08546128461627764,0.2,0.6,0.08509446595353298,3.173976134998159,10,0.3627689866835039,0.16666666666666666
RQ1 xlstm (pid_local_cqr): GF vs G,RQ1,xlstm/GF/44/pid_local_cqr,xlstm/G/44/pid_local_cqr,-0.02452555552707114,0.8,0.2,0.3624277535267014,-2.7224218307772445,10,0.5313768355186923,0.16666666666666666
RQ1 xlstm (pid_local_cqr): GF vs GI,RQ1,xlstm/GF/44/pid_local_cqr,xlstm/GI/44/pid_local_cqr,-0.06633360057854935,1.0,0.6,0.06065680374600735,-5.1665036462238705,10,0.2919857071958183,0.23333333333333334
RQ1 xlstm (pid_tan_cqr): G vs L,RQ1,xlstm/G/44/pid_tan_cqr,xlstm/L/44/pid_tan_cqr,0.10600897569966258,0.1,0.5,0.10561052766755707,4.997180959493742,10,0.24267113957096476,0.26666666666666666
RQ1 xlstm (pid_tan_cqr): GF vs G,RQ1,xlstm/GF/44/pid_tan_cqr,xlstm/G/44/pid_tan_cqr,-0.02301318008792305,0.8,0.4,0.26246116776492423,-1.6563722501449039,10,0.41286462984213657,0.2
RQ1 xlstm (pid_tan_cqr): GF vs GI,RQ1,xlstm/GF/44/pid_tan_cqr,xlstm/GI/44/pid_tan_cqr,-0.09328581369351147,0.9,0.8,0.050398460956425306,-4.394512892967234,10,0.14650837670751962,0.36666666666666664
RQ1 xlstm (saocp_cqr): G vs L,RQ1,xlstm/G/44/saocp_cqr,xlstm/L/44/saocp_cqr,0.1954484727526019,0.0,0.8,0.00033946749764224293,8.450299978461528,10,0.06472041331629064,0.6
RQ1 xlstm (saocp_cqr): GF vs G,RQ1,xlstm/GF/44/saocp_cqr,xlstm/G/44/saocp_cqr,-0.016268759714245323,0.7,0.5,0.09351994093092486,-3.0881349542373306,10,0.20711620692554755,0.4
RQ1 xlstm (saocp_cqr): GF vs GI,RQ1,xlstm/GF/44/saocp_cqr,xlstm/GI/44/saocp_cqr,-0.043286664347186365,1.0,0.6,0.046832912532013826,-4.748962085077219,10,0.10101223856108806,0.5
RQ1 xlstm (sfogd_cqr): G vs L,RQ1,xlstm/G/44/sfogd_cqr,xlstm/L/44/sfogd_cqr,0.09032425273761736,0.2,0.6,0.06982125033901432,3.4078854693811036,10,0.48674173518353686,0.1
RQ1 xlstm (sfogd_cqr): GF vs G,RQ1,xlstm/GF/44/sfogd_cqr,xlstm/G/44/sfogd_cqr,-0.0211407360560202,0.7,0.3,0.3317565294438186,-2.756811192967188,10,0.602253949214069,0.06666666666666667
RQ1 xlstm (sfogd_cqr): GF vs GI,RQ1,xlstm/GF/44/sfogd_cqr,xlstm/GI/44/sfogd_cqr,-0.058728238891188576,1.0,0.4,0.18946498339128404,-5.016769813408416,10,0.3361452751872021,0.23333333333333334
RQ1 xlstm (spci_cqr): G vs L,RQ1,xlstm/G/44/spci_cqr,xlstm/L/44/spci_cqr,0.09760992525556075,0.1,0.5,0.0903530860845615,3.481506166430694,10,0.49211328365142587,0.23333333333333334
RQ1 xlstm (spci_cqr): GF vs G,RQ1,xlstm/GF/44/spci_cqr,xlstm/G/44/spci_cqr,-0.025804916164869133,0.9,0.4,0.31064459271300493,-4.229003028582244,10,0.4816266666259893,0.13333333333333333
RQ1 xlstm (spci_cqr): GF vs GI,RQ1,xlstm/GF/44/spci_cqr,xlstm/GI/44/spci_cqr,-0.0699586807664508,1.0,0.4,0.14305477748080753,-5.437188397994153,10,0.24213903467476322,0.26666666666666666
RQ1 lstm (aci_cqr): G vs L,RQ1,lstm/G/42/aci_cqr,lstm/L/42/aci_cqr,0.03598753342492852,0.4,0.3,0.16694142859567296,1.1854850250618185,10,0.6769468619499892,0.2
RQ1 lstm (aci_cqr): GF vs G,RQ1,lstm/GF/42/aci_cqr,lstm/G/42/aci_cqr,0.003645148121150322,0.4,0.2,0.2911627024892969,0.44103761029822064,10,0.42913316588373607,0.16666666666666666
RQ1 lstm (aci_cqr): GF vs GI,RQ1,lstm/GF/42/aci_cqr,lstm/GI/42/aci_cqr,-0.058300258554376566,0.9,0.5,0.11256337560103513,-3.519094952436872,10,0.43827066988580154,0.36666666666666664
RQ1 lstm (agaci_cqr): G vs L,RQ1,lstm/G/42/agaci_cqr,lstm/L/42/agaci_cqr,0.03156420493348425,0.3,0.1,0.23250373284489112,0.8843566744602728,10,0.6780595268672118,0.16666666666666666
RQ1 lstm (agaci_cqr): GF vs G,RQ1,lstm/GF/42/agaci_cqr,lstm/G/42/agaci_cqr,-0.0013756827027286683,0.5,0.2,0.6004608865536086,-0.5957016977374429,10,0.39845216011932605,0.13333333333333333
RQ1 lstm (agaci_cqr): GF vs GI,RQ1,lstm/GF/42/agaci_cqr,lstm/GI/42/agaci_cqr,-0.06789310151175781,1.0,0.6,0.03442041187325118,-3.658885952911371,10,0.40613029644235077,0.26666666666666666
RQ1 lstm (cqr_rolling): G vs L,RQ1,lstm/G/42/cqr_rolling,lstm/L/42/cqr_rolling,0.04387324787652302,0.3,0.4,0.1838909625504792,1.5071733267342735,10,0.5861309747716531,0.23333333333333334
RQ1 lstm (cqr_rolling): GF vs G,RQ1,lstm/GF/42/cqr_rolling,lstm/G/42/cqr_rolling,-0.00045639337442927516,0.6,0.4,0.5390041511688293,0.03303230248509413,10,0.38046168285886883,0.2
RQ1 lstm (cqr_rolling): GF vs GI,RQ1,lstm/GF/42/cqr_rolling,lstm/GI/42/cqr_rolling,-0.060882980051383345,1.0,0.6,0.03571601761083831,-3.7294923791797543,10,0.3990666356162137,0.3333333333333333
RQ1 lstm (cqr_static): G vs L,RQ1,lstm/G/42/cqr_static,lstm/L/42/cqr_static,0.11383754905389268,0.0,0.6,0.04347604296712948,6.023739682066501,10,0.07075485687940421,0.5333333333333333
RQ1 lstm (cqr_static): GF vs G,RQ1,lstm/GF/42/cqr_static,lstm/G/42/cqr_static,0.01338303449066421,0.1,0.9,8.559443848255022e-06,3.21157178770662,10,0.025625129842800486,0.6333333333333333
RQ1 lstm (cqr_static): GF vs GI,RQ1,lstm/GF/42/cqr_static,lstm/GI/42/cqr_static,-0.11861103415456367,0.9,1.0,9.8377756165835e-06,-24.016207089964002,10,0.01997045082997791,0.6333333333333333
RQ1 lstm (decay_ocp_cqr): G vs L,RQ1,lstm/G/42/decay_ocp_cqr,lstm/L/42/decay_ocp_cqr,0.12741630070364945,0.1,0.7,0.01239569624886172,5.687093124127145,10,0.1647898872082897,0.5
RQ1 lstm (decay_ocp_cqr): GF vs G,RQ1,lstm/GF/42/decay_ocp_cqr,lstm/G/42/decay_ocp_cqr,0.0017478875768097279,0.4,0.6,0.04556366913480958,2.8411461079262756,10,0.3061733684560022,0.36666666666666664
RQ1 lstm (decay_ocp_cqr): GF vs GI,RQ1,lstm/GF/42/decay_ocp_cqr,lstm/GI/42/decay_ocp_cqr,-0.04784413183064652,0.9,0.6,0.01939102525823544,-12.603605836975426,10,0.11489378221609588,0.4666666666666667
RQ1 lstm (dtaci_cqr): G vs L,RQ1,lstm/G/42/dtaci_cqr,lstm/L/42/dtaci_cqr,0.03301572872705118,0.3,0.4,0.154389056752962,1.3214085103432085,10,0.6077872489249785,0.2
RQ1 lstm (dtaci_cqr): GF vs G,RQ1,lstm/GF/42/dtaci_cqr,lstm/G/42/dtaci_cqr,0.00240728365361196,0.4,0.2,0.31712469046236635,-0.3886792453721165,10,0.3745306563611403,0.2
RQ1 lstm (dtaci_cqr): GF vs GI,RQ1,lstm/GF/42/dtaci_cqr,lstm/GI/42/dtaci_cqr,-0.060884151401038616,0.9,0.6,0.03402994860634578,-3.3594963528139745,10,0.32853668826723975,0.3333333333333333
RQ1 lstm (mondrian_cqr): G vs L,RQ1,lstm/G/42/mondrian_cqr,lstm/L/42/mondrian_cqr,0.048692531155971136,0.3,0.3,0.15255622138916813,1.341266008526636,10,0.3914742189907776,0.13333333333333333
RQ1 lstm (mondrian_cqr): GF vs G,RQ1,lstm/GF/42/mondrian_cqr,lstm/G/42/mondrian_cqr,-0.009794844925696176,0.7,0.5,0.13748190440329955,-1.1346723766027575,10,0.3421131338866068,0.23333333333333334
RQ1 lstm (mondrian_cqr): GF vs GI,RQ1,lstm/GF/42/mondrian_cqr,lstm/GI/42/mondrian_cqr,-0.06418678968045949,0.8,0.6,0.044023571770279935,-3.9961372435713574,10,0.2674332753975645,0.3333333333333333
RQ1 lstm (native): G vs L,RQ1,lstm/G/42/native,lstm/L/42/native,0.18248400011106738,0.2,0.6,2.6518501604400058e-05,6.112673765542281,10,0.07629487680383967,0.5333333333333333
RQ1 lstm (native): GF vs G,RQ1,lstm/GF/42/native,lstm/G/42/native,6.662072581885628e-05,0.5,0.3,0.423967082530303,-5.526797538144295,10,0.2571500647495077,0.36666666666666664
RQ1 lstm (native): GF vs GI,RQ1,lstm/GF/42/native,lstm/GI/42/native,-0.022251609014511748,1.0,0.4,0.20144064882280877,-2.337284878425125,10,0.44407729112617955,0.23333333333333334
RQ1 lstm (pid_cqr): G vs L,RQ1,lstm/G/42/pid_cqr,lstm/L/42/pid_cqr,0.0336136967787822,0.3,0.3,0.26149897589876614,1.3303696418965478,10,0.6330748055622231,0.13333333333333333
RQ1 lstm (pid_cqr): GF vs G,RQ1,lstm/GF/42/pid_cqr,lstm/G/42/pid_cqr,0.0031601417712805637,0.3,0.0,0.46585759527866333,0.40372999927495273,10,0.735230678690244,0.03333333333333333
RQ1 lstm (pid_cqr): GF vs GI,RQ1,lstm/GF/42/pid_cqr,lstm/GI/42/pid_cqr,-0.07004968319228011,1.0,0.7,0.002269845459158093,-3.521987593502819,10,0.44964588197440014,0.3333333333333333
RQ1 lstm (pid_local_cqr): G vs L,RQ1,lstm/G/42/pid_local_cqr,lstm/L/42/pid_local_cqr,0.008593405158506926,0.4,0.2,0.5041052269217056,0.5615028085600143,10,0.638574796079181,0.06666666666666667
RQ1 lstm (pid_local_cqr): GF vs G,RQ1,lstm/GF/42/pid_local_cqr,lstm/G/42/pid_local_cqr,0.005681629322978899,0.4,0.1,0.46346209806704664,0.5674367254388911,10,0.5708690905682725,0.1
RQ1 lstm (pid_local_cqr): GF vs GI,RQ1,lstm/GF/42/pid_local_cqr,lstm/GI/42/pid_local_cqr,-0.0676082816828468,1.0,0.6,0.011461901027435162,-3.1915902498749036,10,0.42236631699819693,0.3
RQ1 lstm (pid_tan_cqr): G vs L,RQ1,lstm/G/42/pid_tan_cqr,lstm/L/42/pid_tan_cqr,0.07328432648134478,0.1,0.3,0.23800867438038187,1.5432999003989798,10,0.5179741979989704,0.2
RQ1 lstm (pid_tan_cqr): GF vs G,RQ1,lstm/GF/42/pid_tan_cqr,lstm/G/42/pid_tan_cqr,-0.001458085011209545,0.5,0.2,0.5243685244267584,0.12458897124198073,10,0.6810537515229199,0.13333333333333333
RQ1 lstm (pid_tan_cqr): GF vs GI,RQ1,lstm/GF/42/pid_tan_cqr,lstm/GI/42/pid_tan_cqr,-0.03959263186914867,0.9,0.3,0.3136405373364821,-3.7365603155236053,10,0.35616241277666033,0.23333333333333334
RQ1 lstm (saocp_cqr): G vs L,RQ1,lstm/G/42/saocp_cqr,lstm/L/42/saocp_cqr,0.14542410689049007,0.1,0.7,0.00041157852531303885,5.956633937500624,10,0.07280357314839432,0.5333333333333333
RQ1 lstm (saocp_cqr): GF vs G,RQ1,lstm/GF/42/saocp_cqr,lstm/G/42/saocp_cqr,0.007200489819077173,0.2,0.4,0.2869712309972138,-0.6458240633243386,10,0.4503258698159509,0.26666666666666666
RQ1 lstm (saocp_cqr): GF vs GI,RQ1,lstm/GF/42/saocp_cqr,lstm/GI/42/saocp_cqr,-0.0331592787859141,0.9,0.5,0.10248350126771899,-2.664952024243315,10,0.41257093561489566,0.23333333333333334
RQ1 lstm (sfogd_cqr): G vs L,RQ1,lstm/G/42/sfogd_cqr,lstm/L/42/sfogd_cqr,0.03355469640978109,0.3,0.2,0.2801504829198431,1.0813609593875515,10,0.5022364682987459,0.2
RQ1 lstm (sfogd_cqr): GF vs G,RQ1,lstm/GF/42/sfogd_cqr,lstm/G/42/sfogd_cqr,-0.006501091293095819,0.8,0.1,0.5255016855218081,-1.198539365687728,10,0.6188804797781446,0.03333333333333333
RQ1 lstm (sfogd_cqr): GF vs GI,RQ1,lstm/GF/42/sfogd_cqr,lstm/GI/42/sfogd_cqr,-0.05693810449423381,1.0,0.5,0.09610789244127349,-2.988503525450797,10,0.24865581434059536,0.13333333333333333
RQ1 lstm (spci_cqr): G vs L,RQ1,lstm/G/42/spci_cqr,lstm/L/42/spci_cqr,0.030959401837929036,0.4,0.3,0.29610332504747827,1.2184958840087114,10,0.47737929384630085,0.1
RQ1 lstm (spci_cqr): GF vs G,RQ1,lstm/GF/42/spci_cqr,lstm/G/42/spci_cqr,-0.003149847229690852,0.6,0.0,0.38276433071100247,-0.5640488940984614,10,0.6296606189639007,0.0
RQ1 lstm (spci_cqr): GF vs GI,RQ1,lstm/GF/42/spci_cqr,lstm/GI/42/spci_cqr,-0.07417471860011796,0.7,0.6,0.06041016655681697,-2.4634358612460785,10,0.546510186051334,0.16666666666666666
RQ1 lstm (aci_cqr): G vs L,RQ1,lstm/G/43/aci_cqr,lstm/L/43/aci_cqr,0.009922923118651863,0.4,0.3,0.49463196314869073,0.8910726796606566,10,0.6769468619499892,0.2
RQ1 lstm (aci_cqr): GF vs G,RQ1,lstm/GF/43/aci_cqr,lstm/G/43/aci_cqr,-0.002541174066561081,0.6,0.3,0.2652830150818095,-0.4615741137666171,10,0.42913316588373607,0.16666666666666666
RQ1 lstm (aci_cqr): GF vs GI,RQ1,lstm/GF/43/aci_cqr,lstm/GI/43/aci_cqr,-0.06783013713744729,0.9,0.6,0.0159636669374984,-3.5456363212896775,10,0.43827066988580154,0.36666666666666664
RQ1 lstm (agaci_cqr): G vs L,RQ1,lstm/G/43/agaci_cqr,lstm/L/43/agaci_cqr,0.007693132782686327,0.5,0.3,0.5697371505089082,0.9412856257881824,10,0.6780595268672118,0.16666666666666666
RQ1 lstm (agaci_cqr): GF vs G,RQ1,lstm/GF/43/agaci_cqr,lstm/G/43/agaci_cqr,0.0037613704407865804,0.4,0.3,0.2411638462686534,-0.19247676268482933,10,0.39845216011932605,0.13333333333333333
RQ1 lstm (agaci_cqr): GF vs GI,RQ1,lstm/GF/43/agaci_cqr,lstm/GI/43/agaci_cqr,-0.0579105399561499,0.8,0.6,0.05761849094916527,-3.1307197048888242,10,0.40613029644235077,0.26666666666666666
RQ1 lstm (cqr_rolling): G vs L,RQ1,lstm/G/43/cqr_rolling,lstm/L/43/cqr_rolling,0.0008711883622458368,0.5,0.3,0.4189955636042142,0.9528448706464543,10,0.5861309747716531,0.23333333333333334
RQ1 lstm (cqr_rolling): GF vs G,RQ1,lstm/GF/43/cqr_rolling,lstm/G/43/cqr_rolling,0.0014157409709990442,0.5,0.5,0.15209632798288786,-0.0045227354938044825,10,0.38046168285886883,0.2
RQ1 lstm (cqr_rolling): GF vs GI,RQ1,lstm/GF/43/cqr_rolling,lstm/GI/43/cqr_rolling,-0.06429754245246713,0.8,0.6,0.04809405475704276,-3.3011445277901568,10,0.3990666356162137,0.3333333333333333
RQ1 lstm (cqr_static): G vs L,RQ1,lstm/G/43/cqr_static,lstm/L/43/cqr_static,0.011580191329364994,0.4,0.5,0.11713116415430613,2.8610405255698224,10,0.07075485687940421,0.5333333333333333
RQ1 lstm (cqr_static): GF vs G,RQ1,lstm/GF/43/cqr_static,lstm/G/43/cqr_static,-0.0005753106485868135,0.5,0.8,0.017154596531694932,4.6175327316173,10,0.025625129842800486,0.6333333333333333
RQ1 lstm (cqr_static): GF vs GI,RQ1,lstm/GF/43/cqr_static,lstm/GI/43/cqr_static,-0.05998647807708933,0.6,0.7,0.0010154902585567394,-2.6715157309165205,10,0.01997045082997791,0.6333333333333333
RQ1 lstm (decay_ocp_cqr): G vs L,RQ1,lstm/G/43/decay_ocp_cqr,lstm/L/43/decay_ocp_cqr,0.04888542489777421,0.1,0.4,0.3768893885137976,4.968633373704872,10,0.1647898872082897,0.5
RQ1 lstm (decay_ocp_cqr): GF vs G,RQ1,lstm/GF/43/decay_ocp_cqr,lstm/G/43/decay_ocp_cqr,0.001046576964490662,0.3,0.5,0.15021303725603374,3.4145696269715775,10,0.3061733684560022,0.36666666666666664
RQ1 lstm (decay_ocp_cqr): GF vs GI,RQ1,lstm/GF/43/decay_ocp_cqr,lstm/GI/43/decay_ocp_cqr,-0.044145134538031844,0.7,0.8,3.892909419311863e-05,-5.850051736376045,10,0.11489378221609588,0.4666666666666667
RQ1 lstm (dtaci_cqr): G vs L,RQ1,lstm/G/43/dtaci_cqr,lstm/L/43/dtaci_cqr,0.004732701159019076,0.4,0.3,0.4906056595763939,0.9249135914447509,10,0.6077872489249785,0.2
RQ1 lstm (dtaci_cqr): GF vs G,RQ1,lstm/GF/43/dtaci_cqr,lstm/G/43/dtaci_cqr,0.0030200509166758947,0.3,0.3,0.13978843858903467,0.3356602051848404,10,0.3745306563611403,0.2
RQ1 lstm (dtaci_cqr): GF vs GI,RQ1,lstm/GF/43/dtaci_cqr,lstm/GI/43/dtaci_cqr,-0.06084641430556645,0.8,0.6,0.03613939935066435,-3.246114708111524,10,0.32853668826723975,0.3333333333333333
RQ1 lstm (mondrian_cqr): G vs L,RQ1,lstm/G/43/mondrian_cqr,lstm/L/43/mondrian_cqr,-0.010346004441604578,0.8,0.2,0.6288381475657295,-0.04701519887783976,10,0.3914742189907776,0.13333333333333333
RQ1 lstm (mondrian_cqr): GF vs G,RQ1,lstm/GF/43/mondrian_cqr,lstm/G/43/mondrian_cqr,-0.012150672175643053,0.7,0.3,0.2059548782786078,-0.9549652186496062,10,0.3421131338866068,0.23333333333333334
RQ1 lstm (mondrian_cqr): GF vs GI,RQ1,lstm/GF/43/mondrian_cqr,lstm/GI/43/mondrian_cqr,-0.06333884712222776,0.9,0.5,0.08408576612678575,-4.309327304208799,10,0.2674332753975645,0.3333333333333333
RQ1 lstm (native): G vs L,RQ1,lstm/G/43/native,lstm/L/43/native,0.353657321448775,0.0,0.8,2.1319647192097335e-07,8.582322906073564,10,0.07629487680383967,0.5333333333333333
RQ1 lstm (native): GF vs G,RQ1,lstm/GF/43/native,lstm/G/43/native,-0.006786245609044906,0.6,0.6,0.006309972046631085,-2.9667360427519562,10,0.2571500647495077,0.36666666666666664
RQ1 lstm (native): GF vs GI,RQ1,lstm/GF/43/native,lstm/GI/43/native,-0.013626355476700627,0.8,0.3,0.1657864822071864,-1.7936675646308837,10,0.44407729112617955,0.23333333333333334
RQ1 lstm (pid_cqr): G vs L,RQ1,lstm/G/43/pid_cqr,lstm/L/43/pid_cqr,-0.004811087543623098,0.6,0.4,0.44577930766186225,0.8360257858061364,10,0.6330748055622231,0.13333333333333333
RQ1 lstm (pid_cqr): GF vs G,RQ1,lstm/GF/43/pid_cqr,lstm/G/43/pid_cqr,0.0014290666966698478,0.2,0.2,0.7837744582721746,1.7045265183106422,10,0.735230678690244,0.03333333333333333
RQ1 lstm (pid_cqr): GF vs GI,RQ1,lstm/GF/43/pid_cqr,lstm/GI/43/pid_cqr,-0.04293722711574002,0.8,0.5,0.12676871869839557,-3.7888773804742173,10,0.44964588197440014,0.3333333333333333
RQ1 lstm (pid_local_cqr): G vs L,RQ1,lstm/G/43/pid_local_cqr,lstm/L/43/pid_local_cqr,0.0017097980827322388,0.5,0.3,0.22469992180415932,0.8394108356141998,10,0.638574796079181,0.06666666666666667
RQ1 lstm (pid_local_cqr): GF vs G,RQ1,lstm/GF/43/pid_local_cqr,lstm/G/43/pid_local_cqr,0.003237336460918536,0.5,0.1,0.3705081669817226,-0.6278113187345742,10,0.5708690905682725,0.1
RQ1 lstm (pid_local_cqr): GF vs GI,RQ1,lstm/GF/43/pid_local_cqr,lstm/GI/43/pid_local_cqr,-0.03646732682200157,0.9,0.4,0.17821595557325154,-3.0993645057063457,10,0.42236631699819693,0.3
RQ1 lstm (pid_tan_cqr): G vs L,RQ1,lstm/G/43/pid_tan_cqr,lstm/L/43/pid_tan_cqr,0.08669416983289661,0.3,0.4,0.2414747947925271,2.3604976522033314,10,0.5179741979989704,0.2
RQ1 lstm (pid_tan_cqr): GF vs G,RQ1,lstm/GF/43/pid_tan_cqr,lstm/G/43/pid_tan_cqr,0.00046042370419123327,0.4,0.3,0.25910586017111936,1.7014276505923842,10,0.6810537515229199,0.13333333333333333
RQ1 lstm (pid_tan_cqr): GF vs GI,RQ1,lstm/GF/43/pid_tan_cqr,lstm/GI/43/pid_tan_cqr,-0.025386379567489195,0.8,0.2,0.367824110679168,-1.6008946402013196,10,0.35616241277666033,0.23333333333333334
RQ1 lstm (saocp_cqr): G vs L,RQ1,lstm/G/43/saocp_cqr,lstm/L/43/saocp_cqr,0.3038755512837835,0.0,0.8,3.5423519340049836e-08,8.332447808365897,10,0.07280357314839432,0.5333333333333333
RQ1 lstm (saocp_cqr): GF vs G,RQ1,lstm/GF/43/saocp_cqr,lstm/G/43/saocp_cqr,-0.005402263322490322,0.5,0.7,0.020436546854913362,-2.4612809308430275,10,0.4503258698159509,0.26666666666666666
RQ1 lstm (saocp_cqr): GF vs GI,RQ1,lstm/GF/43/saocp_cqr,lstm/GI/43/saocp_cqr,-0.014075150595357269,0.8,0.4,0.2152102457103683,-1.387091229487672,10,0.41257093561489566,0.23333333333333334
RQ1 lstm (sfogd_cqr): G vs L,RQ1,lstm/G/43/sfogd_cqr,lstm/L/43/sfogd_cqr,0.016718654186046008,0.3,0.5,0.15001906322629865,0.8009172291853884,10,0.5022364682987459,0.2
RQ1 lstm (sfogd_cqr): GF vs G,RQ1,lstm/GF/43/sfogd_cqr,lstm/G/43/sfogd_cqr,-0.008631425177407724,0.6,0.2,0.47005447161022584,-1.3432933613835862,10,0.6188804797781446,0.03333333333333333
RQ1 lstm (sfogd_cqr): GF vs GI,RQ1,lstm/GF/43/sfogd_cqr,lstm/GI/43/sfogd_cqr,-0.05625802825753583,0.8,0.7,0.09234205804201645,-2.6974135599857956,10,0.24865581434059536,0.13333333333333333
RQ1 lstm (spci_cqr): G vs L,RQ1,lstm/G/43/spci_cqr,lstm/L/43/spci_cqr,-0.01658918465811588,0.6,0.3,0.2300247935707449,0.5379724814152812,10,0.47737929384630085,0.1
RQ1 lstm (spci_cqr): GF vs G,RQ1,lstm/GF/43/spci_cqr,lstm/G/43/spci_cqr,-0.00277659934388447,0.5,0.0,0.37523013708216746,-0.48965470592890187,10,0.6296606189639007,0.0
RQ1 lstm (spci_cqr): GF vs GI,RQ1,lstm/GF/43/spci_cqr,lstm/GI/43/spci_cqr,-0.05331668106947743,0.9,0.4,0.13328153345310578,-2.559267701290502,10,0.546510186051334,0.16666666666666666
RQ1 lstm (aci_cqr): G vs L,RQ1,lstm/G/44/aci_cqr,lstm/L/44/aci_cqr,-0.010836376227244093,0.6,0.2,0.6243594684834208,-0.27120609702299436,10,0.6769468619499892,0.2
RQ1 lstm (aci_cqr): GF vs G,RQ1,lstm/GF/44/aci_cqr,lstm/G/44/aci_cqr,0.0014013486068673994,0.4,0.3,0.2948186974009658,-1.6054009978670039,10,0.42913316588373607,0.16666666666666666
RQ1 lstm (aci_cqr): GF vs GI,RQ1,lstm/GF/44/aci_cqr,lstm/GI/44/aci_cqr,0.017924834737301235,0.3,0.1,0.4248999292998259,0.29597258801399917,10,0.43827066988580154,0.36666666666666664
RQ1 lstm (agaci_cqr): G vs L,RQ1,lstm/G/44/agaci_cqr,lstm/L/44/agaci_cqr,-0.008905296107112912,0.6,0.2,0.6387505923441255,-0.25480199739615744,10,0.6780595268672118,0.16666666666666666
RQ1 lstm (agaci_cqr): GF vs G,RQ1,lstm/GF/44/agaci_cqr,lstm/G/44/agaci_cqr,0.0035748066865172417,0.3,0.4,0.1432274350572429,-0.10970271791175124,10,0.39845216011932605,0.13333333333333333
RQ1 lstm (agaci_cqr): GF vs GI,RQ1,lstm/GF/44/agaci_cqr,lstm/GI/44/agaci_cqr,0.015552970254903088,0.2,0.2,0.4056057593475919,0.47112920907486433,10,0.40613029644235077,0.26666666666666666
RQ1 lstm (cqr_rolling): G vs L,RQ1,lstm/G/44/cqr_rolling,lstm/L/44/cqr_rolling,0.013278357134613852,0.4,0.2,0.5695516062647805,0.1274264786680734,10,0.5861309747716531,0.23333333333333334
RQ1 lstm (cqr_rolling): GF vs G,RQ1,lstm/GF/44/cqr_rolling,lstm/G/44/cqr_rolling,0.0018239810255066076,0.4,0.3,0.1922415215848492,-0.8931560581601469,10,0.38046168285886883,0.2
RQ1 lstm (cqr_rolling): GF vs GI,RQ1,lstm/GF/44/cqr_rolling,lstm/GI/44/cqr_rolling,0.024015029087710915,0.3,0.1,0.3213125225220519,0.4490486396319294,10,0.3990666356162137,0.3333333333333333
RQ1 lstm (cqr_static): G vs L,RQ1,lstm/G/44/cqr_static,lstm/L/44/cqr_static,0.025721813484771955,0.3,0.6,0.010852259621170868,2.7702247599923515,10,0.07075485687940421,0.5333333333333333
RQ1 lstm (cqr_static): GF vs G,RQ1,lstm/GF/44/cqr_static,lstm/G/44/cqr_static,0.005123569541007464,0.4,0.6,0.04502302838038552,1.4969004920020936,10,0.025625129842800486,0.6333333333333333
RQ1 lstm (cqr_static): GF vs GI,RQ1,lstm/GF/44/cqr_static,lstm/GI/44/cqr_static,0.001498320958265572,0.5,0.3,0.208955284560275,-1.5130985967389077,10,0.01997045082997791,0.6333333333333333
RQ1 lstm (decay_ocp_cqr): G vs L,RQ1,lstm/G/44/decay_ocp_cqr,lstm/L/44/decay_ocp_cqr,0.031391672065354766,0.3,0.4,0.41159277028665886,1.4505157710992085,10,0.1647898872082897,0.5
RQ1 lstm (decay_ocp_cqr): GF vs G,RQ1,lstm/GF/44/decay_ocp_cqr,lstm/G/44/decay_ocp_cqr,0.002770655099742696,0.4,0.3,0.24858897164928373,0.8029636504342529,10,0.3061733684560022,0.36666666666666664
RQ1 lstm (decay_ocp_cqr): GF vs GI,RQ1,lstm/GF/44/decay_ocp_cqr,lstm/GI/44/decay_ocp_cqr,0.009692082880820557,0.3,0.4,0.32697931941866054,-0.01616856221012377,10,0.11489378221609588,0.4666666666666667
RQ1 lstm (dtaci_cqr): G vs L,RQ1,lstm/G/44/dtaci_cqr,lstm/L/44/dtaci_cqr,-0.0007020702038068836,0.5,0.2,0.6556125450546774,-0.28749240737664805,10,0.6077872489249785,0.2
RQ1 lstm (dtaci_cqr): GF vs G,RQ1,lstm/GF/44/dtaci_cqr,lstm/G/44/dtaci_cqr,0.0036433525647327986,0.4,0.4,0.21618118833720013,-0.7813170240971756,10,0.3745306563611403,0.2
RQ1 lstm (dtaci_cqr): GF vs GI,RQ1,lstm/GF/44/dtaci_cqr,lstm/GI/44/dtaci_cqr,0.024618644905697117,0.3,0.0,0.23255211691635103,0.70336594803715,10,0.32853668826723975,0.3333333333333333
RQ1 lstm (mondrian_cqr): G vs L,RQ1,lstm/G/44/mondrian_cqr,lstm/L/44/mondrian_cqr,0.01288824663246182,0.5,0.4,0.3141422625282826,-0.29308016713563223,10,0.3914742189907776,0.13333333333333333
RQ1 lstm (mondrian_cqr): GF vs G,RQ1,lstm/GF/44/mondrian_cqr,lstm/G/44/mondrian_cqr,-0.004090284348867936,0.6,0.2,0.28186043861252885,0.14499283374286204,10,0.3421131338866068,0.23333333333333334
RQ1 lstm (mondrian_cqr): GF vs GI,RQ1,lstm/GF/44/mondrian_cqr,lstm/GI/44/mondrian_cqr,-0.0010043067935144416,0.5,0.3,0.23729822599494987,0.7431754795628386,10,0.2674332753975645,0.3333333333333333
RQ1 lstm (native): G vs L,RQ1,lstm/G/44/native,lstm/L/44/native,0.07986877311890396,0.2,0.2,0.23720133263091558,1.0658440732252634,10,0.07629487680383967,0.5333333333333333
RQ1 lstm (native): GF vs G,RQ1,lstm/GF/44/native,lstm/G/44/native,0.01671369337257614,0.4,0.5,0.09635756843203869,2.594275017034899,10,0.2571500647495077,0.36666666666666664
RQ1 lstm (native): GF vs GI,RQ1,lstm/GF/44/native,lstm/GI/44/native,0.028559813917701973,0.3,0.2,0.43207449753918803,0.5740287849079184,10,0.44407729112617955,0.23333333333333334
RQ1 lstm (pid_cqr): G vs L,RQ1,lstm/G/44/pid_cqr,lstm/L/44/pid_cqr,-0.01285908870318551,0.7,0.1,0.6536017385706191,-0.5716204200307704,10,0.6330748055622231,0.13333333333333333
RQ1 lstm (pid_cqr): GF vs G,RQ1,lstm/GF/44/pid_cqr,lstm/G/44/pid_cqr,0.005037379702960174,0.3,0.2,0.5922073184713939,0.957960040950842,10,0.735230678690244,0.03333333333333333
RQ1 lstm (pid_cqr): GF vs GI,RQ1,lstm/GF/44/pid_cqr,lstm/GI/44/pid_cqr,0.012790063007595982,0.3,0.0,0.7043562221824515,0.7684284178583815,10,0.44964588197440014,0.3333333333333333
RQ1 lstm (pid_local_cqr): G vs L,RQ1,lstm/G/44/pid_local_cqr,lstm/L/44/pid_local_cqr,-0.011573892437701329,0.7,0.2,0.6731596536530706,-0.5592091060011196,10,0.638574796079181,0.06666666666666667
RQ1 lstm (pid_local_cqr): GF vs G,RQ1,lstm/GF/44/pid_local_cqr,lstm/G/44/pid_local_cqr,0.015086761052690136,0.2,0.2,0.35025079146585125,2.2642759157751673,10,0.5708690905682725,0.1
RQ1 lstm (pid_local_cqr): GF vs GI,RQ1,lstm/GF/44/pid_local_cqr,lstm/GI/44/pid_local_cqr,0.04279608957672676,0.0,0.0,0.3454003277313409,1.4949775122562496,10,0.42236631699819693,0.3
RQ1 lstm (pid_tan_cqr): G vs L,RQ1,lstm/G/44/pid_tan_cqr,lstm/L/44/pid_tan_cqr,-0.007590619520874065,0.5,0.1,0.46481097500395596,-0.35997323481205445,10,0.5179741979989704,0.2
RQ1 lstm (pid_tan_cqr): GF vs G,RQ1,lstm/GF/44/pid_tan_cqr,lstm/G/44/pid_tan_cqr,0.0030796900123417855,0.4,0.2,0.6457881934411545,1.1158397486584908,10,0.6810537515229199,0.13333333333333333
RQ1 lstm (pid_tan_cqr): GF vs GI,RQ1,lstm/GF/44/pid_tan_cqr,lstm/GI/44/pid_tan_cqr,0.05160783247252119,0.2,0.3,0.11749338707779056,1.56209012901931,10,0.35616241277666033,0.23333333333333334
RQ1 lstm (saocp_cqr): G vs L,RQ1,lstm/G/44/saocp_cqr,lstm/L/44/saocp_cqr,-0.02039326356513971,0.9,0.2,0.687442012598175,-1.4463916853543772,10,0.07280357314839432,0.5333333333333333
RQ1 lstm (saocp_cqr): GF vs G,RQ1,lstm/GF/44/saocp_cqr,lstm/G/44/saocp_cqr,-0.001277660624773564,0.6,0.0,0.8054464997311794,0.4391506949639543,10,0.4503258698159509,0.26666666666666666
RQ1 lstm (saocp_cqr): GF vs GI,RQ1,lstm/GF/44/saocp_cqr,lstm/GI/44/saocp_cqr,0.02760526705794785,0.1,0.1,0.4561332240466358,1.0654342313439773,10,0.41257093561489566,0.23333333333333334
RQ1 lstm (sfogd_cqr): G vs L,RQ1,lstm/G/44/sfogd_cqr,lstm/L/44/sfogd_cqr,-0.0009199764752513761,0.5,0.1,0.6941262103572079,-0.17576700527868805,10,0.5022364682987459,0.2
RQ1 lstm (sfogd_cqr): GF vs G,RQ1,lstm/GF/44/sfogd_cqr,lstm/G/44/sfogd_cqr,0.009165043289083009,0.4,0.2,0.4100998880072114,1.220759990825854,10,0.6188804797781446,0.03333333333333333
RQ1 lstm (sfogd_cqr): GF vs GI,RQ1,lstm/GF/44/sfogd_cqr,lstm/GI/44/sfogd_cqr,0.024354033644069656,0.2,0.2,0.46120902042184087,1.4629130445410852,10,0.24865581434059536,0.13333333333333333
RQ1 lstm (spci_cqr): G vs L,RQ1,lstm/G/44/spci_cqr,lstm/L/44/spci_cqr,0.020522588615008296,0.4,0.1,0.48532923550592977,0.39768782114859824,10,0.47737929384630085,0.1
RQ1 lstm (spci_cqr): GF vs G,RQ1,lstm/GF/44/spci_cqr,lstm/G/44/spci_cqr,0.0005879767072114651,0.4,0.1,0.7997964177552105,0.0056338075026388925,10,0.6296606189639007,0.0
RQ1 lstm (spci_cqr): GF vs GI,RQ1,lstm/GF/44/spci_cqr,lstm/GI/44/spci_cqr,-0.001418691681562357,0.6,0.0,0.8224221658714882,-0.06484479183770878,10,0.546510186051334,0.16666666666666666
RQ1 lgbm (aci_cqr): G vs L,RQ1,lgbm/G/42/aci_cqr,lgbm/L/42/aci_cqr,-0.014756993842259482,0.7,0.2,0.34751164080917984,-0.5407162226327924,10,0.5091412101895981,0.1
RQ1 lgbm (agaci_cqr): G vs L,RQ1,lgbm/G/42/agaci_cqr,lgbm/L/42/agaci_cqr,-0.01018971279066935,0.7,0.2,0.5338398648463349,-0.3111108615303644,10,0.6859344074557134,0.1
RQ1 lgbm (cqr_rolling): G vs L,RQ1,lgbm/G/42/cqr_rolling,lgbm/L/42/cqr_rolling,-0.01459775190323211,0.8,0.2,0.5927678604410797,-0.44336419634291824,10,0.7360975063776491,0.1
RQ1 lgbm (cqr_static): G vs L,RQ1,lgbm/G/42/cqr_static,lgbm/L/42/cqr_static,-0.028690817512827364,0.7,0.6,0.05489917610538386,-2.010568901768243,10,0.12859036000497392,0.5
RQ1 lgbm (decay_ocp_cqr): G vs L,RQ1,lgbm/G/42/decay_ocp_cqr,lgbm/L/42/decay_ocp_cqr,-0.03170320135442789,0.7,0.2,0.25621581955045003,-1.675239533451664,10,0.4159015948324627,0.2
RQ1 lgbm (dtaci_cqr): G vs L,RQ1,lgbm/G/42/dtaci_cqr,lgbm/L/42/dtaci_cqr,-0.015638228185012707,0.8,0.2,0.45266507989297233,-0.5463105756167395,10,0.6114586005443698,0.1
RQ1 lgbm (mondrian_cqr): G vs L,RQ1,lgbm/G/42/mondrian_cqr,lgbm/L/42/mondrian_cqr,-0.002550444545674243,0.6,0.2,0.254810330177483,-0.29153707993136097,10,0.4150531675953244,0.1
RQ1 lgbm (native): G vs L,RQ1,lgbm/G/42/native,lgbm/L/42/native,-0.007578824227102714,0.5,0.1,0.3665843810026266,0.47313947579128435,10,0.5351154599119539,0.1
RQ1 lgbm (pid_cqr): G vs L,RQ1,lgbm/G/42/pid_cqr,lgbm/L/42/pid_cqr,-0.024554849102260065,0.7,0.2,0.2994205226844242,-0.5221178789933651,10,0.46561737374454903,0.1
RQ1 lgbm (pid_local_cqr): G vs L,RQ1,lgbm/G/42/pid_local_cqr,lgbm/L/42/pid_local_cqr,-0.012974169807459815,0.6,0.1,0.5472556967012197,-0.0598482609504012,10,0.6994511855436563,0.1
RQ1 lgbm (pid_tan_cqr): G vs L,RQ1,lgbm/G/42/pid_tan_cqr,lgbm/L/42/pid_tan_cqr,-0.01575352125043898,0.6,0.4,0.11116560101276507,-1.6755281875454968,10,0.22746372018879985,0.3
RQ1 lgbm (saocp_cqr): G vs L,RQ1,lgbm/G/42/saocp_cqr,lgbm/L/42/saocp_cqr,0.020405617344329663,0.2,0.3,0.3940844960557697,1.4960269620877322,10,0.5561246623303113,0.2
RQ1 lgbm (sfogd_cqr): G vs L,RQ1,lgbm/G/42/sfogd_cqr,lgbm/L/42/sfogd_cqr,-0.011928757341613288,0.6,0.1,0.5560448900547814,0.10414859202126638,10,0.7067937203751196,0.1
RQ1 lgbm (spci_cqr): G vs L,RQ1,lgbm/G/42/spci_cqr,lgbm/L/42/spci_cqr,-0.010451865389846902,0.5,0.1,0.47547372735643256,-0.9302250316074027,10,0.6348024370651797,0.1
RQ2 xlstm/G (aci_cqr): adaptiv vs const,RQ2,xlstm/G/42/aci_cqr,xlstm_const/G/42/aci_cqr,-0.03549217070669987,0.7,0.1,0.3438309471110217,-0.78736473701209,10,0.3269659097783185,0.3
RQ2 xlstm/G (agaci_cqr): adaptiv vs const,RQ2,xlstm/G/42/agaci_cqr,xlstm_const/G/42/agaci_cqr,-0.01748830415819959,0.6,0.1,0.3470199693269782,-0.8184178504483265,10,0.4341550823605912,0.3
RQ2 xlstm/G (cqr_rolling): adaptiv vs const,RQ2,xlstm/G/42/cqr_rolling,xlstm_const/G/42/cqr_rolling,-0.032868247275925945,0.7,0.1,0.27600953917401816,-0.8378121734270412,10,0.3142864517876933,0.3
RQ2 xlstm/G (cqr_static): adaptiv vs const,RQ2,xlstm/G/42/cqr_static,xlstm_const/G/42/cqr_static,-0.05393692717585803,0.8,0.6,0.027306673533386117,-1.7067671057251532,10,0.09866557707743405,0.5
RQ2 xlstm/G (decay_ocp_cqr): adaptiv vs const,RQ2,xlstm/G/42/decay_ocp_cqr,xlstm_const/G/42/decay_ocp_cqr,-0.028966116544319014,0.7,0.3,0.2533088705358638,-2.3867507531406007,10,0.4238967966366625,0.3
RQ2 xlstm/G (dtaci_cqr): adaptiv vs const,RQ2,xlstm/G/42/dtaci_cqr,xlstm_const/G/42/dtaci_cqr,-0.03807299651400646,0.7,0.1,0.2930601738241765,-1.1286526723942198,10,0.3390720215881324,0.3333333333333333
RQ2 xlstm/G (mondrian_cqr): adaptiv vs const,RQ2,xlstm/G/42/mondrian_cqr,xlstm_const/G/42/mondrian_cqr,-0.021043273366584365,0.7,0.5,0.09845734256487848,-1.2015395521317482,10,0.38925782781379,0.2
RQ2 xlstm/G (native): adaptiv vs const,RQ2,xlstm/G/42/native,xlstm_const/G/42/native,-0.05185228265693513,0.6,0.4,0.17255315516394942,-3.2288469567638343,10,0.18772699247162017,0.4666666666666667
RQ2 xlstm/G (pid_cqr): adaptiv vs const,RQ2,xlstm/G/42/pid_cqr,xlstm_const/G/42/pid_cqr,-0.03434749495208205,0.7,0.1,0.2507014990682588,-1.3232504958677127,10,0.3436939808011932,0.23333333333333334
RQ2 xlstm/G (pid_local_cqr): adaptiv vs const,RQ2,xlstm/G/42/pid_local_cqr,xlstm_const/G/42/pid_local_cqr,-0.005352054719037007,0.5,0.2,0.5714872288807137,-1.4805226761397596,10,0.47419392842235186,0.2
RQ2 xlstm/G (pid_tan_cqr): adaptiv vs const,RQ2,xlstm/G/42/pid_tan_cqr,xlstm_const/G/42/pid_tan_cqr,-0.023411662217741935,0.5,0.3,0.18415631162378632,-1.0471767184649836,10,0.32933945075800697,0.2
RQ2 xlstm/G (saocp_cqr): adaptiv vs const,RQ2,xlstm/G/42/saocp_cqr,xlstm_const/G/42/saocp_cqr,-0.00834304600325108,0.5,0.4,0.19752691145736911,-3.4836339899871103,10,0.14983743193040172,0.5
RQ2 xlstm/G (sfogd_cqr): adaptiv vs const,RQ2,xlstm/G/42/sfogd_cqr,xlstm_const/G/42/sfogd_cqr,-0.0052961108207710585,0.5,0.3,0.5109418885286886,-1.279271327558519,10,0.4747369679194473,0.16666666666666666
RQ2 xlstm/G (spci_cqr): adaptiv vs const,RQ2,xlstm/G/42/spci_cqr,xlstm_const/G/42/spci_cqr,-0.03583862077317268,0.6,0.2,0.2491561529233396,-0.6074560797329404,10,0.5715344116936332,0.16666666666666666
RQ2 xlstm/G (aci_cqr): adaptiv vs const,RQ2,xlstm/G/43/aci_cqr,xlstm_const/G/43/aci_cqr,0.06076463112988343,0.2,0.5,0.09616397953812494,0.7445475172815283,10,0.3269659097783185,0.3
RQ2 xlstm/G (agaci_cqr): adaptiv vs const,RQ2,xlstm/G/43/agaci_cqr,xlstm_const/G/43/agaci_cqr,0.050591869490806934,0.2,0.4,0.17196139199803973,0.6607351598269375,10,0.4341550823605912,0.3
RQ2 xlstm/G (cqr_rolling): adaptiv vs const,RQ2,xlstm/G/43/cqr_rolling,xlstm_const/G/43/cqr_rolling,0.059420721196464264,0.2,0.5,0.09153607845603962,0.6793704277128939,10,0.3142864517876933,0.3
RQ2 xlstm/G (cqr_static): adaptiv vs const,RQ2,xlstm/G/43/cqr_static,xlstm_const/G/43/cqr_static,-0.009750720926097434,0.5,0.6,0.020501040599841702,-4.304643186214445,10,0.09866557707743405,0.5
RQ2 xlstm/G (decay_ocp_cqr): adaptiv vs const,RQ2,xlstm/G/43/decay_ocp_cqr,xlstm_const/G/43/decay_ocp_cqr,-0.00814622305350018,0.5,0.4,0.25086605627430314,0.06452224186600039,10,0.4238967966366625,0.3
RQ2 xlstm/G (dtaci_cqr): adaptiv vs const,RQ2,xlstm/G/43/dtaci_cqr,xlstm_const/G/43/dtaci_cqr,0.06572017736202483,0.2,0.4,0.170550127759186,0.7918472835718893,10,0.3390720215881324,0.3333333333333333
RQ2 xlstm/G (mondrian_cqr): adaptiv vs const,RQ2,xlstm/G/43/mondrian_cqr,xlstm_const/G/43/mondrian_cqr,-0.004624036948925643,0.6,0.2,0.7252265246406309,-0.6918750769339795,10,0.38925782781379,0.2
RQ2 xlstm/G (native): adaptiv vs const,RQ2,xlstm/G/43/native,xlstm_const/G/43/native,0.12122335561840705,0.2,0.6,0.00513542616895557,4.032867145722163,10,0.18772699247162017,0.4666666666666667
RQ2 xlstm/G (pid_cqr): adaptiv vs const,RQ2,xlstm/G/43/pid_cqr,xlstm_const/G/43/pid_cqr,0.03923969933384902,0.3,0.2,0.19567561324662297,0.2213451556413427,10,0.3436939808011932,0.23333333333333334
RQ2 xlstm/G (pid_local_cqr): adaptiv vs const,RQ2,xlstm/G/43/pid_local_cqr,xlstm_const/G/43/pid_local_cqr,0.031209851431420098,0.4,0.4,0.22839227745917667,0.17678342248501672,10,0.47419392842235186,0.2
RQ2 xlstm/G (pid_tan_cqr): adaptiv vs const,RQ2,xlstm/G/43/pid_tan_cqr,xlstm_const/G/43/pid_tan_cqr,-0.002807023438571918,0.5,0.2,0.286379351179747,0.33214642586059273,10,0.32933945075800697,0.2
RQ2 xlstm/G (saocp_cqr): adaptiv vs const,RQ2,xlstm/G/43/saocp_cqr,xlstm_const/G/43/saocp_cqr,0.11209811980141779,0.2,0.6,0.0015614545959483639,4.412554644538063,10,0.14983743193040172,0.5
RQ2 xlstm/G (sfogd_cqr): adaptiv vs const,RQ2,xlstm/G/43/sfogd_cqr,xlstm_const/G/43/sfogd_cqr,0.03130004764962323,0.5,0.3,0.23482675587806867,0.22935462725291386,10,0.4747369679194473,0.16666666666666666
RQ2 xlstm/G (spci_cqr): adaptiv vs const,RQ2,xlstm/G/43/spci_cqr,xlstm_const/G/43/spci_cqr,-0.013773285226240817,0.6,0.1,0.5338514806072078,-0.45961076163990927,10,0.5715344116936332,0.16666666666666666
RQ2 xlstm/G (aci_cqr): adaptiv vs const,RQ2,xlstm/G/44/aci_cqr,xlstm_const/G/44/aci_cqr,0.144789314671146,0.1,0.6,0.011021782185413942,5.48311966785061,10,0.3269659097783185,0.3
RQ2 xlstm/G (agaci_cqr): adaptiv vs const,RQ2,xlstm/G/44/agaci_cqr,xlstm_const/G/44/agaci_cqr,0.1215048176345021,0.1,0.6,0.014193826385435426,5.0239622325822495,10,0.4341550823605912,0.3
RQ2 xlstm/G (cqr_rolling): adaptiv vs const,RQ2,xlstm/G/44/cqr_rolling,xlstm_const/G/44/cqr_rolling,0.1426635930849855,0.2,0.6,0.021904559402983415,4.533847920425153,10,0.3142864517876933,0.3
RQ2 xlstm/G (cqr_static): adaptiv vs const,RQ2,xlstm/G/44/cqr_static,xlstm_const/G/44/cqr_static,-0.012284889634642492,0.7,0.4,0.2968632250255141,-1.120808936345753,10,0.09866557707743405,0.5
RQ2 xlstm/G (decay_ocp_cqr): adaptiv vs const,RQ2,xlstm/G/44/decay_ocp_cqr,xlstm_const/G/44/decay_ocp_cqr,-0.002975937552834223,0.5,0.3,0.27086800389931587,1.3981883017942016,10,0.4238967966366625,0.3
RQ2 xlstm/G (dtaci_cqr): adaptiv vs const,RQ2,xlstm/G/44/dtaci_cqr,xlstm_const/G/44/dtaci_cqr,0.1282307847866866,0.0,0.6,0.023316933133195605,4.837416863438721,10,0.3390720215881324,0.3333333333333333
RQ2 xlstm/G (mondrian_cqr): adaptiv vs const,RQ2,xlstm/G/44/mondrian_cqr,xlstm_const/G/44/mondrian_cqr,0.05573004068219027,0.3,0.4,0.1605956330104169,1.6905868584878492,10,0.38925782781379,0.2
RQ2 xlstm/G (native): adaptiv vs const,RQ2,xlstm/G/44/native,xlstm_const/G/44/native,0.037686572305326786,0.5,0.5,0.09080815902312978,3.433705135393187,10,0.18772699247162017,0.4666666666666667
RQ2 xlstm/G (pid_cqr): adaptiv vs const,RQ2,xlstm/G/44/pid_cqr,xlstm_const/G/44/pid_cqr,0.07409293076837317,0.0,0.4,0.1483873681520731,3.521861436995524,10,0.3436939808011932,0.23333333333333334
RQ2 xlstm/G (pid_local_cqr): adaptiv vs const,RQ2,xlstm/G/44/pid_local_cqr,xlstm_const/G/44/pid_local_cqr,0.05816705404573115,0.2,0.5,0.2680039840763043,2.8388923964921178,10,0.47419392842235186,0.2
RQ2 xlstm/G (pid_tan_cqr): adaptiv vs const,RQ2,xlstm/G/44/pid_tan_cqr,xlstm_const/G/44/pid_tan_cqr,0.12212254061357447,0.3,0.6,0.06070069701062197,3.623250246844957,10,0.32933945075800697,0.2
RQ2 xlstm/G (saocp_cqr): adaptiv vs const,RQ2,xlstm/G/44/saocp_cqr,xlstm_const/G/44/saocp_cqr,0.07888056470065333,0.3,0.5,0.07670425852391849,3.6725219783757987,10,0.14983743193040172,0.5
RQ2 xlstm/G (sfogd_cqr): adaptiv vs const,RQ2,xlstm/G/44/sfogd_cqr,xlstm_const/G/44/sfogd_cqr,0.06928608317316258,0.2,0.3,0.11782923038968174,2.192029591549474,10,0.4747369679194473,0.16666666666666666
RQ2 xlstm/G (spci_cqr): adaptiv vs const,RQ2,xlstm/G/44/spci_cqr,xlstm_const/G/44/spci_cqr,0.06933865765949163,0.2,0.4,0.3461235806408415,3.072139279477254,10,0.5715344116936332,0.16666666666666666
RQ2 xlstm/GF (aci_cqr): adaptiv vs const,RQ2,xlstm/GF/42/aci_cqr,xlstm_const/GF/42/aci_cqr,-0.016440444795373585,0.5,0.2,0.2376924551154841,-0.6530850040557966,10,0.2257709748404383,0.3
RQ2 xlstm/GF (agaci_cqr): adaptiv vs const,RQ2,xlstm/GF/42/agaci_cqr,xlstm_const/GF/42/agaci_cqr,0.0027745739604449846,0.5,0.2,0.27833333239033675,-0.7739438506314895,10,0.37036230199605835,0.3
RQ2 xlstm/GF (cqr_rolling): adaptiv vs const,RQ2,xlstm/GF/42/cqr_rolling,xlstm_const/GF/42/cqr_rolling,-0.0254029380458324,0.5,0.3,0.2117181893273633,-0.8180914209157113,10,0.32510759399786016,0.26666666666666666
RQ2 xlstm/GF (cqr_static): adaptiv vs const,RQ2,xlstm/GF/42/cqr_static,xlstm_const/GF/42/cqr_static,-0.028992678173856652,0.6,0.6,0.029964629594393166,-0.6558733715545189,10,0.08326685668853814,0.5333333333333333
RQ2 xlstm/GF (decay_ocp_cqr): adaptiv vs const,RQ2,xlstm/GF/42/decay_ocp_cqr,xlstm_const/GF/42/decay_ocp_cqr,-0.03611261678949014,0.7,0.3,0.287032715882342,-2.213116091058084,10,0.2643100996164647,0.36666666666666664
RQ2 xlstm/GF (dtaci_cqr): adaptiv vs const,RQ2,xlstm/GF/42/dtaci_cqr,xlstm_const/GF/42/dtaci_cqr,-0.02600260957297734,0.6,0.2,0.21180170497300377,-0.9697726421375696,10,0.3531009039946048,0.3
RQ2 xlstm/GF (mondrian_cqr): adaptiv vs const,RQ2,xlstm/GF/42/mondrian_cqr,xlstm_const/GF/42/mondrian_cqr,-0.040420999362390145,0.7,0.3,0.3597074092735324,-1.2227859821338798,10,0.6171630429010118,0.2
RQ2 xlstm/GF (native): adaptiv vs const,RQ2,xlstm/GF/42/native,xlstm_const/GF/42/native,-0.028150256495716928,0.5,0.4,0.15919077639188473,-3.105774609318377,10,0.15767070059465121,0.43333333333333335
RQ2 xlstm/GF (pid_cqr): adaptiv vs const,RQ2,xlstm/GF/42/pid_cqr,xlstm_const/GF/42/pid_cqr,-0.02283908871202379,0.6,0.3,0.1702997668967634,-1.377452145215419,10,0.31130873909744117,0.3
RQ2 xlstm/GF (pid_local_cqr): adaptiv vs const,RQ2,xlstm/GF/42/pid_local_cqr,xlstm_const/GF/42/pid_local_cqr,-0.02650199294664675,0.6,0.2,0.2751872978177946,-1.6518631955478749,10,0.37743817887265596,0.23333333333333334
RQ2 xlstm/GF (pid_tan_cqr): adaptiv vs const,RQ2,xlstm/GF/42/pid_tan_cqr,xlstm_const/GF/42/pid_tan_cqr,-0.024672022384562467,0.6,0.3,0.3091884075399587,-0.9718889633263733,10,0.47625277608272615,0.3
RQ2 xlstm/GF (saocp_cqr): adaptiv vs const,RQ2,xlstm/GF/42/saocp_cqr,xlstm_const/GF/42/saocp_cqr,-0.013273212465210966,0.5,0.5,0.08323408893663287,-2.4540882905852697,10,0.10763845547473244,0.5
RQ2 xlstm/GF (sfogd_cqr): adaptiv vs const,RQ2,xlstm/GF/42/sfogd_cqr,xlstm_const/GF/42/sfogd_cqr,-0.010602133271286859,0.5,0.3,0.4106910736910828,-1.696195698451707,10,0.46749521504246433,0.16666666666666666
RQ2 xlstm/GF (spci_cqr): adaptiv vs const,RQ2,xlstm/GF/42/spci_cqr,xlstm_const/GF/42/spci_cqr,-0.03763825722679452,0.6,0.3,0.1826643914978764,-0.5086399618016363,10,0.5250488761237653,0.16666666666666666
RQ2 xlstm/GF (aci_cqr): adaptiv vs const,RQ2,xlstm/GF/43/aci_cqr,xlstm_const/GF/43/aci_cqr,0.06895393557547963,0.3,0.4,0.10489642582663683,1.1596683529821707,10,0.2257709748404383,0.3
RQ2 xlstm/GF (agaci_cqr): adaptiv vs const,RQ2,xlstm/GF/43/agaci_cqr,xlstm_const/GF/43/agaci_cqr,0.05623553510020748,0.3,0.3,0.18276682311025427,1.0279635515562406,10,0.37036230199605835,0.3
RQ2 xlstm/GF (cqr_rolling): adaptiv vs const,RQ2,xlstm/GF/43/cqr_rolling,xlstm_const/GF/43/cqr_rolling,0.06034848497907576,0.3,0.4,0.13190915341026155,1.0116478563006126,10,0.32510759399786016,0.26666666666666666
RQ2 xlstm/GF (cqr_static): adaptiv vs const,RQ2,xlstm/GF/43/cqr_static,xlstm_const/GF/43/cqr_static,-0.04219376009665463,0.6,0.8,0.020238574756991312,-4.093549038329588,10,0.08326685668853814,0.5333333333333333
RQ2 xlstm/GF (decay_ocp_cqr): adaptiv vs const,RQ2,xlstm/GF/43/decay_ocp_cqr,xlstm_const/GF/43/decay_ocp_cqr,-0.0036705100284570784,0.5,0.6,0.060373936372471015,-0.34706715658946047,10,0.2643100996164647,0.36666666666666664
RQ2 xlstm/GF (dtaci_cqr): adaptiv vs const,RQ2,xlstm/GF/43/dtaci_cqr,xlstm_const/GF/43/dtaci_cqr,0.06780823022226702,0.2,0.3,0.20375196076451474,1.2027267358862987,10,0.3531009039946048,0.3
RQ2 xlstm/GF (mondrian_cqr): adaptiv vs const,RQ2,xlstm/GF/43/mondrian_cqr,xlstm_const/GF/43/mondrian_cqr,0.00947739000439276,0.5,0.2,0.4562436917125482,-0.20101906135683267,10,0.6171630429010118,0.2
RQ2 xlstm/GF (native): adaptiv vs const,RQ2,xlstm/GF/43/native,xlstm_const/GF/43/native,0.09180506671435762,0.3,0.8,0.00761938872464063,3.081732079708369,10,0.15767070059465121,0.43333333333333335
RQ2 xlstm/GF (pid_cqr): adaptiv vs const,RQ2,xlstm/GF/43/pid_cqr,xlstm_const/GF/43/pid_cqr,0.03961037478881462,0.2,0.4,0.28712417655800615,0.7900139655138756,10,0.31130873909744117,0.3
RQ2 xlstm/GF (pid_local_cqr): adaptiv vs const,RQ2,xlstm/GF/43/pid_local_cqr,xlstm_const/GF/43/pid_local_cqr,0.043399519899979644,0.3,0.5,0.1393235307990326,0.6406275032126239,10,0.37743817887265596,0.23333333333333334
RQ2 xlstm/GF (pid_tan_cqr): adaptiv vs const,RQ2,xlstm/GF/43/pid_tan_cqr,xlstm_const/GF/43/pid_tan_cqr,-0.0009345097040290955,0.5,0.2,0.4147781493798256,0.5169298129609745,10,0.47625277608272615,0.3
RQ2 xlstm/GF (saocp_cqr): adaptiv vs const,RQ2,xlstm/GF/43/saocp_cqr,xlstm_const/GF/43/saocp_cqr,0.09368073671568809,0.3,0.7,0.013918643951847609,3.4713339153430183,10,0.10763845547473244,0.5
RQ2 xlstm/GF (sfogd_cqr): adaptiv vs const,RQ2,xlstm/GF/43/sfogd_cqr,xlstm_const/GF/43/sfogd_cqr,0.06067024759779069,0.3,0.4,0.12133289326709773,0.7930789585555046,10,0.46749521504246433,0.16666666666666666
RQ2 xlstm/GF (spci_cqr): adaptiv vs const,RQ2,xlstm/GF/43/spci_cqr,xlstm_const/GF/43/spci_cqr,-0.0018869996042888755,0.6,0.0,0.5817977180422176,-0.2674306038815394,10,0.5250488761237653,0.16666666666666666
RQ2 xlstm/GF (aci_cqr): adaptiv vs const,RQ2,xlstm/GF/44/aci_cqr,xlstm_const/GF/44/aci_cqr,0.12209317614565929,0.1,0.6,0.016149659794217786,6.003047257904261,10,0.2257709748404383,0.3
RQ2 xlstm/GF (agaci_cqr): adaptiv vs const,RQ2,xlstm/GF/44/agaci_cqr,xlstm_const/GF/44/agaci_cqr,0.12810690578021033,0.1,0.6,0.0038144692896455723,6.0044991756496255,10,0.37036230199605835,0.3
RQ2 xlstm/GF (cqr_rolling): adaptiv vs const,RQ2,xlstm/GF/44/cqr_rolling,xlstm_const/GF/44/cqr_rolling,0.11824947787297033,0.1,0.6,0.02679440390157639,5.56936741885881,10,0.32510759399786016,0.26666666666666666
RQ2 xlstm/GF (cqr_static): adaptiv vs const,RQ2,xlstm/GF/44/cqr_static,xlstm_const/GF/44/cqr_static,-0.05241980674087024,0.7,0.6,0.02442020466996242,-1.9600648416132398,10,0.08326685668853814,0.5333333333333333
RQ2 xlstm/GF (decay_ocp_cqr): adaptiv vs const,RQ2,xlstm/GF/44/decay_ocp_cqr,xlstm_const/GF/44/decay_ocp_cqr,-0.004140943276405217,0.5,0.5,0.21264769315070509,0.3802541963491987,10,0.2643100996164647,0.36666666666666664
RQ2 xlstm/GF (dtaci_cqr): adaptiv vs const,RQ2,xlstm/GF/44/dtaci_cqr,xlstm_const/GF/44/dtaci_cqr,0.11157718016680242,0.1,0.6,0.019556323215001337,5.618093776042177,10,0.3531009039946048,0.3
RQ2 xlstm/GF (mondrian_cqr): adaptiv vs const,RQ2,xlstm/GF/44/mondrian_cqr,xlstm_const/GF/44/mondrian_cqr,-0.007252163404710396,0.7,0.3,0.5464901815153892,0.25888264024214025,10,0.6171630429010118,0.2
RQ2 xlstm/GF (native): adaptiv vs const,RQ2,xlstm/GF/44/native,xlstm_const/GF/44/native,0.010210478105890765,0.2,0.5,0.13341864550587335,2.6277368610403666,10,0.15767070059465121,0.43333333333333335
RQ2 xlstm/GF (pid_cqr): adaptiv vs const,RQ2,xlstm/GF/44/pid_cqr,xlstm_const/GF/44/pid_cqr,0.06863177123058348,0.1,0.5,0.17508270103982637,3.592971495165342,10,0.31130873909744117,0.3
RQ2 xlstm/GF (pid_local_cqr): adaptiv vs const,RQ2,xlstm/GF/44/pid_local_cqr,xlstm_const/GF/44/pid_local_cqr,0.06742538194039535,0.2,0.4,0.20805260352590838,3.2127124948083945,10,0.37743817887265596,0.23333333333333334
RQ2 xlstm/GF (pid_tan_cqr): adaptiv vs const,RQ2,xlstm/GF/44/pid_tan_cqr,xlstm_const/GF/44/pid_tan_cqr,0.13370275399000875,0.3,0.6,0.034932604290986546,4.5252315812857375,10,0.47625277608272615,0.3
RQ2 xlstm/GF (saocp_cqr): adaptiv vs const,RQ2,xlstm/GF/44/saocp_cqr,xlstm_const/GF/44/saocp_cqr,0.04521043922581445,0.2,0.5,0.08889325771292766,3.7372889598518615,10,0.10763845547473244,0.5
RQ2 xlstm/GF (sfogd_cqr): adaptiv vs const,RQ2,xlstm/GF/44/sfogd_cqr,xlstm_const/GF/44/sfogd_cqr,0.06536295363399865,0.1,0.4,0.24941351058179262,2.2392118294726564,10,0.46749521504246433,0.16666666666666666
RQ2 xlstm/GF (spci_cqr): adaptiv vs const,RQ2,xlstm/GF/44/spci_cqr,xlstm_const/GF/44/spci_cqr,0.06545116984333799,0.2,0.4,0.3112822435856485,3.1892218840447955,10,0.5250488761237653,0.16666666666666666
RQ2 xlstm/L (aci_cqr): adaptiv vs const,RQ2,xlstm/L/42/aci_cqr,xlstm_const/L/42/aci_cqr,0.060397524572761284,0.1,0.4,0.2513977406104222,3.420855994500411,10,0.47587717713367184,0.16666666666666666
RQ2 xlstm/L (agaci_cqr): adaptiv vs const,RQ2,xlstm/L/42/agaci_cqr,xlstm_const/L/42/agaci_cqr,0.05886409892583751,0.2,0.4,0.2740662314914958,3.6332192364993583,10,0.5658511756194243,0.2
RQ2 xlstm/L (cqr_rolling): adaptiv vs const,RQ2,xlstm/L/42/cqr_rolling,xlstm_const/L/42/cqr_rolling,0.05790258249889062,0.2,0.4,0.2917803337574074,2.933697110102481,10,0.5086765139497522,0.16666666666666666
RQ2 xlstm/L (cqr_static): adaptiv vs const,RQ2,xlstm/L/42/cqr_static,xlstm_const/L/42/cqr_static,-0.005415829787017098,0.5,0.8,0.01169663242714536,-3.0802080726915926,10,0.021727086781967265,0.6666666666666666
RQ2 xlstm/L (decay_ocp_cqr): adaptiv vs const,RQ2,xlstm/L/42/decay_ocp_cqr,xlstm_const/L/42/decay_ocp_cqr,-0.010416231631245738,0.6,0.5,0.10454151517134824,-1.2924551345165338,10,0.268958561102879,0.26666666666666666
RQ2 xlstm/L (dtaci_cqr): adaptiv vs const,RQ2,xlstm/L/42/dtaci_cqr,xlstm_const/L/42/dtaci_cqr,0.052169129028432404,0.1,0.4,0.24653634352258547,3.5790438439386105,10,0.48517455258819076,0.23333333333333334
RQ2 xlstm/L (mondrian_cqr): adaptiv vs const,RQ2,xlstm/L/42/mondrian_cqr,xlstm_const/L/42/mondrian_cqr,0.05809160167737096,0.2,0.3,0.3192898147462361,3.782096402954534,10,0.49896455050267796,0.13333333333333333
RQ2 xlstm/L (native): adaptiv vs const,RQ2,xlstm/L/42/native,xlstm_const/L/42/native,0.004707164873748359,0.5,0.6,0.06388678127819347,-0.8236152817750411,10,0.23048373190135407,0.3333333333333333
RQ2 xlstm/L (pid_cqr): adaptiv vs const,RQ2,xlstm/L/42/pid_cqr,xlstm_const/L/42/pid_cqr,0.0491215988421704,0.0,0.4,0.22376087196814165,3.002236701706218,10,0.49644733799051116,0.13333333333333333
RQ2 xlstm/L (pid_local_cqr): adaptiv vs const,RQ2,xlstm/L/42/pid_local_cqr,xlstm_const/L/42/pid_local_cqr,0.04193722280269602,0.3,0.2,0.30155182295104577,1.9032943663372095,10,0.5053542824342703,0.03333333333333333
RQ2 xlstm/L (pid_tan_cqr): adaptiv vs const,RQ2,xlstm/L/42/pid_tan_cqr,xlstm_const/L/42/pid_tan_cqr,0.05889958655677106,0.3,0.4,0.11019265424121161,2.0368589029556947,10,0.46885716731791094,0.23333333333333334
RQ2 xlstm/L (saocp_cqr): adaptiv vs const,RQ2,xlstm/L/42/saocp_cqr,xlstm_const/L/42/saocp_cqr,-0.016234030110787324,0.6,0.3,0.36936364083186646,-0.6873045624810868,10,0.5557829178860814,0.2
RQ2 xlstm/L (sfogd_cqr): adaptiv vs const,RQ2,xlstm/L/42/sfogd_cqr,xlstm_const/L/42/sfogd_cqr,0.032711561387306735,0.3,0.1,0.5150198187782525,1.732311497348506,10,0.6547723009765569,0.16666666666666666
RQ2 xlstm/L (spci_cqr): adaptiv vs const,RQ2,xlstm/L/42/spci_cqr,xlstm_const/L/42/spci_cqr,0.02091675635121462,0.1,0.3,0.6745603541429762,2.62100653968311,10,0.7912701467742389,0.2
RQ2 xlstm/L (aci_cqr): adaptiv vs const,RQ2,xlstm/L/43/aci_cqr,xlstm_const/L/43/aci_cqr,0.06154331776391526,0.1,0.4,0.2113471004798998,3.7056059084520085,10,0.47587717713367184,0.16666666666666666
RQ2 xlstm/L (agaci_cqr): adaptiv vs const,RQ2,xlstm/L/43/agaci_cqr,xlstm_const/L/43/agaci_cqr,0.03021432608758097,0.1,0.4,0.526663874486656,3.2311748787297425,10,0.5658511756194243,0.2
RQ2 xlstm/L (cqr_rolling): adaptiv vs const,RQ2,xlstm/L/43/cqr_rolling,xlstm_const/L/43/cqr_rolling,0.05361133308192903,0.1,0.4,0.342438304041941,2.95710225955735,10,0.5086765139497522,0.16666666666666666
RQ2 xlstm/L (cqr_static): adaptiv vs const,RQ2,xlstm/L/43/cqr_static,xlstm_const/L/43/cqr_static,-0.043217678377423546,0.7,0.7,0.022227394773613796,-3.0384023478347584,10,0.021727086781967265,0.6666666666666666
RQ2 xlstm/L (decay_ocp_cqr): adaptiv vs const,RQ2,xlstm/L/43/decay_ocp_cqr,xlstm_const/L/43/decay_ocp_cqr,-0.050021234108087696,0.8,0.3,0.21944594866834932,-1.2908478651709083,10,0.268958561102879,0.26666666666666666
RQ2 xlstm/L (dtaci_cqr): adaptiv vs const,RQ2,xlstm/L/43/dtaci_cqr,xlstm_const/L/43/dtaci_cqr,0.03770048258610867,0.2,0.3,0.3961852732196871,3.324620612548752,10,0.48517455258819076,0.23333333333333334
RQ2 xlstm/L (mondrian_cqr): adaptiv vs const,RQ2,xlstm/L/43/mondrian_cqr,xlstm_const/L/43/mondrian_cqr,0.012277516692590768,0.4,0.2,0.43017217643384376,0.8240448162864905,10,0.49896455050267796,0.13333333333333333
RQ2 xlstm/L (native): adaptiv vs const,RQ2,xlstm/L/43/native,xlstm_const/L/43/native,0.004552615205387814,0.5,0.2,0.2893914460192586,-0.16378737037612817,10,0.23048373190135407,0.3333333333333333
RQ2 xlstm/L (pid_cqr): adaptiv vs const,RQ2,xlstm/L/43/pid_cqr,xlstm_const/L/43/pid_cqr,0.04484750020585149,0.2,0.4,0.14396337537274806,3.0172018100977986,10,0.49644733799051116,0.13333333333333333
RQ2 xlstm/L (pid_local_cqr): adaptiv vs const,RQ2,xlstm/L/43/pid_local_cqr,xlstm_const/L/43/pid_local_cqr,0.030650732571688113,0.2,0.2,0.26435799665550674,1.3773963558772278,10,0.5053542824342703,0.03333333333333333
RQ2 xlstm/L (pid_tan_cqr): adaptiv vs const,RQ2,xlstm/L/43/pid_tan_cqr,xlstm_const/L/43/pid_tan_cqr,0.027780514138938724,0.3,0.3,0.30284363673106707,1.896138251245671,10,0.46885716731791094,0.23333333333333334
RQ2 xlstm/L (saocp_cqr): adaptiv vs const,RQ2,xlstm/L/43/saocp_cqr,xlstm_const/L/43/saocp_cqr,-0.0030009906758813394,0.6,0.3,0.4779004579751177,-0.5253219144207664,10,0.5557829178860814,0.2
RQ2 xlstm/L (sfogd_cqr): adaptiv vs const,RQ2,xlstm/L/43/sfogd_cqr,xlstm_const/L/43/sfogd_cqr,0.026688897646517457,0.3,0.6,0.06800458398755949,1.0318614412654201,10,0.6547723009765569,0.16666666666666666
RQ2 xlstm/L (spci_cqr): adaptiv vs const,RQ2,xlstm/L/43/spci_cqr,xlstm_const/L/43/spci_cqr,0.015044587633543447,0.4,0.4,0.3452292704356065,1.6786903269094804,10,0.7912701467742389,0.2
RQ2 xlstm/L (aci_cqr): adaptiv vs const,RQ2,xlstm/L/44/aci_cqr,xlstm_const/L/44/aci_cqr,-0.018337107160359273,0.7,0.1,0.473993488208599,-0.7741395459774462,10,0.47587717713367184,0.16666666666666666
RQ2 xlstm/L (agaci_cqr): adaptiv vs const,RQ2,xlstm/L/44/agaci_cqr,xlstm_const/L/44/agaci_cqr,-0.0237517861144872,0.7,0.1,0.5104542431360384,-0.6911306076951326,10,0.5658511756194243,0.2
RQ2 xlstm/L (cqr_rolling): adaptiv vs const,RQ2,xlstm/L/44/cqr_rolling,xlstm_const/L/44/cqr_rolling,-0.0255662528960746,0.7,0.1,0.3507237527221959,-1.3395679362322317,10,0.5086765139497522,0.16666666666666666
RQ2 xlstm/L (cqr_static): adaptiv vs const,RQ2,xlstm/L/44/cqr_static,xlstm_const/L/44/cqr_static,-0.13849750529906096,0.8,0.7,0.0024848283085892042,-6.876482511253009,10,0.021727086781967265,0.6666666666666666
RQ2 xlstm/L (decay_ocp_cqr): adaptiv vs const,RQ2,xlstm/L/44/decay_ocp_cqr,xlstm_const/L/44/decay_ocp_cqr,-0.07749931575707028,1.0,0.6,0.06775815235551241,-7.581383883638214,10,0.268958561102879,0.26666666666666666
RQ2 xlstm/L (dtaci_cqr): adaptiv vs const,RQ2,xlstm/L/44/dtaci_cqr,xlstm_const/L/44/dtaci_cqr,-0.017749674287407168,0.8,0.1,0.3876696237475603,-0.7696695343119382,10,0.48517455258819076,0.23333333333333334
RQ2 xlstm/L (mondrian_cqr): adaptiv vs const,RQ2,xlstm/L/44/mondrian_cqr,xlstm_const/L/44/mondrian_cqr,-0.012729732249749907,0.7,0.0,0.3709323179335413,-1.3713332662641833,10,0.49896455050267796,0.13333333333333333
RQ2 xlstm/L (native): adaptiv vs const,RQ2,xlstm/L/44/native,xlstm_const/L/44/native,-0.0857591610017609,0.8,0.6,0.025558951920055417,-5.426310803304549,10,0.23048373190135407,0.3333333333333333
RQ2 xlstm/L (pid_cqr): adaptiv vs const,RQ2,xlstm/L/44/pid_cqr,xlstm_const/L/44/pid_cqr,-0.012567609230888111,0.7,0.1,0.478294141900961,-0.6198135398383979,10,0.49644733799051116,0.13333333333333333
RQ2 xlstm/L (pid_local_cqr): adaptiv vs const,RQ2,xlstm/L/44/pid_local_cqr,xlstm_const/L/44/pid_local_cqr,-0.018807168833293086,0.7,0.1,0.49863721410996753,-0.5845737312854217,10,0.5053542824342703,0.03333333333333333
RQ2 xlstm/L (pid_tan_cqr): adaptiv vs const,RQ2,xlstm/L/44/pid_tan_cqr,xlstm_const/L/44/pid_tan_cqr,-0.01314157599054077,0.5,0.3,0.4732734405498926,-1.1996353534992,10,0.46885716731791094,0.23333333333333334
RQ2 xlstm/L (saocp_cqr): adaptiv vs const,RQ2,xlstm/L/44/saocp_cqr,xlstm_const/L/44/saocp_cqr,-0.028361036260718682,0.9,0.4,0.3350180284817861,-2.830312539348956,10,0.5557829178860814,0.2
RQ2 xlstm/L (sfogd_cqr): adaptiv vs const,RQ2,xlstm/L/44/sfogd_cqr,xlstm_const/L/44/sfogd_cqr,-0.022888677316965034,0.6,0.1,0.534604541297152,-0.6611872575900357,10,0.6547723009765569,0.16666666666666666
RQ2 xlstm/L (spci_cqr): adaptiv vs const,RQ2,xlstm/L/44/spci_cqr,xlstm_const/L/44/spci_cqr,-0.00022645952715674277,0.5,0.2,0.7206758634121879,-0.9157787492573689,10,0.7912701467742389,0.2
RQ2 lstm/G (aci_cqr): adaptiv vs const,RQ2,lstm/G/42/aci_cqr,lstm_const/G/42/aci_cqr,0.06885401579848378,0.1,0.7,0.02352111390451994,4.280263270790212,10,0.11518507292406216,0.5
RQ2 lstm/G (agaci_cqr): adaptiv vs const,RQ2,lstm/G/42/agaci_cqr,lstm_const/G/42/agaci_cqr,0.07035789683155666,0.1,0.7,0.020823435926572542,3.5715874039524804,10,0.11786168989421753,0.43333333333333335
RQ2 lstm/G (cqr_rolling): adaptiv vs const,RQ2,lstm/G/42/cqr_rolling,lstm_const/G/42/cqr_rolling,0.06960060340219709,0.1,0.7,0.024963890250740528,4.539264682428757,10,0.11292319245580043,0.4666666666666667
RQ2 lstm/G (cqr_static): adaptiv vs const,RQ2,lstm/G/42/cqr_static,lstm_const/G/42/cqr_static,0.08663598626462655,0.1,0.8,2.760790620559561e-06,5.4147199976372375,10,0.005205041319879614,0.6
RQ2 lstm/G (decay_ocp_cqr): adaptiv vs const,RQ2,lstm/G/42/decay_ocp_cqr,lstm_const/G/42/decay_ocp_cqr,0.0711825401765507,0.1,0.7,0.004923076910657298,4.67201726154453,10,0.1518031872896875,0.4
RQ2 lstm/G (dtaci_cqr): adaptiv vs const,RQ2,lstm/G/42/dtaci_cqr,lstm_const/G/42/dtaci_cqr,0.07006078530785709,0.1,0.6,0.03376613305025322,4.243615602160448,10,0.13923346292926883,0.43333333333333335
RQ2 lstm/G (mondrian_cqr): adaptiv vs const,RQ2,lstm/G/42/mondrian_cqr,lstm_const/G/42/mondrian_cqr,0.044244442642757266,0.1,0.4,0.21568697799332803,2.5406848200600223,10,0.30001158295623176,0.3333333333333333
RQ2 lstm/G (native): adaptiv vs const,RQ2,lstm/G/42/native,lstm_const/G/42/native,0.10298513104472837,0.0,0.7,1.1831337050627333e-05,5.950728639127131,10,0.013487152795389222,0.6
RQ2 lstm/G (pid_cqr): adaptiv vs const,RQ2,lstm/G/42/pid_cqr,lstm_const/G/42/pid_cqr,0.056073482773073155,0.1,0.5,0.08753406329023572,3.884529170477668,10,0.3263315156620774,0.3333333333333333
RQ2 lstm/G (pid_local_cqr): adaptiv vs const,RQ2,lstm/G/42/pid_local_cqr,lstm_const/G/42/pid_local_cqr,0.030818586082541396,0.2,0.1,0.2796935980276696,2.20687888791235,10,0.4870993535580387,0.03333333333333333
RQ2 lstm/G (pid_tan_cqr): adaptiv vs const,RQ2,lstm/G/42/pid_tan_cqr,lstm_const/G/42/pid_tan_cqr,0.11171120710409757,0.0,0.9,0.006215812931466558,5.028852041563536,10,0.05467808917247425,0.5333333333333333
RQ2 lstm/G (saocp_cqr): adaptiv vs const,RQ2,lstm/G/42/saocp_cqr,lstm_const/G/42/saocp_cqr,0.06594594529399238,0.1,0.6,0.03906496560025463,4.966809835256602,10,0.018441279161999963,0.6
RQ2 lstm/G (sfogd_cqr): adaptiv vs const,RQ2,lstm/G/42/sfogd_cqr,lstm_const/G/42/sfogd_cqr,0.029718476692009735,0.2,0.3,0.4517027838296812,2.1887894908872974,10,0.6180143770877355,0.1
RQ2 lstm/G (spci_cqr): adaptiv vs const,RQ2,lstm/G/42/spci_cqr,lstm_const/G/42/spci_cqr,0.06741239067374484,0.2,0.5,0.28778427332074474,3.0866662100989326,10,0.5926199921277334,0.26666666666666666
RQ2 lstm/G (aci_cqr): adaptiv vs const,RQ2,lstm/G/43/aci_cqr,lstm_const/G/43/aci_cqr,0.05801802536960888,0.1,0.4,0.16978802248227343,3.343366560580949,10,0.11518507292406216,0.5
RQ2 lstm/G (agaci_cqr): adaptiv vs const,RQ2,lstm/G/43/agaci_cqr,lstm_const/G/43/agaci_cqr,0.06320890729347511,0.1,0.5,0.11982512016404012,3.335223552314436,10,0.11786168989421753,0.43333333333333335
RQ2 lstm/G (cqr_rolling): adaptiv vs const,RQ2,lstm/G/43/cqr_rolling,lstm_const/G/43/cqr_rolling,0.056995615727136476,0.1,0.5,0.14548546899503512,3.117433981868769,10,0.11292319245580043,0.4666666666666667
RQ2 lstm/G (cqr_static): adaptiv vs const,RQ2,lstm/G/43/cqr_static,lstm_const/G/43/cqr_static,-0.02470285910842805,0.6,0.5,0.09800429848537362,0.33437129731873194,10,0.005205041319879614,0.6
RQ2 lstm/G (decay_ocp_cqr): adaptiv vs const,RQ2,lstm/G/43/decay_ocp_cqr,lstm_const/G/43/decay_ocp_cqr,0.044966033472754845,0.3,0.5,0.19778263920474648,3.9801630467546776,10,0.1518031872896875,0.4
RQ2 lstm/G (dtaci_cqr): adaptiv vs const,RQ2,lstm/G/43/dtaci_cqr,lstm_const/G/43/dtaci_cqr,0.04502467055675418,0.1,0.4,0.1694680856734877,3.0988174374597683,10,0.13923346292926883,0.43333333333333335
RQ2 lstm/G (mondrian_cqr): adaptiv vs const,RQ2,lstm/G/43/mondrian_cqr,lstm_const/G/43/mondrian_cqr,0.015915076169114882,0.3,0.4,0.3397095118582826,1.1932779203015413,10,0.30001158295623176,0.3333333333333333
RQ2 lstm/G (native): adaptiv vs const,RQ2,lstm/G/43/native,lstm_const/G/43/native,0.2384460469936583,0.0,0.9,1.0141444461986282e-08,8.692550931867942,10,0.013487152795389222,0.6
RQ2 lstm/G (pid_cqr): adaptiv vs const,RQ2,lstm/G/43/pid_cqr,lstm_const/G/43/pid_cqr,0.027870400295142775,0.1,0.2,0.3858064434844085,2.2318534639299368,10,0.3263315156620774,0.3333333333333333
RQ2 lstm/G (pid_local_cqr): adaptiv vs const,RQ2,lstm/G/43/pid_local_cqr,lstm_const/G/43/pid_local_cqr,0.0154814328938165,0.3,0.2,0.579971904746784,1.910282575802048,10,0.4870993535580387,0.03333333333333333
RQ2 lstm/G (pid_tan_cqr): adaptiv vs const,RQ2,lstm/G/43/pid_tan_cqr,lstm_const/G/43/pid_tan_cqr,0.07701943017163013,0.0,0.5,0.08631846182541536,4.309412198933133,10,0.05467808917247425,0.5333333333333333
RQ2 lstm/G (saocp_cqr): adaptiv vs const,RQ2,lstm/G/43/saocp_cqr,lstm_const/G/43/saocp_cqr,0.21720435002817778,0.0,1.0,7.738487450836828e-08,8.407919517061083,10,0.018441279161999963,0.6
RQ2 lstm/G (sfogd_cqr): adaptiv vs const,RQ2,lstm/G/43/sfogd_cqr,lstm_const/G/43/sfogd_cqr,0.00988368695060991,0.4,0.2,0.590532354268398,1.714502063470125,10,0.6180143770877355,0.1
RQ2 lstm/G (spci_cqr): adaptiv vs const,RQ2,lstm/G/43/spci_cqr,lstm_const/G/43/spci_cqr,0.023279600728650943,0.3,0.2,0.5315556677741266,1.612647787625641,10,0.5926199921277334,0.26666666666666666
RQ2 lstm/G (aci_cqr): adaptiv vs const,RQ2,lstm/G/44/aci_cqr,lstm_const/G/44/aci_cqr,0.08707340083629618,0.1,0.8,0.013875887339315107,3.644788821980901,10,0.11518507292406216,0.5
RQ2 lstm/G (agaci_cqr): adaptiv vs const,RQ2,lstm/G/44/agaci_cqr,lstm_const/G/44/agaci_cqr,0.0772592690259967,0.1,0.9,0.0368671400708811,3.53192148120407,10,0.11786168989421753,0.43333333333333335
RQ2 lstm/G (cqr_rolling): adaptiv vs const,RQ2,lstm/G/44/cqr_rolling,lstm_const/G/44/cqr_rolling,0.08755883823444166,0.1,0.8,0.005142406543766964,3.7769401474443054,10,0.11292319245580043,0.4666666666666667
RQ2 lstm/G (cqr_static): adaptiv vs const,RQ2,lstm/G/44/cqr_static,lstm_const/G/44/cqr_static,0.052506840213430175,0.4,0.7,0.0032405686008613044,1.6615231856626849,10,0.005205041319879614,0.6
RQ2 lstm/G (decay_ocp_cqr): adaptiv vs const,RQ2,lstm/G/44/decay_ocp_cqr,lstm_const/G/44/decay_ocp_cqr,0.03389003016478065,0.4,0.5,0.11949094830966,0.3308352084339802,10,0.1518031872896875,0.4
RQ2 lstm/G (dtaci_cqr): adaptiv vs const,RQ2,lstm/G/44/dtaci_cqr,lstm_const/G/44/dtaci_cqr,0.07170941574026185,0.1,0.7,0.013814965120826916,3.670693244231493,10,0.13923346292926883,0.43333333333333335
RQ2 lstm/G (mondrian_cqr): adaptiv vs const,RQ2,lstm/G/44/mondrian_cqr,lstm_const/G/44/mondrian_cqr,0.06314087122387423,0.2,0.4,0.1151483818225928,2.0358385016328313,10,0.30001158295623176,0.3333333333333333
RQ2 lstm/G (native): adaptiv vs const,RQ2,lstm/G/44/native,lstm_const/G/44/native,0.08289475241148336,0.3,0.4,0.18976188324021814,0.6475295826034829,10,0.013487152795389222,0.6
RQ2 lstm/G (pid_cqr): adaptiv vs const,RQ2,lstm/G/44/pid_cqr,lstm_const/G/44/pid_cqr,0.05859546952977147,0.1,0.5,0.10662292001516216,2.592511738816324,10,0.3263315156620774,0.3333333333333333
RQ2 lstm/G (pid_local_cqr): adaptiv vs const,RQ2,lstm/G/44/pid_local_cqr,lstm_const/G/44/pid_local_cqr,0.037639643671262796,0.2,0.3,0.299775582061933,1.3934891223233699,10,0.4870993535580387,0.03333333333333333
RQ2 lstm/G (pid_tan_cqr): adaptiv vs const,RQ2,lstm/G/44/pid_tan_cqr,lstm_const/G/44/pid_tan_cqr,0.08795527324585384,0.0,0.6,0.029119805462565762,3.6206603012605347,10,0.05467808917247425,0.5333333333333333
RQ2 lstm/G (saocp_cqr): adaptiv vs const,RQ2,lstm/G/44/saocp_cqr,lstm_const/G/44/saocp_cqr,-0.06021281349259784,0.7,0.6,0.08752404541704784,-1.8606160245494292,10,0.018441279161999963,0.6
RQ2 lstm/G (sfogd_cqr): adaptiv vs const,RQ2,lstm/G/44/sfogd_cqr,lstm_const/G/44/sfogd_cqr,0.033311764036504085,0.2,0.1,0.3624558180125096,1.2157156213215015,10,0.6180143770877355,0.1
RQ2 lstm/G (spci_cqr): adaptiv vs const,RQ2,lstm/G/44/spci_cqr,lstm_const/G/44/spci_cqr,0.059997839603481054,0.1,0.4,0.28752494810247164,2.0510133224891933,10,0.5926199921277334,0.26666666666666666
RQ2 lstm/GF (aci_cqr): adaptiv vs const,RQ2,lstm/GF/42/aci_cqr,lstm_const/GF/42/aci_cqr,0.07275079871826248,0.1,0.7,0.01581372667495551,4.22156665031729,10,0.09560149661243586,0.5
RQ2 lstm/GF (agaci_cqr): adaptiv vs const,RQ2,lstm/GF/42/agaci_cqr,lstm_const/GF/42/agaci_cqr,0.0720555745715085,0.1,0.7,0.02249435555241519,3.6839304599183067,10,0.09455247507339494,0.5333333333333333
RQ2 lstm/GF (cqr_rolling): adaptiv vs const,RQ2,lstm/GF/42/cqr_rolling,lstm_const/GF/42/cqr_rolling,0.07516442902620527,0.1,0.7,0.024472231051798965,4.522104744327092,10,0.08321793194305857,0.5333333333333333
RQ2 lstm/GF (cqr_static): adaptiv vs const,RQ2,lstm/GF/42/cqr_static,lstm_const/GF/42/cqr_static,0.10456752272702427,0.1,0.9,5.694352323004637e-09,5.5782274728849,10,0.0033197685561301557,0.5666666666666667
RQ2 lstm/GF (decay_ocp_cqr): adaptiv vs const,RQ2,lstm/GF/42/decay_ocp_cqr,lstm_const/GF/42/decay_ocp_cqr,0.07193897386281581,0.0,0.6,0.0024771002996021307,4.725024757876412,10,0.1264586773123249,0.4666666666666667
RQ2 lstm/GF (dtaci_cqr): adaptiv vs const,RQ2,lstm/GF/42/dtaci_cqr,lstm_const/GF/42/dtaci_cqr,0.07570620624688301,0.1,0.6,0.027717486713815687,4.240491141994887,10,0.07598053172745084,0.5333333333333333
RQ2 lstm/GF (mondrian_cqr): adaptiv vs const,RQ2,lstm/GF/42/mondrian_cqr,lstm_const/GF/42/mondrian_cqr,0.01113066847442324,0.3,0.1,0.7855199569058612,1.0794217130976487,10,0.6091981018471568,0.23333333333333334
RQ2 lstm/GF (native): adaptiv vs const,RQ2,lstm/GF/42/native,lstm_const/GF/42/native,0.10293065562562492,0.0,0.7,9.120708259202637e-06,5.5765548653044625,10,0.006062093137280199,0.6333333333333333
RQ2 lstm/GF (pid_cqr): adaptiv vs const,RQ2,lstm/GF/42/pid_cqr,lstm_const/GF/42/pid_cqr,0.05273983183956876,0.1,0.5,0.1501037821619573,4.0672286657492,10,0.39395921414552504,0.4
RQ2 lstm/GF (pid_local_cqr): adaptiv vs const,RQ2,lstm/GF/42/pid_local_cqr,lstm_const/GF/42/pid_local_cqr,0.03060370120656088,0.2,0.2,0.30414980223840093,2.612494314180534,10,0.575655186133217,0.16666666666666666
RQ2 lstm/GF (pid_tan_cqr): adaptiv vs const,RQ2,lstm/GF/42/pid_tan_cqr,lstm_const/GF/42/pid_tan_cqr,0.10649999706433946,0.0,0.9,0.007201505561680754,5.309373874520853,10,0.05111005599416195,0.6
RQ2 lstm/GF (saocp_cqr): adaptiv vs const,RQ2,lstm/GF/42/saocp_cqr,lstm_const/GF/42/saocp_cqr,0.07099467604489712,0.1,0.6,0.009295897801519737,4.772214274027589,10,0.02170589082566066,0.6
RQ2 lstm/GF (sfogd_cqr): adaptiv vs const,RQ2,lstm/GF/42/sfogd_cqr,lstm_const/GF/42/sfogd_cqr,0.024858568610458202,0.3,0.1,0.41822544612396084,1.8371797156152971,10,0.56413457133333,0.13333333333333333
RQ2 lstm/GF (spci_cqr): adaptiv vs const,RQ2,lstm/GF/42/spci_cqr,lstm_const/GF/42/spci_cqr,0.06881309220171147,0.2,0.5,0.10843367948845517,2.6327650210111133,10,0.3505054644459941,0.23333333333333334
RQ2 lstm/GF (aci_cqr): adaptiv vs const,RQ2,lstm/GF/43/aci_cqr,lstm_const/GF/43/aci_cqr,0.05498061692047221,0.1,0.3,0.18623381972691488,3.0974245416915283,10,0.09560149661243586,0.5
RQ2 lstm/GF (agaci_cqr): adaptiv vs const,RQ2,lstm/GF/43/agaci_cqr,lstm_const/GF/43/agaci_cqr,0.05270492836710511,0.1,0.3,0.1958142890076623,3.1466393517870745,10,0.09455247507339494,0.5333333333333333
RQ2 lstm/GF (cqr_rolling): adaptiv vs const,RQ2,lstm/GF/43/cqr_rolling,lstm_const/GF/43/cqr_rolling,0.053360074674245694,0.1,0.3,0.21459101188797935,2.951226165191484,10,0.08321793194305857,0.5333333333333333
RQ2 lstm/GF (cqr_static): adaptiv vs const,RQ2,lstm/GF/43/cqr_static,lstm_const/GF/43/cqr_static,-0.023552346506847475,0.7,0.6,0.05123943161266542,1.467412057696353,10,0.0033197685561301557,0.5666666666666667
RQ2 lstm/GF (decay_ocp_cqr): adaptiv vs const,RQ2,lstm/GF/43/decay_ocp_cqr,lstm_const/GF/43/decay_ocp_cqr,0.06220210741695141,0.2,0.6,0.040669825056896425,4.072384477289132,10,0.1264586773123249,0.4666666666666667
RQ2 lstm/GF (dtaci_cqr): adaptiv vs const,RQ2,lstm/GF/43/dtaci_cqr,lstm_const/GF/43/dtaci_cqr,0.04219466298547257,0.1,0.3,0.19553173307476612,3.0504541611897644,10,0.07598053172745084,0.5333333333333333
RQ2 lstm/GF (mondrian_cqr): adaptiv vs const,RQ2,lstm/GF/43/mondrian_cqr,lstm_const/GF/43/mondrian_cqr,0.014783552780913353,0.5,0.2,0.4148371573832811,1.3822060102203313,10,0.6091981018471568,0.23333333333333334
RQ2 lstm/GF (native): adaptiv vs const,RQ2,lstm/GF/43/native,lstm_const/GF/43/native,0.23906529334544535,0.0,0.9,2.2262306775822083e-08,8.177264366892459,10,0.006062093137280199,0.6333333333333333
RQ2 lstm/GF (pid_cqr): adaptiv vs const,RQ2,lstm/GF/43/pid_cqr,lstm_const/GF/43/pid_cqr,0.032404336760564006,0.1,0.2,0.3830838102862033,2.3844417574408747,10,0.39395921414552504,0.4
RQ2 lstm/GF (pid_local_cqr): adaptiv vs const,RQ2,lstm/GF/43/pid_local_cqr,lstm_const/GF/43/pid_local_cqr,0.012297954208945886,0.3,0.1,0.48903831102319706,1.605147825432347,10,0.575655186133217,0.16666666666666666
RQ2 lstm/GF (pid_tan_cqr): adaptiv vs const,RQ2,lstm/GF/43/pid_tan_cqr,lstm_const/GF/43/pid_tan_cqr,0.12059770882728402,0.0,0.6,0.026109616599765073,4.475224191119588,10,0.05111005599416195,0.6
RQ2 lstm/GF (saocp_cqr): adaptiv vs const,RQ2,lstm/GF/43/saocp_cqr,lstm_const/GF/43/saocp_cqr,0.23794850169275125,0.0,1.0,6.1186558042436445e-09,8.081980345927903,10,0.02170589082566066,0.6
RQ2 lstm/GF (sfogd_cqr): adaptiv vs const,RQ2,lstm/GF/43/sfogd_cqr,lstm_const/GF/43/sfogd_cqr,-0.0018010671192547974,0.5,0.2,0.46416529577327825,1.305508945627303,10,0.56413457133333,0.13333333333333333
RQ2 lstm/GF (spci_cqr): adaptiv vs const,RQ2,lstm/GF/43/spci_cqr,lstm_const/GF/43/spci_cqr,0.0066411486736777416,0.5,0.2,0.3859440610789173,1.1971508164746338,10,0.3505054644459941,0.23333333333333334
RQ2 lstm/GF (aci_cqr): adaptiv vs const,RQ2,lstm/GF/44/aci_cqr,lstm_const/GF/44/aci_cqr,0.07978599815831378,0.1,0.8,0.0158814554978719,3.6531268031503026,10,0.09560149661243586,0.5
RQ2 lstm/GF (agaci_cqr): adaptiv vs const,RQ2,lstm/GF/44/agaci_cqr,lstm_const/GF/44/agaci_cqr,0.0939053330981703,0.1,0.8,0.009414496828197172,3.5642693820693516,10,0.09455247507339494,0.5333333333333333
RQ2 lstm/GF (cqr_rolling): adaptiv vs const,RQ2,lstm/GF/44/cqr_rolling,lstm_const/GF/44/cqr_rolling,0.0907322199864862,0.1,0.8,0.009711198841317326,3.8881211979713886,10,0.08321793194305857,0.5333333333333333
RQ2 lstm/GF (cqr_static): adaptiv vs const,RQ2,lstm/GF/44/cqr_static,lstm_const/GF/44/cqr_static,0.026166676176000943,0.4,0.7,0.03221291917078317,1.5936273529597373,10,0.0033197685561301557,0.5666666666666667
RQ2 lstm/GF (decay_ocp_cqr): adaptiv vs const,RQ2,lstm/GF/44/decay_ocp_cqr,lstm_const/GF/44/decay_ocp_cqr,0.02447856827513003,0.4,0.4,0.15400186700544505,0.39411341430155994,10,0.1264586773123249,0.4666666666666667
RQ2 lstm/GF (dtaci_cqr): adaptiv vs const,RQ2,lstm/GF/44/dtaci_cqr,lstm_const/GF/44/dtaci_cqr,0.08449346448091545,0.1,0.8,0.014658378194119859,3.767113294847425,10,0.07598053172745084,0.5333333333333333
RQ2 lstm/GF (mondrian_cqr): adaptiv vs const,RQ2,lstm/GF/44/mondrian_cqr,lstm_const/GF/44/mondrian_cqr,0.03848375921797203,0.3,0.5,0.17157615919080282,1.3511785927034294,10,0.6091981018471568,0.23333333333333334
RQ2 lstm/GF (native): adaptiv vs const,RQ2,lstm/GF/44/native,lstm_const/GF/44/native,0.10851435281812445,0.3,0.6,0.06697794739910579,0.8582435242336007,10,0.006062093137280199,0.6333333333333333
RQ2 lstm/GF (pid_cqr): adaptiv vs const,RQ2,lstm/GF/44/pid_cqr,lstm_const/GF/44/pid_cqr,0.06177381115235049,0.1,0.6,0.055896354524214154,2.8051747885566596,10,0.39395921414552504,0.4
RQ2 lstm/GF (pid_local_cqr): adaptiv vs const,RQ2,lstm/GF/44/pid_local_cqr,lstm_const/GF/44/pid_local_cqr,0.04618121429360745,0.1,0.3,0.24878256847167213,2.188500315718755,10,0.575655186133217,0.16666666666666666
RQ2 lstm/GF (pid_tan_cqr): adaptiv vs const,RQ2,lstm/GF/44/pid_tan_cqr,lstm_const/GF/44/pid_tan_cqr,0.08475023347839826,0.0,0.7,0.052645894696565665,3.8239963241596437,10,0.05111005599416195,0.6
RQ2 lstm/GF (saocp_cqr): adaptiv vs const,RQ2,lstm/GF/44/saocp_cqr,lstm_const/GF/44/saocp_cqr,-0.06410775965285645,0.6,0.4,0.11770313734073745,-1.6167518140405537,10,0.02170589082566066,0.6
RQ2 lstm/GF (sfogd_cqr): adaptiv vs const,RQ2,lstm/GF/44/sfogd_cqr,lstm_const/GF/44/sfogd_cqr,0.04060096223716614,0.2,0.2,0.3515860569571323,1.8942993747056593,10,0.56413457133333,0.13333333333333333
RQ2 lstm/GF (spci_cqr): adaptiv vs const,RQ2,lstm/GF/44/spci_cqr,lstm_const/GF/44/spci_cqr,0.07415183513006018,0.1,0.3,0.17879958937888052,2.348578419754154,10,0.3505054644459941,0.23333333333333334
RQ2 lstm/L (aci_cqr): adaptiv vs const,RQ2,lstm/L/42/aci_cqr,lstm_const/L/42/aci_cqr,0.008619355700358043,0.4,0.1,0.47040315732850424,1.0108785325274572,10,0.60864676577409,0.13333333333333333
RQ2 lstm/L (agaci_cqr): adaptiv vs const,RQ2,lstm/L/42/agaci_cqr,lstm_const/L/42/agaci_cqr,0.020783133228254896,0.4,0.1,0.4425213094096758,1.2495917756754853,10,0.5841122051110698,0.16666666666666666
RQ2 lstm/L (cqr_rolling): adaptiv vs const,RQ2,lstm/L/42/cqr_rolling,lstm_const/L/42/cqr_rolling,0.019959967116431977,0.4,0.1,0.3993613624009551,1.0912741254751377,10,0.5448799853425268,0.1
RQ2 lstm/L (cqr_static): adaptiv vs const,RQ2,lstm/L/42/cqr_static,lstm_const/L/42/cqr_static,-0.02176378416712318,0.6,0.5,0.14253066538365544,-4.429262292541897,10,0.41557821605034684,0.36666666666666664
RQ2 lstm/L (decay_ocp_cqr): adaptiv vs const,RQ2,lstm/L/42/decay_ocp_cqr,lstm_const/L/42/decay_ocp_cqr,-0.05038026495601282,0.7,0.4,0.18662184161562445,-4.32998869094167,10,0.41550421407479204,0.4
RQ2 lstm/L (dtaci_cqr): adaptiv vs const,RQ2,lstm/L/42/dtaci_cqr,lstm_const/L/42/dtaci_cqr,0.015564462396404268,0.3,0.1,0.5081015950978031,0.9490743290957756,10,0.47698704193769537,0.16666666666666666
RQ2 lstm/L (mondrian_cqr): adaptiv vs const,RQ2,lstm/L/42/mondrian_cqr,lstm_const/L/42/mondrian_cqr,-0.028030504938750304,0.7,0.2,0.29073228618771907,-1.1885727944851816,10,0.522330536092384,0.13333333333333333
RQ2 lstm/L (native): adaptiv vs const,RQ2,lstm/L/42/native,lstm_const/L/42/native,-0.009387864232720176,0.5,0.3,0.35896658722238695,-3.9987795934592563,10,0.3914693489760467,0.26666666666666666
RQ2 lstm/L (pid_cqr): adaptiv vs const,RQ2,lstm/L/42/pid_cqr,lstm_const/L/42/pid_cqr,-0.010000808969276439,0.6,0.3,0.519655391230842,-0.49883744565817045,10,0.4815460839650185,0.03333333333333333
RQ2 lstm/L (pid_local_cqr): adaptiv vs const,RQ2,lstm/L/42/pid_local_cqr,lstm_const/L/42/pid_local_cqr,-0.005438671981574959,0.6,0.2,0.3288916652810484,-0.9942716331147102,10,0.4436460937375026,0.16666666666666666
RQ2 lstm/L (pid_tan_cqr): adaptiv vs const,RQ2,lstm/L/42/pid_tan_cqr,lstm_const/L/42/pid_tan_cqr,0.013735768342292395,0.4,0.1,0.3718878228767335,1.3606266024215419,10,0.30891194651832077,0.2
RQ2 lstm/L (saocp_cqr): adaptiv vs const,RQ2,lstm/L/42/saocp_cqr,lstm_const/L/42/saocp_cqr,-0.022600902665657292,0.6,0.4,0.46413413859791897,-5.016965376076562,10,0.37758875121581276,0.3333333333333333
RQ2 lstm/L (sfogd_cqr): adaptiv vs const,RQ2,lstm/L/42/sfogd_cqr,lstm_const/L/42/sfogd_cqr,-0.011330439704387641,0.7,0.2,0.2750714374334098,-1.0359759524328263,10,0.5626953652409026,0.23333333333333334
RQ2 lstm/L (spci_cqr): adaptiv vs const,RQ2,lstm/L/42/spci_cqr,lstm_const/L/42/spci_cqr,-0.00880590632246012,0.7,0.1,0.3760311127573157,-0.9853938620071894,10,0.7312378232645002,0.06666666666666667
RQ2 lstm/L (aci_cqr): adaptiv vs const,RQ2,lstm/L/43/aci_cqr,lstm_const/L/43/aci_cqr,-0.0029487435598261873,0.5,0.2,0.5422575118786797,0.46776355023346883,10,0.60864676577409,0.13333333333333333
RQ2 lstm/L (agaci_cqr): adaptiv vs const,RQ2,lstm/L/43/agaci_cqr,lstm_const/L/43/agaci_cqr,0.008569126463286876,0.4,0.1,0.46220654461079724,0.7342794270233424,10,0.5841122051110698,0.16666666666666666
RQ2 lstm/L (cqr_rolling): adaptiv vs const,RQ2,lstm/L/43/cqr_rolling,lstm_const/L/43/cqr_rolling,0.0004894482195082804,0.5,0.1,0.316181544138984,0.3927445977065112,10,0.5448799853425268,0.1
RQ2 lstm/L (cqr_static): adaptiv vs const,RQ2,lstm/L/43/cqr_static,lstm_const/L/43/cqr_static,-0.01745674567096142,0.6,0.5,0.24611729207191213,-5.32429698985945,10,0.41557821605034684,0.36666666666666664
RQ2 lstm/L (decay_ocp_cqr): adaptiv vs const,RQ2,lstm/L/43/decay_ocp_cqr,lstm_const/L/43/decay_ocp_cqr,-0.028357306583294186,0.6,0.4,0.379792667325211,-4.623232603438755,10,0.41550421407479204,0.4
RQ2 lstm/L (dtaci_cqr): adaptiv vs const,RQ2,lstm/L/43/dtaci_cqr,lstm_const/L/43/dtaci_cqr,0.006735985278336987,0.4,0.1,0.3508135868323067,0.49395928736540756,10,0.47698704193769537,0.16666666666666666
RQ2 lstm/L (mondrian_cqr): adaptiv vs const,RQ2,lstm/L/43/mondrian_cqr,lstm_const/L/43/mondrian_cqr,-0.003811328358236842,0.5,0.2,0.48641091939630154,-0.5828731260163987,10,0.522330536092384,0.13333333333333333
RQ2 lstm/L (native): adaptiv vs const,RQ2,lstm/L/43/native,lstm_const/L/43/native,-0.041160454097730684,0.7,0.4,0.19830243228659727,-3.878059976794229,10,0.3914693489760467,0.26666666666666666
RQ2 lstm/L (pid_cqr): adaptiv vs const,RQ2,lstm/L/43/pid_cqr,lstm_const/L/43/pid_cqr,-0.008277520379713492,0.5,0.5,0.15941269901556476,-0.5653271371481601,10,0.4815460839650185,0.03333333333333333
RQ2 lstm/L (pid_local_cqr): adaptiv vs const,RQ2,lstm/L/43/pid_local_cqr,lstm_const/L/43/pid_local_cqr,-0.0013692624692211233,0.5,0.3,0.2851656447465728,-0.8367941366513586,10,0.4436460937375026,0.16666666666666666
RQ2 lstm/L (pid_tan_cqr): adaptiv vs const,RQ2,lstm/L/43/pid_tan_cqr,lstm_const/L/43/pid_tan_cqr,0.03159615394191611,0.4,0.2,0.18564745271344407,0.4271835978503809,10,0.30891194651832077,0.2
RQ2 lstm/L (saocp_cqr): adaptiv vs const,RQ2,lstm/L/43/saocp_cqr,lstm_const/L/43/saocp_cqr,-0.03129733160273822,0.7,0.5,0.2759316026338805,-3.1100292180500086,10,0.37758875121581276,0.3333333333333333
RQ2 lstm/L (sfogd_cqr): adaptiv vs const,RQ2,lstm/L/43/sfogd_cqr,lstm_const/L/43/sfogd_cqr,0.010420770879036445,0.4,0.3,0.434235520038189,-0.18909749054622693,10,0.5626953652409026,0.23333333333333334
RQ2 lstm/L (spci_cqr): adaptiv vs const,RQ2,lstm/L/43/spci_cqr,lstm_const/L/43/spci_cqr,0.014833279612775575,0.4,0.2,0.6244192266686903,-0.23260718654752427,10,0.7312378232645002,0.06666666666666667
RQ2 lstm/L (aci_cqr): adaptiv vs const,RQ2,lstm/L/44/aci_cqr,lstm_const/L/44/aci_cqr,0.040702458782612125,0.0,0.3,0.3389592747680693,2.5862389316994197,10,0.60864676577409,0.13333333333333333
RQ2 lstm/L (agaci_cqr): adaptiv vs const,RQ2,lstm/L/44/agaci_cqr,lstm_const/L/44/agaci_cqr,0.05552108386258987,0.1,0.4,0.27415505257037076,2.475922496080138,10,0.5841122051110698,0.16666666666666666
RQ2 lstm/L (cqr_rolling): adaptiv vs const,RQ2,lstm/L/44/cqr_rolling,lstm_const/L/44/cqr_rolling,0.03916574779347839,0.1,0.4,0.37966843812928686,2.131536099619425,10,0.5448799853425268,0.1
RQ2 lstm/L (cqr_static): adaptiv vs const,RQ2,lstm/L/44/cqr_static,lstm_const/L/44/cqr_static,0.011476228072870607,0.3,0.4,0.43158798954136557,-2.883415404007701,10,0.41557821605034684,0.36666666666666664
RQ2 lstm/L (decay_ocp_cqr): adaptiv vs const,RQ2,lstm/L/44/decay_ocp_cqr,lstm_const/L/44/decay_ocp_cqr,0.017733129333942825,0.4,0.5,0.18338434639766865,-1.8552218916757663,10,0.41550421407479204,0.4
RQ2 lstm/L (dtaci_cqr): adaptiv vs const,RQ2,lstm/L/44/dtaci_cqr,lstm_const/L/44/dtaci_cqr,0.059458358854994536,0.0,0.5,0.20206714219067812,2.5005359464233976,10,0.47698704193769537,0.16666666666666666
RQ2 lstm/L (mondrian_cqr): adaptiv vs const,RQ2,lstm/L/44/mondrian_cqr,lstm_const/L/44/mondrian_cqr,0.039504435762540896,0.3,0.1,0.3526652857239696,1.4282417950304505,10,0.522330536092384,0.13333333333333333
RQ2 lstm/L (native): adaptiv vs const,RQ2,lstm/L/44/native,lstm_const/L/44/native,0.00326840952003083,0.5,0.3,0.17136403706435555,-0.6326696089119898,10,0.3914693489760467,0.26666666666666666
RQ2 lstm/L (pid_cqr): adaptiv vs const,RQ2,lstm/L/44/pid_cqr,lstm_const/L/44/pid_cqr,0.038776927045211615,0.2,0.3,0.35024531915310864,1.5421892537672572,10,0.4815460839650185,0.03333333333333333
RQ2 lstm/L (pid_local_cqr): adaptiv vs const,RQ2,lstm/L/44/pid_local_cqr,lstm_const/L/44/pid_local_cqr,0.011542033561753894,0.3,0.3,0.24127106852821567,0.8728681163397352,10,0.4436460937375026,0.16666666666666666
RQ2 lstm/L (pid_tan_cqr): adaptiv vs const,RQ2,lstm/L/44/pid_tan_cqr,lstm_const/L/44/pid_tan_cqr,0.07080810632338569,0.1,0.5,0.11193803996636842,3.398071147143205,10,0.30891194651832077,0.2
RQ2 lstm/L (saocp_cqr): adaptiv vs const,RQ2,lstm/L/44/saocp_cqr,lstm_const/L/44/saocp_cqr,0.02556691108478122,0.4,0.4,0.18364237838280628,-0.8602727922970231,10,0.37758875121581276,0.3333333333333333
RQ2 lstm/L (sfogd_cqr): adaptiv vs const,RQ2,lstm/L/44/sfogd_cqr,lstm_const/L/44/sfogd_cqr,0.013675114760270647,0.4,0.3,0.4011190020492654,0.5042525805002893,10,0.5626953652409026,0.23333333333333334
RQ2 lstm/L (spci_cqr): adaptiv vs const,RQ2,lstm/L/44/spci_cqr,lstm_const/L/44/spci_cqr,0.016194019546082305,0.3,0.0,0.6498687655909523,0.5055467698886871,10,0.7312378232645002,0.06666666666666667
RQ2 lgbm/G (aci_cqr): adaptiv vs const,RQ2,lgbm/G/42/aci_cqr,lgbm_const/G/42/aci_cqr,0.0023504909791116566,0.5,0.2,0.5195546886548432,-0.1559760837186592,10,0.672644936457039,0.0
RQ2 lgbm/G (agaci_cqr): adaptiv vs const,RQ2,lgbm/G/42/agaci_cqr,lgbm_const/G/42/agaci_cqr,0.003415837657536708,0.4,0.2,0.4891348739908089,-0.38719818653270943,10,0.648251959283802,0.1
RQ2 lgbm/G (cqr_rolling): adaptiv vs const,RQ2,lgbm/G/42/cqr_rolling,lgbm_const/G/42/cqr_rolling,-0.009083525038851233,0.6,0.2,0.4046855026655841,-0.6797686716608808,10,0.5719823850617984,0.1
RQ2 lgbm/G (cqr_static): adaptiv vs const,RQ2,lgbm/G/42/cqr_static,lgbm_const/G/42/cqr_static,-0.04008070826964233,0.8,0.5,0.11409392518579198,-9.265728054483905,10,0.2310854637920475,0.3
RQ2 lgbm/G (decay_ocp_cqr): adaptiv vs const,RQ2,lgbm/G/42/decay_ocp_cqr,lgbm_const/G/42/decay_ocp_cqr,-0.060171605558409405,0.8,0.5,0.10685691848547374,-6.235033251876737,10,0.19336667512389777,0.5
RQ2 lgbm/G (dtaci_cqr): adaptiv vs const,RQ2,lgbm/G/42/dtaci_cqr,lgbm_const/G/42/dtaci_cqr,0.011763427945941195,0.4,0.2,0.44281128479824183,-0.31261543006045933,10,0.6081601937662362,0.1
RQ2 lgbm/G (mondrian_cqr): adaptiv vs const,RQ2,lgbm/G/42/mondrian_cqr,lgbm_const/G/42/mondrian_cqr,-0.030797850880818184,0.7,0.2,0.35320555946215015,-0.7031651963153742,10,0.5226683077223944,0.0
RQ2 lgbm/G (native): adaptiv vs const,RQ2,lgbm/G/42/native,lgbm_const/G/42/native,-0.03143883234575373,0.8,0.3,0.34509108755434337,-2.3216494197096904,10,0.5052926081782965,0.3
RQ2 lgbm/G (pid_cqr): adaptiv vs const,RQ2,lgbm/G/42/pid_cqr,lgbm_const/G/42/pid_cqr,-0.009003465560360888,0.6,0.2,0.4060395909650635,-0.18578165889841208,10,0.5695323550686587,0.2
RQ2 lgbm/G (pid_local_cqr): adaptiv vs const,RQ2,lgbm/G/42/pid_local_cqr,lgbm_const/G/42/pid_local_cqr,-0.002045024607014013,0.5,0.3,0.4836200236925572,-0.039896156061280684,10,0.6438876850167172,0.1
RQ2 lgbm/G (pid_tan_cqr): adaptiv vs const,RQ2,lgbm/G/42/pid_tan_cqr,lgbm_const/G/42/pid_tan_cqr,-0.014178153989010216,0.6,0.3,0.2946278406093433,-0.7902374679674937,10,0.4598284775222574,0.3
RQ2 lgbm/G (saocp_cqr): adaptiv vs const,RQ2,lgbm/G/42/saocp_cqr,lgbm_const/G/42/saocp_cqr,-0.006645391170350942,0.7,0.3,0.6105464801536011,-0.8313793456332996,10,0.7471670377517339,0.3
RQ2 lgbm/G (sfogd_cqr): adaptiv vs const,RQ2,lgbm/G/42/sfogd_cqr,lgbm_const/G/42/sfogd_cqr,-0.002878832670462761,0.5,0.3,0.3128886988452153,-0.03402428259575421,10,0.46817569932990144,0.1
RQ2 lgbm/G (spci_cqr): adaptiv vs const,RQ2,lgbm/G/42/spci_cqr,lgbm_const/G/42/spci_cqr,-0.009947068664580033,0.5,0.1,0.41361154398563427,-0.5485517899764798,10,0.5787542332981491,0.1
RQ2 lgbm/L (aci_cqr): adaptiv vs const,RQ2,lgbm/L/42/aci_cqr,lgbm_const/L/42/aci_cqr,-0.02076849866484219,0.7,0.2,0.5232141745519313,-1.1102473683980765,10,0.6801168443483321,0.1
RQ2 lgbm/L (agaci_cqr): adaptiv vs const,RQ2,lgbm/L/42/agaci_cqr,lgbm_const/L/42/agaci_cqr,-0.005469112292336421,0.6,0.2,0.5521902794082467,-1.3485067320125772,10,0.7037241383650454,0.1
RQ2 lgbm/L (cqr_rolling): adaptiv vs const,RQ2,lgbm/L/42/cqr_rolling,lgbm_const/L/42/cqr_rolling,-0.03979684011922837,0.7,0.3,0.2935981915876401,-1.8589098037815082,10,0.4584116134327251,0.2
RQ2 lgbm/L (cqr_static): adaptiv vs const,RQ2,lgbm/L/42/cqr_static,lgbm_const/L/42/cqr_static,-0.07217254313693611,0.9,0.6,0.004728573974041694,-7.188997004912711,10,0.017913147671041504,0.6
RQ2 lgbm/L (decay_ocp_cqr): adaptiv vs const,RQ2,lgbm/L/42/decay_ocp_cqr,lgbm_const/L/42/decay_ocp_cqr,-0.07454788689080451,0.8,0.5,0.10435802721403387,-5.870920518127373,10,0.1935698260478908,0.5
RQ2 lgbm/L (dtaci_cqr): adaptiv vs const,RQ2,lgbm/L/42/dtaci_cqr,lgbm_const/L/42/dtaci_cqr,-0.008958975512448385,0.6,0.2,0.6123588204828028,-1.0877956577651846,10,0.7506160380029643,0.1
RQ2 lgbm/L (mondrian_cqr): adaptiv vs const,RQ2,lgbm/L/42/mondrian_cqr,lgbm_const/L/42/mondrian_cqr,-0.008195063953646942,0.5,0.4,0.3119023470221832,-1.4613672841773977,10,0.4469909387936998,0.1
RQ2 lgbm/L (native): adaptiv vs const,RQ2,lgbm/L/42/native,lgbm_const/L/42/native,-0.07279083188466848,0.8,0.4,0.21386595779695172,-4.422249838842211,10,0.35634345655312305,0.4
RQ2 lgbm/L (pid_cqr): adaptiv vs const,RQ2,lgbm/L/42/pid_cqr,lgbm_const/L/42/pid_cqr,-0.015653631802832094,0.6,0.2,0.5466749794648016,-0.8624742644984632,10,0.6989757577427609,0.1
RQ2 lgbm/L (pid_local_cqr): adaptiv vs const,RQ2,lgbm/L/42/pid_local_cqr,lgbm_const/L/42/pid_local_cqr,-0.014457743011167026,0.7,0.2,0.6428612954952939,-1.8920625524232266,10,0.7743475322231934,0.1
RQ2 lgbm/L (pid_tan_cqr): adaptiv vs const,RQ2,lgbm/L/42/pid_tan_cqr,lgbm_const/L/42/pid_tan_cqr,0.008812086400257635,0.5,0.1,0.45068688333526474,0.2753231248133704,10,0.6143200196898368,0.0
RQ2 lgbm/L (saocp_cqr): adaptiv vs const,RQ2,lgbm/L/42/saocp_cqr,lgbm_const/L/42/saocp_cqr,-0.06608400108901608,0.8,0.4,0.19676175217424974,-3.4933917745982015,10,0.3450130157665624,0.3
RQ2 lgbm/L (sfogd_cqr): adaptiv vs const,RQ2,lgbm/L/42/sfogd_cqr,lgbm_const/L/42/sfogd_cqr,-0.005309833487524397,0.6,0.2,0.5089972480090936,-1.732551811416536,10,0.6644539945546598,0.1
RQ2 lgbm/L (spci_cqr): adaptiv vs const,RQ2,lgbm/L/42/spci_cqr,lgbm_const/L/42/spci_cqr,-0.025359451348726178,0.6,0.2,0.26022519779400866,-1.4694389189672448,10,0.4213889684200635,0.2
F10 arma vs arma_monthly (aci_cqr),F10,arma/L/42/aci_cqr,arma_monthly/L/42/aci_cqr,-0.00042971950047649365,0.5,0.1,0.24616900248043228,0.5589099048584848,10,0.40285519758252614,0.0
F10 arma vs arma_monthly (agaci_cqr),F10,arma/L/42/agaci_cqr,arma_monthly/L/42/agaci_cqr,0.0004632389755828971,0.5,0.0,0.42795437440317263,0.31059142912597815,10,0.5943655587525682,0.0
F10 arma vs arma_monthly (cqr_rolling),F10,arma/L/42/cqr_rolling,arma_monthly/L/42/cqr_rolling,0.0022787689192530665,0.5,0.4,0.17360543196984224,1.166010424971609,10,0.313786779106862,0.3
F10 arma vs arma_monthly (cqr_static),F10,arma/L/42/cqr_static,arma_monthly/L/42/cqr_static,0.06388975754925812,0.1,0.8,1.7728783848758312e-06,39.150764907101056,10,1.6281802225808185e-05,0.6
F10 arma vs arma_monthly (decay_ocp_cqr),F10,arma/L/42/decay_ocp_cqr,arma_monthly/L/42/decay_ocp_cqr,0.024979924949170576,0.2,0.6,0.02011404229929581,13.489029987817416,10,0.052469588203467976,0.5
F10 arma vs arma_monthly (dtaci_cqr),F10,arma/L/42/dtaci_cqr,arma_monthly/L/42/dtaci_cqr,0.002800757650758829,0.5,0.0,0.34912586447876837,0.5923392616127984,10,0.5168879540697513,0.0
F10 arma vs arma_monthly (mondrian_cqr),F10,arma/L/42/mondrian_cqr,arma_monthly/L/42/mondrian_cqr,-0.010540783536568524,0.5,0.2,0.21764385031465394,-0.16442663338854244,10,0.3708519177962266,0.2
F10 arma vs arma_monthly (native),F10,arma/L/42/native,arma_monthly/L/42/native,0.015591949941522224,0.1,0.6,0.06559307524332081,6.066365906425408,10,0.14934383751718286,0.5
F10 arma vs arma_monthly (pid_cqr),F10,arma/L/42/pid_cqr,arma_monthly/L/42/pid_cqr,0.007364576864046652,0.3,0.1,0.3464652935513456,0.8725268252524334,10,0.5132275756823816,0.0
F10 arma vs arma_monthly (pid_local_cqr),F10,arma/L/42/pid_local_cqr,arma_monthly/L/42/pid_local_cqr,0.007684331266959845,0.2,0.3,0.4754851749041862,3.4372978908620437,10,0.6374547306429099,0.2
F10 arma vs arma_monthly (pid_tan_cqr),F10,arma/L/42/pid_tan_cqr,arma_monthly/L/42/pid_tan_cqr,0.0023253736422364207,0.4,0.2,0.47984006294471593,-1.0567552251305692,10,0.6395572635928009,0.2
F10 arma vs arma_monthly (saocp_cqr),F10,arma/L/42/saocp_cqr,arma_monthly/L/42/saocp_cqr,0.005657608121329303,0.5,0.3,0.30685386317233854,2.0149990075501094,10,0.46405965226378143,0.3
F10 arma vs arma_monthly (sfogd_cqr),F10,arma/L/42/sfogd_cqr,arma_monthly/L/42/sfogd_cqr,0.017919622042597602,0.3,0.3,0.39003048315972044,3.132835016849002,10,0.542014372852084,0.1
F10 arma vs arma_monthly (spci_cqr),F10,arma/L/42/spci_cqr,arma_monthly/L/42/spci_cqr,-0.003491854398886224,0.6,0.0,0.7053657798105419,0.22393977324367587,10,0.8192194740232064,0.0
