label,rq,country,n,dbar,dbar_norm,t_hln,p_hln,q_hln
XM tirex2/ZS/cqr_static vs tirex2_cov/ZS/native,XM,AT,127,-0.0010381928072200881,-0.005990431996328572,-1.3041597939471248,0.1945564988775661,0.45370465868246185
XM tirex2/ZS/cqr_static vs tirex2_cov/ZS/native,XM,BE,127,-0.0009801959428261753,-0.00451143342341317,-0.7596791749955064,0.44886538936300324,0.6934789259609309
XM tirex2/ZS/cqr_static vs tirex2_cov/ZS/native,XM,ES,127,-0.002397159394316795,-0.006031915957913451,-0.5943646658948776,0.5533339661886014,0.7501472227535845
XM tirex2/ZS/cqr_static vs tirex2_cov/ZS/native,XM,FI,127,-0.000754241377819287,-0.004265273311858212,-0.27949089046494086,0.7803263947956283,0.8729074924832453
XM tirex2/ZS/cqr_static vs tirex2_cov/ZS/native,XM,FR,127,0.0014382597358207694,0.00720963499487822,0.32719244752,0.7440652862080999,0.8555454510406724
XM tirex2/ZS/cqr_static vs tirex2_cov/ZS/native,XM,GR,127,-0.0364802292763717,-0.02065698147019914,-1.4640277861865423,0.14567679641224185,0.3876882485164501
XM tirex2/ZS/cqr_static vs tirex2_cov/ZS/native,XM,IE,127,0.014201452627895485,0.03440891334630755,1.4517171423719442,0.1490656762956728,0.39353338542057614
XM tirex2/ZS/cqr_static vs tirex2_cov/ZS/native,XM,IT,127,0.004262053831355744,0.006355209702131463,0.7568832447827659,0.4505327994013588,0.6934789259609309
XM tirex2/ZS/cqr_static vs tirex2_cov/ZS/native,XM,NL,127,0.0006283657628250734,0.004142569138225932,0.42011417653062705,0.6751175954883111,0.8205849226929748
XM tirex2/ZS/cqr_static vs tirex2_cov/ZS/native,XM,PT,127,0.03494639752418043,0.04721632058013466,1.2350451277173977,0.21911177343271016,0.4792014379808381
XM tirex2/ZS/cqr_static vs lgbm/G/decay_ocp_cqr,XM,AT,127,0.002948915997531291,0.01701541430767372,0.43077901242215355,0.6673650797546955,0.8187006554611506
XM tirex2/ZS/cqr_static vs lgbm/G/decay_ocp_cqr,XM,BE,127,-0.006633612219311981,-0.03053175245541009,-1.0399166031057998,0.3003700334627586,0.5784877385151398
XM tirex2/ZS/cqr_static vs lgbm/G/decay_ocp_cqr,XM,ES,127,-0.014844995957660317,-0.037354115134964755,-1.1265031037227582,0.2620935340247159,0.5422624841890674
XM tirex2/ZS/cqr_static vs lgbm/G/decay_ocp_cqr,XM,FI,127,-0.000508399343204191,-0.0028750241157607685,-0.11972520063785824,0.9048915249912055,0.946751562528015
XM tirex2/ZS/cqr_static vs lgbm/G/decay_ocp_cqr,XM,FR,127,-0.0024484236182895393,-0.012273332946105898,-0.37861335816461866,0.705612190232138,0.8377670734242095
XM tirex2/ZS/cqr_static vs lgbm/G/decay_ocp_cqr,XM,GR,127,-0.2537455663840577,-0.14368378617443803,-3.3088862519247266,0.0012214438975488573,0.02760561824282526
XM tirex2/ZS/cqr_static vs lgbm/G/decay_ocp_cqr,XM,IE,127,-0.0570401393670829,-0.138203412296571,-2.7493929766987315,0.006848956208045154,0.067664141426835
XM tirex2/ZS/cqr_static vs lgbm/G/decay_ocp_cqr,XM,IT,127,-0.005585380383763751,-0.008328440937053793,-0.29977042243085567,0.7648462365671769,0.8635970822309795
XM tirex2/ZS/cqr_static vs lgbm/G/decay_ocp_cqr,XM,NL,127,-0.0037487781316825307,-0.024714224601520014,-0.4948755420188309,0.6215498155803267,0.7955700059251531
XM tirex2/ZS/cqr_static vs lgbm/G/decay_ocp_cqr,XM,PT,127,-0.0034906867095542016,-0.004716291074325605,-0.08467917290634608,0.9326508526797608,0.967845224478997
XM tirex2/ZS/cqr_static vs tirex/ZS/native,XM,AT,127,-0.012000276370311359,-0.06924228239067298,-3.232635170628866,0.0015656910578569772,0.02952445994816014
XM tirex2/ZS/cqr_static vs tirex/ZS/native,XM,BE,127,-0.0038821501196838566,-0.017867919096003722,-0.8018569904197204,0.4241453779436073,0.668926088878552
XM tirex2/ZS/cqr_static vs tirex/ZS/native,XM,ES,127,-0.012905285180084405,-0.03247326640177842,-1.2505769561559725,0.213406247760642,0.4746760561539669
XM tirex2/ZS/cqr_static vs tirex/ZS/native,XM,FI,127,-0.0038502722837793894,-0.02177348538325134,-0.9472793792113625,0.3453096384711807,0.60936995024326
XM tirex2/ZS/cqr_static vs tirex/ZS/native,XM,FR,127,-0.002205050099553167,-0.011053362593179981,-0.3121501623213821,0.7554423772247505,0.8592832945466601
XM tirex2/ZS/cqr_static vs tirex/ZS/native,XM,GR,127,-0.039493837506752186,-0.022363441396801905,-0.7401950451579821,0.46055866714770577,0.6944012443840777
XM tirex2/ZS/cqr_static vs tirex/ZS/native,XM,IE,127,-0.005332264201847461,-0.012919623201121546,-0.4810079527251374,0.631345066907089,0.798561483268268
XM tirex2/ZS/cqr_static vs tirex/ZS/native,XM,IT,127,0.003355720527528725,0.005003763091234454,0.1621533340847502,0.8714448565495987,0.9291657598105576
XM tirex2/ZS/cqr_static vs tirex/ZS/native,XM,NL,127,0.004486413706592682,0.029577166774152345,1.0790973223684805,0.28260572421827823,0.564507606879257
XM tirex2/ZS/cqr_static vs tirex/ZS/native,XM,PT,127,0.05233603298194766,0.0707115779089477,1.9783440216378396,0.05007148277274265,0.21459206902603994
XM tirex2/ZS/cqr_static vs lstm_const/G/agaci_cqr,XM,AT,127,-0.0026661436559514296,-0.01538380169111891,-0.3571999640306751,0.7215396782342944,0.8414727914158606
XM tirex2/ZS/cqr_static vs lstm_const/G/agaci_cqr,XM,BE,127,-0.012030359362286585,-0.055370730433961866,-1.3399944577240501,0.18265868344304637,0.44204799664995004
XM tirex2/ZS/cqr_static vs lstm_const/G/agaci_cqr,XM,ES,127,-0.008634926899164194,-0.021727864021878776,-0.5399823174511217,0.5901623246937997,0.7743680602344091
XM tirex2/ZS/cqr_static vs lstm_const/G/agaci_cqr,XM,FI,127,-0.0032600107227131686,-0.018435526266356098,-0.6577523457300867,0.5118971507894385,0.7292188844010793
XM tirex2/ZS/cqr_static vs lstm_const/G/agaci_cqr,XM,FR,127,-0.00635277038670354,-0.03184484314877007,-0.7110468456354793,0.4783694107019034,0.7036287115884732
XM tirex2/ZS/cqr_static vs lstm_const/G/agaci_cqr,XM,GR,127,-0.19471763103336379,-0.11025913422047774,-3.17359434115924,0.0018921972269456688,0.0314375426172675
XM tirex2/ZS/cqr_static vs lstm_const/G/agaci_cqr,XM,IE,127,-0.017773967050679202,-0.043064812318257664,-1.2583292856666748,0.21059940570922864,0.47117155175624037
XM tirex2/ZS/cqr_static vs lstm_const/G/agaci_cqr,XM,IT,127,-0.057113272202304895,-0.08516242074425062,-2.2673386948026346,0.02507309078320641,0.15043854469923845
XM tirex2/ZS/cqr_static vs lstm_const/G/agaci_cqr,XM,NL,127,-0.0028539417540454364,-0.01881491916340171,-0.4390674150461191,0.6613647091314925,0.8174170562299345
XM tirex2/ZS/cqr_static vs lstm_const/G/agaci_cqr,XM,PT,127,0.030701536835709625,0.04148105980121839,1.0094737436498564,0.3146821212555393,0.588261067200863
XM tirex2/ZS/cqr_static vs lgbm_const/G/cqr_rolling,XM,AT,127,-0.005439345538134175,-0.03138533548308284,-0.6610425344538421,0.5097919338396397,0.7292188844010793
XM tirex2/ZS/cqr_static vs lgbm_const/G/cqr_rolling,XM,BE,127,-0.013715350551699028,-0.06312604265057249,-1.343583952710313,0.18149764561240112,0.4420237863623053
XM tirex2/ZS/cqr_static vs lgbm_const/G/cqr_rolling,XM,ES,127,-0.018913707850688046,-0.04759211943867976,-1.3058321201149423,0.1939887503031954,0.45370465868246185
XM tirex2/ZS/cqr_static vs lgbm_const/G/cqr_rolling,XM,FI,127,-0.0014297165759744514,-0.008085119875889675,-0.24563905587879103,0.8063613164198724,0.8914547216702107
XM tirex2/ZS/cqr_static vs lgbm_const/G/cqr_rolling,XM,FR,127,-0.006283269446632846,-0.03149645238371493,-0.7433658897729168,0.458644038929124,0.6944012443840777
XM tirex2/ZS/cqr_static vs lgbm_const/G/cqr_rolling,XM,GR,127,-0.36856376875336533,-0.20869975580598252,-4.136521239664702,6.395997408747967e-05,0.005276697862217072
XM tirex2/ZS/cqr_static vs lgbm_const/G/cqr_rolling,XM,IE,127,-0.04529255643461698,-0.1097400167733707,-1.9102650958613931,0.05837162421068931,0.22796018922517716
XM tirex2/ZS/cqr_static vs lgbm_const/G/cqr_rolling,XM,IT,127,-0.05823212284440464,-0.086830755011546,-2.170418581860524,0.03185035949168058,0.17321432685736896
XM tirex2/ZS/cqr_static vs lgbm_const/G/cqr_rolling,XM,NL,127,-0.007360018058413496,-0.0485217137364262,-1.1368265080526272,0.25776822855966763,0.536678330755144
XM tirex2/ZS/cqr_static vs lgbm_const/G/cqr_rolling,XM,PT,127,-0.04362691704887792,-0.05894463084148961,-0.9164453717630413,0.36118406798312686,0.6240353007038317
XM tirex2/ZS/cqr_static vs xlstm/L/native,XM,AT,127,-0.008548768545816357,-0.049326884437959045,-0.7327483784046549,0.46507287192110613,0.6960274273649207
XM tirex2/ZS/cqr_static vs xlstm/L/native,XM,BE,127,-0.011977769802874528,-0.055128682608942256,-1.4692113218278848,0.14426785315451918,0.38549304891490954
XM tirex2/ZS/cqr_static vs xlstm/L/native,XM,ES,127,-0.0249464849952799,-0.06277225506723703,-1.2321063090481876,0.2202036887455312,0.4796515992476917
XM tirex2/ZS/cqr_static vs xlstm/L/native,XM,FI,127,-0.009564683400974588,-0.05408877057965479,-1.3120992946925827,0.19187201502958584,0.4506602488239383
XM tirex2/ZS/cqr_static vs xlstm/L/native,XM,FR,127,0.0003981714625291262,0.001995933584675948,0.042339335624017295,0.9662952083803562,0.9872365906053175
XM tirex2/ZS/cqr_static vs xlstm/L/native,XM,GR,127,-0.29697533982886565,-0.16816270658486154,-3.4439962658796732,0.0007788320702646345,0.02570145831873294
XM tirex2/ZS/cqr_static vs xlstm/L/native,XM,IE,127,-0.07694901435951294,-0.1864409252036229,-3.3965980413762535,0.0009133413023130199,0.026048480646374016
XM tirex2/ZS/cqr_static vs xlstm/L/native,XM,IT,127,-0.049463584011464695,-0.07375586077753998,-1.4369944892845576,0.1531981251064194,0.3965392948031233
XM tirex2/ZS/cqr_static vs xlstm/L/native,XM,NL,127,-0.009077183436602337,-0.05984231190035803,-1.359311342796439,0.17647583131180333,0.4365383411964465
XM tirex2/ZS/cqr_static vs xlstm/L/native,XM,PT,127,-0.03231343949316283,-0.04365891268478443,-0.8382973306004564,0.4034511926245845,0.6591034334956084
XM tirex2/ZS/cqr_static vs rw/L/aci_cqr,XM,AT,127,-0.017384781384768434,-0.10031118490923706,-1.7615989111112724,0.08056255696400294,0.26768641166844187
XM tirex2/ZS/cqr_static vs rw/L/aci_cqr,XM,BE,127,-0.008932830951533076,-0.04111409806925985,-1.0490166914410235,0.296178397485082,0.5749345362945709
XM tirex2/ZS/cqr_static vs rw/L/aci_cqr,XM,ES,127,-0.012598659900229875,-0.03170171240205728,-0.9167645422539278,0.3610174107736921,0.6240353007038317
XM tirex2/ZS/cqr_static vs rw/L/aci_cqr,XM,FI,127,-0.007045207594041878,-0.03984100688595132,-1.0630098495144185,0.28981056402625427,0.5724884588989803
XM tirex2/ZS/cqr_static vs rw/L/aci_cqr,XM,FR,127,-0.006409986265250165,-0.03213165198444748,-0.7042343179554909,0.482586403425203,0.7050380534839094
XM tirex2/ZS/cqr_static vs rw/L/aci_cqr,XM,GR,127,-0.24645511085029576,-0.13955555540786843,-3.2920674441239037,0.0012906602458993,0.02760561824282526
XM tirex2/ZS/cqr_static vs rw/L/aci_cqr,XM,IE,127,-0.010063377589127892,-0.024382709044517566,-0.7402680043201494,0.4605145619612663,0.6944012443840777
XM tirex2/ZS/cqr_static vs rw/L/aci_cqr,XM,IT,127,-0.04400830056648558,-0.06562140925504943,-1.8660511405665903,0.0643592797848549,0.24128390994480783
XM tirex2/ZS/cqr_static vs rw/L/aci_cqr,XM,NL,127,-0.006383714637770302,-0.04208532802101478,-1.074510007024605,0.2846475363888963,0.564507606879257
XM tirex2/ZS/cqr_static vs rw/L/aci_cqr,XM,PT,127,0.05191139619819806,0.07013784819910378,1.7550598237276842,0.08167962252951155,0.26768641166844187
XM tirex2/ZS/cqr_static vs xlstm_const/L/spci_cqr,XM,AT,127,-0.020259286836071245,-0.11689724610071558,-2.044689960875473,0.04296827156697525,0.19693791134863656
XM tirex2/ZS/cqr_static vs xlstm_const/L/spci_cqr,XM,BE,127,-0.024852689274924,-0.1143865712536186,-2.7226707351191313,0.007393980838756198,0.067664141426835
XM tirex2/ZS/cqr_static vs xlstm_const/L/spci_cqr,XM,ES,127,-0.0570591132072658,-0.143576508226892,-3.113212485643286,0.0022907211798226523,0.032866869101803274
XM tirex2/ZS/cqr_static vs xlstm_const/L/spci_cqr,XM,FI,127,-0.02250681312003822,-0.12727717168399624,-2.1656235716416528,0.03222346584123725,0.17321432685736896
XM tirex2/ZS/cqr_static vs xlstm_const/L/spci_cqr,XM,FR,127,-0.03518616632466014,-0.1763794186486827,-2.8617781938067375,0.004934321299496336,0.05519749250284037
XM tirex2/ZS/cqr_static vs xlstm_const/L/spci_cqr,XM,GR,127,-0.12981679419164105,-0.07350894348337542,-2.0089768809634583,0.046676692888621085,0.2033704530818877
XM tirex2/ZS/cqr_static vs xlstm_const/L/spci_cqr,XM,IE,127,-0.07239254710903081,-0.17540099211402027,-3.70652758384386,0.00031340642085786463,0.01591140290509159
XM tirex2/ZS/cqr_static vs xlstm_const/L/spci_cqr,XM,IT,127,-0.07006585636887509,-0.10447620508865829,-1.7642979441930065,0.08010515927861239,0.26768641166844187
XM tirex2/ZS/cqr_static vs xlstm_const/L/spci_cqr,XM,NL,127,0.004072495895489242,0.02684836891233046,0.4936048883489701,0.6224445477140823,0.7955700059251531
XM tirex2/ZS/cqr_static vs xlstm_const/L/spci_cqr,XM,PT,127,0.007889132133794954,0.010659061257188632,0.1807638638872032,0.8568433601154157,0.919539215733617
XM tirex2/ZS/cqr_static vs lstm/L/pid_cqr,XM,AT,127,-0.012395906785707818,-0.07152509256102826,-2.0550145780733016,0.041944297008834175,0.19633500727539402
XM tirex2/ZS/cqr_static vs lstm/L/pid_cqr,XM,BE,127,-0.02096577724137086,-0.09649673505262527,-1.9476138750257979,0.053685230696641106,0.2173757807348658
XM tirex2/ZS/cqr_static vs lstm/L/pid_cqr,XM,ES,127,-0.024574460186154494,-0.0618361377659748,-1.698514128729517,0.09187882830382632,0.28845038156362374
XM tirex2/ZS/cqr_static vs lstm/L/pid_cqr,XM,FI,127,-0.013832971214840752,-0.07822615502341163,-2.095286749124397,0.038147537110692076,0.18244474270330993
XM tirex2/ZS/cqr_static vs lstm/L/pid_cqr,XM,FR,127,-0.015360532850872913,-0.07699849507254117,-1.328792221878415,0.1863179216581765,0.4460463087809341
XM tirex2/ZS/cqr_static vs lstm/L/pid_cqr,XM,GR,127,-0.20629913886795004,-0.11681717942692521,-2.584902164139062,0.01087942676028808,0.08253358231942681
XM tirex2/ZS/cqr_static vs lstm/L/pid_cqr,XM,IE,127,-0.0665471564031585,-0.161238106982214,-3.472123598806962,0.0007080525622467082,0.025368741446981237
XM tirex2/ZS/cqr_static vs lstm/L/pid_cqr,XM,IT,127,-0.043441958281339225,-0.0647769281368594,-1.4894077449089296,0.13887887527145315,0.37876056892214494
XM tirex2/ZS/cqr_static vs lstm/L/pid_cqr,XM,NL,127,-0.005647082935485254,-0.037229003987055,-0.6987171998453837,0.4860164565596592,0.706543747421531
XM tirex2/ZS/cqr_static vs lstm/L/pid_cqr,XM,PT,127,0.02493414218652359,0.033688692806031026,0.6927010414521335,0.4897719276254755,0.7088804215631882
XM tirex2/ZS/cqr_static vs arma_monthly/L/dtaci_cqr,XM,AT,127,-0.026797573860842628,-0.15462353694186118,-2.4256663458869694,0.01669722939026297,0.11312339496072599
XM tirex2/ZS/cqr_static vs arma_monthly/L/dtaci_cqr,XM,BE,127,-0.013482273551108034,-0.06205328635282318,-1.7084496096794934,0.09001526528495463,0.2856253610003368
XM tirex2/ZS/cqr_static vs arma_monthly/L/dtaci_cqr,XM,ES,127,-0.020496584669292946,-0.05157507525054197,-1.4746647179417465,0.1427969926022823,0.3831138825914891
XM tirex2/ZS/cqr_static vs arma_monthly/L/dtaci_cqr,XM,FI,127,-0.012569821132116226,-0.07108297712949439,-1.6452506099858935,0.1024105987012276,0.3072317961036828
XM tirex2/ZS/cqr_static vs arma_monthly/L/dtaci_cqr,XM,FR,127,-0.006175805434270001,-0.030957762267510673,-0.7291992791668689,0.467233082691608,0.6961034640552173
XM tirex2/ZS/cqr_static vs arma_monthly/L/dtaci_cqr,XM,GR,127,-0.2756823794764129,-0.15610553764236282,-3.3828536226457544,0.0009562456455063373,0.026048480646374016
XM tirex2/ZS/cqr_static vs arma_monthly/L/dtaci_cqr,XM,IE,127,-0.003840678579604942,-0.009305637944181901,-0.2544665029582909,0.7995500107334776,0.8854077300068712
XM tirex2/ZS/cqr_static vs arma_monthly/L/dtaci_cqr,XM,IT,127,-0.051574421398227654,-0.07690336073197172,-1.6967303032170635,0.09221671289382516,0.28845038156362374
XM tirex2/ZS/cqr_static vs arma_monthly/L/dtaci_cqr,XM,NL,127,-0.01749986095958668,-0.11536972289594628,-2.2423278821892243,0.026688628903349,0.15428694647060526
XM tirex2/ZS/cqr_static vs arma_monthly/L/dtaci_cqr,XM,PT,127,0.04610700795711382,0.062295498904789075,1.2696159047695645,0.20656138651181677,0.46712445684132026
XM tirex2/ZS/cqr_static vs arma/L/dtaci_cqr,XM,AT,127,-0.02577338568048078,-0.14871391244510762,-2.116177039886094,0.036297249247485786,0.17688843148486616
XM tirex2/ZS/cqr_static vs arma/L/dtaci_cqr,XM,BE,127,-0.015347481887207741,-0.07063806298926487,-2.0271012373931026,0.04476193592501465,0.20234847746924434
XM tirex2/ZS/cqr_static vs arma/L/dtaci_cqr,XM,ES,127,-0.022944179133288712,-0.05773389979132075,-1.6288109066459675,0.10585081868431923,0.31556538939264894
XM tirex2/ZS/cqr_static vs arma/L/dtaci_cqr,XM,FI,127,-0.016368530757640117,-0.09256487306059777,-2.01789479229178,0.04572600998490639,0.2033704530818877
XM tirex2/ZS/cqr_static vs arma/L/dtaci_cqr,XM,FR,127,-0.00557356755643348,-0.02793889497174119,-0.6529287448526296,0.5149917948008513,0.7309560958463696
XM tirex2/ZS/cqr_static vs arma/L/dtaci_cqr,XM,GR,127,-0.29212208071712253,-0.1654145417424249,-3.2089337713466186,0.0016898908368738752,0.03098133200935438
XM tirex2/ZS/cqr_static vs arma/L/dtaci_cqr,XM,IE,127,-0.006325240458021168,-0.01532552031945635,-0.4313928081973419,0.6669199789370905,0.8187006554611506
XM tirex2/ZS/cqr_static vs arma/L/dtaci_cqr,XM,IT,127,-0.051293847967421737,-0.07648499365821496,-1.686772824143367,0.09412141299579657,0.2916438149165528
XM tirex2/ZS/cqr_static vs arma/L/dtaci_cqr,XM,NL,127,-0.01535569848402151,-0.10123410026322324,-1.9578041818955514,0.05246320562805229,0.2173757807348658
XM tirex2/ZS/cqr_static vs arma/L/dtaci_cqr,XM,PT,127,0.05164760867150963,0.06978144303841322,1.3794112543352124,0.17021131398104017,0.42877659247132255
XM tirex2_cov/ZS/native vs lgbm/G/decay_ocp_cqr,XM,AT,127,0.00398710880475138,0.023005846304002295,0.6108119032963957,0.5424243908807953,0.74438707229384
XM tirex2_cov/ZS/native vs lgbm/G/decay_ocp_cqr,XM,BE,127,-0.005653416276485804,-0.026020319031996916,-0.9036603057730253,0.36789999860566236,0.6290518110874019
XM tirex2_cov/ZS/native vs lgbm/G/decay_ocp_cqr,XM,ES,127,-0.01244783656334352,-0.0313221991770513,-1.1382354685308766,0.25718180952154523,0.536678330755144
XM tirex2_cov/ZS/native vs lgbm/G/decay_ocp_cqr,XM,FI,127,0.0002458420346150961,0.0013902491960974437,0.0652926680020787,0.9480444606330483,0.9807356489307396
XM tirex2_cov/ZS/native vs lgbm/G/decay_ocp_cqr,XM,FR,127,-0.0038866833541103094,-0.01948296794098412,-0.5800070960301484,0.5629455761868156,0.7571564271460407
XM tirex2_cov/ZS/native vs lgbm/G/decay_ocp_cqr,XM,GR,127,-0.21726533710768606,-0.12302680470423893,-3.463003199567581,0.0007303122537767326,0.025368741446981237
XM tirex2_cov/ZS/native vs lgbm/G/decay_ocp_cqr,XM,IE,127,-0.07124159199497838,-0.17261232564287854,-4.735602879680321,5.78302411757825e-06,0.0009541989794004113
XM tirex2_cov/ZS/native vs lgbm/G/decay_ocp_cqr,XM,IT,127,-0.009847434215119496,-0.014683650639185258,-0.5481409133133079,0.5845649734780314,0.7716257649910014
XM tirex2_cov/ZS/native vs lgbm/G/decay_ocp_cqr,XM,NL,127,-0.004377143894507603,-0.028856793739745944,-0.6106969298336561,0.542500275414147,0.74438707229384
XM tirex2_cov/ZS/native vs lgbm/G/decay_ocp_cqr,XM,PT,127,-0.038437084233734625,-0.05193261165446025,-1.7102724429624794,0.08967672797556059,0.2856253610003368
XM tirex2_cov/ZS/native vs tirex/ZS/native,XM,AT,127,-0.01096208356309127,-0.06325185039434442,-2.8288423502163225,0.005437290348617951,0.059810193834797465
XM tirex2_cov/ZS/native vs tirex/ZS/native,XM,BE,127,-0.0029019541768576813,-0.01335648567259055,-0.6032025108824502,0.5474582470530864,0.7480795922464536
XM tirex2_cov/ZS/native vs tirex/ZS/native,XM,ES,127,-0.010508125785767609,-0.026441350443864964,-1.1321313265031039,0.25972916756489983,0.5390605364554525
XM tirex2_cov/ZS/native vs tirex/ZS/native,XM,FI,127,-0.0030960309059601026,-0.01750821207139313,-0.9958681893413647,0.32122285558978847,0.5938573800819619
XM tirex2_cov/ZS/native vs tirex/ZS/native,XM,FR,127,-0.003643309835373936,-0.018262997588058202,-0.6650745766195044,0.5072183102625607,0.7292188844010793
XM tirex2_cov/ZS/native vs tirex/ZS/native,XM,GR,127,-0.0030136082303804904,-0.0017064599266027683,-0.06566821897730504,0.9477460537519293,0.9807356489307396
XM tirex2_cov/ZS/native vs tirex/ZS/native,XM,IE,127,-0.019533716829742948,-0.0473285365474291,-2.653009857568033,0.009004668346990208,0.0757491994047842
XM tirex2_cov/ZS/native vs tirex/ZS/native,XM,IT,127,-0.0009063333038270193,-0.0013514466108970097,-0.046107412314126975,0.9632976351169606,0.9865608473053475
XM tirex2_cov/ZS/native vs tirex/ZS/native,XM,NL,127,0.0038580479437676086,0.025434597635926415,0.7841897584425429,0.43440053990585037,0.6777880764488446
XM tirex2_cov/ZS/native vs tirex/ZS/native,XM,PT,127,0.017389635457767224,0.023495257328813034,1.3167551335877903,0.1903106702720998,0.4485894370699495
XM tirex2_cov/ZS/native vs lstm_const/G/agaci_cqr,XM,AT,127,-0.0016279508487313417,-0.009393369694790338,-0.2271964815532212,0.8206391846170311,0.8997040894472434
XM tirex2_cov/ZS/native vs lstm_const/G/agaci_cqr,XM,BE,127,-0.01105016341946041,-0.0508592970105487,-1.2738992086307113,0.20504393091383877,0.46712445684132026
XM tirex2_cov/ZS/native vs lstm_const/G/agaci_cqr,XM,ES,127,-0.006237767504847398,-0.015695948063965324,-0.40689840726600135,0.6847729769371225,0.8269586008080406
XM tirex2_cov/ZS/native vs lstm_const/G/agaci_cqr,XM,FI,127,-0.0025057693448938823,-0.01417025295449789,-0.6176383246600681,0.5379284514306271,0.7414039342733084
XM tirex2_cov/ZS/native vs lstm_const/G/agaci_cqr,XM,FR,127,-0.00779103012252431,-0.0390544781436483,-0.8056419272121971,0.4219671424231799,0.668926088878552
XM tirex2_cov/ZS/native vs lstm_const/G/agaci_cqr,XM,GR,127,-0.15823740175699208,-0.0896021527502786,-3.283758546179667,0.0013261909728539134,0.02760561824282526
XM tirex2_cov/ZS/native vs lstm_const/G/agaci_cqr,XM,IE,127,-0.03197541967857468,-0.0774737256645652,-2.677639383074005,0.00840210927218843,0.07393856159525818
XM tirex2_cov/ZS/native vs lstm_const/G/agaci_cqr,XM,IT,127,-0.061375326033660645,-0.0915176304463821,-2.5250587333262833,0.012808892437861097,0.09289965943943213
XM tirex2_cov/ZS/native vs lstm_const/G/agaci_cqr,XM,NL,127,-0.0034823075168705104,-0.022957488301627648,-0.568670138367462,0.5705922041942153,0.7607896055922871
XM tirex2_cov/ZS/native vs lstm_const/G/agaci_cqr,XM,PT,127,-0.004244860688470821,-0.005735260778916291,-0.16836096102426013,0.8665692729392669,0.9284670781492146
XM tirex2_cov/ZS/native vs lgbm_const/G/cqr_rolling,XM,AT,127,-0.004401152730914089,-0.02539490348675428,-0.5557263534662213,0.579383369841965,0.7683890220048847
XM tirex2_cov/ZS/native vs lgbm_const/G/cqr_rolling,XM,BE,127,-0.012735154608872853,-0.058614609227159324,-1.2673289888681927,0.20737494826440428,0.46712445684132026
XM tirex2_cov/ZS/native vs lgbm_const/G/cqr_rolling,XM,ES,127,-0.01651654845637125,-0.041560203480766306,-1.3181223938057667,0.18985396026382229,0.4485894370699495
XM tirex2_cov/ZS/native vs lgbm_const/G/cqr_rolling,XM,FI,127,-0.0006754751981551631,-0.0038198465640314557,-0.132213889562656,0.8950260151724594,0.9457030901759179
XM tirex2_cov/ZS/native vs lgbm_const/G/cqr_rolling,XM,FR,127,-0.007721529182453615,-0.03870608737859314,-0.9826112012222505,0.3276818505905512,0.597276847364253
XM tirex2_cov/ZS/native vs lgbm_const/G/cqr_rolling,XM,GR,127,-0.3320835394769936,-0.18804277433578337,-4.540315208973865,1.2952945463329257e-05,0.0014894978089025862
XM tirex2_cov/ZS/native vs lgbm_const/G/cqr_rolling,XM,IE,127,-0.05949400906251248,-0.1441489301196783,-2.743593132215982,0.006964046860808759,0.067664141426835
XM tirex2_cov/ZS/native vs lgbm_const/G/cqr_rolling,XM,IT,127,-0.062494176675760384,-0.09318596471367746,-2.5678739976925335,0.011399942894895654,0.0854995717117174
XM tirex2_cov/ZS/native vs lgbm_const/G/cqr_rolling,XM,NL,127,-0.007988383821238568,-0.05266428287465213,-1.2755033171349877,0.20447775570468818,0.46712445684132026
XM tirex2_cov/ZS/native vs lgbm_const/G/cqr_rolling,XM,PT,127,-0.07857331457305834,-0.10616095142162427,-2.399987802366801,0.017858829089164585,0.11601029646249884
XM tirex2_cov/ZS/native vs xlstm/L/native,XM,AT,127,-0.00751057573859627,-0.04333645244163048,-0.6571909732780824,0.5122568010708115,0.7292188844010793
XM tirex2_cov/ZS/native vs xlstm/L/native,XM,BE,127,-0.010997573860048352,-0.05061724918552908,-1.3251627591893427,0.18751517629546366,0.4467870626534513
XM tirex2_cov/ZS/native vs xlstm/L/native,XM,ES,127,-0.02254932560096311,-0.05674033910932359,-1.277232275984294,0.2038688036276728,0.46712445684132026
XM tirex2_cov/ZS/native vs xlstm/L/native,XM,FI,127,-0.008810442023155304,-0.0498234972677966,-1.3168701386432853,0.19027222328117,0.4485894370699495
XM tirex2_cov/ZS/native vs xlstm/L/native,XM,FR,127,-0.001040088273291644,-0.005213701410202276,-0.12330435453152237,0.9020625643994502,0.9465203378436203
XM tirex2_cov/ZS/native vs xlstm/L/native,XM,GR,127,-0.2604951105524939,-0.1475057251146624,-3.6652013612443373,0.00036281244792557565,0.016239126407186222
XM tirex2_cov/ZS/native vs xlstm/L/native,XM,IE,127,-0.09115046698740845,-0.22084983854993048,-4.491411234862463,1.5797704033815307e-05,0.0014894978089025862
XM tirex2_cov/ZS/native vs xlstm/L/native,XM,IT,127,-0.05372563784282044,-0.08011107047967145,-1.6151747518802064,0.10877420826577722,0.3219326343292061
XM tirex2_cov/ZS/native vs xlstm/L/native,XM,NL,127,-0.00970554919942741,-0.06398488103858396,-1.3927838134694317,0.16613787798778734,0.4233629323240913
XM tirex2_cov/ZS/native vs xlstm/L/native,XM,PT,127,-0.06725983701734325,-0.09087523326491909,-2.1781727781387166,0.03125492507140204,0.17321432685736896
XM tirex2_cov/ZS/native vs rw/L/aci_cqr,XM,AT,127,-0.016346588577548348,-0.09432075291290849,-1.6844312195944589,0.09457392780640994,0.29167659977677834
XM tirex2_cov/ZS/native vs rw/L/aci_cqr,XM,BE,127,-0.007952635008706901,-0.03660266464584668,-0.9542596330621842,0.3417793923181729,0.6080172477897415
XM tirex2_cov/ZS/native vs rw/L/aci_cqr,XM,ES,127,-0.01020150050591308,-0.02566979644414383,-0.7855310863479249,0.4336169005612809,0.6777880764488446
XM tirex2_cov/ZS/native vs rw/L/aci_cqr,XM,FI,127,-0.006290966216222588,-0.03557573357409309,-1.0022119621325316,0.31816204798163383,0.5898509878311189
XM tirex2_cov/ZS/native vs rw/L/aci_cqr,XM,FR,127,-0.007848246001070933,-0.03934128697932569,-0.9330253617439123,0.3525913569883088,0.6156357026779995
XM tirex2_cov/ZS/native vs rw/L/aci_cqr,XM,GR,127,-0.20997488157392413,-0.11889857393766932,-3.395040465657403,0.0009181111160465605,0.026048480646374016
XM tirex2_cov/ZS/native vs rw/L/aci_cqr,XM,IE,127,-0.02426483021702337,-0.058791622390825096,-2.1797472748709277,0.031135209109918627,0.17321432685736896
XM tirex2_cov/ZS/native vs rw/L/aci_cqr,XM,IT,127,-0.04827035439784133,-0.07197661895718091,-2.187955720253709,0.030517513393456763,0.17215007555283304
XM tirex2_cov/ZS/native vs rw/L/aci_cqr,XM,NL,127,-0.007012080400595376,-0.046227897159240715,-1.1506243752670378,0.2520657844445102,0.5298198016986521
XM tirex2_cov/ZS/native vs rw/L/aci_cqr,XM,PT,127,0.016964998674017625,0.022921527618969113,0.8061597333635788,0.42166966128504835,0.668926088878552
XM tirex2_cov/ZS/native vs xlstm_const/L/spci_cqr,XM,AT,127,-0.01922109402885116,-0.11090681410438703,-1.9602522804580558,0.052173160172732214,0.2173757807348658
XM tirex2_cov/ZS/native vs xlstm_const/L/spci_cqr,XM,BE,127,-0.023872493332097827,-0.10987513783020543,-2.6081930459988363,0.010202092486904402,0.07921624754537536
XM tirex2_cov/ZS/native vs xlstm_const/L/spci_cqr,XM,ES,127,-0.05466195381294901,-0.13754459226897855,-3.23485950443803,0.0015544825046953648,0.02952445994816014
XM tirex2_cov/ZS/native vs xlstm_const/L/spci_cqr,XM,FI,127,-0.021752571742218927,-0.12301189837213801,-2.124459920236798,0.035585340891709505,0.17527108200394234
XM tirex2_cov/ZS/native vs xlstm_const/L/spci_cqr,XM,FR,127,-0.036624426060480914,-0.18358905364356096,-3.287602684828825,0.001309640531933054,0.02760561824282526
XM tirex2_cov/ZS/native vs xlstm_const/L/spci_cqr,XM,GR,127,-0.09333656491526936,-0.05285196201317628,-1.4369583937555113,0.15320836390120673,0.3965392948031233
XM tirex2_cov/ZS/native vs xlstm_const/L/spci_cqr,XM,IE,127,-0.08659399973692633,-0.20980990546032788,-4.856050569860716,3.479945565265652e-06,0.0009541989794004113
XM tirex2_cov/ZS/native vs xlstm_const/L/spci_cqr,XM,IT,127,-0.07432791020023084,-0.11083141479078977,-1.922477436461923,0.05680278732948296,0.22399773022973063
XM tirex2_cov/ZS/native vs xlstm_const/L/spci_cqr,XM,NL,127,0.0034441301326641693,0.02270579977410453,0.3885402036250228,0.6982720524715733,0.8348904975203594
XM tirex2_cov/ZS/native vs xlstm_const/L/spci_cqr,XM,PT,127,-0.02705726539038547,-0.03655725932294602,-0.8274359053284102,0.409554393468752,0.6666069338221573
XM tirex2_cov/ZS/native vs lstm/L/pid_cqr,XM,AT,127,-0.01135771397848773,-0.06553466056469968,-1.9379725668360293,0.05486347523400603,0.22079203447831697
XM tirex2_cov/ZS/native vs lstm/L/pid_cqr,XM,BE,127,-0.019985581298544684,-0.0919853016292121,-1.8743599342907502,0.06319645261090279,0.23971068231721746
XM tirex2_cov/ZS/native vs lstm/L/pid_cqr,XM,ES,127,-0.022177300791837697,-0.05580422180806134,-1.8082830223223851,0.07294742484470951,0.2586628373481525
XM tirex2_cov/ZS/native vs lstm/L/pid_cqr,XM,FI,127,-0.013078729837021465,-0.07396088171155342,-2.007489949138835,0.04683683161885899,0.2033704530818877
XM tirex2_cov/ZS/native vs lstm/L/pid_cqr,XM,FR,127,-0.01679879258669368,-0.08420813006741937,-1.538849244861093,0.12634867687364082,0.35334799464662264
XM tirex2_cov/ZS/native vs lstm/L/pid_cqr,XM,GR,127,-0.16981890959157833,-0.09616019795672608,-2.36361371633009,0.019626771830278278,0.1233682800760349
XM tirex2_cov/ZS/native vs lstm/L/pid_cqr,XM,IE,127,-0.08074860903105398,-0.19564702032852152,-4.908472178123284,2.7829559803294046e-06,0.0009541989794004113
XM tirex2_cov/ZS/native vs lstm/L/pid_cqr,XM,IT,127,-0.047704012112694975,-0.07113213783899087,-1.769411200909839,0.07924448445826715,0.26720684446876397
XM tirex2_cov/ZS/native vs lstm/L/pid_cqr,XM,NL,127,-0.006275448698310327,-0.04137157312528093,-0.8059502901488781,0.42178997202774626,0.668926088878552
XM tirex2_cov/ZS/native vs lstm/L/pid_cqr,XM,PT,127,-0.010012255337656836,-0.01352762777410363,-0.41742568454027074,0.6770774811672857,0.8209659913303962
XM tirex2_cov/ZS/native vs arma_monthly/L/dtaci_cqr,XM,AT,127,-0.025759381053622542,-0.1486331049455326,-2.3744517473079494,0.019084474033790988,0.12228886274079663
XM tirex2_cov/ZS/native vs arma_monthly/L/dtaci_cqr,XM,BE,127,-0.012502077608281856,-0.05754185292941,-1.5867396035893924,0.11507806917425101,0.3316660508952213
XM tirex2_cov/ZS/native vs arma_monthly/L/dtaci_cqr,XM,ES,127,-0.018099425274976145,-0.045543159292628504,-1.4389272148055756,0.15265066025005902,0.3965392948031233
XM tirex2_cov/ZS/native vs arma_monthly/L/dtaci_cqr,XM,FI,127,-0.01181557975429694,-0.06681770381763619,-1.6006591203971114,0.11195679445488871,0.32781186852877814
XM tirex2_cov/ZS/native vs arma_monthly/L/dtaci_cqr,XM,FR,127,-0.0076140651700907684,-0.03816739726238888,-0.9765263364912806,0.3306748494100813,0.5979326044127498
XM tirex2_cov/ZS/native vs arma_monthly/L/dtaci_cqr,XM,GR,127,-0.23920215020004107,-0.13544855617216361,-3.0897755240601605,0.002465374604591064,0.03389890081312713
XM tirex2_cov/ZS/native vs arma_monthly/L/dtaci_cqr,XM,IE,127,-0.018042131207500426,-0.04371455129048945,-1.6968884541012355,0.09218671588673932,0.28845038156362374
XM tirex2_cov/ZS/native vs arma_monthly/L/dtaci_cqr,XM,IT,127,-0.0558364752295834,-0.08325857043410317,-1.9492112288326802,0.05349210060266474,0.2173757807348658
XM tirex2_cov/ZS/native vs arma_monthly/L/dtaci_cqr,XM,NL,127,-0.018128226722411753,-0.11951229203417221,-2.44456352625355,0.015885775917320988,0.11036433795191423
XM tirex2_cov/ZS/native vs arma_monthly/L/dtaci_cqr,XM,PT,127,0.011160610432933388,0.015079178324654417,0.37453050963040013,0.7086392540391966,0.8380122752963612
XM tirex2_cov/ZS/native vs arma/L/dtaci_cqr,XM,AT,127,-0.02473519287326069,-0.14272348044877906,-2.065460098057325,0.04092967031400829,0.19295416005175337
XM tirex2_cov/ZS/native vs arma/L/dtaci_cqr,XM,BE,127,-0.01436728594438157,-0.06612662956585172,-1.9298093630452104,0.05587807221878771,0.22216582930361378
XM tirex2_cov/ZS/native vs arma/L/dtaci_cqr,XM,ES,127,-0.02054701973897192,-0.051701983833407315,-1.6274264380231915,0.10614472188661828,0.31556538939264894
XM tirex2_cov/ZS/native vs arma/L/dtaci_cqr,XM,FI,127,-0.015614289379820833,-0.08829959974873958,-1.9477853385970254,0.053664471489788035,0.2173757807348658
XM tirex2_cov/ZS/native vs arma/L/dtaci_cqr,XM,FR,127,-0.007011827292254248,-0.0351485299666194,-0.8935863679906121,0.3732468486351701,0.6310247181445621
XM tirex2_cov/ZS/native vs arma/L/dtaci_cqr,XM,GR,127,-0.25564185144075086,-0.14475756027222578,-2.922539656775358,0.004116620157566198,0.05031424637025353
XM tirex2_cov/ZS/native vs arma/L/dtaci_cqr,XM,IE,127,-0.02052669308591665,-0.04973443366576389,-1.9881158107711954,0.04896649300302025,0.21122800903263636
XM tirex2_cov/ZS/native vs arma/L/dtaci_cqr,XM,IT,127,-0.055555901798777486,-0.08284020336034643,-1.9479661916445807,0.05364258284285772,0.2173757807348658
XM tirex2_cov/ZS/native vs arma/L/dtaci_cqr,XM,NL,127,-0.015984064246846584,-0.10537666940144917,-2.1399397069635038,0.034287137536093804,0.17321432685736896
XM tirex2_cov/ZS/native vs arma/L/dtaci_cqr,XM,PT,127,0.016701211147329198,0.022565122458278557,0.5446502668037436,0.5869567354859866,0.7721254284632284
XM lgbm/G/decay_ocp_cqr vs tirex/ZS/native,XM,AT,127,-0.014949192367842652,-0.08625769669834672,-1.7565597262227488,0.08142227819013859,0.26768641166844187
XM lgbm/G/decay_ocp_cqr vs tirex/ZS/native,XM,BE,127,0.0027514620996281244,0.01266383335940637,0.3511355172339195,0.7260731263143936,0.8436339847846103
XM lgbm/G/decay_ocp_cqr vs tirex/ZS/native,XM,ES,127,0.0019397107775759117,0.004880848733186335,0.1576360970690892,0.8749958980020995,0.9314472462602995
XM lgbm/G/decay_ocp_cqr vs tirex/ZS/native,XM,FI,127,-0.0033418729405751985,-0.018898461267490573,-0.721541130905638,0.47191345110376104,0.6983472594809019
XM lgbm/G/decay_ocp_cqr vs tirex/ZS/native,XM,FR,127,0.00024337351873636874,0.001219970352925899,0.02546443109542353,0.979724804650336,0.9932340857244113
XM lgbm/G/decay_ocp_cqr vs tirex/ZS/native,XM,GR,127,0.21425172887730554,0.12132034477763615,2.728136795684876,0.007279392969065768,0.067664141426835
XM lgbm/G/decay_ocp_cqr vs tirex/ZS/native,XM,IE,127,0.05170787516523544,0.12528378909544943,3.402079753937434,0.0008967386395326571,0.026048480646374016
XM lgbm/G/decay_ocp_cqr vs tirex/ZS/native,XM,IT,127,0.008941100911292472,0.013332204028288242,0.29949066373331157,0.7650591578625434,0.8635970822309795
XM lgbm/G/decay_ocp_cqr vs tirex/ZS/native,XM,NL,127,0.008235191838275214,0.054291391375672376,0.9393827504389374,0.3493315949234739,0.6117381253591259
XM lgbm/G/decay_ocp_cqr vs tirex/ZS/native,XM,PT,127,0.05582671969150185,0.07542786898327329,2.239403648890213,0.026883331581999403,0.15428694647060526
XM lgbm/G/decay_ocp_cqr vs lstm_const/G/agaci_cqr,XM,AT,127,-0.0056150596534827206,-0.03239921599879263,-0.8244688768000131,0.41123122657533506,0.6668614485005433
XM lgbm/G/decay_ocp_cqr vs lstm_const/G/agaci_cqr,XM,BE,127,-0.005396747142974606,-0.024838977978551783,-0.5744092272606164,0.566715008806618,0.7571564271460407
XM lgbm/G/decay_ocp_cqr vs lstm_const/G/agaci_cqr,XM,ES,127,0.006210069058496127,0.015626251113085986,0.4978166631437896,0.6194809943518087,0.7955700059251531
XM lgbm/G/decay_ocp_cqr vs lstm_const/G/agaci_cqr,XM,FI,127,-0.002751611379508977,-0.015560502150595327,-0.58220706227352,0.5614675444038757,0.7571564271460407
XM lgbm/G/decay_ocp_cqr vs lstm_const/G/agaci_cqr,XM,FR,127,-0.003904346768414003,-0.019571510202664184,-0.5518643821261737,0.5820187514634569,0.7698043606530693
XM lgbm/G/decay_ocp_cqr vs lstm_const/G/agaci_cqr,XM,GR,127,0.05902793535069395,0.03342465195396032,1.1025021658608087,0.2723448075741448,0.5513729233096183
XM lgbm/G/decay_ocp_cqr vs lstm_const/G/agaci_cqr,XM,IE,127,0.039266172316403676,0.09513859997831328,2.40563715125898,0.017597297481498853,0.11601029646249884
XM lgbm/G/decay_ocp_cqr vs lstm_const/G/agaci_cqr,XM,IT,127,-0.05152789181854114,-0.07683397980719682,-1.9537830257932283,0.052942583924000086,0.2173757807348658
XM lgbm/G/decay_ocp_cqr vs lstm_const/G/agaci_cqr,XM,NL,127,0.0008948363776370972,0.005899305438118324,0.29348093469578784,0.7696374110751356,0.86682711827575
XM lgbm/G/decay_ocp_cqr vs lstm_const/G/agaci_cqr,XM,PT,127,0.03419222354526381,0.04619735087554397,1.0224914496679816,0.3085074963298302,0.5808599671124701
XM lgbm/G/decay_ocp_cqr vs lgbm_const/G/cqr_rolling,XM,AT,127,-0.008388261535665466,-0.048400749790756564,-1.6735850273510249,0.09669301758081272,0.29682507722482043
XM lgbm/G/decay_ocp_cqr vs lgbm_const/G/cqr_rolling,XM,BE,127,-0.007081738332387048,-0.032594290195162405,-0.9393857778699788,0.34933004722977845,0.6117381253591259
XM lgbm/G/decay_ocp_cqr vs lgbm_const/G/cqr_rolling,XM,ES,127,-0.00406871189302773,-0.010238004303715008,-0.5187823264084653,0.6048224872417034,0.7842491976022087
XM lgbm/G/decay_ocp_cqr vs lgbm_const/G/cqr_rolling,XM,FI,127,-0.0009213172327702589,-0.005210095760128897,-0.1649170221846812,0.8692735833748171,0.9286205038366895
XM lgbm/G/decay_ocp_cqr vs lgbm_const/G/cqr_rolling,XM,FR,127,-0.0038348458283433075,-0.019223119437609033,-0.5747448535895847,0.5664886636467386,0.7571564271460407
XM lgbm/G/decay_ocp_cqr vs lgbm_const/G/cqr_rolling,XM,GR,127,-0.11481820236930763,-0.06501596963154449,-1.8146478309015015,0.07195692472499626,0.25810636042661705
XM lgbm/G/decay_ocp_cqr vs lgbm_const/G/cqr_rolling,XM,IE,127,0.011747582932465896,0.028463395523200232,0.6929938571178087,0.4895887779359649,0.7088804215631882
XM lgbm/G/decay_ocp_cqr vs lgbm_const/G/cqr_rolling,XM,IT,127,-0.052646742460640904,-0.07850231407449222,-2.2551849986707664,0.025847119727395285,0.15267273612348986
XM lgbm/G/decay_ocp_cqr vs lgbm_const/G/cqr_rolling,XM,NL,127,-0.0036112399267309633,-0.02380748913490617,-0.8401397240915165,0.4024214183002084,0.6590524468440138
XM lgbm/G/decay_ocp_cqr vs lgbm_const/G/cqr_rolling,XM,PT,127,-0.04013623033932371,-0.054228339767164,-1.5214365298781798,0.1306559782652459,0.36232330107169025
XM lgbm/G/decay_ocp_cqr vs xlstm/L/native,XM,AT,127,-0.011497684543347646,-0.06634229874563276,-1.0818704094190013,0.28137630815430503,0.5644631105831043
XM lgbm/G/decay_ocp_cqr vs xlstm/L/native,XM,BE,127,-0.0053441575835625485,-0.024596930153532166,-0.8265329541731186,0.4100642653512059,0.6666069338221573
XM lgbm/G/decay_ocp_cqr vs xlstm/L/native,XM,ES,127,-0.01010148903761959,-0.025418139932272293,-0.7457905269304282,0.4571830393331773,0.6944012443840777
XM lgbm/G/decay_ocp_cqr vs xlstm/L/native,XM,FI,127,-0.009056284057770394,-0.051213746463894004,-1.3394134802663566,0.1828471258870248,0.44204799664995004
XM lgbm/G/decay_ocp_cqr vs xlstm/L/native,XM,FR,127,0.002846595080818663,0.014269266530781834,0.31260506815459577,0.7550975108939619,0.8592832945466601
XM lgbm/G/decay_ocp_cqr vs xlstm/L/native,XM,GR,127,-0.04322977344480791,-0.024478920410423495,-0.6598195267517687,0.5105739357035886,0.7292188844010793
XM lgbm/G/decay_ocp_cqr vs xlstm/L/native,XM,IE,127,-0.019908874992430083,-0.048237512907052006,-0.7822856181298281,0.4355144097424768,0.6779233736557421
XM lgbm/G/decay_ocp_cqr vs xlstm/L/native,XM,IT,127,-0.04387820362770095,-0.06542741984048621,-1.475037190916361,0.1426969576715913,0.3831138825914891
XM lgbm/G/decay_ocp_cqr vs xlstm/L/native,XM,NL,127,-0.005328405304919804,-0.035128087298838005,-0.9660046384375522,0.335892321716067,0.6020912436475513
XM lgbm/G/decay_ocp_cqr vs xlstm/L/native,XM,PT,127,-0.028822752783608636,-0.03894262161045883,-0.9610849563738995,0.3383501798530706,0.603543564062234
XM lgbm/G/decay_ocp_cqr vs rw/L/aci_cqr,XM,AT,127,-0.020333697382299735,-0.11732659921691084,-2.8634407715234795,0.004910098240862082,0.05519749250284037
XM lgbm/G/decay_ocp_cqr vs rw/L/aci_cqr,XM,BE,127,-0.0022992187322210924,-0.010582345613849745,-0.3108481808984782,0.7564296880781962,0.8592832945466601
XM lgbm/G/decay_ocp_cqr vs rw/L/aci_cqr,XM,ES,127,0.002246336057430446,0.005652402732907481,0.1840195146277095,0.8542939726386511,0.9190550928701033
XM lgbm/G/decay_ocp_cqr vs rw/L/aci_cqr,XM,FI,127,-0.006536808250837684,-0.03696598277019053,-0.9283183136898786,0.35501741266694586,0.6182361275994308
XM lgbm/G/decay_ocp_cqr vs rw/L/aci_cqr,XM,FR,127,-0.003961562646960625,-0.019858319038341576,-0.42707474705258935,0.6700537788034056,0.8190941757308752
XM lgbm/G/decay_ocp_cqr vs rw/L/aci_cqr,XM,GR,127,0.007290455533761959,0.004128230766569623,0.12838048518856812,0.8980525602821605,0.9457030901759179
XM lgbm/G/decay_ocp_cqr vs rw/L/aci_cqr,XM,IE,127,0.046976761777955005,0.11382070325205342,3.306017917854913,0.0012329974797216092,0.02760561824282526
XM lgbm/G/decay_ocp_cqr vs rw/L/aci_cqr,XM,IT,127,-0.03842292018272185,-0.05729296831799567,-1.8270912669777357,0.07005265457089727,0.25544061887730496
XM lgbm/G/decay_ocp_cqr vs rw/L/aci_cqr,XM,NL,127,-0.0026349365060877703,-0.017371103419494754,-0.6174084778406023,0.5380795219953254,0.7414039342733084
XM lgbm/G/decay_ocp_cqr vs rw/L/aci_cqr,XM,PT,127,0.055402082907752254,0.07485413927342938,1.7394295307348675,0.08440131126053463,0.2717310508875749
XM lgbm/G/decay_ocp_cqr vs xlstm_const/L/spci_cqr,XM,AT,127,-0.02320820283360254,-0.13391266040838934,-2.3639927656181747,0.019607578049860575,0.1233682800760349
XM lgbm/G/decay_ocp_cqr vs xlstm_const/L/spci_cqr,XM,BE,127,-0.018219077055612015,-0.08385481879820848,-1.8820376727957833,0.06213761305543364,0.23791390273984347
XM lgbm/G/decay_ocp_cqr vs xlstm_const/L/spci_cqr,XM,ES,127,-0.04221411724960549,-0.10622239309192726,-2.665505335811671,0.008694252022758864,0.07550271493448486
XM lgbm/G/decay_ocp_cqr vs xlstm_const/L/spci_cqr,XM,FI,127,-0.021998413776834022,-0.12440214756823544,-2.1410376678668626,0.03419663318481603,0.17321432685736896
XM lgbm/G/decay_ocp_cqr vs xlstm_const/L/spci_cqr,XM,FR,127,-0.0327377427063706,-0.16410608570257684,-2.9074443459804473,0.004307250216116554,0.051687002593398645
XM lgbm/G/decay_ocp_cqr vs xlstm_const/L/spci_cqr,XM,GR,127,0.12392877219241666,0.07017484269106262,1.5497331522956237,0.12371371677867837,0.3489361242475544
XM lgbm/G/decay_ocp_cqr vs xlstm_const/L/spci_cqr,XM,IE,127,-0.015352407741947923,-0.03719757981744928,-0.710542756989782,0.4786807447018553,0.7036287115884732
XM lgbm/G/decay_ocp_cqr vs xlstm_const/L/spci_cqr,XM,IT,127,-0.06448047598511134,-0.09614776415160449,-1.6615777719356752,0.09908360352550383,0.30158022865290424
XM lgbm/G/decay_ocp_cqr vs xlstm_const/L/spci_cqr,XM,NL,127,0.00782127402717177,0.05156259351385045,0.7921928795143859,0.42973717889027907,0.6753012811132957
XM lgbm/G/decay_ocp_cqr vs xlstm_const/L/spci_cqr,XM,PT,127,0.011379818843349153,0.015375352331514233,0.4541195526055351,0.6505240680285469,0.8146980738118424
XM lgbm/G/decay_ocp_cqr vs lstm/L/pid_cqr,XM,AT,127,-0.01534482278323911,-0.08854050686870199,-2.46920607913309,0.01488041602276935,0.10560295241965345
XM lgbm/G/decay_ocp_cqr vs lstm/L/pid_cqr,XM,BE,127,-0.014332165022058887,-0.06596498259721521,-1.2436851550885448,0.21592437787771712,0.4782217765076956
XM lgbm/G/decay_ocp_cqr vs lstm/L/pid_cqr,XM,ES,127,-0.009729464228494177,-0.024482022631010045,-1.0293921002857713,0.30526744668755557,0.5806239619993853
XM lgbm/G/decay_ocp_cqr vs lstm/L/pid_cqr,XM,FI,127,-0.01332457187163656,-0.07535113090765086,-2.0237809253715495,0.04510761092344473,0.2025239674113845
XM lgbm/G/decay_ocp_cqr vs lstm/L/pid_cqr,XM,FR,127,-0.012912109232583378,-0.06472516212643528,-1.380128290816889,0.16999099193148481,0.42877659247132255
XM lgbm/G/decay_ocp_cqr vs lstm/L/pid_cqr,XM,GR,127,0.04744642751610776,0.026866606747512876,0.7020988242332492,0.483912482163956,0.7050380534839094
XM lgbm/G/decay_ocp_cqr vs lstm/L/pid_cqr,XM,IE,127,-0.009507017036075595,-0.023034694685642988,-0.5197337992861241,0.6041609961911196,0.7842491976022087
XM lgbm/G/decay_ocp_cqr vs lstm/L/pid_cqr,XM,IT,127,-0.03785657789757547,-0.0564484871998056,-1.2800402196798477,0.20288267269855575,0.46712445684132026
XM lgbm/G/decay_ocp_cqr vs lstm/L/pid_cqr,XM,NL,127,-0.0018983048038027227,-0.01251477938553498,-0.43963177003216874,0.6609569394885955,0.8174170562299345
XM lgbm/G/decay_ocp_cqr vs lstm/L/pid_cqr,XM,PT,127,0.02842482889607779,0.038404983880356625,1.1455128387856857,0.25416783661594167,0.532542133861973
XM lgbm/G/decay_ocp_cqr vs arma_monthly/L/dtaci_cqr,XM,AT,127,-0.029746489858373932,-0.17163895124953496,-3.642011534663052,0.00039367579168936295,0.016239126407186222
XM lgbm/G/decay_ocp_cqr vs arma_monthly/L/dtaci_cqr,XM,BE,127,-0.006848661331796052,-0.031521533897413086,-0.9645381790602969,0.3366237407665855,0.6020912436475513
XM lgbm/G/decay_ocp_cqr vs arma_monthly/L/dtaci_cqr,XM,ES,127,-0.005651588711632625,-0.014220960115577205,-0.42468700699821615,0.671789165739475,0.819557947112853
XM lgbm/G/decay_ocp_cqr vs arma_monthly/L/dtaci_cqr,XM,FI,127,-0.01206142178891204,-0.06820795301373365,-1.4596171892241852,0.1468840204268702,0.3893311384808608
XM lgbm/G/decay_ocp_cqr vs arma_monthly/L/dtaci_cqr,XM,FR,127,-0.003727381815980465,-0.01868442932140479,-0.4489588178470656,0.654232587643349,0.8174170562299345
XM lgbm/G/decay_ocp_cqr vs arma_monthly/L/dtaci_cqr,XM,GR,127,-0.021936813092355054,-0.012421751467924713,-0.2723603282140031,0.7857907965970978,0.8769413346569022
XM lgbm/G/decay_ocp_cqr vs arma_monthly/L/dtaci_cqr,XM,IE,127,0.05319946078747794,0.12889777435238906,4.758520565600249,5.253511867753247e-06,0.0009541989794004113
XM lgbm/G/decay_ocp_cqr vs arma_monthly/L/dtaci_cqr,XM,IT,127,-0.045989041014463904,-0.06857491979491792,-1.4168404777626653,0.15899733473441002,0.4083200035980958
XM lgbm/G/decay_ocp_cqr vs arma_monthly/L/dtaci_cqr,XM,NL,127,-0.013751082827904154,-0.0906554982944263,-2.7429148926749165,0.006977619849447114,0.067664141426835
XM lgbm/G/decay_ocp_cqr vs arma_monthly/L/dtaci_cqr,XM,PT,127,0.049597694666668024,0.06701178997911468,1.4426719183057333,0.1515942222101534,0.3965392948031233
XM lgbm/G/decay_ocp_cqr vs arma/L/dtaci_cqr,XM,AT,127,-0.028722301678012076,-0.16572932675278138,-3.064730741387536,0.002665580203525142,0.03590373335360395
XM lgbm/G/decay_ocp_cqr vs arma/L/dtaci_cqr,XM,BE,127,-0.008713869667895766,-0.04010631053385481,-1.2777803235759575,0.20367605626473284,0.46712445684132026
XM lgbm/G/decay_ocp_cqr vs arma/L/dtaci_cqr,XM,ES,127,-0.0080991831756284,-0.02037978465635601,-0.6210573484431079,0.5356837895043622,0.7411976961695579
XM lgbm/G/decay_ocp_cqr vs arma/L/dtaci_cqr,XM,FI,127,-0.015860131414435926,-0.089689848944837,-1.7536143174759373,0.08192826538943221,0.26768641166844187
XM lgbm/G/decay_ocp_cqr vs arma/L/dtaci_cqr,XM,FR,127,-0.0031251439381439383,-0.01566556202563528,-0.3645599669723672,0.7160510254964669,0.8394203851290731
XM lgbm/G/decay_ocp_cqr vs arma/L/dtaci_cqr,XM,GR,127,-0.038376514333064875,-0.021730755567986895,-0.4321842137918271,0.6663462574524295,0.8187006554611506
XM lgbm/G/decay_ocp_cqr vs arma/L/dtaci_cqr,XM,IE,127,0.05071489890906174,0.12287789197711466,4.522462712541933,1.3928834273313484e-05,0.0014894978089025862
XM lgbm/G/decay_ocp_cqr vs arma/L/dtaci_cqr,XM,IT,127,-0.04570846758365797,-0.06815655272116114,-1.4261657359680922,0.15629347499392976,0.40294411521872514
XM lgbm/G/decay_ocp_cqr vs arma/L/dtaci_cqr,XM,NL,127,-0.011606920352338982,-0.07651987566170325,-2.6099964848558153,0.010151264795281056,0.07921624754537536
XM lgbm/G/decay_ocp_cqr vs arma/L/dtaci_cqr,XM,PT,127,0.05513829538106383,0.07449773411273883,1.5727445382532081,0.11828572020987882,0.336989616197768
XM tirex/ZS/native vs lstm_const/G/agaci_cqr,XM,AT,127,0.009334132714359927,0.05385848069955406,1.1583296828462275,0.24892030931130282,0.5265621927739098
XM tirex/ZS/native vs lstm_const/G/agaci_cqr,XM,BE,127,-0.00814820924260273,-0.03750281133795815,-0.8009528165085616,0.42466671400017164,0.668926088878552
XM tirex/ZS/native vs lstm_const/G/agaci_cqr,XM,ES,127,0.0042703582809202134,0.010745402379899648,0.28413965634930527,0.7767697663948336,0.8704041524967576
XM tirex/ZS/native vs lstm_const/G/agaci_cqr,XM,FI,127,0.0005902615610662204,0.0033379591168952397,0.12610372476098763,0.8998508191370855,0.9457030901759179
XM tirex/ZS/native vs lstm_const/G/agaci_cqr,XM,FR,127,-0.004147720287150373,-0.02079148055559009,-0.35708347485824565,0.7216266665778441,0.8414727914158606
XM tirex/ZS/native vs lstm_const/G/agaci_cqr,XM,GR,127,-0.15522379352661161,-0.08789569282367585,-2.6473966091101433,0.009147346637282006,0.0757491994047842
XM tirex/ZS/native vs lstm_const/G/agaci_cqr,XM,IE,127,-0.012441702848831742,-0.030145189117136123,-1.0508708610130444,0.2953292205909128,0.5749345362945709
XM tirex/ZS/native vs lstm_const/G/agaci_cqr,XM,IT,127,-0.06046899272983362,-0.09016618383548508,-1.8557750133647528,0.0658221061059967,0.24371577679792997
XM tirex/ZS/native vs lstm_const/G/agaci_cqr,XM,NL,127,-0.007340355460638121,-0.04839208593755408,-0.9391859131515613,0.3494322322127128,0.6117381253591259
XM tirex/ZS/native vs lstm_const/G/agaci_cqr,XM,PT,127,-0.021634496146238046,-0.029230518107729326,-0.8480489877962732,0.3980188197862031,0.6574589319878467
XM tirex/ZS/native vs lgbm_const/G/cqr_rolling,XM,AT,127,0.006560930832177183,0.03785694690759014,0.6869621641970268,0.4933689880881942,0.7125241403461885
XM tirex/ZS/native vs lgbm_const/G/cqr_rolling,XM,BE,127,-0.009833200432015174,-0.045258123554568784,-0.8433747952834793,0.4006170938171718,0.6577295570132672
XM tirex/ZS/native vs lgbm_const/G/cqr_rolling,XM,ES,127,-0.006008422670603644,-0.015118853036901348,-0.41627241055589287,0.6779188867804029,0.8209659913303962
XM tirex/ZS/native vs lgbm_const/G/cqr_rolling,XM,FI,127,0.002420555707804938,0.013688365507361664,0.441149510147746,0.6598608152963448,0.8174170562299345
XM tirex/ZS/native vs lgbm_const/G/cqr_rolling,XM,FR,127,-0.0040782193470796785,-0.020443089790534944,-0.3749335409997864,0.7083402344591996,0.8380122752963612
XM tirex/ZS/native vs lgbm_const/G/cqr_rolling,XM,GR,127,-0.3290699312466132,-0.18633631440918066,-4.056589250215621,8.671431669826646e-05,0.006359049891206207
XM tirex/ZS/native vs lgbm_const/G/cqr_rolling,XM,IE,127,-0.03996029223276953,-0.09682039357224918,-1.8083830823668938,0.07293176645726529,0.2586628373481525
XM tirex/ZS/native vs lgbm_const/G/cqr_rolling,XM,IT,127,-0.06158784337193335,-0.09183451810278043,-2.128976271484632,0.03520226548941974,0.17468793400764682
XM tirex/ZS/native vs lgbm_const/G/cqr_rolling,XM,NL,127,-0.01184643176500618,-0.07809888051057856,-1.4427253865503045,0.15157917890867179,0.3965392948031233
XM tirex/ZS/native vs lgbm_const/G/cqr_rolling,XM,PT,127,-0.09596295003082556,-0.1296562087504373,-2.625862992375831,0.009713826511634327,0.07724247587564645
XM tirex/ZS/native vs xlstm/L/native,XM,AT,127,0.0034515078244950013,0.019915397952713933,0.286491493502238,0.7749722447699745,0.869866805354053
XM tirex/ZS/native vs xlstm/L/native,XM,BE,127,-0.008095619683190673,-0.037260763512938534,-0.8856619488080962,0.3774868530645177,0.6339473868259076
XM tirex/ZS/native vs xlstm/L/native,XM,ES,127,-0.012041199815195499,-0.03029898866545862,-0.6253091181839162,0.5328990881778788,0.7411976961695579
XM tirex/ZS/native vs xlstm/L/native,XM,FI,127,-0.005714411117195199,-0.032315285196403455,-0.7386459787538917,0.4614956709483289,0.6944012443840777
XM tirex/ZS/native vs xlstm/L/native,XM,FR,127,0.0026032215620822928,0.013049296177855928,0.25787191771948764,0.7969264624759202,0.8845763892093339
XM tirex/ZS/native vs xlstm/L/native,XM,GR,127,-0.2574815023221135,-0.14579926518805966,-3.1601036567221503,0.001975197823965269,0.0314375426172675
XM tirex/ZS/native vs xlstm/L/native,XM,IE,127,-0.07161675015766553,-0.17352130200250146,-3.565036314334601,0.0005148753420629593,0.019989277985973712
XM tirex/ZS/native vs xlstm/L/native,XM,IT,127,-0.052819304538993424,-0.07875962386877444,-1.5354679998239522,0.12717620869212487,0.3541615938261705
XM tirex/ZS/native vs xlstm/L/native,XM,NL,127,-0.013563597143195018,-0.08941947867451037,-1.7687679621983077,0.07935233563011779,0.26720684446876397
XM tirex/ZS/native vs xlstm/L/native,XM,PT,127,-0.08464947247511048,-0.11437049059373212,-2.5262423974323442,0.01276793407574539,0.09289965943943213
XM tirex/ZS/native vs rw/L/aci_cqr,XM,AT,127,-0.0053845050144570835,-0.03106890251856412,-0.5053148656299603,0.6142204731160141,0.7933180278993529
XM tirex/ZS/native vs rw/L/aci_cqr,XM,BE,127,-0.005050680831849218,-0.02324617897325612,-0.5551380704383169,0.579784443876413,0.7683890220048847
XM tirex/ZS/native vs rw/L/aci_cqr,XM,ES,127,0.00030662527985453065,0.000771553999721137,0.020281441189391965,0.9838509425828683,0.9932340857244113
XM tirex/ZS/native vs rw/L/aci_cqr,XM,FI,127,-0.003194935310262486,-0.018067521502699968,-0.5206089464730111,0.603552859329104,0.7842491976022087
XM tirex/ZS/native vs rw/L/aci_cqr,XM,FR,127,-0.004204936165696999,-0.0210782893912675,-0.44571531011208215,0.6565678173317324,0.8174170562299345
XM tirex/ZS/native vs rw/L/aci_cqr,XM,GR,127,-0.2069612733435436,-0.11719211401106654,-2.925322065436549,0.004082339940981727,0.05031424637025353
XM tirex/ZS/native vs rw/L/aci_cqr,XM,IE,127,-0.004731113387280431,-0.01146308584339602,-0.38509376649362637,0.7008172350567579,0.8364183998869081
XM tirex/ZS/native vs rw/L/aci_cqr,XM,IT,127,-0.04736402109401431,-0.07062517234628389,-1.6081356770553157,0.11030838035031132,0.32501576353216727
XM tirex/ZS/native vs rw/L/aci_cqr,XM,NL,127,-0.010870128344362986,-0.07166249479516713,-1.54119443054165,0.12577720834450767,0.3532466276909577
XM tirex/ZS/native vs rw/L/aci_cqr,XM,PT,127,-0.0004246367837496012,-0.0005737297098439247,-0.017302167553057687,0.9862229241881133,0.9932340857244113
XM tirex/ZS/native vs xlstm_const/L/spci_cqr,XM,AT,127,-0.008259010465759891,-0.04765496371004264,-0.8791613164852063,0.38098738922148057,0.6382022255994345
XM tirex/ZS/native vs xlstm_const/L/spci_cqr,XM,BE,127,-0.020970539155240144,-0.09651865215761488,-2.0455801890066247,0.04287914598756992,0.19693791134863656
XM tirex/ZS/native vs xlstm_const/L/spci_cqr,XM,ES,127,-0.04415382802718141,-0.1111032418251136,-2.428133046736765,0.01658925907915787,0.11312339496072599
XM tirex/ZS/native vs xlstm_const/L/spci_cqr,XM,FI,127,-0.018656540836258825,-0.10550368630074487,-1.7984520862852165,0.07449949463774641,0.25878771821532964
XM tirex/ZS/native vs xlstm_const/L/spci_cqr,XM,FR,127,-0.03298111622510698,-0.16532605605550277,-2.6340137647291173,0.00949578578134247,0.07724247587564645
XM tirex/ZS/native vs xlstm_const/L/spci_cqr,XM,GR,127,-0.09032295668488888,-0.051145502086573515,-1.1035207178822775,0.2719041984596129,0.5513729233096183
XM tirex/ZS/native vs xlstm_const/L/spci_cqr,XM,IE,127,-0.06706028290718337,-0.16248136891289874,-3.6493999679297953,0.00038358273495386896,0.016239126407186222
XM tirex/ZS/native vs xlstm_const/L/spci_cqr,XM,IT,127,-0.07342157689640383,-0.10947996817989276,-1.7587235140640685,0.08105220181350181,0.26768641166844187
XM tirex/ZS/native vs xlstm_const/L/spci_cqr,XM,NL,127,-0.00041391781110344,-0.0027287978618218906,-0.04880387302373612,0.9611528714755426,0.9865608473053475
XM tirex/ZS/native vs xlstm_const/L/spci_cqr,XM,PT,127,-0.044446900848152684,-0.06005251665175904,-1.3560323858225527,0.17751407301368904,0.4365383411964465
XM tirex/ZS/native vs lstm/L/pid_cqr,XM,AT,127,-0.00039563041539645834,-0.0022828101703552726,-0.05426550640958047,0.956809578742023,0.9865608473053475
XM tirex/ZS/native vs lstm/L/pid_cqr,XM,BE,127,-0.017083627121687008,-0.07862881595662158,-1.39987361016278,0.1640085548443131,0.4195567682063823
XM tirex/ZS/native vs lstm/L/pid_cqr,XM,ES,127,-0.011669175006070088,-0.029362871364196377,-0.8022883395507864,0.42389680059121737,0.668926088878552
XM tirex/ZS/native vs lstm/L/pid_cqr,XM,FI,127,-0.009982698931061362,-0.05645266964016028,-1.5993351887760097,0.11225073073864222,0.32781186852877814
XM tirex/ZS/native vs lstm/L/pid_cqr,XM,FR,127,-0.013155482751319746,-0.06594513247936118,-1.0074821901173843,0.31563396662688104,0.588261067200863
XM tirex/ZS/native vs lstm/L/pid_cqr,XM,GR,127,-0.16680530136119778,-0.09445373803012327,-2.2542410801201442,0.02590810067550131,0.15267273612348986
XM tirex/ZS/native vs lstm/L/pid_cqr,XM,IE,127,-0.06121489220131103,-0.14831848378109241,-3.9249888248616864,0.0001418742245336002,0.00901362272055728
XM tirex/ZS/native vs lstm/L/pid_cqr,XM,IT,127,-0.04679767880886795,-0.06978069122809386,-1.691131095261099,0.09328385599686473,0.29041200451854116
XM tirex/ZS/native vs lstm/L/pid_cqr,XM,NL,127,-0.010133496642077938,-0.06680617076120736,-1.109453970979007,0.26934738829453475,0.5486706057851634
XM tirex/ZS/native vs lstm/L/pid_cqr,XM,PT,127,-0.027401890795424055,-0.03702288510291666,-1.1176258069991574,0.2658533169138959,0.5466142964584776
XM tirex/ZS/native vs arma_monthly/L/dtaci_cqr,XM,AT,127,-0.014797297490531271,-0.0853812545511882,-1.260982777758083,0.20964490673265246,0.470631423277383
XM tirex/ZS/native vs arma_monthly/L/dtaci_cqr,XM,BE,127,-0.009600123431424176,-0.04418536725681946,-1.005854868276811,0.3164131497822824,0.588261067200863
XM tirex/ZS/native vs arma_monthly/L/dtaci_cqr,XM,ES,127,-0.007591299489208538,-0.019101808848763543,-0.47910095349661125,0.6326972505447463,0.798561483268268
XM tirex/ZS/native vs arma_monthly/L/dtaci_cqr,XM,FI,127,-0.00871954884833684,-0.04930949174624307,-1.26953030708409,0.20659179526317972,0.46712445684132026
XM tirex/ZS/native vs arma_monthly/L/dtaci_cqr,XM,FR,127,-0.003970755334716834,-0.01990439967433069,-0.44409470225194025,0.6577358820801824,0.8174170562299345
XM tirex/ZS/native vs arma_monthly/L/dtaci_cqr,XM,GR,127,-0.2361885419696606,-0.13374209624556085,-2.736842992379001,0.007100206541691634,0.067664141426835
XM tirex/ZS/native vs arma_monthly/L/dtaci_cqr,XM,IE,127,0.0014915856222425161,0.003613985256939638,0.1296133363068064,0.8970790351444955,0.9457030901759179
XM tirex/ZS/native vs arma_monthly/L/dtaci_cqr,XM,IT,127,-0.054930141925756376,-0.08190712382320617,-1.8011451647693248,0.07407163069515277,0.2586628373481525
XM tirex/ZS/native vs arma_monthly/L/dtaci_cqr,XM,NL,127,-0.021986274666179365,-0.14494688967009864,-2.315088636937127,0.022225274400974993,0.1358211213392916
XM tirex/ZS/native vs arma_monthly/L/dtaci_cqr,XM,PT,127,-0.006229025024833833,-0.008416079004158614,-0.18789156696818954,0.8512639076726236,0.9190550928701033
XM tirex/ZS/native vs arma/L/dtaci_cqr,XM,AT,127,-0.013773109310169417,-0.07947163005443462,-1.0741241352854254,0.28481974710726154,0.564507606879257
XM tirex/ZS/native vs arma/L/dtaci_cqr,XM,BE,127,-0.01146533176752389,-0.05277014389326118,-1.2500329740577916,0.21360422526928513,0.4746760561539669
XM tirex/ZS/native vs arma/L/dtaci_cqr,XM,ES,127,-0.010038893953204312,-0.025260633389542347,-0.626716210583001,0.5319791461390837,0.7411976961695579
XM tirex/ZS/native vs arma/L/dtaci_cqr,XM,FI,127,-0.01251825847386073,-0.07079138767734644,-1.5873135513252934,0.11494801365509422,0.3316660508952213
XM tirex/ZS/native vs arma/L/dtaci_cqr,XM,FR,127,-0.0033685174568803124,-0.016885532378561205,-0.38011873313123506,0.7044972760205059,0.8377670734242095
XM tirex/ZS/native vs arma/L/dtaci_cqr,XM,GR,127,-0.25262824321037036,-0.14305110034562302,-2.6791736928505214,0.008365808552899257,0.07393856159525818
XM tirex/ZS/native vs arma/L/dtaci_cqr,XM,IE,127,-0.0009929762561737057,-0.0024058971183348004,-0.08748456605989496,0.9304252370505983,0.9670561518951101
XM tirex/ZS/native vs arma/L/dtaci_cqr,XM,IT,127,-0.05464956849495046,-0.08148875674944941,-1.8040930946310179,0.07360560931300841,0.2586628373481525
XM tirex/ZS/native vs arma/L/dtaci_cqr,XM,NL,127,-0.019842112190614197,-0.1308112670373756,-2.0697706114447874,0.040517143377562403,0.19238355848338984
XM tirex/ZS/native vs arma/L/dtaci_cqr,XM,PT,127,-0.0006884243104380159,-0.0009301348705344646,-0.02014153640692065,0.9839623262534987,0.9932340857244113
XM lstm_const/G/agaci_cqr vs lgbm_const/G/cqr_rolling,XM,AT,127,-0.0027732018821827456,-0.016001533791963934,-0.5266690645929287,0.5993493662045437,0.7842491976022087
XM lstm_const/G/agaci_cqr vs lgbm_const/G/cqr_rolling,XM,BE,127,-0.0016849911894124417,-0.0077553122166106195,-0.1858119455629967,0.8528910370246505,0.9190550928701033
XM lstm_const/G/agaci_cqr vs lgbm_const/G/cqr_rolling,XM,ES,127,-0.010278780951523856,-0.025864255416800992,-0.712909139159905,0.47722019707906904,0.7036287115884732
XM lstm_const/G/agaci_cqr vs lgbm_const/G/cqr_rolling,XM,FI,127,0.0018302941467387192,0.010350406390466435,0.5218098688410877,0.6027187959293787,0.7842491976022087
XM lstm_const/G/agaci_cqr vs lgbm_const/G/cqr_rolling,XM,FR,127,6.950094007069485e-05,0.00034839076505514984,0.01010454951660697,0.9919538544838284,0.99496891179229
XM lstm_const/G/agaci_cqr vs lgbm_const/G/cqr_rolling,XM,GR,127,-0.17384613772000157,-0.0984406215855048,-2.8148908163059945,0.005664134459359316,0.060295624889954005
XM lstm_const/G/agaci_cqr vs lgbm_const/G/cqr_rolling,XM,IE,127,-0.02751858938393779,-0.06667520445511307,-1.2222006237980434,0.22391322290525162,0.4846215505187304
XM lstm_const/G/agaci_cqr vs lgbm_const/G/cqr_rolling,XM,IT,127,-0.001118850642099763,-0.0016683342672953983,-0.045049704290769155,0.9641390098665896,0.9865608473053475
XM lstm_const/G/agaci_cqr vs lgbm_const/G/cqr_rolling,XM,NL,127,-0.00450607630436806,-0.02970679457302449,-1.3559583979775136,0.177537553352066,0.4365383411964465
XM lstm_const/G/agaci_cqr vs lgbm_const/G/cqr_rolling,XM,PT,127,-0.0743284538845875,-0.10042569064270795,-1.7731777365763526,0.07861537208687253,0.26720684446876397
XM lstm_const/G/agaci_cqr vs xlstm/L/native,XM,AT,127,-0.005882624889864927,-0.03394308274684013,-0.7380077467129423,0.46188203982516685,0.6944012443840777
XM lstm_const/G/agaci_cqr vs xlstm/L/native,XM,BE,127,5.258955941205919e-05,0.00024204782501962508,0.005227158340165524,0.9958376170149301,0.9958376170149301
XM lstm_const/G/agaci_cqr vs xlstm/L/native,XM,ES,127,-0.01631155809611571,-0.04104439104535826,-0.8010448792689286,0.42461361437225853,0.668926088878552
XM lstm_const/G/agaci_cqr vs xlstm/L/native,XM,FI,127,-0.00630467267826142,-0.0356532443132987,-0.991003584382397,0.32358312097283437,0.5948881889751273
XM lstm_const/G/agaci_cqr vs xlstm/L/native,XM,FR,127,0.006750941849232667,0.03384077673344602,0.7294686932121187,0.4670689026973234,0.6961034640552173
XM lstm_const/G/agaci_cqr vs xlstm/L/native,XM,GR,127,-0.10225770879550189,-0.05790357236438383,-1.5577592685181314,0.12179857035240849,0.3450088258909425
XM lstm_const/G/agaci_cqr vs xlstm/L/native,XM,IE,127,-0.05917504730883376,-0.14337611288536528,-2.240645773478194,0.02680047675168251,0.15428694647060526
XM lstm_const/G/agaci_cqr vs xlstm/L/native,XM,IT,127,0.007649688190840201,0.011406559966710639,0.19873300271560496,0.8427919220458073,0.9163800140860507
XM lstm_const/G/agaci_cqr vs xlstm/L/native,XM,NL,127,-0.006223241682556902,-0.04102739273695633,-1.238911521306468,0.2176812189246804,0.4792014379808381
XM lstm_const/G/agaci_cqr vs xlstm/L/native,XM,PT,127,-0.06301497632887244,-0.0851399724860028,-1.8635841693095136,0.06470795766701665,0.24128390994480783
XM lstm_const/G/agaci_cqr vs rw/L/aci_cqr,XM,AT,127,-0.014718637728817013,-0.0849273832181182,-2.1478669851468495,0.03363832232273056,0.17321432685736896
XM lstm_const/G/agaci_cqr vs rw/L/aci_cqr,XM,BE,127,0.0030975284107535124,0.014256632364702032,0.4789568517689318,0.6327994784080366,0.798561483268268
XM lstm_const/G/agaci_cqr vs rw/L/aci_cqr,XM,ES,127,-0.003963733001065678,-0.009973848380178497,-0.3592488786977466,0.7200102469949106,0.8414727914158606
XM lstm_const/G/agaci_cqr vs rw/L/aci_cqr,XM,FI,127,-0.0037851968713287078,-0.021405480619595213,-0.8454610736508138,0.3994561086774644,0.6574589319878467
XM lstm_const/G/agaci_cqr vs rw/L/aci_cqr,XM,FR,127,-5.721587854662413e-05,-0.00028680883567740244,-0.006907057871924836,0.9944999328806281,0.9958376170149301
XM lstm_const/G/agaci_cqr vs rw/L/aci_cqr,XM,GR,127,-0.051737479816932,-0.029296421187390696,-1.2346160233281043,0.21927096101547439,0.4792014379808381
XM lstm_const/G/agaci_cqr vs rw/L/aci_cqr,XM,IE,127,0.007710589461551309,0.0186821032737401,0.6232917467086121,0.534219443487475,0.7411976961695579
XM lstm_const/G/agaci_cqr vs rw/L/aci_cqr,XM,IT,127,0.013104971635819309,0.01954101148920118,0.7217018846169478,0.47181493661973506,0.6983472594809019
XM lstm_const/G/agaci_cqr vs rw/L/aci_cqr,XM,NL,127,-0.0035297728837248694,-0.02327040885761309,-1.0866773624630892,0.27925391351851414,0.5619133625677418
XM lstm_const/G/agaci_cqr vs rw/L/aci_cqr,XM,PT,127,0.02120985936248843,0.028656788397885383,0.8200449851633478,0.4137390589611947,0.668926088878552
XM lstm_const/G/agaci_cqr vs xlstm_const/L/spci_cqr,XM,AT,127,-0.017593143180119824,-0.10151344440959673,-1.8022155779255613,0.07390213378373911,0.2586628373481525
XM lstm_const/G/agaci_cqr vs xlstm_const/L/spci_cqr,XM,BE,127,-0.012822329912637416,-0.05901584081965673,-1.3281527276140093,0.1865284563992997,0.4460463087809341
XM lstm_const/G/agaci_cqr vs xlstm_const/L/spci_cqr,XM,ES,127,-0.04842418630810161,-0.1218486442050132,-2.7184273129415404,0.007484064127513568,0.067664141426835
XM lstm_const/G/agaci_cqr vs xlstm_const/L/spci_cqr,XM,FI,127,-0.019246802397325045,-0.10884164541764012,-2.0285760163539415,0.044609124543202094,0.20234847746924434
XM lstm_const/G/agaci_cqr vs xlstm_const/L/spci_cqr,XM,FR,127,-0.02883339593795661,-0.1445345754999127,-2.4233970462235757,0.01679711016083507,0.11312339496072599
XM lstm_const/G/agaci_cqr vs xlstm_const/L/spci_cqr,XM,GR,127,0.06490083684172275,0.03675019073710233,0.815816542791006,0.41614463588896067,0.668926088878552
XM lstm_const/G/agaci_cqr vs xlstm_const/L/spci_cqr,XM,IE,127,-0.0546185800583516,-0.13233617979576257,-2.783195599004582,0.0062119220129961406,0.0640604457590227
XM lstm_const/G/agaci_cqr vs xlstm_const/L/spci_cqr,XM,IT,127,-0.0129525841665702,-0.019313784344407673,-0.36675453744890407,0.7144172995731273,0.8389954051926406
XM lstm_const/G/agaci_cqr vs xlstm_const/L/spci_cqr,XM,NL,127,0.0069264376495346775,0.04566328807573216,0.753644319716176,0.4524688291502592,0.6944012443840777
XM lstm_const/G/agaci_cqr vs xlstm_const/L/spci_cqr,XM,PT,127,-0.022812404701914653,-0.030821998544029734,-0.5744016585075099,0.5667201136517335,0.7571564271460407
XM lstm_const/G/agaci_cqr vs lstm/L/pid_cqr,XM,AT,127,-0.009729763129756383,-0.05614129086990932,-1.7119995317534447,0.08935693010187906,0.2856253610003368
XM lstm_const/G/agaci_cqr vs lstm/L/pid_cqr,XM,BE,127,-0.008935417879084279,-0.04112600461866343,-1.1888249750571105,0.23674425833087365,0.504036162897989
XM lstm_const/G/agaci_cqr vs lstm/L/pid_cqr,XM,ES,127,-0.0159395332869903,-0.040108273744096014,-1.1896898889514764,0.23640524270583385,0.504036162897989
XM lstm_const/G/agaci_cqr vs lstm/L/pid_cqr,XM,FI,127,-0.010572960492127583,-0.05979062875705553,-2.04982343308942,0.0424565019943457,0.19693791134863656
XM lstm_const/G/agaci_cqr vs lstm/L/pid_cqr,XM,FR,127,-0.009007762464169374,-0.04515365192377109,-1.21343024744771,0.22723515959362728,0.4885185841426515
XM lstm_const/G/agaci_cqr vs lstm/L/pid_cqr,XM,GR,127,-0.011581507834586202,-0.00655804520644745,-0.1645950702489728,0.8695264717743547,0.9286205038366895
XM lstm_const/G/agaci_cqr vs lstm/L/pid_cqr,XM,IE,127,-0.04877318935247929,-0.1181732946639563,-2.357720316235219,0.01992733719477946,0.12407587309957023
XM lstm_const/G/agaci_cqr vs lstm/L/pid_cqr,XM,IT,127,0.01367131392096568,0.02038549260739124,0.4630584832004959,0.644121240196081,0.8097524162465017
XM lstm_const/G/agaci_cqr vs lstm/L/pid_cqr,XM,NL,127,-0.0027931411814398196,-0.018414084823653303,-0.6436607609414129,0.5209652766878781,0.7346946209700845
XM lstm_const/G/agaci_cqr vs lstm/L/pid_cqr,XM,PT,127,-0.005767394649186015,-0.00779236699518734,-0.20111756959106575,0.8409309455657581,0.9158653862597366
XM lstm_const/G/agaci_cqr vs arma_monthly/L/dtaci_cqr,XM,AT,127,-0.0241314302048912,-0.13923973525074226,-3.141405733932123,0.0020958361744845,0.0314375426172675
XM lstm_const/G/agaci_cqr vs arma_monthly/L/dtaci_cqr,XM,BE,127,-0.0014519141888214454,-0.006682555918861299,-0.21359951466912036,0.8312046239087252,0.9082699532777461
XM lstm_const/G/agaci_cqr vs arma_monthly/L/dtaci_cqr,XM,ES,127,-0.011861657770128754,-0.029847211228663195,-0.7044745781333328,0.4824373340822725,0.7050380534839094
XM lstm_const/G/agaci_cqr vs arma_monthly/L/dtaci_cqr,XM,FI,127,-0.009309810409403062,-0.052647450863138316,-1.7510240892253963,0.08237536681976865,0.26782138966033153
XM lstm_const/G/agaci_cqr vs arma_monthly/L/dtaci_cqr,XM,FR,127,0.00017696495243353836,0.0008870808812593985,0.023814592586301118,0.9810381740233347,0.9932340857244113
XM lstm_const/G/agaci_cqr vs arma_monthly/L/dtaci_cqr,XM,GR,127,-0.08096474844304899,-0.04584640342188502,-1.0216335826255993,0.30891189160072274,0.5808599671124701
XM lstm_const/G/agaci_cqr vs arma_monthly/L/dtaci_cqr,XM,IE,127,0.013933288471074258,0.03375917437407576,1.050883808978224,0.2953232964592407,0.5749345362945709
XM lstm_const/G/agaci_cqr vs arma_monthly/L/dtaci_cqr,XM,IT,127,0.005538850804077233,0.008259060012278897,0.260674933424437,0.7947687447994967,0.8845655507043302
XM lstm_const/G/agaci_cqr vs arma_monthly/L/dtaci_cqr,XM,NL,127,-0.01464591920554125,-0.0965548037325446,-3.096639342951254,0.002412988927760207,0.03388452536854759
XM lstm_const/G/agaci_cqr vs arma_monthly/L/dtaci_cqr,XM,PT,127,0.015405471121404212,0.02081443910357071,0.48903839722767956,0.6256647010291494,0.7955700059251531
XM lstm_const/G/agaci_cqr vs arma/L/dtaci_cqr,XM,AT,127,-0.02310724202452935,-0.13333011075398873,-2.7491514664846246,0.006853713958170138,0.067664141426835
XM lstm_const/G/agaci_cqr vs arma/L/dtaci_cqr,XM,BE,127,-0.003317122524921158,-0.015267332555303013,-0.4555574968451112,0.6494923096951557,0.8146980738118424
XM lstm_const/G/agaci_cqr vs arma/L/dtaci_cqr,XM,ES,127,-0.014309252234124525,-0.036006035769441995,-0.8471672635175214,0.39850816174688997,0.6574589319878467
XM lstm_const/G/agaci_cqr vs arma/L/dtaci_cqr,XM,FI,127,-0.013108520034926952,-0.0741293467942417,-2.1721412330162964,0.03171723573343033,0.17321432685736896
XM lstm_const/G/agaci_cqr vs arma/L/dtaci_cqr,XM,FR,127,0.0007792028302700626,0.003905948177028897,0.10026837126375127,0.9202906333222327,0.958031258663523
XM lstm_const/G/agaci_cqr vs arma/L/dtaci_cqr,XM,GR,127,-0.09740444968375883,-0.05515540752194722,-1.1135479240414885,0.2675929501838228,0.5467843564127648
XM lstm_const/G/agaci_cqr vs arma/L/dtaci_cqr,XM,IE,127,0.011448726592658035,0.02773929199880132,0.8754790946282918,0.3829791539105645,0.6399145356480318
XM lstm_const/G/agaci_cqr vs arma/L/dtaci_cqr,XM,IT,127,0.005819424234883165,0.008677427086035675,0.2713188717812904,0.7865898032074032,0.8769413346569022
XM lstm_const/G/agaci_cqr vs arma/L/dtaci_cqr,XM,NL,127,-0.012501756729976082,-0.08241918109982159,-2.991822962313065,0.0033371452923811606,0.042356074864837806
XM lstm_const/G/agaci_cqr vs arma/L/dtaci_cqr,XM,PT,127,0.020946071835800013,0.02830038323719484,0.6495467968149864,0.5171673780120118,0.7324688186436219
XM lgbm_const/G/cqr_rolling vs xlstm/L/native,XM,AT,127,-0.0031094230076821813,-0.0179415489548762,-0.3709034705812493,0.7113322896056482,0.8383559127495139
XM lgbm_const/G/cqr_rolling vs xlstm/L/native,XM,BE,127,0.001737580748824499,0.007997360041630236,0.185931909869524,0.8527971577263369,0.9190550928701033
XM lgbm_const/G/cqr_rolling vs xlstm/L/native,XM,ES,127,-0.006032777144591855,-0.015180135628557271,-0.43581656359257187,0.6637155596687858,0.8187006554611506
XM lgbm_const/G/cqr_rolling vs xlstm/L/native,XM,FI,127,-0.008134966825000142,-0.046003650703765143,-1.5720059482104538,0.11845695599679118,0.336989616197768
XM lgbm_const/G/cqr_rolling vs xlstm/L/native,XM,FR,127,0.0066814409091619726,0.03349238596839088,0.7565005520960658,0.45076130187460506,0.6934789259609309
XM lgbm_const/G/cqr_rolling vs xlstm/L/native,XM,GR,127,0.07158842892449967,0.04053704922112097,1.2220926680285507,0.22395389834577695,0.4846215505187304
XM lgbm_const/G/cqr_rolling vs xlstm/L/native,XM,IE,127,-0.03165645792489597,-0.07670090843025222,-1.153323058303109,0.2509609471276091,0.5291828278090159
XM lgbm_const/G/cqr_rolling vs xlstm/L/native,XM,IT,127,0.008768538832939966,0.01307489423400604,0.3216057277551406,0.7482843060493103,0.8586546610616809
XM lgbm_const/G/cqr_rolling vs xlstm/L/native,XM,NL,127,-0.0017171653781888395,-0.011320598163931826,-0.3029386751062604,0.7624361727752631,0.8635970822309795
XM lgbm_const/G/cqr_rolling vs xlstm/L/native,XM,PT,127,0.011313477555715079,0.015285718156705172,0.3158320291185134,0.7526525576422034,0.8592832945466601
XM lgbm_const/G/cqr_rolling vs rw/L/aci_cqr,XM,AT,127,-0.011945435846634267,-0.06892584942615426,-2.100980030014008,0.03763539808319294,0.18130921704311928
XM lgbm_const/G/cqr_rolling vs rw/L/aci_cqr,XM,BE,127,0.004782519600165954,0.022011944581312653,0.6565572355222804,0.5126629732759103,0.7292188844010793
XM lgbm_const/G/cqr_rolling vs rw/L/aci_cqr,XM,ES,127,0.006315047950458176,0.01589040703662249,0.5559152593884439,0.5792546073059754,0.7683890220048847
XM lgbm_const/G/cqr_rolling vs rw/L/aci_cqr,XM,FI,127,-0.005615491018067428,-0.031755887010061656,-1.2355484452836334,0.21892516155486197,0.4792014379808381
XM lgbm_const/G/cqr_rolling vs rw/L/aci_cqr,XM,FR,127,-0.00012671681861731876,-0.0006351996007325512,-0.017434096969487584,0.9861178843621468,0.9932340857244113
XM lgbm_const/G/cqr_rolling vs rw/L/aci_cqr,XM,GR,127,0.12210865790306955,0.06914420039811409,2.6019185602653194,0.010380722339307757,0.0796660086505014
XM lgbm_const/G/cqr_rolling vs rw/L/aci_cqr,XM,IE,127,0.0352291788454891,0.08535730772885318,1.820913609510777,0.07099275054897092,0.2560394282094033
XM lgbm_const/G/cqr_rolling vs rw/L/aci_cqr,XM,IT,127,0.014223822277919067,0.02120934575649657,1.0267731667474367,0.30649441002396394,0.5808599671124701
XM lgbm_const/G/cqr_rolling vs rw/L/aci_cqr,XM,NL,127,0.0009763034206431932,0.0064363857154114195,0.24034061924357164,0.8104568043951217,0.8929908028393662
XM lgbm_const/G/cqr_rolling vs rw/L/aci_cqr,XM,PT,127,0.09553831324707597,0.1290824790405934,2.8723744026144886,0.004781792664831475,0.05519749250284037
XM lgbm_const/G/cqr_rolling vs xlstm_const/L/spci_cqr,XM,AT,127,-0.014819941297937074,-0.08551191061763277,-1.4832218142709637,0.1405125289666549,0.3800748734343944
XM lgbm_const/G/cqr_rolling vs xlstm_const/L/spci_cqr,XM,BE,127,-0.011137338723224971,-0.0512605286030461,-0.9044635134225097,0.3674757749980573,0.6290518110874019
XM lgbm_const/G/cqr_rolling vs xlstm_const/L/spci_cqr,XM,ES,127,-0.03814540535657777,-0.09598438878821226,-2.444605202903363,0.015884025779441036,0.11036433795191423
XM lgbm_const/G/cqr_rolling vs xlstm_const/L/spci_cqr,XM,FI,127,-0.021077096544063756,-0.1191920518081065,-2.4097156445258463,0.017410604490722736,0.11601029646249884
XM lgbm_const/G/cqr_rolling vs xlstm_const/L/spci_cqr,XM,FR,127,-0.028902896878027298,-0.14488296626496783,-2.7265918074421855,0.007311616787252451,0.067664141426835
XM lgbm_const/G/cqr_rolling vs xlstm_const/L/spci_cqr,XM,GR,127,0.23874697456172428,0.1351908123226071,2.628075535333374,0.00965419674236312,0.07724247587564645
XM lgbm_const/G/cqr_rolling vs xlstm_const/L/spci_cqr,XM,IE,127,-0.027099990674413817,-0.06566097534064952,-1.3565913441604023,0.17733676096536266,0.4365383411964465
XM lgbm_const/G/cqr_rolling vs xlstm_const/L/spci_cqr,XM,IT,127,-0.01183373352447043,-0.017645450077112265,-0.37300564403422687,0.7097710028646453,0.8380122752963612
XM lgbm_const/G/cqr_rolling vs xlstm_const/L/spci_cqr,XM,NL,127,0.011432513953902736,0.07537008264875665,1.1999336943311802,0.23241643557814307,0.4980352190960209
XM lgbm_const/G/cqr_rolling vs xlstm_const/L/spci_cqr,XM,PT,127,0.05151604918267284,0.06960369209867821,1.4862678612788467,0.1397062334513426,0.3794490291271033
XM lgbm_const/G/cqr_rolling vs lstm/L/pid_cqr,XM,AT,127,-0.006956561247573638,-0.04013975707794539,-0.9791732849149166,0.3293706860584984,0.597276847364253
XM lgbm_const/G/cqr_rolling vs lstm/L/pid_cqr,XM,BE,127,-0.007250426689671838,-0.03337069240205281,-0.5986699551143482,0.5504677503946898,0.7490901345577222
XM lgbm_const/G/cqr_rolling vs lstm/L/pid_cqr,XM,ES,127,-0.005660752335466447,-0.014244018327295037,-0.5940890257348462,0.553517723456054,0.7501472227535845
XM lgbm_const/G/cqr_rolling vs lstm/L/pid_cqr,XM,FI,127,-0.012403254638866299,-0.07014103514752194,-2.1144211225528506,0.03644973739688151,0.17688843148486616
XM lgbm_const/G/cqr_rolling vs lstm/L/pid_cqr,XM,FR,127,-0.009077263404240065,-0.045502042688826225,-1.0447047969666712,0.29815955738802247,0.5770830142993983
XM lgbm_const/G/cqr_rolling vs lstm/L/pid_cqr,XM,GR,127,0.1622646298854154,0.09188257637905738,2.162313272754365,0.03248325086179005,0.17321432685736896
XM lgbm_const/G/cqr_rolling vs lstm/L/pid_cqr,XM,IE,127,-0.021254599968541496,-0.05149809020884323,-0.9479633106964842,0.344962705784168,0.60936995024326
XM lgbm_const/G/cqr_rolling vs lstm/L/pid_cqr,XM,IT,127,0.014790164563065443,0.022053826874686638,0.7333325457624283,0.4647178493502042,0.6960274273649207
XM lgbm_const/G/cqr_rolling vs lstm/L/pid_cqr,XM,NL,127,0.0017129351229282404,0.01129270974937119,0.3201679474219174,0.7493713405629214,0.8586546610616809
XM lgbm_const/G/cqr_rolling vs lstm/L/pid_cqr,XM,PT,127,0.06856105923540147,0.09263332364752058,1.7830671496332497,0.07698312902135274,0.263258368674056
XM lgbm_const/G/cqr_rolling vs arma_monthly/L/dtaci_cqr,XM,AT,127,-0.02135822832270845,-0.12323820145877831,-3.143903771319157,0.0020793322827985516,0.0314375426172675
XM lgbm_const/G/cqr_rolling vs arma_monthly/L/dtaci_cqr,XM,BE,127,0.00023307700059099637,0.0010727562977493202,0.03644903452495227,0.9709819992500295,0.9904916839335695
XM lgbm_const/G/cqr_rolling vs arma_monthly/L/dtaci_cqr,XM,ES,127,-0.0015828768186048954,-0.003982955811862197,-0.147450625481168,0.8830120350790875,0.9384668971855036
XM lgbm_const/G/cqr_rolling vs arma_monthly/L/dtaci_cqr,XM,FI,127,-0.011140104556141776,-0.06299785725360472,-1.9207885883717826,0.05701760405847689,0.22399773022973063
XM lgbm_const/G/cqr_rolling vs arma_monthly/L/dtaci_cqr,XM,FR,127,0.0001074640123628446,0.0005386901162042541,0.016056787262965704,0.9872144852048694,0.9932340857244113
XM lgbm_const/G/cqr_rolling vs arma_monthly/L/dtaci_cqr,XM,GR,127,0.09288138927695257,0.052594218163619776,1.0388930090149666,0.30084400748276363,0.5784877385151398
XM lgbm_const/G/cqr_rolling vs arma_monthly/L/dtaci_cqr,XM,IE,127,0.041451877855012045,0.10043437882918882,2.1466782919203387,0.03373492962366065,0.17321432685736896
XM lgbm_const/G/cqr_rolling vs arma_monthly/L/dtaci_cqr,XM,IT,127,0.006657701446176995,0.009927394279574293,0.31779102123896097,0.7511695212736913,0.8592233692212067
XM lgbm_const/G/cqr_rolling vs arma_monthly/L/dtaci_cqr,XM,NL,127,-0.010139842901173188,-0.0668480091595201,-1.7924049157626365,0.07546768970777418,0.26077840422581655
XM lgbm_const/G/cqr_rolling vs arma_monthly/L/dtaci_cqr,XM,PT,127,0.08973392500599173,0.12124012974627868,2.646056076339066,0.009181721139973842,0.0757491994047842
XM lgbm_const/G/cqr_rolling vs arma/L/dtaci_cqr,XM,AT,127,-0.020334040142346604,-0.1173285769620248,-2.6464234389288297,0.009172289488090568,0.0757491994047842
XM lgbm_const/G/cqr_rolling vs arma/L/dtaci_cqr,XM,BE,127,-0.0016321313355087167,-0.007512020338692397,-0.22821735335059384,0.81984722441263,0.8997040894472434
XM lgbm_const/G/cqr_rolling vs arma/L/dtaci_cqr,XM,ES,127,-0.004030471282600669,-0.010141780352641,-0.3964655488561137,0.6924322613353189,0.8309187136023827
XM lgbm_const/G/cqr_rolling vs arma/L/dtaci_cqr,XM,FI,127,-0.014938814181665669,-0.08447975318470811,-2.2161266135312965,0.028477920491334574,0.1620295476231105
XM lgbm_const/G/cqr_rolling vs arma/L/dtaci_cqr,XM,FR,127,0.0007097018901993679,0.003557557411973748,0.10348327114304583,0.9177439546825981,0.9568894314226141
XM lgbm_const/G/cqr_rolling vs arma/L/dtaci_cqr,XM,GR,127,0.07644168803624274,0.043285214063557585,0.7886806328064345,0.43178010657880983,0.6768999295534786
XM lgbm_const/G/cqr_rolling vs arma/L/dtaci_cqr,XM,IE,127,0.038967315976595834,0.0944144964539144,2.009758610579849,0.046592689790886155,0.2033704530818877
XM lgbm_const/G/cqr_rolling vs arma/L/dtaci_cqr,XM,IT,127,0.006938274876982933,0.01034576135333108,0.3494768532611233,0.7273147535491564,0.8436339847846103
XM lgbm_const/G/cqr_rolling vs arma/L/dtaci_cqr,XM,NL,127,-0.007995680425608019,-0.05271238652679707,-1.6562417394615752,0.10016119292427028,0.30185564990875974
XM lgbm_const/G/cqr_rolling vs arma/L/dtaci_cqr,XM,PT,127,0.09527452572038754,0.1287260738799028,2.869612157132319,0.004821132553917806,0.05519749250284037
XM xlstm/L/native vs rw/L/aci_cqr,XM,AT,127,-0.008836012838952087,-0.05098430047127807,-1.0746499244515468,0.28458511024764643,0.564507606879257
XM xlstm/L/native vs rw/L/aci_cqr,XM,BE,127,0.003044938851341454,0.014014584539682412,0.42047060743517173,0.6748579275992852,0.8205849226929748
XM xlstm/L/native vs rw/L/aci_cqr,XM,ES,127,0.012347825095050032,0.031070542665179765,0.703089186525218,0.4832972477501578,0.7050380534839094
XM xlstm/L/native vs rw/L/aci_cqr,XM,FI,127,0.0025194758069327144,0.014247763693703498,0.3681925719075402,0.7133474865774412,0.8389954051926406
XM xlstm/L/native vs rw/L/aci_cqr,XM,FR,127,-0.006808157727779292,-0.03412758556912343,-1.035558984739921,0.3023913178601867,0.5784877385151398
XM xlstm/L/native vs rw/L/aci_cqr,XM,GR,127,0.05052022897856985,0.028607151176993105,0.8903187758992546,0.3749915642313335,0.6313633479405105
XM xlstm/L/native vs rw/L/aci_cqr,XM,IE,127,0.06688563677038509,0.16205821615910543,2.8083769295932965,0.005772976806304397,0.06047880463747464
XM xlstm/L/native vs rw/L/aci_cqr,XM,IT,127,0.005455283444979105,0.008134451522490538,0.19141695581037313,0.8485070534288774,0.9190550928701033
XM xlstm/L/native vs rw/L/aci_cqr,XM,NL,127,0.002693468798832034,0.017756983879343255,0.774888391462052,0.4398573733327442,0.681469169952139
XM xlstm/L/native vs rw/L/aci_cqr,XM,PT,127,0.0842248356913609,0.11379676088388822,2.543452347788391,0.012185526729920015,0.09036458024435066
XM xlstm/L/native vs xlstm_const/L/spci_cqr,XM,AT,127,-0.01171051829025489,-0.06757036166275655,-1.0584429679292817,0.29187847089420127,0.5733327106850382
XM xlstm/L/native vs xlstm_const/L/spci_cqr,XM,BE,127,-0.012874919472049473,-0.05925788864467635,-1.3488931269461142,0.17979054331099498,0.43948799476020994
XM xlstm/L/native vs xlstm_const/L/spci_cqr,XM,ES,127,-0.03211262821198591,-0.08080425315965498,-2.1388106697619436,0.0343804194216899,0.17321432685736896
XM xlstm/L/native vs xlstm_const/L/spci_cqr,XM,FI,127,-0.012942129719063625,-0.07318840110434141,-1.5811634040207858,0.1163477309459775,0.3338674018449789
XM xlstm/L/native vs xlstm_const/L/spci_cqr,XM,FR,127,-0.03558433778718928,-0.17837535223335874,-3.1425130077019148,0.002088505756624004,0.0314375426172675
XM xlstm/L/native vs xlstm_const/L/spci_cqr,XM,GR,127,0.16715854563722457,0.09465376310148611,2.0102292002718833,0.04654218327758075,0.2033704530818877
XM xlstm/L/native vs xlstm_const/L/spci_cqr,XM,IE,127,0.004556467250482145,0.011039933089602683,0.19572663547517413,0.8451394327481432,0.9174210947594975
XM xlstm/L/native vs xlstm_const/L/spci_cqr,XM,IT,127,-0.020602272357410405,-0.030720344311118315,-0.5188033583236736,0.6048078617031776,0.7842491976022087
XM xlstm/L/native vs xlstm_const/L/spci_cqr,XM,NL,127,0.01314967933209158,0.0866906808126885,1.890972161051901,0.060924194592911096,0.23652922606659602
XM xlstm/L/native vs xlstm_const/L/spci_cqr,XM,PT,127,0.040202571626957784,0.05431797394197306,1.0987642387263827,0.27396601004088517,0.5529589193485756
XM xlstm/L/native vs lstm/L/pid_cqr,XM,AT,127,-0.003847138239891459,-0.022198208123069205,-0.39094420486100606,0.6964987338700297,0.8342816049985836
XM xlstm/L/native vs lstm/L/pid_cqr,XM,BE,127,-0.008988007438496337,-0.041368052443683044,-0.7447637229172649,0.4578014315681931,0.6944012443840777
XM xlstm/L/native vs lstm/L/pid_cqr,XM,ES,127,0.00037202480912541114,0.0009361173012622438,0.031083607031442077,0.9752520460372209,0.9932340857244113
XM xlstm/L/native vs lstm/L/pid_cqr,XM,FI,127,-0.004268287813866161,-0.024137384443756817,-0.5825627792529329,0.561228736953463,0.7571564271460407
XM xlstm/L/native vs lstm/L/pid_cqr,XM,FR,127,-0.01575870431340204,-0.0789944286572171,-1.7476370068719753,0.08296303216589762,0.2684098099484923
XM xlstm/L/native vs lstm/L/pid_cqr,XM,GR,127,0.09067620096091568,0.051345527157936374,1.360126159251021,0.1762185415148736,0.4365383411964465
XM xlstm/L/native vs lstm/L/pid_cqr,XM,IE,127,0.010401857956354468,0.02520281822140897,0.4874128600951832,0.6268127319410297,0.7955700059251531
XM xlstm/L/native vs lstm/L/pid_cqr,XM,IT,127,0.0060216257301254775,0.008978932640680597,0.20779232887447668,0.835726607129613,0.9117017532323052
XM xlstm/L/native vs lstm/L/pid_cqr,XM,NL,127,0.0034301005011170807,0.022613307913303023,0.4901206013402965,0.6249009062408906,0.7955700059251531
XM xlstm/L/native vs lstm/L/pid_cqr,XM,PT,127,0.0572475816796864,0.07734760549081543,1.8700869125186688,0.06379225451694603,0.2405879313210536
XM xlstm/L/native vs arma_monthly/L/dtaci_cqr,XM,AT,127,-0.018248805315026276,-0.10529665250390216,-2.1425945757963945,0.03406865230107847,0.17321432685736896
XM xlstm/L/native vs arma_monthly/L/dtaci_cqr,XM,BE,127,-0.0015045037482335052,-0.006924603743880927,-0.18311803414029929,0.8549997379124901,0.9190550928701033
XM xlstm/L/native vs arma_monthly/L/dtaci_cqr,XM,ES,127,0.004449900325986961,0.01119717981669508,0.2895312866085854,0.7726507229032109,0.8687384618673241
XM xlstm/L/native vs arma_monthly/L/dtaci_cqr,XM,FI,127,-0.0030051377311416383,-0.016994206549839595,-0.3403081245029992,0.7341911925218056,0.8486272978360626
XM xlstm/L/native vs arma_monthly/L/dtaci_cqr,XM,FR,127,-0.0065739768967991285,-0.032953695852186625,-0.9923340309171711,0.32293646619545724,0.5948881889751273
XM xlstm/L/native vs arma_monthly/L/dtaci_cqr,XM,GR,127,0.02129296035245287,0.012057168942498787,0.23732022282091006,0.8127938146411164,0.8940731961052281
XM xlstm/L/native vs arma_monthly/L/dtaci_cqr,XM,IE,127,0.07310833577990804,0.17713528725944108,3.271500248422488,0.001380280912141263,0.02760561824282526
XM xlstm/L/native vs arma_monthly/L/dtaci_cqr,XM,IT,127,-0.0021108373867629706,-0.0031474999544317465,-0.05552386341776938,0.9558090658804366,0.9865608473053475
XM xlstm/L/native vs arma_monthly/L/dtaci_cqr,XM,NL,127,-0.008422677522984347,-0.05552741099558827,-1.3718669326445265,0.17254258080025742,0.43299659060140644
XM xlstm/L/native vs arma_monthly/L/dtaci_cqr,XM,PT,127,0.07842044745027665,0.10595441158957351,2.3984874326035106,0.017928863998749822,0.11601029646249884
XM xlstm/L/native vs arma/L/dtaci_cqr,XM,AT,127,-0.017224617134664423,-0.09938702800714859,-1.9340907880638178,0.05534398292418663,0.22137593169674652
XM xlstm/L/native vs arma/L/dtaci_cqr,XM,BE,127,-0.0033697120843332183,-0.015509380380322645,-0.469117000991856,0.6397967171794474,0.8058508269817467
XM xlstm/L/native vs arma/L/dtaci_cqr,XM,ES,127,0.002002305861991188,0.005038355275916278,0.12703425886531983,0.8991157898678339,0.9457030901759179
XM xlstm/L/native vs arma/L/dtaci_cqr,XM,FI,127,-0.00680384735666553,-0.038476102480942985,-0.726361242479825,0.4689645383602481,0.6971094489138823
XM xlstm/L/native vs arma/L/dtaci_cqr,XM,FR,127,-0.005971739018962605,-0.02993482855641713,-0.8975665982851756,0.37112850645628015,0.6308822544044469
XM xlstm/L/native vs arma/L/dtaci_cqr,XM,GR,127,0.0048532591117430544,0.002748164842436609,0.05015635828379944,0.960077211446559,0.9865608473053475
XM xlstm/L/native vs arma/L/dtaci_cqr,XM,IE,127,0.07062377390149178,0.17111540488416657,3.126275235287591,0.002198425631468881,0.032243575928210255
XM xlstm/L/native vs arma/L/dtaci_cqr,XM,IT,127,-0.0018302639559570314,-0.002729132880674957,-0.048840136996519415,0.9611240290312364,0.9865608473053475
XM xlstm/L/native vs arma/L/dtaci_cqr,XM,NL,127,-0.006278515047419181,-0.04139178836286525,-1.061305209066367,0.2905812632290279,0.5724884588989803
XM xlstm/L/native vs arma/L/dtaci_cqr,XM,PT,127,0.08396104816467245,0.11344035572319763,2.49984264961701,0.01370985353815457,0.09835329712154364
XM rw/L/aci_cqr vs xlstm_const/L/spci_cqr,XM,AT,127,-0.002874505451302807,-0.016586061191478513,-0.2989626790982664,0.7654610501592773,0.8635970822309795
XM rw/L/aci_cqr vs xlstm_const/L/spci_cqr,XM,BE,127,-0.01591985832339093,-0.07327247318435877,-1.5057335191467245,0.13463843957060395,0.3716087595449971
XM rw/L/aci_cqr vs xlstm_const/L/spci_cqr,XM,ES,127,-0.04446045330703594,-0.11187479582483474,-2.9927152637090195,0.0033280589240098912,0.042356074864837806
XM rw/L/aci_cqr vs xlstm_const/L/spci_cqr,XM,FI,127,-0.015461605525996338,-0.0874361647980449,-1.840979156680356,0.0679769465412352,0.2492488039845291
XM rw/L/aci_cqr vs xlstm_const/L/spci_cqr,XM,FR,127,-0.028776180059409982,-0.14424776666423528,-3.0528738645847087,0.0027655157235719763,0.036504807551150084
XM rw/L/aci_cqr vs xlstm_const/L/spci_cqr,XM,GR,127,0.11663831665865472,0.06604661192449301,1.4982998754657628,0.13655651619071918,0.3739722020160774
XM rw/L/aci_cqr vs xlstm_const/L/spci_cqr,XM,IE,127,-0.06232916951990292,-0.15101828306950268,-3.3734486363489866,0.0009866848729687128,0.026048480646374016
XM rw/L/aci_cqr vs xlstm_const/L/spci_cqr,XM,IT,127,-0.026057555802389505,-0.038854795833608846,-0.8089846980218238,0.42004890394222905,0.668926088878552
XM rw/L/aci_cqr vs xlstm_const/L/spci_cqr,XM,NL,127,0.010456210533259543,0.06893369693334522,1.3887508647837283,0.16735847109583357,0.4248330420125006
XM rw/L/aci_cqr vs xlstm_const/L/spci_cqr,XM,PT,127,-0.04402226406440309,-0.05947878694191513,-1.1245347837974344,0.26292394837139144,0.5422806435159948
XM rw/L/aci_cqr vs lstm/L/pid_cqr,XM,AT,127,0.0049888745990606265,0.028786092348208857,0.6300658116037813,0.5297924930875688,0.7411976961695579
XM rw/L/aci_cqr vs lstm/L/pid_cqr,XM,BE,127,-0.01203294628983779,-0.05538263698336545,-1.0323865675054125,0.30386859268371635,0.579633731708823
XM rw/L/aci_cqr vs lstm/L/pid_cqr,XM,ES,127,-0.011975800285924623,-0.030134425363917524,-0.972872908248467,0.3324804564266248,0.5985411451786637
XM rw/L/aci_cqr vs lstm/L/pid_cqr,XM,FI,127,-0.006787763620798876,-0.03838514813746032,-1.503818812051226,0.1351304580163626,0.3716087595449971
XM rw/L/aci_cqr vs lstm/L/pid_cqr,XM,FR,127,-0.00895054658562275,-0.04486684308809369,-0.8924850174060407,0.3738343405977633,0.6310247181445621
XM rw/L/aci_cqr vs lstm/L/pid_cqr,XM,GR,127,0.040155971982345794,0.022738375980943245,0.5992233619484771,0.5500998608580892,0.7490901345577222
XM rw/L/aci_cqr vs lstm/L/pid_cqr,XM,IE,127,-0.056483778814030605,-0.1368553979376964,-3.2874101180213833,0.0013104649934083668,0.02760561824282526
XM rw/L/aci_cqr vs lstm/L/pid_cqr,XM,IT,127,0.0005663422851463716,0.0008444811181900592,0.026916330783147896,0.9785690522137616,0.9932340857244113
XM rw/L/aci_cqr vs lstm/L/pid_cqr,XM,NL,127,0.0007366317022850471,0.00485632403395977,0.1348558619956295,0.8929410250465244,0.9457030901759179
XM rw/L/aci_cqr vs lstm/L/pid_cqr,XM,PT,127,-0.026977254011674456,-0.03644915539307274,-0.9087419013427694,0.3652212934240082,0.6277240980725142
XM rw/L/aci_cqr vs arma_monthly/L/dtaci_cqr,XM,AT,127,-0.00941279247607419,-0.0543123520326241,-2.8171017910770835,0.005627618593699646,0.060295624889954005
XM rw/L/aci_cqr vs arma_monthly/L/dtaci_cqr,XM,BE,127,-0.004549442599574957,-0.02093918828356333,-0.9874193372968815,0.32532946648022665,0.5964373552137489
XM rw/L/aci_cqr vs arma_monthly/L/dtaci_cqr,XM,ES,127,-0.007897924769063074,-0.019873362848484694,-0.6229204968835053,0.5344626058247028,0.7411976961695579
XM rw/L/aci_cqr vs arma_monthly/L/dtaci_cqr,XM,FI,127,-0.005524613538074353,-0.031241970243543093,-1.2682154312688356,0.20705932092856716,0.46712445684132026
XM rw/L/aci_cqr vs arma_monthly/L/dtaci_cqr,XM,FR,127,0.00023418083098016357,0.0011738897169368064,0.11939589145834356,0.9051518726593597,0.946751562528015
XM rw/L/aci_cqr vs arma_monthly/L/dtaci_cqr,XM,GR,127,-0.029227268626117003,-0.01654998223449433,-0.42691756586102686,0.6701679619616252,0.8190941757308752
XM rw/L/aci_cqr vs arma_monthly/L/dtaci_cqr,XM,IE,127,0.006222699009522951,0.015077071100335666,0.5746196806331825,0.5665730746964053,0.7571564271460407
XM rw/L/aci_cqr vs arma_monthly/L/dtaci_cqr,XM,IT,127,-0.007566120831742072,-0.011281951476922278,-0.4023785218011224,0.6880872826830777,0.8287182601657506
XM rw/L/aci_cqr vs arma_monthly/L/dtaci_cqr,XM,NL,127,-0.011116146321816378,-0.0732843948749315,-2.1585525383252566,0.032780586081404106,0.17321432685736896
XM rw/L/aci_cqr vs arma_monthly/L/dtaci_cqr,XM,PT,127,-0.005804388241084225,-0.00784234929431468,-0.22008392369848656,0.826161976559318,0.9042568897664177
XM rw/L/aci_cqr vs arma/L/dtaci_cqr,XM,AT,127,-0.008388604295712336,-0.04840272753587053,-1.7874519520290337,0.0762684159000957,0.262172679656579
XM rw/L/aci_cqr vs arma/L/dtaci_cqr,XM,BE,127,-0.0064146509356746715,-0.029523964920005055,-1.3317642560576388,0.1853417981869474,0.4460463087809341
XM rw/L/aci_cqr vs arma/L/dtaci_cqr,XM,ES,127,-0.010345519233058847,-0.026032187389263495,-0.8063484081122515,0.4215612980385077,0.668926088878552
XM rw/L/aci_cqr vs arma/L/dtaci_cqr,XM,FI,127,-0.009323323163598244,-0.05272386617464648,-1.5870873979720352,0.1149992456205835,0.3316660508952213
XM rw/L/aci_cqr vs arma/L/dtaci_cqr,XM,FR,127,0.0008364187088166865,0.004192757012706298,0.5159465370470316,0.6067959555621998,0.7852653542569645
XM rw/L/aci_cqr vs arma/L/dtaci_cqr,XM,GR,127,-0.04566696986682681,-0.025858986334556508,-0.6067771375112816,0.5450906073376505,0.7463896283046666
XM rw/L/aci_cqr vs arma/L/dtaci_cqr,XM,IE,127,0.003738137131106726,0.00905718872506122,0.35191975184592755,0.7254863245461856,0.8436339847846103
XM rw/L/aci_cqr vs arma/L/dtaci_cqr,XM,IT,127,-0.007285547400936138,-0.010863584403165497,-0.3974849932729049,0.6916824158544004,0.8309187136023827
XM rw/L/aci_cqr vs arma/L/dtaci_cqr,XM,NL,127,-0.008971983846251213,-0.05914877224220849,-1.8538536329025355,0.06609867279822645,0.24371577679792997
XM rw/L/aci_cqr vs arma/L/dtaci_cqr,XM,PT,127,-0.0002637875266884147,-0.00035640516069054,-0.010674041895501028,0.9915003906437105,0.99496891179229
XM xlstm_const/L/spci_cqr vs lstm/L/pid_cqr,XM,AT,127,0.00786338005036343,0.04537215353968735,0.7427457515461194,0.4590181369471942,0.6944012443840777
XM xlstm_const/L/spci_cqr vs lstm/L/pid_cqr,XM,BE,127,0.003886912033553135,0.017889836200993298,0.37842020227010853,0.7057552921573644,0.8377670734242095
XM xlstm_const/L/spci_cqr vs lstm/L/pid_cqr,XM,ES,127,0.032484653021111316,0.08174037046091721,2.3073156977287232,0.022668515368355457,0.1372589003955468
XM xlstm_const/L/spci_cqr vs lstm/L/pid_cqr,XM,FI,127,0.00867384190519746,0.049051016660584576,0.9790990193952456,0.329407230970588,0.597276847364253
XM xlstm_const/L/spci_cqr vs lstm/L/pid_cqr,XM,FR,127,0.019825633473787234,0.0993809235761416,1.6612181925228326,0.09915592366315185,0.30158022865290424
XM xlstm_const/L/spci_cqr vs lstm/L/pid_cqr,XM,GR,127,-0.07648234467630893,-0.043308235943549774,-0.9202506307326365,0.3592003032545694,0.6238742109158311
XM xlstm_const/L/spci_cqr vs lstm/L/pid_cqr,XM,IE,127,0.005845390705872318,0.014162885131806274,0.2571804088148046,0.7974590175447782,0.8845763892093339
XM xlstm_const/L/spci_cqr vs lstm/L/pid_cqr,XM,IT,127,0.026623898087535874,0.0396992769517989,0.8516955147112153,0.39599895352000525,0.6566816817165917
XM xlstm_const/L/spci_cqr vs lstm/L/pid_cqr,XM,NL,127,-0.009719578830974497,-0.06407737289938546,-0.8664161736813248,0.3879088450860295,0.6465147418100493
XM xlstm_const/L/spci_cqr vs lstm/L/pid_cqr,XM,PT,127,0.01704501005272864,0.023029631548842397,0.5441742104909535,0.5872832804371828,0.7721254284632284
XM xlstm_const/L/spci_cqr vs arma_monthly/L/dtaci_cqr,XM,AT,127,-0.006538287024771382,-0.03772629084114558,-0.6273085039699526,0.5315921546311222,0.7411976961695579
XM xlstm_const/L/spci_cqr vs arma_monthly/L/dtaci_cqr,XM,BE,127,0.011370415723815974,0.052333284900795446,1.1137393049191577,0.2675111300299555,0.5467843564127648
XM xlstm_const/L/spci_cqr vs arma_monthly/L/dtaci_cqr,XM,ES,127,0.03656252853797286,0.09200143297635002,2.3445585090097225,0.020613315280593625,0.12714755219805413
XM xlstm_const/L/spci_cqr vs arma_monthly/L/dtaci_cqr,XM,FI,127,0.009936991987921985,0.05619419455450181,1.0364823403543058,0.3019622559316486,0.5784877385151398
XM xlstm_const/L/spci_cqr vs arma_monthly/L/dtaci_cqr,XM,FR,127,0.029010360890390142,0.14542165638117208,3.166685269008341,0.0019342912289723735,0.0314375426172675
XM xlstm_const/L/spci_cqr vs arma_monthly/L/dtaci_cqr,XM,GR,127,-0.14586558528477173,-0.08259659415898735,-1.8803994879045942,0.06236228056665594,0.23791390273984347
XM xlstm_const/L/spci_cqr vs arma_monthly/L/dtaci_cqr,XM,IE,127,0.06855186852942587,0.16609535416983834,3.278908221775306,0.0013473520870290745,0.02760561824282526
XM xlstm_const/L/spci_cqr vs arma_monthly/L/dtaci_cqr,XM,IT,127,0.01849143497064743,0.02757284435668657,0.6405443353124021,0.5229819843231627,0.7359661186637257
XM xlstm_const/L/spci_cqr vs arma_monthly/L/dtaci_cqr,XM,NL,127,-0.02157235685507593,-0.1422180918082768,-2.143428972094858,0.034000233960415294,0.17321432685736896
XM xlstm_const/L/spci_cqr vs arma_monthly/L/dtaci_cqr,XM,PT,127,0.03821787582331886,0.05163643764760044,0.9088955644998578,0.3651404840883603,0.6277240980725142
XM xlstm_const/L/spci_cqr vs arma/L/dtaci_cqr,XM,AT,127,-0.0055140988444095295,-0.031816666344392015,-0.4965333627733532,0.6203833101723877,0.7955700059251531
XM xlstm_const/L/spci_cqr vs arma/L/dtaci_cqr,XM,BE,127,0.009505207387716257,0.04374850826435371,0.9721769341851821,0.33282515194025697,0.5985411451786637
XM xlstm_const/L/spci_cqr vs arma/L/dtaci_cqr,XM,ES,127,0.034114934073977095,0.08584260843557125,2.1313503002124605,0.035002333114571016,0.17468793400764682
XM xlstm_const/L/spci_cqr vs arma/L/dtaci_cqr,XM,FI,127,0.006138282362398093,0.03471229862339842,0.6221612943273215,0.5349600465477713,0.7411976961695579
XM xlstm_const/L/spci_cqr vs arma/L/dtaci_cqr,XM,FR,127,0.029612598768226674,0.1484405236769416,3.1927576164929192,0.0017798575093292968,0.0314375426172675
XM xlstm_const/L/spci_cqr vs arma/L/dtaci_cqr,XM,GR,127,-0.1623052865254816,-0.09190559825904955,-1.966537741689763,0.05143468116495753,0.2173757807348658
XM xlstm_const/L/spci_cqr vs arma/L/dtaci_cqr,XM,IE,127,0.06606730665100964,0.16007547179456388,3.1598141669865574,0.001977015402974125,0.0314375426172675
XM xlstm_const/L/spci_cqr vs arma/L/dtaci_cqr,XM,IT,127,0.018772008401453367,0.02799121143044335,0.6449722427031612,0.520117801102393,0.7346946209700845
XM xlstm_const/L/spci_cqr vs arma/L/dtaci_cqr,XM,NL,127,-0.01942819437951076,-0.12808246917555374,-1.8817420304037564,0.06217810850060235,0.23791390273984347
XM xlstm_const/L/spci_cqr vs arma/L/dtaci_cqr,XM,PT,127,0.04375847653771468,0.059122381781224594,1.0146987255766666,0.3121939726102192,0.585363698644161
XM lstm/L/pid_cqr vs arma_monthly/L/dtaci_cqr,XM,AT,127,-0.014401667075134817,-0.08309844438083296,-1.6581318086539403,0.09977842494497535,0.30185564990875974
XM lstm/L/pid_cqr vs arma_monthly/L/dtaci_cqr,XM,BE,127,0.007483503690262833,0.03444344869980212,0.6654153874983216,0.5070010900984872,0.7292188844010793
XM lstm/L/pid_cqr vs arma_monthly/L/dtaci_cqr,XM,ES,127,0.00407787551686155,0.010261062515432835,0.34476872497375294,0.7308430597074129,0.8462393322927939
XM lstm/L/pid_cqr vs arma_monthly/L/dtaci_cqr,XM,FI,127,0.0012631500827245232,0.007143177893917226,0.24276005696625483,0.8085860131510958,0.8924193456182662
XM lstm/L/pid_cqr vs arma_monthly/L/dtaci_cqr,XM,FR,127,0.009184727416602907,0.04604073280503046,0.9490229033470422,0.3444256587322727,0.60936995024326
XM lstm/L/pid_cqr vs arma_monthly/L/dtaci_cqr,XM,GR,127,-0.06938324060846283,-0.0392883582154376,-0.779056322496547,0.43740726577066846,0.6792677539026851
XM lstm/L/pid_cqr vs arma_monthly/L/dtaci_cqr,XM,IE,127,0.06270647782355356,0.1519324690380321,3.9095025584813867,0.00015022704534262132,0.00901362272055728
XM lstm/L/pid_cqr vs arma_monthly/L/dtaci_cqr,XM,IT,127,-0.008132463116888448,-0.012126432595112344,-0.3375732036341123,0.7362465645793224,0.8495152668222951
XM lstm/L/pid_cqr vs arma_monthly/L/dtaci_cqr,XM,NL,127,-0.011852778024101425,-0.07814071890889128,-1.9529467000456973,0.053042749619909735,0.2173757807348658
XM lstm/L/pid_cqr vs arma_monthly/L/dtaci_cqr,XM,PT,127,0.02117286577059023,0.028606806098758056,0.7382770286514687,0.4617190013452679,0.6944012443840777
XM lstm/L/pid_cqr vs arma/L/dtaci_cqr,XM,AT,127,-0.013377478894772959,-0.07718881988407936,-1.3547466324007733,0.17792244512400623,0.4365383411964465
XM lstm/L/pid_cqr vs arma/L/dtaci_cqr,XM,BE,127,0.005618295354163121,0.025858672063360413,0.4906281976614612,0.6245427967587143,0.7955700059251531
XM lstm/L/pid_cqr vs arma/L/dtaci_cqr,XM,ES,127,0.0016302810528657763,0.004102237974654034,0.13713908295349633,0.8911397566040509,0.9455823783901505
XM lstm/L/pid_cqr vs arma/L/dtaci_cqr,XM,FI,127,-0.002535559542799368,-0.014338718037186162,-0.40607914670966794,0.6853732646090882,0.8269586008080406
XM lstm/L/pid_cqr vs arma/L/dtaci_cqr,XM,FR,127,0.009786965294439431,0.04905960010079996,0.9798767199812268,0.3290246683921416,0.597276847364253
XM lstm/L/pid_cqr vs arma/L/dtaci_cqr,XM,GR,127,-0.08582294184917262,-0.04859736231549976,-0.8962315881821452,0.3718381772171664,0.6308822544044469
XM lstm/L/pid_cqr vs arma/L/dtaci_cqr,XM,IE,127,0.06022191594513732,0.14591258666275764,3.764531894083947,0.00025470888962186855,0.01400898892920277
XM lstm/L/pid_cqr vs arma/L/dtaci_cqr,XM,IT,127,-0.00785188968608251,-0.011708065521355556,-0.32918349205833697,0.7425635440197091,0.8553087941588273
XM lstm/L/pid_cqr vs arma/L/dtaci_cqr,XM,NL,127,-0.009708615548536262,-0.06400509627616828,-1.8214208485667778,0.07091516811864418,0.2560394282094033
XM lstm/L/pid_cqr vs arma/L/dtaci_cqr,XM,PT,127,0.026713466484986032,0.03609275023238218,0.8993443678186199,0.37018479306607577,0.6308822544044469
XM arma_monthly/L/dtaci_cqr vs arma/L/dtaci_cqr,XM,AT,127,0.0010241881803618547,0.005909624496753573,0.48796420936496376,0.6264232404004222,0.7955700059251531
XM arma_monthly/L/dtaci_cqr vs arma/L/dtaci_cqr,XM,BE,127,-0.0018652083360997124,-0.008584776636441714,-0.44669916510525204,0.6558591106797502,0.8174170562299345
XM arma_monthly/L/dtaci_cqr vs arma/L/dtaci_cqr,XM,ES,127,-0.0024475944639957736,-0.006158824540778802,-1.0530953124040177,0.2943126404761891,0.5749345362945709
XM arma_monthly/L/dtaci_cqr vs arma/L/dtaci_cqr,XM,FI,127,-0.0037987096255238913,-0.02148189593110339,-1.3021792247305526,0.1952304894936654,0.45370465868246185
XM arma_monthly/L/dtaci_cqr vs arma/L/dtaci_cqr,XM,FR,127,0.0006022378778365228,0.0030188672957694915,0.816829565795205,0.41556756353450774,0.668926088878552
XM arma_monthly/L/dtaci_cqr vs arma/L/dtaci_cqr,XM,GR,127,-0.01643970124070981,-0.009309004100062176,-1.0236216779259464,0.30797525210625976,0.5808599671124701
XM arma_monthly/L/dtaci_cqr vs arma/L/dtaci_cqr,XM,IE,127,-0.0024845618784162227,-0.006019882375274441,-1.217114357081033,0.22583543153259922,0.4870960287958022
XM arma_monthly/L/dtaci_cqr vs arma/L/dtaci_cqr,XM,IT,127,0.0002805734308059347,0.00041836707375678275,0.11019057874523795,0.9124335491963285,0.9528578203632544
XM arma_monthly/L/dtaci_cqr vs arma/L/dtaci_cqr,XM,NL,127,0.002144162475565167,0.014135622632723022,1.1802278753174877,0.24013293541813474,0.5096068725915399
XM arma_monthly/L/dtaci_cqr vs arma/L/dtaci_cqr,XM,PT,127,0.005540600714395809,0.007485944133624139,0.8620886968935885,0.390276476851277,0.6488223544630801
