id,title,text,E,P,B,R,score
F5,Fehlkalibrierung: xlstm/GF/saocp_cqr,xlstm/GF/saocp_cqr: Coverage-Validität in 100% der Länder FDR-verworfen; mittlere Coverage 0.936 (Überdeckung um 13.6pp).,1.0,0.9,1.0,1.0,0.97
F5,Fehlkalibrierung: lstm/GF/saocp_cqr,lstm/GF/saocp_cqr: Coverage-Validität in 100% der Länder FDR-verworfen; mittlere Coverage 0.939 (Überdeckung um 13.9pp).,1.0,0.9,1.0,1.0,0.97
F5,Fehlkalibrierung: lstm/GI/saocp_cqr,lstm/GI/saocp_cqr: Coverage-Validität in 100% der Länder FDR-verworfen; mittlere Coverage 0.961 (Überdeckung um 16.1pp).,1.0,0.9,1.0,1.0,0.97
F5,Fehlkalibrierung: xlstm/G/saocp_cqr,xlstm/G/saocp_cqr: Coverage-Validität in 100% der Länder FDR-verworfen; mittlere Coverage 0.943 (Überdeckung um 14.3pp).,1.0,0.9,1.0,1.0,0.97
F5,Fehlkalibrierung: xlstm_const/GF/saocp_cqr,xlstm_const/GF/saocp_cqr: Coverage-Validität in 100% der Länder FDR-verworfen; mittlere Coverage 0.933 (Überdeckung um 13.3pp).,1.0,0.9,1.0,1.0,0.97
F5,Fehlkalibrierung: xlstm/GI/cqr_static,xlstm/GI/cqr_static: Coverage-Validität in 100% der Länder FDR-verworfen; mittlere Coverage 0.908 (Überdeckung um 10.8pp).,1.0,0.9,1.0,1.0,0.97
F5,Fehlkalibrierung: lstm/G/native,lstm/G/native: Coverage-Validität in 100% der Länder FDR-verworfen; mittlere Coverage 0.959 (Überdeckung um 15.9pp).,1.0,0.9,1.0,1.0,0.97
F5,Fehlkalibrierung: xlstm/GI/saocp_cqr,xlstm/GI/saocp_cqr: Coverage-Validität in 100% der Länder FDR-verworfen; mittlere Coverage 0.943 (Überdeckung um 14.3pp).,1.0,0.9,1.0,1.0,0.97
F5,Fehlkalibrierung: lstm/GF/saocp_cqr,lstm/GF/saocp_cqr: Coverage-Validität in 100% der Länder FDR-verworfen; mittlere Coverage 0.965 (Überdeckung um 16.5pp).,1.0,0.9,1.0,1.0,0.97
F5,Fehlkalibrierung: xlstm/GI/saocp_cqr,xlstm/GI/saocp_cqr: Coverage-Validität in 100% der Länder FDR-verworfen; mittlere Coverage 0.928 (Überdeckung um 12.8pp).,1.0,0.9,1.0,1.0,0.97
F5,Fehlkalibrierung: lstm/GI/native,lstm/GI/native: Coverage-Validität in 100% der Länder FDR-verworfen; mittlere Coverage 0.950 (Überdeckung um 15.0pp).,1.0,0.9,1.0,1.0,0.97
F5,Fehlkalibrierung: rw/L/saocp_cqr,rw/L/saocp_cqr: Coverage-Validität in 100% der Länder FDR-verworfen; mittlere Coverage 0.931 (Überdeckung um 13.1pp).,1.0,0.9,1.0,1.0,0.97
F5,Fehlkalibrierung: lstm/GF/native,lstm/GF/native: Coverage-Validität in 100% der Länder FDR-verworfen; mittlere Coverage 0.957 (Überdeckung um 15.7pp).,1.0,0.9,1.0,1.0,0.97
F5,Fehlkalibrierung: lstm/G/saocp_cqr,lstm/G/saocp_cqr: Coverage-Validität in 100% der Länder FDR-verworfen; mittlere Coverage 0.966 (Überdeckung um 16.6pp).,1.0,0.9,1.0,1.0,0.97
F5,Fehlkalibrierung: xlstm/G/saocp_cqr,xlstm/G/saocp_cqr: Coverage-Validität in 100% der Länder FDR-verworfen; mittlere Coverage 0.939 (Überdeckung um 13.9pp).,1.0,0.9,1.0,1.0,0.97
F5,Fehlkalibrierung: arma_monthly/L/saocp_cqr,arma_monthly/L/saocp_cqr: Coverage-Validität in 100% der Länder FDR-verworfen; mittlere Coverage 0.926 (Überdeckung um 12.6pp).,1.0,0.9,1.0,1.0,0.97
F5,Fehlkalibrierung: xlstm/GF/saocp_cqr,xlstm/GF/saocp_cqr: Coverage-Validität in 100% der Länder FDR-verworfen; mittlere Coverage 0.944 (Überdeckung um 14.4pp).,1.0,0.9,1.0,1.0,0.97
F5,Fehlkalibrierung: lstm_const/GF/saocp_cqr,lstm_const/GF/saocp_cqr: Coverage-Validität in 100% der Länder FDR-verworfen; mittlere Coverage 0.931 (Überdeckung um 13.1pp).,1.0,0.9,1.0,1.0,0.97
F5,Fehlkalibrierung: lstm/GI/saocp_cqr,lstm/GI/saocp_cqr: Coverage-Validität in 100% der Länder FDR-verworfen; mittlere Coverage 0.935 (Überdeckung um 13.5pp).,1.0,0.9,1.0,1.0,0.97
F5,Fehlkalibrierung: arma/L/saocp_cqr,arma/L/saocp_cqr: Coverage-Validität in 100% der Länder FDR-verworfen; mittlere Coverage 0.929 (Überdeckung um 12.9pp).,1.0,0.9,1.0,1.0,0.97
F5,Fehlkalibrierung: lstm/GF/cqr_static,lstm/GF/cqr_static: Coverage-Validität in 100% der Länder FDR-verworfen; mittlere Coverage 0.945 (Überdeckung um 14.5pp).,1.0,0.9,1.0,1.0,0.97
F5,Fehlkalibrierung: lstm_const/G/saocp_cqr,lstm_const/G/saocp_cqr: Coverage-Validität in 100% der Länder FDR-verworfen; mittlere Coverage 0.935 (Überdeckung um 13.5pp).,1.0,0.9,1.0,1.0,0.97
F5,Fehlkalibrierung: lstm/G/saocp_cqr,lstm/G/saocp_cqr: Coverage-Validität in 100% der Länder FDR-verworfen; mittlere Coverage 0.939 (Überdeckung um 13.9pp).,1.0,0.9,1.0,1.0,0.97
F5,Fehlkalibrierung: lstm/G/cqr_static,lstm/G/cqr_static: Coverage-Validität in 100% der Länder FDR-verworfen; mittlere Coverage 0.943 (Überdeckung um 14.3pp).,1.0,0.9,1.0,1.0,0.97
F3,RQ2 lstm/G (saocp_cqr): adaptiv vs const,RQ2 lstm/G (saocp_cqr): adaptiv vs const: A ist im Median über Länder um 21.7% des Referenz-Winklers schlechter (Panel-t[NW] = 8.41; 0% der Länder mit Vorteil A; 60% FDR-signifikant; Median-q = 0.018).,1.0,0.981558720838,1.0,0.8,0.954
F3,RQ2 lstm/GF (saocp_cqr): adaptiv vs const,RQ2 lstm/GF (saocp_cqr): adaptiv vs const: A ist im Median über Länder um 23.8% des Referenz-Winklers schlechter (Panel-t[NW] = 8.08; 0% der Länder mit Vorteil A; 60% FDR-signifikant; Median-q = 0.022).,1.0,0.9782941091743393,1.0,0.8,0.953
F5,Fehlkalibrierung: lstm/GI/decay_ocp_cqr,lstm/GI/decay_ocp_cqr: Coverage-Validität in 90% der Länder FDR-verworfen; mittlere Coverage 0.929 (Überdeckung um 12.9pp).,1.0,0.9,0.9,1.0,0.95
F5,Fehlkalibrierung: lstm/G/decay_ocp_cqr,lstm/G/decay_ocp_cqr: Coverage-Validität in 90% der Länder FDR-verworfen; mittlere Coverage 0.929 (Überdeckung um 12.9pp).,1.0,0.9,0.9,1.0,0.95
F5,Fehlkalibrierung: lstm/GI/cqr_static,lstm/GI/cqr_static: Coverage-Validität in 90% der Länder FDR-verworfen; mittlere Coverage 0.950 (Überdeckung um 15.0pp).,1.0,0.9,0.9,1.0,0.95
F5,Fehlkalibrierung: xlstm_const/GF/saocp_cqr,xlstm_const/GF/saocp_cqr: Coverage-Validität in 90% der Länder FDR-verworfen; mittlere Coverage 0.928 (Überdeckung um 12.8pp).,1.0,0.9,0.9,1.0,0.95
F5,Fehlkalibrierung: xlstm_const/GF/cqr_static,xlstm_const/GF/cqr_static: Coverage-Validität in 90% der Länder FDR-verworfen; mittlere Coverage 0.901 (Überdeckung um 10.1pp).,1.0,0.9,0.9,1.0,0.95
F5,Fehlkalibrierung: lgbm_const/L/cqr_static,lgbm_const/L/cqr_static: Coverage-Validität in 90% der Länder FDR-verworfen; mittlere Coverage 0.920 (Überdeckung um 12.0pp).,1.0,0.9,0.9,1.0,0.95
F5,Fehlkalibrierung: xlstm_const/G/saocp_cqr,xlstm_const/G/saocp_cqr: Coverage-Validität in 90% der Länder FDR-verworfen; mittlere Coverage 0.930 (Überdeckung um 13.0pp).,1.0,0.9,0.9,1.0,0.95
F5,Fehlkalibrierung: xlstm_const/G/saocp_cqr,xlstm_const/G/saocp_cqr: Coverage-Validität in 90% der Länder FDR-verworfen; mittlere Coverage 0.931 (Überdeckung um 13.1pp).,1.0,0.9,0.9,1.0,0.95
F5,Fehlkalibrierung: xlstm_const/GF/saocp_cqr,xlstm_const/GF/saocp_cqr: Coverage-Validität in 90% der Länder FDR-verworfen; mittlere Coverage 0.931 (Überdeckung um 13.1pp).,1.0,0.9,0.9,1.0,0.95
F5,Fehlkalibrierung: lstm/GI/native,lstm/GI/native: Coverage-Validität in 90% der Länder FDR-verworfen; mittlere Coverage 0.635 (Unterdeckung um 16.5pp).,1.0,0.9,0.9,1.0,0.95
F5,Fehlkalibrierung: xlstm/GF/saocp_cqr,xlstm/GF/saocp_cqr: Coverage-Validität in 90% der Länder FDR-verworfen; mittlere Coverage 0.917 (Überdeckung um 11.7pp).,1.0,0.9,0.9,1.0,0.95
F5,Fehlkalibrierung: arma/L/cqr_static,arma/L/cqr_static: Coverage-Validität in 90% der Länder FDR-verworfen; mittlere Coverage 0.931 (Überdeckung um 13.1pp).,1.0,0.9,0.9,1.0,0.95
F5,Fehlkalibrierung: lstm/L/saocp_cqr,lstm/L/saocp_cqr: Coverage-Validität in 90% der Länder FDR-verworfen; mittlere Coverage 0.917 (Überdeckung um 11.7pp).,1.0,0.9,0.9,1.0,0.95
F5,Fehlkalibrierung: xlstm/G/native,xlstm/G/native: Coverage-Validität in 90% der Länder FDR-verworfen; mittlere Coverage 0.932 (Überdeckung um 13.2pp).,1.0,0.9,0.9,1.0,0.95
F5,Fehlkalibrierung: lstm/L/saocp_cqr,lstm/L/saocp_cqr: Coverage-Validität in 90% der Länder FDR-verworfen; mittlere Coverage 0.909 (Überdeckung um 10.9pp).,1.0,0.9,0.9,1.0,0.95
F5,Fehlkalibrierung: lstm/GF/native,lstm/GF/native: Coverage-Validität in 90% der Länder FDR-verworfen; mittlere Coverage 0.631 (Unterdeckung um 16.9pp).,1.0,0.9,0.9,1.0,0.95
F5,Fehlkalibrierung: lstm_const/GF/saocp_cqr,lstm_const/GF/saocp_cqr: Coverage-Validität in 90% der Länder FDR-verworfen; mittlere Coverage 0.930 (Überdeckung um 13.0pp).,1.0,0.9,0.9,1.0,0.95
F5,Fehlkalibrierung: lstm/G/native,lstm/G/native: Coverage-Validität in 90% der Länder FDR-verworfen; mittlere Coverage 0.654 (Unterdeckung um 14.6pp).,1.0,0.9,0.9,1.0,0.95
F5,Fehlkalibrierung: lstm/GF/decay_ocp_cqr,lstm/GF/decay_ocp_cqr: Coverage-Validität in 90% der Länder FDR-verworfen; mittlere Coverage 0.931 (Überdeckung um 13.1pp).,1.0,0.9,0.9,1.0,0.95
F5,Fehlkalibrierung: lstm/G/decay_ocp_cqr,lstm/G/decay_ocp_cqr: Coverage-Validität in 90% der Länder FDR-verworfen; mittlere Coverage 0.930 (Überdeckung um 13.0pp).,1.0,0.9,0.9,1.0,0.95
F5,Fehlkalibrierung: lstm/GF/decay_ocp_cqr,lstm/GF/decay_ocp_cqr: Coverage-Validität in 90% der Länder FDR-verworfen; mittlere Coverage 0.928 (Überdeckung um 12.8pp).,1.0,0.9,0.9,1.0,0.95
F5,Fehlkalibrierung: lstm_const/GF/saocp_cqr,lstm_const/GF/saocp_cqr: Coverage-Validität in 90% der Länder FDR-verworfen; mittlere Coverage 0.933 (Überdeckung um 13.3pp).,1.0,0.9,0.9,1.0,0.95
F5,Fehlkalibrierung: lstm_const/G/saocp_cqr,lstm_const/G/saocp_cqr: Coverage-Validität in 90% der Länder FDR-verworfen; mittlere Coverage 0.931 (Überdeckung um 13.1pp).,1.0,0.9,0.9,1.0,0.95
F5,Fehlkalibrierung: lstm_const/GF/cqr_static,lstm_const/GF/cqr_static: Coverage-Validität in 90% der Länder FDR-verworfen; mittlere Coverage 0.932 (Überdeckung um 13.2pp).,1.0,0.9,0.9,1.0,0.95
F2,RQ1 lstm (saocp_cqr): G vs L,RQ1 lstm (saocp_cqr): G vs L: A ist im Median über Länder um 30.4% des Referenz-Winklers schlechter (Panel-t[NW] = 8.33; 0% der Länder mit Vorteil A; 53% FDR-signifikant; Median-q = 0.073).,1.0,0.9271964268516056,1.0,0.8,0.938
F2,RQ1 xlstm (saocp_cqr): G vs L,RQ1 xlstm (saocp_cqr): G vs L: A ist im Median über Länder um 19.5% des Referenz-Winklers schlechter (Panel-t[NW] = 8.45; 0% der Länder mit Vorteil A; 60% FDR-signifikant; Median-q = 0.065).,0.9772423637630095,0.9352795866837094,1.0,0.8,0.934
F5,Fehlkalibrierung: xlstm/L/saocp_cqr,xlstm/L/saocp_cqr: Coverage-Validität in 90% der Länder FDR-verworfen; mittlere Coverage 0.894 (Überdeckung um 9.4pp).,0.9370078740157473,0.9,0.9,1.0,0.931
F5,Fehlkalibrierung: lstm/GF/native,lstm/GF/native: Coverage-Validität in 80% der Länder FDR-verworfen; mittlere Coverage 0.920 (Überdeckung um 12.0pp).,1.0,0.9,0.8,1.0,0.93
F5,Fehlkalibrierung: xlstm/GI/saocp_cqr,xlstm/GI/saocp_cqr: Coverage-Validität in 80% der Länder FDR-verworfen; mittlere Coverage 0.902 (Überdeckung um 10.2pp).,1.0,0.9,0.8,1.0,0.93
F5,Fehlkalibrierung: xlstm_const/G/saocp_cqr,xlstm_const/G/saocp_cqr: Coverage-Validität in 80% der Länder FDR-verworfen; mittlere Coverage 0.926 (Überdeckung um 12.6pp).,1.0,0.9,0.8,1.0,0.93
F5,Fehlkalibrierung: xlstm/GI/native,xlstm/GI/native: Coverage-Validität in 80% der Länder FDR-verworfen; mittlere Coverage 0.924 (Überdeckung um 12.4pp).,1.0,0.9,0.8,1.0,0.93
F5,Fehlkalibrierung: lstm_const/L/saocp_cqr,lstm_const/L/saocp_cqr: Coverage-Validität in 80% der Länder FDR-verworfen; mittlere Coverage 0.916 (Überdeckung um 11.6pp).,1.0,0.9,0.8,1.0,0.93
F5,Fehlkalibrierung: lstm/G/native,lstm/G/native: Coverage-Validität in 80% der Länder FDR-verworfen; mittlere Coverage 0.924 (Überdeckung um 12.4pp).,1.0,0.9,0.8,1.0,0.93
F5,Fehlkalibrierung: xlstm_const/L/saocp_cqr,xlstm_const/L/saocp_cqr: Coverage-Validität in 80% der Länder FDR-verworfen; mittlere Coverage 0.917 (Überdeckung um 11.7pp).,1.0,0.9,0.8,1.0,0.93
F5,Fehlkalibrierung: lstm_const/L/cqr_static,lstm_const/L/cqr_static: Coverage-Validität in 80% der Länder FDR-verworfen; mittlere Coverage 0.913 (Überdeckung um 11.3pp).,1.0,0.9,0.8,1.0,0.93
F5,Fehlkalibrierung: lstm_const/L/saocp_cqr,lstm_const/L/saocp_cqr: Coverage-Validität in 80% der Länder FDR-verworfen; mittlere Coverage 0.920 (Überdeckung um 12.0pp).,1.0,0.9,0.8,1.0,0.93
F5,Fehlkalibrierung: arma_monthly/L/cqr_static,arma_monthly/L/cqr_static: Coverage-Validität in 80% der Länder FDR-verworfen; mittlere Coverage 0.925 (Überdeckung um 12.5pp).,1.0,0.9,0.8,1.0,0.93
F5,Fehlkalibrierung: lstm_const/G/saocp_cqr,lstm_const/G/saocp_cqr: Coverage-Validität in 80% der Länder FDR-verworfen; mittlere Coverage 0.931 (Überdeckung um 13.1pp).,1.0,0.9,0.8,1.0,0.93
F5,Fehlkalibrierung: xlstm/GF/native,xlstm/GF/native: Coverage-Validität in 80% der Länder FDR-verworfen; mittlere Coverage 0.909 (Überdeckung um 10.9pp).,1.0,0.9,0.8,1.0,0.93
F5,Fehlkalibrierung: xlstm_const/L/cqr_static,xlstm_const/L/cqr_static: Coverage-Validität in 80% der Länder FDR-verworfen; mittlere Coverage 0.935 (Überdeckung um 13.5pp).,1.0,0.9,0.8,1.0,0.93
F5,Fehlkalibrierung: lstm_const/G/cqr_static,lstm_const/G/cqr_static: Coverage-Validität in 80% der Länder FDR-verworfen; mittlere Coverage 0.929 (Überdeckung um 12.9pp).,1.0,0.9,0.8,1.0,0.93
F5,Fehlkalibrierung: lstm/L/saocp_cqr,lstm/L/saocp_cqr: Coverage-Validität in 80% der Länder FDR-verworfen; mittlere Coverage 0.911 (Überdeckung um 11.1pp).,1.0,0.9,0.8,1.0,0.93
F5,Fehlkalibrierung: xlstm/G/saocp_cqr,xlstm/G/saocp_cqr: Coverage-Validität in 80% der Länder FDR-verworfen; mittlere Coverage 0.916 (Überdeckung um 11.6pp).,1.0,0.9,0.8,1.0,0.93
F5,Fehlkalibrierung: xlstm/G/native,xlstm/G/native: Coverage-Validität in 80% der Länder FDR-verworfen; mittlere Coverage 0.909 (Überdeckung um 10.9pp).,1.0,0.9,0.8,1.0,0.93
F5,Fehlkalibrierung: xlstm/GF/native,xlstm/GF/native: Coverage-Validität in 80% der Länder FDR-verworfen; mittlere Coverage 0.931 (Überdeckung um 13.1pp).,1.0,0.9,0.8,1.0,0.93
F5,Fehlkalibrierung: lgbm/GI/saocp_cqr,lgbm/GI/saocp_cqr: Coverage-Validität in 80% der Länder FDR-verworfen; mittlere Coverage 0.898 (Überdeckung um 9.8pp).,0.9842519685039364,0.9,0.8,1.0,0.925
F5,Fehlkalibrierung: lstm_const/G/native,lstm_const/G/native: Coverage-Validität in 70% der Länder FDR-verworfen; mittlere Coverage 0.913 (Überdeckung um 11.3pp).,1.0,0.9,0.7,1.0,0.91
F5,Fehlkalibrierung: lstm_const/GF/native,lstm_const/GF/native: Coverage-Validität in 70% der Länder FDR-verworfen; mittlere Coverage 0.911 (Überdeckung um 11.1pp).,1.0,0.9,0.7,1.0,0.91
F5,Fehlkalibrierung: lstm_const/G/native,lstm_const/G/native: Coverage-Validität in 70% der Länder FDR-verworfen; mittlere Coverage 0.914 (Überdeckung um 11.4pp).,1.0,0.9,0.7,1.0,0.91
F5,Fehlkalibrierung: lstm_const/GF/native,lstm_const/GF/native: Coverage-Validität in 70% der Länder FDR-verworfen; mittlere Coverage 0.910 (Überdeckung um 11.0pp).,1.0,0.9,0.7,1.0,0.91
F5,Fehlkalibrierung: lstm_const/L/saocp_cqr,lstm_const/L/saocp_cqr: Coverage-Validität in 70% der Länder FDR-verworfen; mittlere Coverage 0.915 (Überdeckung um 11.5pp).,1.0,0.9,0.7,1.0,0.91
F5,Fehlkalibrierung: lstm_const/G/native,lstm_const/G/native: Coverage-Validität in 70% der Länder FDR-verworfen; mittlere Coverage 0.909 (Überdeckung um 10.9pp).,1.0,0.9,0.7,1.0,0.91
F5,Fehlkalibrierung: lstm_const/G/decay_ocp_cqr,lstm_const/G/decay_ocp_cqr: Coverage-Validität in 70% der Länder FDR-verworfen; mittlere Coverage 0.905 (Überdeckung um 10.5pp).,1.0,0.9,0.7,1.0,0.91
F5,Fehlkalibrierung: lstm_const/GF/native,lstm_const/GF/native: Coverage-Validität in 70% der Länder FDR-verworfen; mittlere Coverage 0.906 (Überdeckung um 10.6pp).,1.0,0.9,0.7,1.0,0.91
F5,Fehlkalibrierung: rw/L/cqr_static,rw/L/cqr_static: Coverage-Validität in 70% der Länder FDR-verworfen; mittlere Coverage 0.915 (Überdeckung um 11.5pp).,1.0,0.9,0.7,1.0,0.91
F5,Fehlkalibrierung: lstm_const/G/decay_ocp_cqr,lstm_const/G/decay_ocp_cqr: Coverage-Validität in 70% der Länder FDR-verworfen; mittlere Coverage 0.919 (Überdeckung um 11.9pp).,1.0,0.9,0.7,1.0,0.91
F5,Fehlkalibrierung: lstm/GI/decay_ocp_cqr,lstm/GI/decay_ocp_cqr: Coverage-Validität in 70% der Länder FDR-verworfen; mittlere Coverage 0.923 (Überdeckung um 12.3pp).,1.0,0.9,0.7,1.0,0.91
F5,Fehlkalibrierung: lstm/GI/native,lstm/GI/native: Coverage-Validität in 70% der Länder FDR-verworfen; mittlere Coverage 0.912 (Überdeckung um 11.2pp).,1.0,0.9,0.7,1.0,0.91
F5,Fehlkalibrierung: xlstm_const/G/native,xlstm_const/G/native: Coverage-Validität in 70% der Länder FDR-verworfen; mittlere Coverage 0.901 (Überdeckung um 10.1pp).,1.0,0.9,0.7,1.0,0.91
F5,Fehlkalibrierung: lstm_const/GF/decay_ocp_cqr,lstm_const/GF/decay_ocp_cqr: Coverage-Validität in 70% der Länder FDR-verworfen; mittlere Coverage 0.921 (Überdeckung um 12.1pp).,1.0,0.9,0.7,1.0,0.91
F5,Fehlkalibrierung: xlstm_const/L/saocp_cqr,xlstm_const/L/saocp_cqr: Coverage-Validität in 70% der Länder FDR-verworfen; mittlere Coverage 0.909 (Überdeckung um 10.9pp).,1.0,0.9,0.7,1.0,0.91
F5,Fehlkalibrierung: arma_monthly/L/decay_ocp_cqr,arma_monthly/L/decay_ocp_cqr: Coverage-Validität in 70% der Länder FDR-verworfen; mittlere Coverage 0.910 (Überdeckung um 11.0pp).,1.0,0.9,0.7,1.0,0.91
F5,Fehlkalibrierung: xlstm_const/L/decay_ocp_cqr,xlstm_const/L/decay_ocp_cqr: Coverage-Validität in 70% der Länder FDR-verworfen; mittlere Coverage 0.909 (Überdeckung um 10.9pp).,1.0,0.9,0.7,1.0,0.91
F5,Fehlkalibrierung: lgbm/G/saocp_cqr,lgbm/G/saocp_cqr: Coverage-Validität in 70% der Länder FDR-verworfen; mittlere Coverage 0.906 (Überdeckung um 10.6pp).,1.0,0.9,0.7,1.0,0.91
F5,Fehlkalibrierung: arma/L/decay_ocp_cqr,arma/L/decay_ocp_cqr: Coverage-Validität in 70% der Länder FDR-verworfen; mittlere Coverage 0.922 (Überdeckung um 12.2pp).,1.0,0.9,0.7,1.0,0.91
F5,Fehlkalibrierung: xlstm_const/G/native,xlstm_const/G/native: Coverage-Validität in 70% der Länder FDR-verworfen; mittlere Coverage 0.908 (Überdeckung um 10.8pp).,1.0,0.9,0.7,1.0,0.91
F5,Fehlkalibrierung: xlstm_const/GF/native,xlstm_const/GF/native: Coverage-Validität in 70% der Länder FDR-verworfen; mittlere Coverage 0.907 (Überdeckung um 10.7pp).,1.0,0.9,0.7,1.0,0.91
F5,Fehlkalibrierung: lgbm_const/G/saocp_cqr,lgbm_const/G/saocp_cqr: Coverage-Validität in 70% der Länder FDR-verworfen; mittlere Coverage 0.906 (Überdeckung um 10.6pp).,1.0,0.9,0.7,1.0,0.91
F5,Fehlkalibrierung: xlstm_const/L/saocp_cqr,xlstm_const/L/saocp_cqr: Coverage-Validität in 70% der Länder FDR-verworfen; mittlere Coverage 0.909 (Überdeckung um 10.9pp).,1.0,0.9,0.7,1.0,0.91
F5,Fehlkalibrierung: xlstm_const/L/decay_ocp_cqr,xlstm_const/L/decay_ocp_cqr: Coverage-Validität in 70% der Länder FDR-verworfen; mittlere Coverage 0.902 (Überdeckung um 10.2pp).,1.0,0.9,0.7,1.0,0.91
F2,RQ1 xlstm (cqr_static): GF vs GI,RQ1 xlstm (cqr_static): GF vs GI: A ist im Median über Länder um 19.6% des Referenz-Winklers besser (Panel-t[NW] = -11.06; 80% der Länder mit Vorteil A; 63% FDR-signifikant; Median-q = 0.019).,0.9820610231964555,0.9812046896407979,0.8,0.8,0.909
F5,Fehlkalibrierung: lstm_const/G/cqr_static,lstm_const/G/cqr_static: Coverage-Validität in 80% der Länder FDR-verworfen; mittlere Coverage 0.887 (Überdeckung um 8.7pp).,0.8740157480314958,0.9,0.8,1.0,0.892
F5,Fehlkalibrierung: tirex2/ZS/saocp_cqr,tirex2/ZS/saocp_cqr: Coverage-Validität in 70% der Länder FDR-verworfen; mittlere Coverage 0.894 (Überdeckung um 9.4pp).,0.9370078740157473,0.9,0.7,1.0,0.891
F5,Fehlkalibrierung: xlstm_const/L/cqr_static,xlstm_const/L/cqr_static: Coverage-Validität in 60% der Länder FDR-verworfen; mittlere Coverage 0.920 (Überdeckung um 12.0pp).,1.0,0.9,0.6,1.0,0.89
F5,Fehlkalibrierung: arma_monthly/L/native,arma_monthly/L/native: Coverage-Validität in 60% der Länder FDR-verworfen; mittlere Coverage 0.901 (Überdeckung um 10.1pp).,1.0,0.9,0.6,1.0,0.89
F5,Fehlkalibrierung: rw/L/native,rw/L/native: Coverage-Validität in 60% der Länder FDR-verworfen; mittlere Coverage 0.909 (Überdeckung um 10.9pp).,1.0,0.9,0.6,1.0,0.89
F5,Fehlkalibrierung: xlstm_const/GF/decay_ocp_cqr,xlstm_const/GF/decay_ocp_cqr: Coverage-Validität in 60% der Länder FDR-verworfen; mittlere Coverage 0.904 (Überdeckung um 10.4pp).,1.0,0.9,0.6,1.0,0.89
F5,Fehlkalibrierung: xlstm_const/GF/native,xlstm_const/GF/native: Coverage-Validität in 60% der Länder FDR-verworfen; mittlere Coverage 0.900 (Überdeckung um 10.0pp).,0.9999999999999998,0.9,0.6,1.0,0.89
F5,Fehlkalibrierung: xlstm_const/L/cqr_static,xlstm_const/L/cqr_static: Coverage-Validität in 60% der Länder FDR-verworfen; mittlere Coverage 0.916 (Überdeckung um 11.6pp).,1.0,0.9,0.6,1.0,0.89
F5,Fehlkalibrierung: arma/L/native,arma/L/native: Coverage-Validität in 60% der Länder FDR-verworfen; mittlere Coverage 0.904 (Überdeckung um 10.4pp).,1.0,0.9,0.6,1.0,0.89
F5,Fehlkalibrierung: lgbm_const/G/cqr_static,lgbm_const/G/cqr_static: Coverage-Validität in 60% der Länder FDR-verworfen; mittlere Coverage 0.903 (Überdeckung um 10.3pp).,1.0,0.9,0.6,1.0,0.89
F5,Fehlkalibrierung: lstm_const/GF/decay_ocp_cqr,lstm_const/GF/decay_ocp_cqr: Coverage-Validität in 60% der Länder FDR-verworfen; mittlere Coverage 0.907 (Überdeckung um 10.7pp).,1.0,0.9,0.6,1.0,0.89
F5,Fehlkalibrierung: lstm_const/G/decay_ocp_cqr,lstm_const/G/decay_ocp_cqr: Coverage-Validität in 60% der Länder FDR-verworfen; mittlere Coverage 0.912 (Überdeckung um 11.2pp).,1.0,0.9,0.6,1.0,0.89
F5,Fehlkalibrierung: lstm_const/GF/decay_ocp_cqr,lstm_const/GF/decay_ocp_cqr: Coverage-Validität in 60% der Länder FDR-verworfen; mittlere Coverage 0.911 (Überdeckung um 11.1pp).,1.0,0.9,0.6,1.0,0.89
F5,Fehlkalibrierung: lstm_const/L/cqr_static,lstm_const/L/cqr_static: Coverage-Validität in 60% der Länder FDR-verworfen; mittlere Coverage 0.915 (Überdeckung um 11.5pp).,1.0,0.9,0.6,1.0,0.89
F5,Fehlkalibrierung: xlstm/GI/native,xlstm/GI/native: Coverage-Validität in 80% der Länder FDR-verworfen; mittlere Coverage 0.885 (Überdeckung um 8.5pp).,0.8503937007874018,0.9,0.8,1.0,0.885
F5,Fehlkalibrierung: lstm/GF/cqr_static,lstm/GF/cqr_static: Coverage-Validität in 70% der Länder FDR-verworfen; mittlere Coverage 0.891 (Überdeckung um 9.1pp).,0.9133858267716533,0.9,0.7,1.0,0.884
F5,Fehlkalibrierung: lgbm/L/saocp_cqr,lgbm/L/saocp_cqr: Coverage-Validität in 70% der Länder FDR-verworfen; mittlere Coverage 0.891 (Überdeckung um 9.1pp).,0.9055118110236215,0.9,0.7,1.0,0.882
F5,Fehlkalibrierung: xlstm/GI/decay_ocp_cqr,xlstm/GI/decay_ocp_cqr: Coverage-Validität in 70% der Länder FDR-verworfen; mittlere Coverage 0.891 (Überdeckung um 9.1pp).,0.9055118110236215,0.9,0.7,1.0,0.882
F5,Fehlkalibrierung: xlstm_const/G/decay_ocp_cqr,xlstm_const/G/decay_ocp_cqr: Coverage-Validität in 60% der Länder FDR-verworfen; mittlere Coverage 0.897 (Überdeckung um 9.7pp).,0.9685039370078741,0.9,0.6,1.0,0.881
F2,RQ1 xlstm (saocp_cqr): G vs L,RQ1 xlstm (saocp_cqr): G vs L: A ist im Median über Länder um 15.5% des Referenz-Winklers schlechter (Panel-t[NW] = 7.30; 0% der Länder mit Vorteil A; 60% FDR-signifikant; Median-q = 0.065).,0.7748860601853449,0.9352795866837094,1.0,0.8,0.873
F5,Fehlkalibrierung: xlstm_const/GF/native,xlstm_const/GF/native: Coverage-Validität in 60% der Länder FDR-verworfen; mittlere Coverage 0.894 (Überdeckung um 9.4pp).,0.944881889763779,0.9,0.6,1.0,0.873
F5,Fehlkalibrierung: rw/L/decay_ocp_cqr,rw/L/decay_ocp_cqr: Coverage-Validität in 50% der Länder FDR-verworfen; mittlere Coverage 0.910 (Überdeckung um 11.0pp).,1.0,0.9,0.5,1.0,0.87
F5,Fehlkalibrierung: lstm_const/L/decay_ocp_cqr,lstm_const/L/decay_ocp_cqr: Coverage-Validität in 50% der Länder FDR-verworfen; mittlere Coverage 0.901 (Überdeckung um 10.1pp).,1.0,0.9,0.5,1.0,0.87
F5,Fehlkalibrierung: lstm_const/L/decay_ocp_cqr,lstm_const/L/decay_ocp_cqr: Coverage-Validität in 50% der Länder FDR-verworfen; mittlere Coverage 0.898 (Überdeckung um 9.8pp).,0.9842519685039364,0.9,0.5,1.0,0.865
F5,Fehlkalibrierung: lstm_const/GF/cqr_static,lstm_const/GF/cqr_static: Coverage-Validität in 70% der Länder FDR-verworfen; mittlere Coverage 0.884 (Überdeckung um 8.4pp).,0.8425196850393701,0.9,0.7,1.0,0.863
F5,Fehlkalibrierung: lstm_const/G/cqr_static,lstm_const/G/cqr_static: Coverage-Validität in 90% der Länder FDR-verworfen; mittlere Coverage 0.870 (Überdeckung um 7.0pp).,0.7007874015748028,0.9,0.9,1.0,0.86
F5,Fehlkalibrierung: lstm_const/L/native,lstm_const/L/native: Coverage-Validität in 60% der Länder FDR-verworfen; mittlere Coverage 0.890 (Überdeckung um 9.0pp).,0.8976377952755898,0.9,0.6,1.0,0.859
F5,Fehlkalibrierung: lgbm_const/L/saocp_cqr,lgbm_const/L/saocp_cqr: Coverage-Validität in 50% der Länder FDR-verworfen; mittlere Coverage 0.896 (Überdeckung um 9.6pp).,0.9606299212598424,0.9,0.5,1.0,0.858
F5,Fehlkalibrierung: xlstm_const/G/native,xlstm_const/G/native: Coverage-Validität in 50% der Länder FDR-verworfen; mittlere Coverage 0.895 (Überdeckung um 9.5pp).,0.9527559055118107,0.9,0.5,1.0,0.856
F5,Fehlkalibrierung: lstm_const/L/native,lstm_const/L/native: Coverage-Validität in 50% der Länder FDR-verworfen; mittlere Coverage 0.894 (Überdeckung um 9.4pp).,0.944881889763779,0.9,0.5,1.0,0.853
F5,Fehlkalibrierung: lstm_const/GF/cqr_static,lstm_const/GF/cqr_static: Coverage-Validität in 60% der Länder FDR-verworfen; mittlere Coverage 0.887 (Überdeckung um 8.7pp).,0.8740157480314958,0.9,0.6,1.0,0.852
F5,Fehlkalibrierung: xlstm_const/L/decay_ocp_cqr,xlstm_const/L/decay_ocp_cqr: Coverage-Validität in 50% der Länder FDR-verworfen; mittlere Coverage 0.894 (Überdeckung um 9.4pp).,0.9370078740157473,0.9,0.5,1.0,0.851
F5,Fehlkalibrierung: tirex2_cov/ZS/saocp_cqr,tirex2_cov/ZS/saocp_cqr: Coverage-Validität in 70% der Länder FDR-verworfen; mittlere Coverage 0.880 (Überdeckung um 8.0pp).,0.795275590551181,0.9,0.7,1.0,0.849
F5,Fehlkalibrierung: xlstm/G/decay_ocp_cqr,xlstm/G/decay_ocp_cqr: Coverage-Validität in 70% der Länder FDR-verworfen; mittlere Coverage 0.880 (Überdeckung um 8.0pp).,0.795275590551181,0.9,0.7,1.0,0.849
F5,Fehlkalibrierung: xlstm_const/G/cqr_static,xlstm_const/G/cqr_static: Coverage-Validität in 70% der Länder FDR-verworfen; mittlere Coverage 0.880 (Überdeckung um 8.0pp).,0.795275590551181,0.9,0.7,1.0,0.849
F5,Fehlkalibrierung: xlstm/GI/decay_ocp_cqr,xlstm/GI/decay_ocp_cqr: Coverage-Validität in 80% der Länder FDR-verworfen; mittlere Coverage 0.872 (Überdeckung um 7.2pp).,0.7244094488188979,0.9,0.8,1.0,0.847
F2,RQ1 xlstm (decay_ocp_cqr): G vs L,RQ1 xlstm (decay_ocp_cqr): G vs L: A ist im Median über Länder um 18.7% des Referenz-Winklers schlechter (Panel-t[NW] = 6.84; 10% der Länder mit Vorteil A; 37% FDR-signifikant; Median-q = 0.247).,0.9329511435288462,0.7526362623535598,0.9,0.8,0.846
F5,Fehlkalibrierung: lstm_const/L/decay_ocp_cqr,lstm_const/L/decay_ocp_cqr: Coverage-Validität in 50% der Länder FDR-verworfen; mittlere Coverage 0.891 (Überdeckung um 9.1pp).,0.9133858267716533,0.9,0.5,1.0,0.844
F5,Fehlkalibrierung: lstm_const/L/native,lstm_const/L/native: Coverage-Validität in 50% der Länder FDR-verworfen; mittlere Coverage 0.891 (Überdeckung um 9.1pp).,0.9133858267716533,0.9,0.5,1.0,0.844
F5,Fehlkalibrierung: lstm/G/cqr_static,lstm/G/cqr_static: Coverage-Validität in 50% der Länder FDR-verworfen; mittlere Coverage 0.891 (Überdeckung um 9.1pp).,0.9133858267716533,0.9,0.5,1.0,0.844
F2,RQ1 lstm (saocp_cqr): G vs L,RQ1 lstm (saocp_cqr): G vs L: A ist im Median über Länder um 14.5% des Referenz-Winklers schlechter (Panel-t[NW] = 5.96; 10% der Länder mit Vorteil A; 53% FDR-signifikant; Median-q = 0.073).,0.7271205344524503,0.9271964268516056,0.9,0.8,0.836
F5,Fehlkalibrierung: xlstm/G/cqr_static,xlstm/G/cqr_static: Coverage-Validität in 70% der Länder FDR-verworfen; mittlere Coverage 0.875 (Überdeckung um 7.5pp).,0.7480314960629919,0.9,0.7,1.0,0.834
F5,Fehlkalibrierung: xlstm_const/GF/decay_ocp_cqr,xlstm_const/GF/decay_ocp_cqr: Coverage-Validität in 50% der Länder FDR-verworfen; mittlere Coverage 0.886 (Überdeckung um 8.6pp).,0.8582677165354324,0.9,0.5,1.0,0.827
F5,Fehlkalibrierung: xlstm_const/G/decay_ocp_cqr,xlstm_const/G/decay_ocp_cqr: Coverage-Validität in 50% der Länder FDR-verworfen; mittlere Coverage 0.886 (Überdeckung um 8.6pp).,0.8582677165354324,0.9,0.5,1.0,0.827
F5,Fehlkalibrierung: tirex/ZS/saocp_cqr,tirex/ZS/saocp_cqr: Coverage-Validität in 70% der Länder FDR-verworfen; mittlere Coverage 0.872 (Überdeckung um 7.2pp).,0.7244094488188979,0.9,0.7,1.0,0.827
F3,RQ2 lstm/GF (pid_tan_cqr): adaptiv vs const,RQ2 lstm/GF (pid_tan_cqr): adaptiv vs const: A ist im Median über Länder um 12.1% des Referenz-Winklers schlechter (Panel-t[NW] = 4.48; 0% der Länder mit Vorteil A; 60% FDR-signifikant; Median-q = 0.051).,0.6029885441364201,0.948889944005838,1.0,0.8,0.826
F5,Fehlkalibrierung: lstm_const/L/cqr_static,lstm_const/L/cqr_static: Coverage-Validität in 60% der Länder FDR-verworfen; mittlere Coverage 0.878 (Überdeckung um 7.8pp).,0.7795275590551176,0.9,0.6,1.0,0.824
F3,RQ2 xlstm/L (cqr_static): adaptiv vs const,RQ2 xlstm/L (cqr_static): adaptiv vs const: A ist im Median über Länder um 13.8% des Referenz-Winklers besser (Panel-t[NW] = -6.88; 80% der Länder mit Vorteil A; 67% FDR-signifikant; Median-q = 0.022).,0.6924875264953048,0.9782729132180328,0.8,0.8,0.821
F5,Fehlkalibrierung: lstm/G/cqr_static,lstm/G/cqr_static: Coverage-Validität in 60% der Länder FDR-verworfen; mittlere Coverage 0.877 (Überdeckung um 7.7pp).,0.771653543307087,0.9,0.6,1.0,0.821
F5,Fehlkalibrierung: lstm/L/native,lstm/L/native: Coverage-Validität in 60% der Länder FDR-verworfen; mittlere Coverage 0.877 (Überdeckung um 7.7pp).,0.771653543307087,0.9,0.6,1.0,0.821
F5,Fehlkalibrierung: lgbm_const/L/decay_ocp_cqr,lgbm_const/L/decay_ocp_cqr: Coverage-Validität in 50% der Länder FDR-verworfen; mittlere Coverage 0.883 (Überdeckung um 8.3pp).,0.8346456692913384,0.9,0.5,1.0,0.82
F5,Fehlkalibrierung: xlstm/GF/decay_ocp_cqr,xlstm/GF/decay_ocp_cqr: Coverage-Validität in 60% der Länder FDR-verworfen; mittlere Coverage 0.876 (Überdeckung um 7.6pp).,0.7559055118110236,0.9,0.6,1.0,0.817
F2,RQ1 lstm (cqr_static): GF vs GI,RQ1 lstm (cqr_static): GF vs GI: A ist im Median über Länder um 11.9% des Referenz-Winklers besser (Panel-t[NW] = -24.02; 90% der Länder mit Vorteil A; 63% FDR-signifikant; Median-q = 0.020).,0.5930551707728183,0.980029549170022,0.9,0.8,0.812
F3,RQ2 lstm/G (pid_tan_cqr): adaptiv vs const,RQ2 lstm/G (pid_tan_cqr): adaptiv vs const: A ist im Median über Länder um 11.2% des Referenz-Winklers schlechter (Panel-t[NW] = 5.03; 0% der Länder mit Vorteil A; 53% FDR-signifikant; Median-q = 0.055).,0.5585560355204878,0.9453219108275257,1.0,0.8,0.811
F5,Fehlkalibrierung: lgbm/L/cqr_static,lgbm/L/cqr_static: Coverage-Validität in 70% der Länder FDR-verworfen; mittlere Coverage 0.867 (Überdeckung um 6.7pp).,0.6692913385826771,0.9,0.7,1.0,0.811
F2,RQ1 lstm (cqr_static): G vs L,RQ1 lstm (cqr_static): G vs L: A ist im Median über Länder um 11.4% des Referenz-Winklers schlechter (Panel-t[NW] = 6.02; 0% der Länder mit Vorteil A; 53% FDR-signifikant; Median-q = 0.071).,0.5691877452694634,0.9292451431205958,1.0,0.8,0.81
F2,RQ1 xlstm (decay_ocp_cqr): GF vs GI,RQ1 xlstm (decay_ocp_cqr): GF vs GI: A ist im Median über Länder um 10.2% des Referenz-Winklers besser (Panel-t[NW] = -7.63; 100% der Länder mit Vorteil A; 67% FDR-signifikant; Median-q = 0.023).,0.5098265597271262,0.9765851280276605,1.0,0.8,0.806
F3,RQ2 lstm/GF (pid_tan_cqr): adaptiv vs const,RQ2 lstm/GF (pid_tan_cqr): adaptiv vs const: A ist im Median über Länder um 10.6% des Referenz-Winklers schlechter (Panel-t[NW] = 5.31; 0% der Länder mit Vorteil A; 60% FDR-signifikant; Median-q = 0.051).,0.5324999853216973,0.948889944005838,1.0,0.8,0.804
F5,Fehlkalibrierung: xlstm/L/saocp_cqr,xlstm/L/saocp_cqr: Coverage-Validität in 50% der Länder FDR-verworfen; mittlere Coverage 0.877 (Überdeckung um 7.7pp).,0.771653543307087,0.9,0.5,1.0,0.801
F2,RQ1 xlstm (cqr_static): GF vs GI,RQ1 xlstm (cqr_static): GF vs GI: A ist im Median über Länder um 11.0% des Referenz-Winklers besser (Panel-t[NW] = -8.42; 90% der Länder mit Vorteil A; 63% FDR-signifikant; Median-q = 0.019).,0.5519631524664358,0.9812046896407979,0.9,0.8,0.8
F3,RQ2 lstm/GF (cqr_static): adaptiv vs const,RQ2 lstm/GF (cqr_static): adaptiv vs const: A ist im Median über Länder um 10.5% des Referenz-Winklers schlechter (Panel-t[NW] = 5.58; 10% der Länder mit Vorteil A; 57% FDR-signifikant; Median-q = 0.003).,0.5228376136351214,0.9966802314438699,0.9,0.8,0.796
F5,Fehlkalibrierung: lstm/GF/cqr_static,lstm/GF/cqr_static: Coverage-Validität in 50% der Länder FDR-verworfen; mittlere Coverage 0.875 (Überdeckung um 7.5pp).,0.7480314960629919,0.9,0.5,1.0,0.794
F5,Fehlkalibrierung: lstm/G/pid_tan_cqr,lstm/G/pid_tan_cqr: Coverage-Validität in 80% der Länder FDR-verworfen; mittlere Coverage 0.852 (Überdeckung um 5.2pp).,0.5196850393700769,0.9,0.8,1.0,0.786
F5,Fehlkalibrierung: xlstm/G/decay_ocp_cqr,xlstm/G/decay_ocp_cqr: Coverage-Validität in 60% der Länder FDR-verworfen; mittlere Coverage 0.865 (Überdeckung um 6.5pp).,0.6535433070866148,0.9,0.6,1.0,0.786
F5,Fehlkalibrierung: xlstm_const/L/native,xlstm_const/L/native: Coverage-Validität in 40% der Länder FDR-verworfen; mittlere Coverage 0.878 (Überdeckung um 7.8pp).,0.7795275590551176,0.9,0.4,1.0,0.784
F5,Fehlkalibrierung: lstm/GF/pid_tan_cqr,lstm/GF/pid_tan_cqr: Coverage-Validität in 80% der Länder FDR-verworfen; mittlere Coverage 0.851 (Überdeckung um 5.1pp).,0.5118110236220474,0.9,0.8,1.0,0.784
F2,RQ1 xlstm (mondrian_cqr): GF vs GI,RQ1 xlstm (mondrian_cqr): GF vs GI: A ist im Median über Länder um 11.2% des Referenz-Winklers besser (Panel-t[NW] = -7.62; 100% der Länder mit Vorteil A; 47% FDR-signifikant; Median-q = 0.147).,0.5593404738703249,0.8529397153797695,1.0,0.8,0.784
F5,Fehlkalibrierung: xlstm_const/L/native,xlstm_const/L/native: Coverage-Validität in 50% der Länder FDR-verworfen; mittlere Coverage 0.871 (Überdeckung um 7.1pp).,0.7086614173228345,0.9,0.5,1.0,0.783
F2,RQ1 lstm (decay_ocp_cqr): G vs L,RQ1 lstm (decay_ocp_cqr): G vs L: A ist im Median über Länder um 12.7% des Referenz-Winklers schlechter (Panel-t[NW] = 5.69; 10% der Länder mit Vorteil A; 50% FDR-signifikant; Median-q = 0.165).,0.6370815035182473,0.8352101127917103,0.9,0.8,0.782
F5,Fehlkalibrierung: lgbm_const/G/decay_ocp_cqr,lgbm_const/G/decay_ocp_cqr: Coverage-Validität in 40% der Länder FDR-verworfen; mittlere Coverage 0.876 (Überdeckung um 7.6pp).,0.7637795275590553,0.9,0.4,1.0,0.779
F5,Fehlkalibrierung: lstm/L/native,lstm/L/native: Coverage-Validität in 40% der Länder FDR-verworfen; mittlere Coverage 0.876 (Überdeckung um 7.6pp).,0.7559055118110236,0.9,0.4,1.0,0.777
F5,Fehlkalibrierung: lgbm/G/cqr_static,lgbm/G/cqr_static: Coverage-Validität in 60% der Länder FDR-verworfen; mittlere Coverage 0.862 (Überdeckung um 6.2pp).,0.622047244094488,0.9,0.6,1.0,0.777
F5,Fehlkalibrierung: xlstm_const/GF/decay_ocp_cqr,xlstm_const/GF/decay_ocp_cqr: Coverage-Validität in 40% der Länder FDR-verworfen; mittlere Coverage 0.876 (Überdeckung um 7.6pp).,0.7559055118110236,0.9,0.4,1.0,0.777
F5,Fehlkalibrierung: xlstm_const/G/decay_ocp_cqr,xlstm_const/G/decay_ocp_cqr: Coverage-Validität in 40% der Länder FDR-verworfen; mittlere Coverage 0.876 (Überdeckung um 7.6pp).,0.7559055118110236,0.9,0.4,1.0,0.777
F5,Fehlkalibrierung: xlstm/G/native,xlstm/G/native: Coverage-Validität in 50% der Länder FDR-verworfen; mittlere Coverage 0.869 (Überdeckung um 6.9pp).,0.6850393700787405,0.9,0.5,1.0,0.776
F3,RQ2 lstm/G (pid_tan_cqr): adaptiv vs const,RQ2 lstm/G (pid_tan_cqr): adaptiv vs const: A ist im Median über Länder um 8.8% des Referenz-Winklers schlechter (Panel-t[NW] = 3.62; 0% der Länder mit Vorteil A; 53% FDR-signifikant; Median-q = 0.055).,0.4397763662292692,0.9453219108275257,1.0,0.8,0.776
F10,F10 arma vs arma_monthly (cqr_static),F10 arma vs arma_monthly (cqr_static): A ist im Median über Länder um 6.4% des Referenz-Winklers schlechter (Panel-t[NW] = 39.15; 10% der Länder mit Vorteil A; 60% FDR-signifikant; Median-q = 0.000).,0.3194487877462906,0.9999837181977742,0.9,1.0,0.776
F5,Fehlkalibrierung: lgbm/G/native,lgbm/G/native: Coverage-Validität in 50% der Länder FDR-verworfen; mittlere Coverage 0.869 (Überdeckung um 6.9pp).,0.6850393700787405,0.9,0.5,1.0,0.776
F5,Fehlkalibrierung: xlstm_const/L/native,xlstm_const/L/native: Coverage-Validität in 50% der Länder FDR-verworfen; mittlere Coverage 0.869 (Überdeckung um 6.9pp).,0.6850393700787405,0.9,0.5,1.0,0.776
F3,RQ2 lstm/GF (pid_tan_cqr): adaptiv vs const,RQ2 lstm/GF (pid_tan_cqr): adaptiv vs const: A ist im Median über Länder um 8.5% des Referenz-Winklers schlechter (Panel-t[NW] = 3.82; 0% der Länder mit Vorteil A; 60% FDR-signifikant; Median-q = 0.051).,0.4237511673919913,0.948889944005838,1.0,0.8,0.772
F5,Fehlkalibrierung: lstm/L/cqr_static,lstm/L/cqr_static: Coverage-Validität in 70% der Länder FDR-verworfen; mittlere Coverage 0.853 (Überdeckung um 5.3pp).,0.5275590551181109,0.9,0.7,1.0,0.768
F3,RQ2 lstm/G (cqr_static): adaptiv vs const,RQ2 lstm/G (cqr_static): adaptiv vs const: A ist im Median über Länder um 8.7% des Referenz-Winklers schlechter (Panel-t[NW] = 5.41; 10% der Länder mit Vorteil A; 60% FDR-signifikant; Median-q = 0.005).,0.43317993132313276,0.9947949586801204,0.9,0.8,0.768
F5,Fehlkalibrierung: xlstm_const/GF/cqr_static,xlstm_const/GF/cqr_static: Coverage-Validität in 60% der Länder FDR-verworfen; mittlere Coverage 0.859 (Überdeckung um 5.9pp).,0.5905511811023623,0.9,0.6,1.0,0.767
F5,Fehlkalibrierung: lstm/GI/pid_tan_cqr,lstm/GI/pid_tan_cqr: Coverage-Validität in 70% der Länder FDR-verworfen; mittlere Coverage 0.852 (Überdeckung um 5.2pp).,0.5196850393700769,0.9,0.7,1.0,0.766
F5,Fehlkalibrierung: lstm/L/native,lstm/L/native: Coverage-Validität in 50% der Länder FDR-verworfen; mittlere Coverage 0.865 (Überdeckung um 6.5pp).,0.6456692913385831,0.9,0.5,1.0,0.764
F5,Fehlkalibrierung: xlstm/GF/decay_ocp_cqr,xlstm/GF/decay_ocp_cqr: Coverage-Validität in 60% der Länder FDR-verworfen; mittlere Coverage 0.857 (Überdeckung um 5.7pp).,0.5669291338582683,0.9,0.6,1.0,0.76
F3,RQ2 xlstm/G (aci_cqr): adaptiv vs const,RQ2 xlstm/G (aci_cqr): adaptiv vs const: A ist im Median über Länder um 14.5% des Referenz-Winklers schlechter (Panel-t[NW] = 5.48; 10% der Länder mit Vorteil A; 30% FDR-signifikant; Median-q = 0.327).,0.72394657335573,0.6730340902216815,0.9,0.8,0.759
F3,RQ2 lstm/G (pid_tan_cqr): adaptiv vs const,RQ2 lstm/G (pid_tan_cqr): adaptiv vs const: A ist im Median über Länder um 7.7% des Referenz-Winklers schlechter (Panel-t[NW] = 4.31; 0% der Länder mit Vorteil A; 53% FDR-signifikant; Median-q = 0.055).,0.38509715085815066,0.9453219108275257,1.0,0.8,0.759
F5,Fehlkalibrierung: xlstm/GF/native,xlstm/GF/native: Coverage-Validität in 40% der Länder FDR-verworfen; mittlere Coverage 0.869 (Überdeckung um 6.9pp).,0.6850393700787405,0.9,0.4,1.0,0.756
F5,Fehlkalibrierung: xlstm/L/saocp_cqr,xlstm/L/saocp_cqr: Coverage-Validität in 40% der Länder FDR-verworfen; mittlere Coverage 0.869 (Überdeckung um 6.9pp).,0.6850393700787405,0.9,0.4,1.0,0.756
F3,RQ2 xlstm/GF (aci_cqr): adaptiv vs const,RQ2 xlstm/GF (aci_cqr): adaptiv vs const: A ist im Median über Länder um 12.2% des Referenz-Winklers schlechter (Panel-t[NW] = 6.00; 10% der Länder mit Vorteil A; 30% FDR-signifikant; Median-q = 0.226).,0.6104658807282964,0.7742290251595617,0.9,0.8,0.755
F5,Fehlkalibrierung: lstm/GF/pid_tan_cqr,lstm/GF/pid_tan_cqr: Coverage-Validität in 80% der Länder FDR-verworfen; mittlere Coverage 0.841 (Überdeckung um 4.1pp).,0.4094488188976364,0.9,0.8,1.0,0.753
F2,RQ1 xlstm (decay_ocp_cqr): GF vs GI,RQ1 xlstm (decay_ocp_cqr): GF vs GI: A ist im Median über Länder um 7.9% des Referenz-Winklers besser (Panel-t[NW] = -6.94; 90% der Länder mit Vorteil A; 67% FDR-signifikant; Median-q = 0.023).,0.3967729493231781,0.9765851280276605,0.9,0.8,0.752
F3,RQ2 lstm/GF (agaci_cqr): adaptiv vs const,RQ2 lstm/GF (agaci_cqr): adaptiv vs const: A ist im Median über Länder um 9.4% des Referenz-Winklers schlechter (Panel-t[NW] = 3.56; 10% der Länder mit Vorteil A; 53% FDR-signifikant; Median-q = 0.095).,0.4695266654908515,0.9054475249266051,0.9,0.8,0.752
F2,RQ1 xlstm (aci_cqr): G vs L,RQ1 xlstm (aci_cqr): G vs L: A ist im Median über Länder um 14.1% des Referenz-Winklers schlechter (Panel-t[NW] = 5.56; 10% der Länder mit Vorteil A; 27% FDR-signifikant; Median-q = 0.330).,0.7045550062430668,0.6701634671130611,0.9,0.8,0.752
F3,RQ2 xlstm/G (dtaci_cqr): adaptiv vs const,RQ2 xlstm/G (dtaci_cqr): adaptiv vs const: A ist im Median über Länder um 12.8% des Referenz-Winklers schlechter (Panel-t[NW] = 4.84; 0% der Länder mit Vorteil A; 33% FDR-signifikant; Median-q = 0.339).,0.641153923933433,0.6609279784118676,1.0,0.8,0.751
F3,RQ2 lstm/GF (cqr_rolling): adaptiv vs const,RQ2 lstm/GF (cqr_rolling): adaptiv vs const: A ist im Median über Länder um 9.1% des Referenz-Winklers schlechter (Panel-t[NW] = 3.89; 10% der Länder mit Vorteil A; 53% FDR-signifikant; Median-q = 0.083).,0.453661099932431,0.9167820680569414,0.9,0.8,0.751
F5,Fehlkalibrierung: xlstm/GF/cqr_static,xlstm/GF/cqr_static: Coverage-Validität in 40% der Länder FDR-verworfen; mittlere Coverage 0.867 (Überdeckung um 6.7pp).,0.6692913385826771,0.9,0.4,1.0,0.751
F5,Fehlkalibrierung: lstm/G/pid_tan_cqr,lstm/G/pid_tan_cqr: Coverage-Validität in 80% der Länder FDR-verworfen; mittlere Coverage 0.839 (Überdeckung um 3.9pp).,0.3937007874015741,0.9,0.8,1.0,0.748
F5,Fehlkalibrierung: xlstm/GI/cqr_static,xlstm/GI/cqr_static: Coverage-Validität in 90% der Länder FDR-verworfen; mittlere Coverage 0.768 (Unterdeckung um 3.2pp).,0.3228346456692921,0.9,0.9,1.0,0.747
F5,Fehlkalibrierung: lgbm_const/G/native,lgbm_const/G/native: Coverage-Validität in 50% der Länder FDR-verworfen; mittlere Coverage 0.859 (Überdeckung um 5.9pp).,0.5905511811023623,0.9,0.5,1.0,0.747
F5,Fehlkalibrierung: tirex/ZS/cqr_static,tirex/ZS/cqr_static: Coverage-Validität in 40% der Länder FDR-verworfen; mittlere Coverage 0.735 (Unterdeckung um 6.5pp).,0.6456692913385831,0.9,0.4,1.0,0.744
F3,RQ2 lstm/GF (dtaci_cqr): adaptiv vs const,RQ2 lstm/GF (dtaci_cqr): adaptiv vs const: A ist im Median über Länder um 8.4% des Referenz-Winklers schlechter (Panel-t[NW] = 3.77; 10% der Länder mit Vorteil A; 53% FDR-signifikant; Median-q = 0.076).,0.42246732240457724,0.9240194682725491,0.9,0.8,0.744
F3,RQ2 lgbm/L (cqr_static): adaptiv vs const,RQ2 lgbm/L (cqr_static): adaptiv vs const: A ist im Median über Länder um 7.2% des Referenz-Winklers besser (Panel-t[NW] = -7.19; 90% der Länder mit Vorteil A; 60% FDR-signifikant; Median-q = 0.018).,0.36086271568468054,0.9820868523289585,0.9,0.8,0.743
F3,RQ2 xlstm/G (saocp_cqr): adaptiv vs const,RQ2 xlstm/G (saocp_cqr): adaptiv vs const: A ist im Median über Länder um 11.2% des Referenz-Winklers schlechter (Panel-t[NW] = 4.41; 20% der Länder mit Vorteil A; 50% FDR-signifikant; Median-q = 0.150).,0.560490599007089,0.8501625680695983,0.8,0.8,0.743
F2,RQ1 xlstm (cqr_rolling): G vs L,RQ1 xlstm (cqr_rolling): G vs L: A ist im Median über Länder um 14.1% des Referenz-Winklers schlechter (Panel-t[NW] = 5.30; 10% der Länder mit Vorteil A; 27% FDR-signifikant; Median-q = 0.364).,0.7044660245688319,0.6358618176619746,0.9,0.8,0.742
F3,RQ2 xlstm/G (cqr_rolling): adaptiv vs const,RQ2 xlstm/G (cqr_rolling): adaptiv vs const: A ist im Median über Länder um 14.3% des Referenz-Winklers schlechter (Panel-t[NW] = 4.53; 20% der Länder mit Vorteil A; 30% FDR-signifikant; Median-q = 0.314).,0.7133179654249275,0.6857135482123067,0.8,0.8,0.74
F3,RQ2 lstm/GF (saocp_cqr): adaptiv vs const,RQ2 lstm/GF (saocp_cqr): adaptiv vs const: A ist im Median über Länder um 7.1% des Referenz-Winklers schlechter (Panel-t[NW] = 4.77; 10% der Länder mit Vorteil A; 60% FDR-signifikant; Median-q = 0.022).,0.3549733802244856,0.9782941091743393,0.9,0.8,0.74
F2,RQ1 xlstm (cqr_rolling): GF vs GI,RQ1 xlstm (cqr_rolling): GF vs GI: A ist im Median über Länder um 9.3% des Referenz-Winklers besser (Panel-t[NW] = -6.68; 90% der Länder mit Vorteil A; 47% FDR-signifikant; Median-q = 0.139).,0.4661135092210533,0.8610081095030784,0.9,0.8,0.738
F3,RQ2 lstm/G (cqr_rolling): adaptiv vs const,RQ2 lstm/G (cqr_rolling): adaptiv vs const: A ist im Median über Länder um 8.8% des Referenz-Winklers schlechter (Panel-t[NW] = 3.78; 10% der Länder mit Vorteil A; 47% FDR-signifikant; Median-q = 0.113).,0.4377941911722083,0.8870768075441996,0.9,0.8,0.737
F2,RQ1 xlstm (aci_cqr): GF vs GI,RQ1 xlstm (aci_cqr): GF vs GI: A ist im Median über Länder um 8.8% des Referenz-Winklers besser (Panel-t[NW] = -6.63; 90% der Länder mit Vorteil A; 43% FDR-signifikant; Median-q = 0.119).,0.4412441157756515,0.8805996444039149,0.9,0.8,0.737
F5,Fehlkalibrierung: lstm/G/decay_ocp_cqr,lstm/G/decay_ocp_cqr: Coverage-Validität in 60% der Länder FDR-verworfen; mittlere Coverage 0.849 (Überdeckung um 4.9pp).,0.4881889763779512,0.9,0.6,1.0,0.736
F2,RQ1 xlstm (pid_tan_cqr): GF vs GI,RQ1 xlstm (pid_tan_cqr): GF vs GI: A ist im Median über Länder um 9.3% des Referenz-Winklers besser (Panel-t[NW] = -4.39; 90% der Länder mit Vorteil A; 37% FDR-signifikant; Median-q = 0.147).,0.46642906846755733,0.8534916232924804,0.9,0.8,0.736
F3,RQ2 lstm/G (aci_cqr): adaptiv vs const,RQ2 lstm/G (aci_cqr): adaptiv vs const: A ist im Median über Länder um 8.7% des Referenz-Winklers schlechter (Panel-t[NW] = 3.64; 10% der Länder mit Vorteil A; 50% FDR-signifikant; Median-q = 0.115).,0.4353670041814809,0.8848149270759378,0.9,0.8,0.736
F3,RQ2 lstm/G (saocp_cqr): adaptiv vs const,RQ2 lstm/G (saocp_cqr): adaptiv vs const: A ist im Median über Länder um 6.6% des Referenz-Winklers schlechter (Panel-t[NW] = 4.97; 10% der Länder mit Vorteil A; 60% FDR-signifikant; Median-q = 0.018).,0.3297297264699619,0.981558720838,0.9,0.8,0.733
F5,Fehlkalibrierung: xlstm_const/G/cqr_static,xlstm_const/G/cqr_static: Coverage-Validität in 80% der Länder FDR-verworfen; mittlere Coverage 0.834 (Überdeckung um 3.4pp).,0.3385826771653533,0.9,0.8,1.0,0.732
F5,Fehlkalibrierung: lstm/GF/decay_ocp_cqr,lstm/GF/decay_ocp_cqr: Coverage-Validität in 60% der Länder FDR-verworfen; mittlere Coverage 0.847 (Überdeckung um 4.7pp).,0.4724409448818889,0.9,0.6,1.0,0.732
F3,RQ2 lstm/GF (dtaci_cqr): adaptiv vs const,RQ2 lstm/GF (dtaci_cqr): adaptiv vs const: A ist im Median über Länder um 7.6% des Referenz-Winklers schlechter (Panel-t[NW] = 4.24; 10% der Länder mit Vorteil A; 53% FDR-signifikant; Median-q = 0.076).,0.37853103123441506,0.9240194682725491,0.9,0.8,0.731
F3,RQ2 lstm/GF (aci_cqr): adaptiv vs const,RQ2 lstm/GF (aci_cqr): adaptiv vs const: A ist im Median über Länder um 8.0% des Referenz-Winklers schlechter (Panel-t[NW] = 3.65; 10% der Länder mit Vorteil A; 50% FDR-signifikant; Median-q = 0.096).,0.3989299907915689,0.9043985033875641,0.9,0.8,0.731
F3,RQ2 lstm/GF (decay_ocp_cqr): adaptiv vs const,RQ2 lstm/GF (decay_ocp_cqr): adaptiv vs const: A ist im Median über Länder um 7.2% des Referenz-Winklers schlechter (Panel-t[NW] = 4.73; 0% der Länder mit Vorteil A; 47% FDR-signifikant; Median-q = 0.126).,0.359694869314079,0.8735413226876751,1.0,0.8,0.73
F3,RQ2 lstm/GF (cqr_rolling): adaptiv vs const,RQ2 lstm/GF (cqr_rolling): adaptiv vs const: A ist im Median über Länder um 7.5% des Referenz-Winklers schlechter (Panel-t[NW] = 4.52; 10% der Länder mit Vorteil A; 53% FDR-signifikant; Median-q = 0.083).,0.3758221451310263,0.9167820680569414,0.9,0.8,0.728
F2,RQ1 xlstm (pid_tan_cqr): G vs L,RQ1 xlstm (pid_tan_cqr): G vs L: A ist im Median über Länder um 10.6% des Referenz-Winklers schlechter (Panel-t[NW] = 5.00; 10% der Länder mit Vorteil A; 27% FDR-signifikant; Median-q = 0.243).,0.5300448784983129,0.7573288604290352,0.9,0.8,0.726
F5,Fehlkalibrierung: lstm/GI/cqr_static,lstm/GI/cqr_static: Coverage-Validität in 80% der Länder FDR-verworfen; mittlere Coverage 0.831 (Überdeckung um 3.1pp).,0.3149606299212593,0.9,0.8,1.0,0.724
F2,RQ1 xlstm (aci_cqr): GF vs GI,RQ1 xlstm (aci_cqr): GF vs GI: A ist im Median über Länder um 6.6% des Referenz-Winklers besser (Panel-t[NW] = -5.14; 100% der Länder mit Vorteil A; 43% FDR-signifikant; Median-q = 0.119).,0.33018253527365754,0.8805996444039149,1.0,0.8,0.723
F3,RQ2 lstm/G (agaci_cqr): adaptiv vs const,RQ2 lstm/G (agaci_cqr): adaptiv vs const: A ist im Median über Länder um 7.7% des Referenz-Winklers schlechter (Panel-t[NW] = 3.53; 10% der Länder mit Vorteil A; 43% FDR-signifikant; Median-q = 0.118).,0.38629634512998345,0.8821383101057825,0.9,0.8,0.721
F3,RQ2 xlstm/GF (agaci_cqr): adaptiv vs const,RQ2 xlstm/GF (agaci_cqr): adaptiv vs const: A ist im Median über Länder um 12.8% des Referenz-Winklers schlechter (Panel-t[NW] = 6.00; 10% der Länder mit Vorteil A; 30% FDR-signifikant; Median-q = 0.370).,0.6405345289010517,0.6296376980039416,0.9,0.8,0.721
F3,RQ2 xlstm/GF (cqr_rolling): adaptiv vs const,RQ2 xlstm/GF (cqr_rolling): adaptiv vs const: A ist im Median über Länder um 11.8% des Referenz-Winklers schlechter (Panel-t[NW] = 5.57; 10% der Länder mit Vorteil A; 27% FDR-signifikant; Median-q = 0.325).,0.5912473893648517,0.6748924060021398,0.9,0.8,0.72
F3,RQ2 lstm/GF (aci_cqr): adaptiv vs const,RQ2 lstm/GF (aci_cqr): adaptiv vs const: A ist im Median über Länder um 7.3% des Referenz-Winklers schlechter (Panel-t[NW] = 4.22; 10% der Länder mit Vorteil A; 50% FDR-signifikant; Median-q = 0.096).,0.36375399359131244,0.9043985033875641,0.9,0.8,0.72
F3,RQ2 lstm/GF (agaci_cqr): adaptiv vs const,RQ2 lstm/GF (agaci_cqr): adaptiv vs const: A ist im Median über Länder um 7.2% des Referenz-Winklers schlechter (Panel-t[NW] = 3.68; 10% der Länder mit Vorteil A; 53% FDR-signifikant; Median-q = 0.095).,0.36027787285754254,0.9054475249266051,0.9,0.8,0.72
F5,Fehlkalibrierung: xlstm/L/native,xlstm/L/native: Coverage-Validität in 40% der Länder FDR-verworfen; mittlere Coverage 0.744 (Unterdeckung um 5.6pp).,0.5590551181102366,0.9,0.4,1.0,0.718
F2,RQ1 xlstm (dtaci_cqr): GF vs GI,RQ1 xlstm (dtaci_cqr): GF vs GI: A ist im Median über Länder um 7.5% des Referenz-Winklers besser (Panel-t[NW] = -5.89; 90% der Länder mit Vorteil A; 37% FDR-signifikant; Median-q = 0.121).,0.3750024056550496,0.879327122531186,0.9,0.8,0.716
F5,Fehlkalibrierung: lstm/GI/pid_tan_cqr,lstm/GI/pid_tan_cqr: Coverage-Validität in 60% der Länder FDR-verworfen; mittlere Coverage 0.841 (Überdeckung um 4.1pp).,0.4094488188976364,0.9,0.6,1.0,0.713
F5,Fehlkalibrierung: xlstm/G/cqr_static,xlstm/G/cqr_static: Coverage-Validität in 50% der Länder FDR-verworfen; mittlere Coverage 0.753 (Unterdeckung um 4.7pp).,0.47244094488189003,0.9,0.5,1.0,0.712
F3,RQ2 lstm/G (cqr_rolling): adaptiv vs const,RQ2 lstm/G (cqr_rolling): adaptiv vs const: A ist im Median über Länder um 7.0% des Referenz-Winklers schlechter (Panel-t[NW] = 4.54; 10% der Länder mit Vorteil A; 47% FDR-signifikant; Median-q = 0.113).,0.34800301701098546,0.8870768075441996,0.9,0.8,0.711
F5,Fehlkalibrierung: lstm/G/saocp_cqr,lstm/G/saocp_cqr: Coverage-Validität in 40% der Länder FDR-verworfen; mittlere Coverage 0.854 (Überdeckung um 5.4pp).,0.5354330708661426,0.9,0.4,1.0,0.711
F2,RQ1 xlstm (agaci_cqr): GF vs GI,RQ1 xlstm (agaci_cqr): GF vs GI: A ist im Median über Länder um 6.2% des Referenz-Winklers besser (Panel-t[NW] = -5.61; 100% der Länder mit Vorteil A; 40% FDR-signifikant; Median-q = 0.145).,0.3113206098447268,0.8547868628559678,1.0,0.8,0.71
F3,RQ2 lstm/G (agaci_cqr): adaptiv vs const,RQ2 lstm/G (agaci_cqr): adaptiv vs const: A ist im Median über Länder um 7.0% des Referenz-Winklers schlechter (Panel-t[NW] = 3.57; 10% der Länder mit Vorteil A; 43% FDR-signifikant; Median-q = 0.118).,0.3517894841577833,0.8821383101057825,0.9,0.8,0.71
F5,Fehlkalibrierung: xlstm/L/cqr_static,xlstm/L/cqr_static: Coverage-Validität in 90% der Länder FDR-verworfen; mittlere Coverage 0.780 (Unterdeckung um 2.0pp).,0.19685039370078705,0.9,0.9,1.0,0.709
F3,RQ2 lstm/G (aci_cqr): adaptiv vs const,RQ2 lstm/G (aci_cqr): adaptiv vs const: A ist im Median über Länder um 6.9% des Referenz-Winklers schlechter (Panel-t[NW] = 4.28; 10% der Länder mit Vorteil A; 50% FDR-signifikant; Median-q = 0.115).,0.3442700789924189,0.8848149270759378,0.9,0.8,0.709
F3,RQ2 xlstm/GF (saocp_cqr): adaptiv vs const,RQ2 xlstm/GF (saocp_cqr): adaptiv vs const: A ist im Median über Länder um 9.4% des Referenz-Winklers schlechter (Panel-t[NW] = 3.47; 30% der Länder mit Vorteil A; 50% FDR-signifikant; Median-q = 0.108).,0.4684036835784405,0.8923615445252675,0.7,0.8,0.708
F5,Fehlkalibrierung: lstm/GI/pid_tan_cqr,lstm/GI/pid_tan_cqr: Coverage-Validität in 60% der Länder FDR-verworfen; mittlere Coverage 0.839 (Überdeckung um 3.9pp).,0.3937007874015741,0.9,0.6,1.0,0.708
F2,RQ1 xlstm (spci_cqr): GF vs GI,RQ1 xlstm (spci_cqr): GF vs GI: A ist im Median über Länder um 9.4% des Referenz-Winklers besser (Panel-t[NW] = -5.29; 90% der Länder mit Vorteil A; 27% FDR-signifikant; Median-q = 0.242).,0.4687160173494076,0.7578609653252368,0.9,0.8,0.708
F2,RQ1 xlstm (agaci_cqr): G vs L,RQ1 xlstm (agaci_cqr): G vs L: A ist im Median über Länder um 12.1% des Referenz-Winklers schlechter (Panel-t[NW] = 5.11; 10% der Länder mit Vorteil A; 23% FDR-signifikant; Median-q = 0.380).,0.6044943902953716,0.6202028763730575,0.9,0.8,0.707
F5,Fehlkalibrierung: xlstm/GF/cqr_static,xlstm/GF/cqr_static: Coverage-Validität in 50% der Länder FDR-verworfen; mittlere Coverage 0.754 (Unterdeckung um 4.6pp).,0.45669291338582774,0.9,0.5,1.0,0.707
F5,Fehlkalibrierung: lstm/GI/cqr_static,lstm/GI/cqr_static: Coverage-Validität in 70% der Länder FDR-verworfen; mittlere Coverage 0.832 (Überdeckung um 3.2pp).,0.3228346456692899,0.9,0.7,1.0,0.707
F5,Fehlkalibrierung: lstm/GF/saocp_cqr,lstm/GF/saocp_cqr: Coverage-Validität in 40% der Länder FDR-verworfen; mittlere Coverage 0.852 (Überdeckung um 5.2pp).,0.5196850393700769,0.9,0.4,1.0,0.706
F3,RQ2 lstm/G (dtaci_cqr): adaptiv vs const,RQ2 lstm/G (dtaci_cqr): adaptiv vs const: A ist im Median über Länder um 7.2% des Referenz-Winklers schlechter (Panel-t[NW] = 3.67; 10% der Länder mit Vorteil A; 43% FDR-signifikant; Median-q = 0.139).,0.35854707870130925,0.8607665370707311,0.9,0.8,0.706
F2,RQ1 xlstm (decay_ocp_cqr): GF vs GI,RQ1 xlstm (decay_ocp_cqr): GF vs GI: A ist im Median über Länder um 6.1% des Referenz-Winklers besser (Panel-t[NW] = -4.94; 80% der Länder mit Vorteil A; 67% FDR-signifikant; Median-q = 0.023).,0.30393714475295486,0.9765851280276605,0.8,0.8,0.704
F2,RQ1 xlstm (agaci_cqr): GF vs GI,RQ1 xlstm (agaci_cqr): GF vs GI: A ist im Median über Länder um 7.1% des Referenz-Winklers besser (Panel-t[NW] = -5.32; 90% der Länder mit Vorteil A; 40% FDR-signifikant; Median-q = 0.145).,0.354061561094305,0.8547868628559678,0.9,0.8,0.703
F3,RQ2 lstm/G (dtaci_cqr): adaptiv vs const,RQ2 lstm/G (dtaci_cqr): adaptiv vs const: A ist im Median über Länder um 7.0% des Referenz-Winklers schlechter (Panel-t[NW] = 4.24; 10% der Länder mit Vorteil A; 43% FDR-signifikant; Median-q = 0.139).,0.35030392653928544,0.8607665370707311,0.9,0.8,0.703
F5,Fehlkalibrierung: xlstm/GI/pid_tan_cqr,xlstm/GI/pid_tan_cqr: Coverage-Validität in 70% der Länder FDR-verworfen; mittlere Coverage 0.831 (Überdeckung um 3.1pp).,0.3070866141732276,0.9,0.7,1.0,0.702
F2,RQ1 xlstm (pid_cqr): GF vs GI,RQ1 xlstm (pid_cqr): GF vs GI: A ist im Median über Länder um 6.7% des Referenz-Winklers besser (Panel-t[NW] = -5.46; 100% der Länder mit Vorteil A; 43% FDR-signifikant; Median-q = 0.197).,0.3357621394406062,0.8029196533194849,1.0,0.8,0.702
F2,RQ1 xlstm (saocp_cqr): GF vs GI,RQ1 xlstm (saocp_cqr): GF vs GI: A ist im Median über Länder um 4.8% des Referenz-Winklers besser (Panel-t[NW] = -7.00; 100% der Länder mit Vorteil A; 50% FDR-signifikant; Median-q = 0.101).,0.24071860667767647,0.8989877614389119,1.0,0.8,0.702
F3,RQ2 xlstm/GF (dtaci_cqr): adaptiv vs const,RQ2 xlstm/GF (dtaci_cqr): adaptiv vs const: A ist im Median über Länder um 11.2% des Referenz-Winklers schlechter (Panel-t[NW] = 5.62; 10% der Länder mit Vorteil A; 30% FDR-signifikant; Median-q = 0.353).,0.5578859008340121,0.6468990960053952,0.9,0.8,0.701
F3,RQ2 lstm/G (decay_ocp_cqr): adaptiv vs const,RQ2 lstm/G (decay_ocp_cqr): adaptiv vs const: A ist im Median über Länder um 7.1% des Referenz-Winklers schlechter (Panel-t[NW] = 4.67; 10% der Länder mit Vorteil A; 40% FDR-signifikant; Median-q = 0.152).,0.35591270088275345,0.8481968127103126,0.9,0.8,0.701
F2,RQ1 xlstm (decay_ocp_cqr): GF vs G,RQ1 xlstm (decay_ocp_cqr): GF vs G: A ist im Median über Länder um 3.9% des Referenz-Winklers besser (Panel-t[NW] = -4.87; 100% der Länder mit Vorteil A; 57% FDR-signifikant; Median-q = 0.058).,0.19504597870214993,0.9422122261806966,1.0,0.8,0.701
F2,RQ1 xlstm (pid_tan_cqr): GF vs GI,RQ1 xlstm (pid_tan_cqr): GF vs GI: A ist im Median über Länder um 7.0% des Referenz-Winklers besser (Panel-t[NW] = -4.62; 90% der Länder mit Vorteil A; 37% FDR-signifikant; Median-q = 0.147).,0.3488134668241377,0.8534916232924804,0.9,0.8,0.701
F2,RQ1 xlstm (decay_ocp_cqr): GF vs G,RQ1 xlstm (decay_ocp_cqr): GF vs G: A ist im Median über Länder um 3.9% des Referenz-Winklers besser (Panel-t[NW] = -8.43; 100% der Länder mit Vorteil A; 57% FDR-signifikant; Median-q = 0.058).,0.19597496014560942,0.9422122261806966,1.0,0.8,0.701
F2,RQ1 xlstm (dtaci_cqr): G vs L,RQ1 xlstm (dtaci_cqr): G vs L: A ist im Median über Länder um 11.0% des Referenz-Winklers schlechter (Panel-t[NW] = 4.70; 10% der Länder mit Vorteil A; 23% FDR-signifikant; Median-q = 0.347).,0.5476309197662619,0.6532949559533071,0.9,0.8,0.7
F3,RQ2 lstm/G (agaci_cqr): adaptiv vs const,RQ2 lstm/G (agaci_cqr): adaptiv vs const: A ist im Median über Länder um 6.3% des Referenz-Winklers schlechter (Panel-t[NW] = 3.34; 10% der Länder mit Vorteil A; 43% FDR-signifikant; Median-q = 0.118).,0.31604453646737557,0.8821383101057825,0.9,0.8,0.699
F2,RQ1 xlstm (cqr_rolling): GF vs GI,RQ1 xlstm (cqr_rolling): GF vs GI: A ist im Median über Länder um 6.6% des Referenz-Winklers besser (Panel-t[NW] = -5.10; 90% der Länder mit Vorteil A; 47% FDR-signifikant; Median-q = 0.139).,0.33123006868689403,0.8610081095030784,0.9,0.8,0.698
F1,Beste CP-Methode für lstm/GF: pid_cqr,lstm/GF: `pid_cqr` erreicht validity-gated den höchsten Median-Winkler-Skill vs. RW-native (0.057) bei mittlerer Coverage 0.831 (Ziel 0.80).,0.05722907313838521,0.9986192694032353,0.9,1.0,0.697
F3,RQ2 xlstm/L (decay_ocp_cqr): adaptiv vs const,RQ2 xlstm/L (decay_ocp_cqr): adaptiv vs const: A ist im Median über Länder um 7.7% des Referenz-Winklers besser (Panel-t[NW] = -7.58; 100% der Länder mit Vorteil A; 27% FDR-signifikant; Median-q = 0.269).,0.3874965787853514,0.7310414388971209,1.0,0.8,0.696
F1,Beste CP-Methode für lstm/G: pid_cqr,lstm/G: `pid_cqr` erreicht validity-gated den höchsten Median-Winkler-Skill vs. RW-native (0.054) bei mittlerer Coverage 0.828 (Ziel 0.80).,0.05379814608124578,0.9981993286303286,0.9,1.0,0.696
F2,RQ1 xlstm (saocp_cqr): GF vs GI,RQ1 xlstm (saocp_cqr): GF vs GI: A ist im Median über Länder um 4.3% des Referenz-Winklers besser (Panel-t[NW] = -4.75; 100% der Länder mit Vorteil A; 50% FDR-signifikant; Median-q = 0.101).,0.21643332173593183,0.8989877614389119,1.0,0.8,0.695
F3,RQ2 lstm/GF (cqr_rolling): adaptiv vs const,RQ2 lstm/GF (cqr_rolling): adaptiv vs const: A ist im Median über Länder um 5.3% des Referenz-Winklers schlechter (Panel-t[NW] = 2.95; 10% der Länder mit Vorteil A; 53% FDR-signifikant; Median-q = 0.083).,0.26680037337122847,0.9167820680569414,0.9,0.8,0.695
F3,RQ2 lstm/GF (aci_cqr): adaptiv vs const,RQ2 lstm/GF (aci_cqr): adaptiv vs const: A ist im Median über Länder um 5.5% des Referenz-Winklers schlechter (Panel-t[NW] = 3.10; 10% der Länder mit Vorteil A; 50% FDR-signifikant; Median-q = 0.096).,0.274903084602361,0.9043985033875641,0.9,0.8,0.694
F2,RQ1 xlstm (spci_cqr): GF vs GI,RQ1 xlstm (spci_cqr): GF vs GI: A ist im Median über Länder um 7.0% des Referenz-Winklers besser (Panel-t[NW] = -5.44; 100% der Länder mit Vorteil A; 27% FDR-signifikant; Median-q = 0.242).,0.349793403832254,0.7578609653252368,1.0,0.8,0.692
F3,RQ2 lstm/G (aci_cqr): adaptiv vs const,RQ2 lstm/G (aci_cqr): adaptiv vs const: A ist im Median über Länder um 5.8% des Referenz-Winklers schlechter (Panel-t[NW] = 3.34; 10% der Länder mit Vorteil A; 50% FDR-signifikant; Median-q = 0.115).,0.2900901268480444,0.8848149270759378,0.9,0.8,0.692
F3,RQ2 xlstm/G (agaci_cqr): adaptiv vs const,RQ2 xlstm/G (agaci_cqr): adaptiv vs const: A ist im Median über Länder um 12.2% des Referenz-Winklers schlechter (Panel-t[NW] = 5.02; 10% der Länder mit Vorteil A; 30% FDR-signifikant; Median-q = 0.434).,0.6075240881725106,0.5658449176394088,0.9,0.8,0.692
F3,RQ2 lstm/G (cqr_rolling): adaptiv vs const,RQ2 lstm/G (cqr_rolling): adaptiv vs const: A ist im Median über Länder um 5.7% des Referenz-Winklers schlechter (Panel-t[NW] = 3.12; 10% der Länder mit Vorteil A; 47% FDR-signifikant; Median-q = 0.113).,0.28497807863568236,0.8870768075441996,0.9,0.8,0.692
F3,RQ2 lstm/GF (agaci_cqr): adaptiv vs const,RQ2 lstm/GF (agaci_cqr): adaptiv vs const: A ist im Median über Länder um 5.3% des Referenz-Winklers schlechter (Panel-t[NW] = 3.15; 10% der Länder mit Vorteil A; 53% FDR-signifikant; Median-q = 0.095).,0.26352464183552554,0.9054475249266051,0.9,0.8,0.691
F5,Fehlkalibrierung: xlstm/G/cqr_static,xlstm/G/cqr_static: Coverage-Validität in 70% der Länder FDR-verworfen; mittlere Coverage 0.773 (Unterdeckung um 2.7pp).,0.2677165354330713,0.9,0.7,1.0,0.69
F5,Fehlkalibrierung: xlstm/L/cqr_static,xlstm/L/cqr_static: Coverage-Validität in 70% der Länder FDR-verworfen; mittlere Coverage 0.774 (Unterdeckung um 2.6pp).,0.2598425196850396,0.9,0.7,1.0,0.688
F2,RQ1 xlstm (dtaci_cqr): GF vs GI,RQ1 xlstm (dtaci_cqr): GF vs GI: A ist im Median über Länder um 5.6% des Referenz-Winklers besser (Panel-t[NW] = -5.16; 90% der Länder mit Vorteil A; 37% FDR-signifikant; Median-q = 0.121).,0.28138034329486705,0.879327122531186,0.9,0.8,0.688
F5,Fehlkalibrierung: lgbm/L/decay_ocp_cqr,lgbm/L/decay_ocp_cqr: Coverage-Validität in 40% der Länder FDR-verworfen; mittlere Coverage 0.846 (Überdeckung um 4.6pp).,0.4566929133858255,0.9,0.4,1.0,0.687
F3,RQ2 lstm/G (saocp_cqr): adaptiv vs const,RQ2 lstm/G (saocp_cqr): adaptiv vs const: A ist im Median über Länder um 6.0% des Referenz-Winklers besser (Panel-t[NW] = -1.86; 70% der Länder mit Vorteil A; 60% FDR-signifikant; Median-q = 0.018).,0.3010640674629892,0.981558720838,0.7,0.8,0.685
F3,RQ2 xlstm/G (pid_tan_cqr): adaptiv vs const,RQ2 xlstm/G (pid_tan_cqr): adaptiv vs const: A ist im Median über Länder um 12.2% des Referenz-Winklers schlechter (Panel-t[NW] = 3.62; 30% der Länder mit Vorteil A; 20% FDR-signifikant; Median-q = 0.329).,0.6106127030678723,0.670660549241993,0.7,0.8,0.684
F2,RQ1 xlstm (mondrian_cqr): GF vs GI,RQ1 xlstm (mondrian_cqr): GF vs GI: A ist im Median über Länder um 5.8% des Referenz-Winklers besser (Panel-t[NW] = -4.66; 90% der Länder mit Vorteil A; 47% FDR-signifikant; Median-q = 0.147).,0.28886406709260637,0.8529397153797695,0.9,0.8,0.683
F10,F10 arma vs arma_monthly (decay_ocp_cqr),F10 arma vs arma_monthly (decay_ocp_cqr): A ist im Median über Länder um 2.5% des Referenz-Winklers schlechter (Panel-t[NW] = 13.49; 20% der Länder mit Vorteil A; 50% FDR-signifikant; Median-q = 0.052).,0.12489962474585288,0.947530411796532,0.8,1.0,0.682
F5,Fehlkalibrierung: lgbm_const/L/native,lgbm_const/L/native: Coverage-Validität in 50% der Länder FDR-verworfen; mittlere Coverage 0.837 (Überdeckung um 3.7pp).,0.370078740157479,0.9,0.5,1.0,0.681
F3,RQ2 lstm/GF (dtaci_cqr): adaptiv vs const,RQ2 lstm/GF (dtaci_cqr): adaptiv vs const: A ist im Median über Länder um 4.2% des Referenz-Winklers schlechter (Panel-t[NW] = 3.05; 10% der Länder mit Vorteil A; 53% FDR-signifikant; Median-q = 0.076).,0.21097331492736288,0.9240194682725491,0.9,0.8,0.68
F2,RQ1 xlstm (pid_tan_cqr): GF vs GI,RQ1 xlstm (pid_tan_cqr): GF vs GI: A ist im Median über Länder um 6.8% des Referenz-Winklers besser (Panel-t[NW] = -3.42; 80% der Länder mit Vorteil A; 37% FDR-signifikant; Median-q = 0.147).,0.3420998975614512,0.8534916232924804,0.8,0.8,0.679
F2,RQ1 lstm (decay_ocp_cqr): GF vs GI,RQ1 lstm (decay_ocp_cqr): GF vs GI: A ist im Median über Länder um 4.8% des Referenz-Winklers besser (Panel-t[NW] = -12.60; 90% der Länder mit Vorteil A; 47% FDR-signifikant; Median-q = 0.115).,0.2392206591532326,0.8851062177839041,0.9,0.8,0.677
F8,Pool-Sensitivität: lstm/GI/cqr_rolling,"lstm/GI/cqr_rolling: mittlere Coverage-Differenz rolling vs. expanding = 8.9pp (> 2pp-Schwelle) — Pool-Dünnbesetzung relevant (§F8.1, erwartet für SPCI).",0.889763779527559,0.7,0.7,0.3,0.677
F5,Fehlkalibrierung: lstm/GF/pid_tan_cqr,lstm/GF/pid_tan_cqr: Coverage-Validität in 60% der Länder FDR-verworfen; mittlere Coverage 0.829 (Überdeckung um 2.9pp).,0.29133858267716417,0.9,0.6,1.0,0.677
F3,RQ2 lstm/GF (decay_ocp_cqr): adaptiv vs const,RQ2 lstm/GF (decay_ocp_cqr): adaptiv vs const: A ist im Median über Länder um 6.2% des Referenz-Winklers schlechter (Panel-t[NW] = 4.07; 20% der Länder mit Vorteil A; 47% FDR-signifikant; Median-q = 0.126).,0.31101053708475707,0.8735413226876751,0.8,0.8,0.675
F2,RQ1 xlstm (aci_cqr): GF vs GI,RQ1 xlstm (aci_cqr): GF vs GI: A ist im Median über Länder um 4.7% des Referenz-Winklers besser (Panel-t[NW] = -2.99; 90% der Länder mit Vorteil A; 43% FDR-signifikant; Median-q = 0.119).,0.23702679919535355,0.8805996444039149,0.9,0.8,0.675
F3,RQ2 lgbm/L (decay_ocp_cqr): adaptiv vs const,RQ2 lgbm/L (decay_ocp_cqr): adaptiv vs const: A ist im Median über Länder um 7.5% des Referenz-Winklers besser (Panel-t[NW] = -5.87; 80% der Länder mit Vorteil A; 50% FDR-signifikant; Median-q = 0.194).,0.3727394344540225,0.8064301739521091,0.8,0.8,0.674
F2,RQ1 xlstm (pid_cqr): GF vs GI,RQ1 xlstm (pid_cqr): GF vs GI: A ist im Median über Länder um 4.8% des Referenz-Winklers besser (Panel-t[NW] = -4.60; 100% der Länder mit Vorteil A; 43% FDR-signifikant; Median-q = 0.197).,0.24018299516944563,0.8029196533194849,1.0,0.8,0.673
F3,RQ2 xlstm/G (saocp_cqr): adaptiv vs const,RQ2 xlstm/G (saocp_cqr): adaptiv vs const: A ist im Median über Länder um 7.9% des Referenz-Winklers schlechter (Panel-t[NW] = 3.67; 30% der Länder mit Vorteil A; 50% FDR-signifikant; Median-q = 0.150).,0.3944028235032666,0.8501625680695983,0.7,0.8,0.673
F2,RQ1 xlstm (pid_local_cqr): GF vs GI,RQ1 xlstm (pid_local_cqr): GF vs GI: A ist im Median über Länder um 6.6% des Referenz-Winklers besser (Panel-t[NW] = -5.17; 100% der Länder mit Vorteil A; 23% FDR-signifikant; Median-q = 0.292).,0.3316680028927468,0.7080142928041817,1.0,0.8,0.672
F5,Fehlkalibrierung: lstm/G/pid_tan_cqr,lstm/G/pid_tan_cqr: Coverage-Validität in 50% der Länder FDR-verworfen; mittlere Coverage 0.834 (Überdeckung um 3.4pp).,0.3385826771653533,0.9,0.5,1.0,0.672
F2,RQ1 lstm (sfogd_cqr): GF vs GI,RQ1 lstm (sfogd_cqr): GF vs GI: A ist im Median über Länder um 5.7% des Referenz-Winklers besser (Panel-t[NW] = -2.99; 100% der Länder mit Vorteil A; 13% FDR-signifikant; Median-q = 0.249).,0.28469052247116905,0.7513441856594046,1.0,0.8,0.671
F3,RQ2 xlstm/G (cqr_static): adaptiv vs const,RQ2 xlstm/G (cqr_static): adaptiv vs const: A ist im Median über Länder um 5.4% des Referenz-Winklers besser (Panel-t[NW] = -1.71; 80% der Länder mit Vorteil A; 50% FDR-signifikant; Median-q = 0.099).,0.26968463587929015,0.9013344229225659,0.8,0.8,0.671
F3,RQ2 lstm/GF (saocp_cqr): adaptiv vs const,RQ2 lstm/GF (saocp_cqr): adaptiv vs const: A ist im Median über Länder um 6.4% des Referenz-Winklers besser (Panel-t[NW] = -1.62; 60% der Länder mit Vorteil A; 60% FDR-signifikant; Median-q = 0.022).,0.3205387982642822,0.9782941091743393,0.6,0.8,0.67
F2,RQ1 xlstm (dtaci_cqr): GF vs GI,RQ1 xlstm (dtaci_cqr): GF vs GI: A ist im Median über Länder um 4.4% des Referenz-Winklers besser (Panel-t[NW] = -3.11; 90% der Länder mit Vorteil A; 37% FDR-signifikant; Median-q = 0.121).,0.22146813327310222,0.879327122531186,0.9,0.8,0.67
F3,RQ2 xlstm/G (pid_cqr): adaptiv vs const,RQ2 xlstm/G (pid_cqr): adaptiv vs const: A ist im Median über Länder um 7.4% des Referenz-Winklers schlechter (Panel-t[NW] = 3.52; 0% der Länder mit Vorteil A; 23% FDR-signifikant; Median-q = 0.344).,0.3704646538418659,0.6563060191988068,1.0,0.8,0.668
F2,RQ1 xlstm (decay_ocp_cqr): G vs L,RQ1 xlstm (decay_ocp_cqr): G vs L: A ist im Median über Länder um 5.4% des Referenz-Winklers schlechter (Panel-t[NW] = 3.11; 0% der Länder mit Vorteil A; 37% FDR-signifikant; Median-q = 0.247).,0.27209204058243996,0.7526362623535598,1.0,0.8,0.667
F5,Fehlkalibrierung: lstm/L/cqr_static,lstm/L/cqr_static: Coverage-Validität in 70% der Länder FDR-verworfen; mittlere Coverage 0.781 (Unterdeckung um 1.9pp).,0.18897637795275646,0.9,0.7,1.0,0.667
F3,RQ2 lstm/G (dtaci_cqr): adaptiv vs const,RQ2 lstm/G (dtaci_cqr): adaptiv vs const: A ist im Median über Länder um 4.5% des Referenz-Winklers schlechter (Panel-t[NW] = 3.10; 10% der Länder mit Vorteil A; 43% FDR-signifikant; Median-q = 0.139).,0.2251233527837709,0.8607665370707311,0.9,0.8,0.666
F5,Fehlkalibrierung: xlstm/GI/pid_tan_cqr,xlstm/GI/pid_tan_cqr: Coverage-Validität in 60% der Länder FDR-verworfen; mittlere Coverage 0.825 (Überdeckung um 2.5pp).,0.25196850393700676,0.9,0.6,1.0,0.666
F13,VIX-Komplexität: glänzen komplexe Modelle bei VIX>20?,Komplex-vs-Klassisch-Vorsprung (Median-Skill): low_vix +0.103 → high_vix +0.025 (Δ -0.077) — widerlegt sie. Bestes Komplexmodell im high_vix-Regime: tirex (Skill 0.019). VIX>20 deckt 28% der Testmonate.,0.6197899853822981,0.6,0.7,0.8,0.666
F8,Pool-Sensitivität: arma_monthly/L/cqr_rolling,"arma_monthly/L/cqr_rolling: mittlere Coverage-Differenz rolling vs. expanding = 8.5pp (> 2pp-Schwelle) — Pool-Dünnbesetzung relevant (§F8.1, erwartet für SPCI).",0.8503937007874016,0.7,0.7,0.3,0.665
F5,Fehlkalibrierung: xlstm/L/cqr_static,xlstm/L/cqr_static: Coverage-Validität in 70% der Länder FDR-verworfen; mittlere Coverage 0.818 (Überdeckung um 1.8pp).,0.18110236220472364,0.9,0.7,1.0,0.664
F2,RQ1 lstm (decay_ocp_cqr): G vs L,RQ1 lstm (decay_ocp_cqr): G vs L: A ist im Median über Länder um 4.9% des Referenz-Winklers schlechter (Panel-t[NW] = 4.97; 10% der Länder mit Vorteil A; 50% FDR-signifikant; Median-q = 0.165).,0.24442712448887105,0.8352101127917103,0.9,0.8,0.664
F2,RQ1 lstm (cqr_static): GF vs GI,RQ1 lstm (cqr_static): GF vs GI: A ist im Median über Länder um 6.0% des Referenz-Winklers besser (Panel-t[NW] = -2.67; 60% der Länder mit Vorteil A; 63% FDR-signifikant; Median-q = 0.020).,0.29993239038544667,0.980029549170022,0.6,0.8,0.664
F5,Fehlkalibrierung: lstm/G/mondrian_cqr,lstm/G/mondrian_cqr: Coverage-Validität in 70% der Länder FDR-verworfen; mittlere Coverage 0.884 (Überdeckung um 8.4pp).,0.8425196850393701,0.9,0.7,0.0,0.663
F5,Fehlkalibrierung: xlstm/GI/decay_ocp_cqr,xlstm/GI/decay_ocp_cqr: Coverage-Validität in 40% der Länder FDR-verworfen; mittlere Coverage 0.837 (Überdeckung um 3.7pp).,0.370078740157479,0.9,0.4,1.0,0.661
F5,Fehlkalibrierung: lstm/L/pid_tan_cqr,lstm/L/pid_tan_cqr: Coverage-Validität in 60% der Länder FDR-verworfen; mittlere Coverage 0.824 (Überdeckung um 2.4pp).,0.23622047244094446,0.9,0.6,1.0,0.661
F8,Pool-Sensitivität: lstm/GF/cqr_rolling,"lstm/GF/cqr_rolling: mittlere Coverage-Differenz rolling vs. expanding = 8.3pp (> 2pp-Schwelle) — Pool-Dünnbesetzung relevant (§F8.1, erwartet für SPCI).",0.8346456692913387,0.7,0.7,0.3,0.66
F10,F10 arma vs arma_monthly (native),F10 arma vs arma_monthly (native): A ist im Median über Länder um 1.6% des Referenz-Winklers schlechter (Panel-t[NW] = 6.07; 10% der Länder mit Vorteil A; 50% FDR-signifikant; Median-q = 0.149).,0.07795974970761112,0.8506561624828172,0.9,1.0,0.659
F3,RQ2 xlstm/L (cqr_static): adaptiv vs const,RQ2 xlstm/L (cqr_static): adaptiv vs const: A ist im Median über Länder um 4.3% des Referenz-Winklers besser (Panel-t[NW] = -3.04; 70% der Länder mit Vorteil A; 67% FDR-signifikant; Median-q = 0.022).,0.21608839188711773,0.9782729132180328,0.7,0.8,0.658
F3,RQ2 xlstm/GF (pid_tan_cqr): adaptiv vs const,RQ2 xlstm/GF (pid_tan_cqr): adaptiv vs const: A ist im Median über Länder um 13.4% des Referenz-Winklers schlechter (Panel-t[NW] = 4.53; 30% der Länder mit Vorteil A; 30% FDR-signifikant; Median-q = 0.476).,0.6685137699500437,0.5237472239172738,0.7,0.8,0.658
F3,RQ2 lstm/G (cqr_static): adaptiv vs const,RQ2 lstm/G (cqr_static): adaptiv vs const: A ist im Median über Länder um 5.3% des Referenz-Winklers schlechter (Panel-t[NW] = 1.66; 40% der Länder mit Vorteil A; 60% FDR-signifikant; Median-q = 0.005).,0.26253420106715086,0.9947949586801204,0.6,0.8,0.657
F2,RQ1 xlstm (cqr_static): G vs L,RQ1 xlstm (cqr_static): G vs L: A ist im Median über Länder um 9.3% des Referenz-Winklers schlechter (Panel-t[NW] = 6.09; 40% der Länder mit Vorteil A; 37% FDR-signifikant; Median-q = 0.208).,0.466034165675825,0.7918802508148672,0.6,0.8,0.657
F3,RQ2 xlstm/GF (saocp_cqr): adaptiv vs const,RQ2 xlstm/GF (saocp_cqr): adaptiv vs const: A ist im Median über Länder um 4.5% des Referenz-Winklers schlechter (Panel-t[NW] = 3.74; 20% der Länder mit Vorteil A; 50% FDR-signifikant; Median-q = 0.108).,0.22605219612907224,0.8923615445252675,0.8,0.8,0.656
F5,Fehlkalibrierung: lstm/L/pid_tan_cqr,lstm/L/pid_tan_cqr: Coverage-Validität in 40% der Länder FDR-verworfen; mittlere Coverage 0.835 (Überdeckung um 3.5pp).,0.3543307086614167,0.9,0.4,1.0,0.656
F5,Fehlkalibrierung: xlstm/G/pid_tan_cqr,xlstm/G/pid_tan_cqr: Coverage-Validität in 60% der Länder FDR-verworfen; mittlere Coverage 0.822 (Überdeckung um 2.2pp).,0.22047244094488105,0.9,0.6,1.0,0.656
F5,Fehlkalibrierung: xlstm_const/G/pid_tan_cqr,xlstm_const/G/pid_tan_cqr: Coverage-Validität in 60% der Länder FDR-verworfen; mittlere Coverage 0.822 (Überdeckung um 2.2pp).,0.22047244094488105,0.9,0.6,1.0,0.656
F2,RQ1 lstm (mondrian_cqr): GF vs GI,RQ1 lstm (mondrian_cqr): GF vs GI: A ist im Median über Länder um 6.3% des Referenz-Winklers besser (Panel-t[NW] = -4.31; 90% der Länder mit Vorteil A; 33% FDR-signifikant; Median-q = 0.267).,0.3166942356111388,0.7325667246024354,0.9,0.8,0.655
F5,Fehlkalibrierung: lstm/GI/decay_ocp_cqr,lstm/GI/decay_ocp_cqr: Coverage-Validität in 60% der Länder FDR-verworfen; mittlere Coverage 0.821 (Überdeckung um 2.1pp).,0.21259842519684935,0.9,0.6,1.0,0.654
F3,RQ2 lstm/L (pid_tan_cqr): adaptiv vs const,RQ2 lstm/L (pid_tan_cqr): adaptiv vs const: A ist im Median über Länder um 7.1% des Referenz-Winklers schlechter (Panel-t[NW] = 3.40; 10% der Länder mit Vorteil A; 20% FDR-signifikant; Median-q = 0.309).,0.35404053161692844,0.6910880534816792,0.9,0.8,0.654
F3,RQ2 xlstm/GF (cqr_static): adaptiv vs const,RQ2 xlstm/GF (cqr_static): adaptiv vs const: A ist im Median über Länder um 5.2% des Referenz-Winklers besser (Panel-t[NW] = -1.96; 70% der Länder mit Vorteil A; 53% FDR-signifikant; Median-q = 0.083).,0.26209903370435117,0.9167331433114618,0.7,0.8,0.654
F5,Fehlkalibrierung: lgbm/L/pid_tan_cqr,lgbm/L/pid_tan_cqr: Coverage-Validität in 60% der Länder FDR-verworfen; mittlere Coverage 0.821 (Überdeckung um 2.1pp).,0.21259842519684935,0.9,0.6,1.0,0.654
F2,RQ1 xlstm (pid_cqr): GF vs GI,RQ1 xlstm (pid_cqr): GF vs GI: A ist im Median über Länder um 4.8% des Referenz-Winklers besser (Panel-t[NW] = -3.16; 90% der Länder mit Vorteil A; 43% FDR-signifikant; Median-q = 0.197).,0.23963165050401503,0.8029196533194849,0.9,0.8,0.653
F3,RQ2 lgbm/G (decay_ocp_cqr): adaptiv vs const,RQ2 lgbm/G (decay_ocp_cqr): adaptiv vs const: A ist im Median über Länder um 6.0% des Referenz-Winklers besser (Panel-t[NW] = -6.24; 80% der Länder mit Vorteil A; 50% FDR-signifikant; Median-q = 0.193).,0.300858027792047,0.8066333248761022,0.8,0.8,0.652
F1,Beste CP-Methode für lstm/GI: pid_local_cqr,lstm/GI: `pid_local_cqr` erreicht validity-gated den höchsten Median-Winkler-Skill vs. RW-native (0.049) bei mittlerer Coverage 0.816 (Ziel 0.80).,0.04908618324548125,0.9904781505931213,0.7,1.0,0.652
F2,RQ1 lstm (cqr_static): GF vs G,RQ1 lstm (cqr_static): GF vs G: A ist im Median über Länder um 1.3% des Referenz-Winklers schlechter (Panel-t[NW] = 3.21; 10% der Länder mit Vorteil A; 63% FDR-signifikant; Median-q = 0.026).,0.06691517245332104,0.9743748701571995,0.9,0.8,0.652
F3,RQ2 xlstm/GF (pid_cqr): adaptiv vs const,RQ2 xlstm/GF (pid_cqr): adaptiv vs const: A ist im Median über Länder um 6.9% des Referenz-Winklers schlechter (Panel-t[NW] = 3.59; 10% der Länder mit Vorteil A; 30% FDR-signifikant; Median-q = 0.311).,0.3431588561529174,0.6886912609025588,0.9,0.8,0.65
F5,Fehlkalibrierung: xlstm/GF/pid_tan_cqr,xlstm/GF/pid_tan_cqr: Coverage-Validität in 40% der Länder FDR-verworfen; mittlere Coverage 0.833 (Überdeckung um 3.3pp).,0.3307086614173216,0.9,0.4,1.0,0.649
F2,RQ1 lstm (saocp_cqr): G vs L,RQ1 lstm (saocp_cqr): G vs L: A ist im Median über Länder um 2.0% des Referenz-Winklers besser (Panel-t[NW] = -1.45; 90% der Länder mit Vorteil A; 53% FDR-signifikant; Median-q = 0.073).,0.10196631782569855,0.9271964268516056,0.9,0.8,0.649
F5,Fehlkalibrierung: xlstm/GF/cqr_static,xlstm/GF/cqr_static: Coverage-Validität in 60% der Länder FDR-verworfen; mittlere Coverage 0.780 (Unterdeckung um 2.0pp).,0.19685039370078816,0.9,0.6,1.0,0.649
F5,Fehlkalibrierung: xlstm/G/mondrian_cqr,xlstm/G/mondrian_cqr: Coverage-Validität in 70% der Länder FDR-verworfen; mittlere Coverage 0.878 (Überdeckung um 7.8pp).,0.7795275590551176,0.9,0.7,0.015748031496062853,0.647
F2,RQ1 xlstm (sfogd_cqr): GF vs GI,RQ1 xlstm (sfogd_cqr): GF vs GI: A ist im Median über Länder um 5.9% des Referenz-Winklers besser (Panel-t[NW] = -5.02; 100% der Länder mit Vorteil A; 23% FDR-signifikant; Median-q = 0.336).,0.2936411944559429,0.663854724812798,1.0,0.8,0.647
F2,RQ1 xlstm (cqr_rolling): GF vs GI,RQ1 xlstm (cqr_rolling): GF vs GI: A ist im Median über Länder um 4.6% des Referenz-Winklers besser (Panel-t[NW] = -3.13; 80% der Länder mit Vorteil A; 47% FDR-signifikant; Median-q = 0.139).,0.22795549689489586,0.8610081095030784,0.8,0.8,0.647
F3,RQ2 lstm/GF (spci_cqr): adaptiv vs const,RQ2 lstm/GF (spci_cqr): adaptiv vs const: A ist im Median über Länder um 7.4% des Referenz-Winklers schlechter (Panel-t[NW] = 2.35; 10% der Länder mit Vorteil A; 23% FDR-signifikant; Median-q = 0.351).,0.3707591756503009,0.6494945355540058,0.9,0.8,0.646
F2,RQ1 xlstm (agaci_cqr): GF vs GI,RQ1 xlstm (agaci_cqr): GF vs GI: A ist im Median über Länder um 4.6% des Referenz-Winklers besser (Panel-t[NW] = -3.22; 80% der Länder mit Vorteil A; 40% FDR-signifikant; Median-q = 0.145).,0.23159544891473874,0.8547868628559678,0.8,0.8,0.646
F2,RQ1 xlstm (saocp_cqr): G vs L,RQ1 xlstm (saocp_cqr): G vs L: A ist im Median über Länder um 4.3% des Referenz-Winklers schlechter (Panel-t[NW] = 2.20; 30% der Länder mit Vorteil A; 60% FDR-signifikant; Median-q = 0.065).,0.2153550222542388,0.9352795866837094,0.7,0.8,0.645
F2,RQ1 xlstm (cqr_static): GF vs GI,RQ1 xlstm (cqr_static): GF vs GI: A ist im Median über Länder um 3.3% des Referenz-Winklers besser (Panel-t[NW] = -1.62; 70% der Länder mit Vorteil A; 63% FDR-signifikant; Median-q = 0.019).,0.16397949652687133,0.9812046896407979,0.7,0.8,0.644
F7,Länder-Konsistenz der Rankings,Mittlere paarweise Kendall-Rangkorrelation der Kombinations-Rankings zwischen Ländern: τ = 0.35 (länderspezifische Muster).,0.3457211080347337,0.6,1.0,0.8,0.644
F5,Fehlkalibrierung: xlstm/GI/pid_tan_cqr,xlstm/GI/pid_tan_cqr: Coverage-Validität in 60% der Länder FDR-verworfen; mittlere Coverage 0.818 (Überdeckung um 1.8pp).,0.18110236220472364,0.9,0.6,1.0,0.644
F5,Fehlkalibrierung: xlstm/G/pid_tan_cqr,xlstm/G/pid_tan_cqr: Coverage-Validität in 50% der Länder FDR-verworfen; mittlere Coverage 0.824 (Überdeckung um 2.4pp).,0.24409448818897506,0.9,0.5,1.0,0.643
F2,RQ1 xlstm (mondrian_cqr): GF vs GI,RQ1 xlstm (mondrian_cqr): GF vs GI: A ist im Median über Länder um 3.1% des Referenz-Winklers besser (Panel-t[NW] = -2.15; 90% der Länder mit Vorteil A; 47% FDR-signifikant; Median-q = 0.147).,0.1536853834277035,0.8529397153797695,0.9,0.8,0.642
F5,Fehlkalibrierung: lstm/GF/mondrian_cqr,lstm/GF/mondrian_cqr: Coverage-Validität in 60% der Länder FDR-verworfen; mittlere Coverage 0.880 (Überdeckung um 8.0pp).,0.8031496062992127,0.9,0.6,0.05511811023622015,0.642
F5,Fehlkalibrierung: lstm_const/GF/pid_tan_cqr,lstm_const/GF/pid_tan_cqr: Coverage-Validität in 50% der Länder FDR-verworfen; mittlere Coverage 0.824 (Überdeckung um 2.4pp).,0.23622047244094446,0.9,0.5,1.0,0.641
F2,RQ1 lstm (agaci_cqr): GF vs GI,RQ1 lstm (agaci_cqr): GF vs GI: A ist im Median über Länder um 6.8% des Referenz-Winklers besser (Panel-t[NW] = -3.66; 100% der Länder mit Vorteil A; 27% FDR-signifikant; Median-q = 0.406).,0.33946550755878907,0.5938697035576492,1.0,0.8,0.64
F6,Stress-Fragilität: lstm/L/native,lstm/L/native: Coverage fällt in Stress-Monaten (Vol-Terzil 3) auf 0.808 (gesamt 0.865; Drop -5.7pp).,0.5667219229175302,0.5,0.6,1.0,0.64
F5,Fehlkalibrierung: xlstm_const/G/cqr_static,xlstm_const/G/cqr_static: Coverage-Validität in 60% der Länder FDR-verworfen; mittlere Coverage 0.817 (Überdeckung um 1.7pp).,0.16535433070866024,0.9,0.6,1.0,0.64
F2,RQ1 xlstm (pid_local_cqr): G vs L,RQ1 xlstm (pid_local_cqr): G vs L: A ist im Median über Länder um 8.5% des Referenz-Winklers schlechter (Panel-t[NW] = 3.17; 20% der Länder mit Vorteil A; 17% FDR-signifikant; Median-q = 0.363).,0.4273064230813882,0.6372310133164961,0.8,0.8,0.639
F2,RQ1 xlstm (spci_cqr): G vs L,RQ1 xlstm (spci_cqr): G vs L: A ist im Median über Länder um 9.8% des Referenz-Winklers schlechter (Panel-t[NW] = 3.48; 10% der Länder mit Vorteil A; 23% FDR-signifikant; Median-q = 0.492).,0.4880496262778038,0.5078867163485741,0.9,0.8,0.639
F2,RQ1 xlstm (sfogd_cqr): GF vs GI,RQ1 xlstm (sfogd_cqr): GF vs GI: A ist im Median über Länder um 6.6% des Referenz-Winklers besser (Panel-t[NW] = -3.27; 90% der Länder mit Vorteil A; 23% FDR-signifikant; Median-q = 0.336).,0.3291484519683586,0.663854724812798,0.9,0.8,0.638
F5,Fehlkalibrierung: lgbm/GI/cqr_static,lgbm/GI/cqr_static: Coverage-Validität in 40% der Länder FDR-verworfen; mittlere Coverage 0.829 (Überdeckung um 2.9pp).,0.29133858267716417,0.9,0.4,1.0,0.637
F2,RQ1 xlstm (saocp_cqr): GF vs G,RQ1 xlstm (saocp_cqr): GF vs G: A ist im Median über Länder um 4.0% des Referenz-Winklers besser (Panel-t[NW] = -8.79; 90% der Länder mit Vorteil A; 40% FDR-signifikant; Median-q = 0.207).,0.19877352954885588,0.7928837930744524,0.9,0.8,0.637
F5,Fehlkalibrierung: xlstm/GF/pid_tan_cqr,xlstm/GF/pid_tan_cqr: Coverage-Validität in 50% der Länder FDR-verworfen; mittlere Coverage 0.822 (Überdeckung um 2.2pp).,0.22047244094488105,0.9,0.5,1.0,0.636
F3,RQ2 xlstm/GF (aci_cqr): adaptiv vs const,RQ2 xlstm/GF (aci_cqr): adaptiv vs const: A ist im Median über Länder um 6.9% des Referenz-Winklers schlechter (Panel-t[NW] = 1.16; 30% der Länder mit Vorteil A; 30% FDR-signifikant; Median-q = 0.226).,0.34476967787739815,0.7742290251595617,0.7,0.8,0.636
F2,RQ1 lstm (mondrian_cqr): GF vs GI,RQ1 lstm (mondrian_cqr): GF vs GI: A ist im Median über Länder um 6.4% des Referenz-Winklers besser (Panel-t[NW] = -4.00; 80% der Länder mit Vorteil A; 33% FDR-signifikant; Median-q = 0.267).,0.32093394840229744,0.7325667246024354,0.8,0.8,0.636
F5,Fehlkalibrierung: xlstm/L/decay_ocp_cqr,xlstm/L/decay_ocp_cqr: Coverage-Validität in 60% der Länder FDR-verworfen; mittlere Coverage 0.785 (Unterdeckung um 1.5pp).,0.14960629921259905,0.9,0.6,1.0,0.635
F2,RQ1 lstm (pid_local_cqr): GF vs GI,RQ1 lstm (pid_local_cqr): GF vs GI: A ist im Median über Länder um 6.8% des Referenz-Winklers besser (Panel-t[NW] = -3.19; 100% der Länder mit Vorteil A; 30% FDR-signifikant; Median-q = 0.422).,0.338041408414234,0.5776336830018031,1.0,0.8,0.635
F1,Beste CP-Methode für xlstm_const/G: pid_cqr,xlstm_const/G: `pid_cqr` erreicht validity-gated den höchsten Median-Winkler-Skill vs. RW-native (0.023) bei mittlerer Coverage 0.812 (Ziel 0.80).,0.023490907068110245,0.8923198645839967,0.8,1.0,0.635
F5,Fehlkalibrierung: lgbm_const/L/pid_tan_cqr,lgbm_const/L/pid_tan_cqr: Coverage-Validität in 50% der Länder FDR-verworfen; mittlere Coverage 0.821 (Überdeckung um 2.1pp).,0.21259842519684935,0.9,0.5,1.0,0.634
F3,RQ2 lstm/GF (cqr_static): adaptiv vs const,RQ2 lstm/GF (cqr_static): adaptiv vs const: A ist im Median über Länder um 2.4% des Referenz-Winklers besser (Panel-t[NW] = 1.47; 70% der Länder mit Vorteil A; 57% FDR-signifikant; Median-q = 0.003).,0.11776173253423738,0.9966802314438699,0.7,0.8,0.634
F2,RQ1 lstm (dtaci_cqr): GF vs GI,RQ1 lstm (dtaci_cqr): GF vs GI: A ist im Median über Länder um 6.1% des Referenz-Winklers besser (Panel-t[NW] = -3.36; 90% der Länder mit Vorteil A; 33% FDR-signifikant; Median-q = 0.329).,0.3044207570051931,0.6714633117327602,0.9,0.8,0.633
F5,Fehlkalibrierung: lstm/L/pid_tan_cqr,lstm/L/pid_tan_cqr: Coverage-Validität in 40% der Länder FDR-verworfen; mittlere Coverage 0.828 (Überdeckung um 2.8pp).,0.2755905511811019,0.9,0.4,1.0,0.633
F2,RQ1 lstm (cqr_rolling): GF vs GI,RQ1 lstm (cqr_rolling): GF vs GI: A ist im Median über Länder um 6.1% des Referenz-Winklers besser (Panel-t[NW] = -3.73; 100% der Länder mit Vorteil A; 33% FDR-signifikant; Median-q = 0.399).,0.30441490025691675,0.6009333643837863,1.0,0.8,0.632
F2,RQ1 lstm (decay_ocp_cqr): GF vs GI,RQ1 lstm (decay_ocp_cqr): GF vs GI: A ist im Median über Länder um 4.4% des Referenz-Winklers besser (Panel-t[NW] = -5.85; 70% der Länder mit Vorteil A; 47% FDR-signifikant; Median-q = 0.115).,0.22072567269015922,0.8851062177839041,0.7,0.8,0.632
F5,Fehlkalibrierung: xlstm_const/GF/cqr_static,xlstm_const/GF/cqr_static: Coverage-Validität in 70% der Länder FDR-verworfen; mittlere Coverage 0.807 (Überdeckung um 0.7pp).,0.07086614173228312,0.9,0.7,1.0,0.631
F5,Fehlkalibrierung: lstm_const/GF/pid_tan_cqr,lstm_const/GF/pid_tan_cqr: Coverage-Validität in 50% der Länder FDR-verworfen; mittlere Coverage 0.820 (Überdeckung um 2.0pp).,0.20472440944881765,0.9,0.5,1.0,0.631
F5,Fehlkalibrierung: lstm_const/G/pid_tan_cqr,lstm_const/G/pid_tan_cqr: Coverage-Validität in 50% der Länder FDR-verworfen; mittlere Coverage 0.820 (Überdeckung um 2.0pp).,0.20472440944881765,0.9,0.5,1.0,0.631
F2,RQ1 lstm (sfogd_cqr): GF vs GI,RQ1 lstm (sfogd_cqr): GF vs GI: A ist im Median über Länder um 5.6% des Referenz-Winklers besser (Panel-t[NW] = -2.70; 80% der Länder mit Vorteil A; 13% FDR-signifikant; Median-q = 0.249).,0.28129014128767915,0.7513441856594046,0.8,0.8,0.63
F3,RQ2 lstm/G (pid_cqr): adaptiv vs const,RQ2 lstm/G (pid_cqr): adaptiv vs const: A ist im Median über Länder um 5.9% des Referenz-Winklers schlechter (Panel-t[NW] = 2.59; 10% der Länder mit Vorteil A; 33% FDR-signifikant; Median-q = 0.326).,0.29297734764885736,0.6736684843379226,0.9,0.8,0.63
F2,RQ1 lstm (pid_cqr): GF vs GI,RQ1 lstm (pid_cqr): GF vs GI: A ist im Median über Länder um 7.0% des Referenz-Winklers besser (Panel-t[NW] = -3.52; 100% der Länder mit Vorteil A; 33% FDR-signifikant; Median-q = 0.450).,0.35024841596140055,0.5503541180255999,1.0,0.8,0.63
F5,Fehlkalibrierung: xlstm/GF/pid_tan_cqr,xlstm/GF/pid_tan_cqr: Coverage-Validität in 40% der Länder FDR-verworfen; mittlere Coverage 0.825 (Überdeckung um 2.5pp).,0.25196850393700676,0.9,0.4,1.0,0.626
F5,Fehlkalibrierung: lgbm/L/mondrian_cqr,lgbm/L/mondrian_cqr: Coverage-Validität in 40% der Länder FDR-verworfen; mittlere Coverage 0.872 (Überdeckung um 7.2pp).,0.7244094488188979,0.9,0.4,0.29133858267716584,0.626
F3,RQ2 lstm/G (pid_cqr): adaptiv vs const,RQ2 lstm/G (pid_cqr): adaptiv vs const: A ist im Median über Länder um 5.6% des Referenz-Winklers schlechter (Panel-t[NW] = 3.88; 10% der Länder mit Vorteil A; 33% FDR-signifikant; Median-q = 0.326).,0.2803674138653658,0.6736684843379226,0.9,0.8,0.626
F3,RQ2 lstm/G (mondrian_cqr): adaptiv vs const,RQ2 lstm/G (mondrian_cqr): adaptiv vs const: A ist im Median über Länder um 6.3% des Referenz-Winklers schlechter (Panel-t[NW] = 2.04; 20% der Länder mit Vorteil A; 33% FDR-signifikant; Median-q = 0.300).,0.31570435611937114,0.6999884170437682,0.8,0.8,0.625
F5,Fehlkalibrierung: xlstm_const/L/pid_tan_cqr,xlstm_const/L/pid_tan_cqr: Coverage-Validität in 50% der Länder FDR-verworfen; mittlere Coverage 0.818 (Überdeckung um 1.8pp).,0.18110236220472364,0.9,0.5,1.0,0.624
F5,Fehlkalibrierung: xlstm_const/GF/pid_tan_cqr,xlstm_const/GF/pid_tan_cqr: Coverage-Validität in 40% der Länder FDR-verworfen; mittlere Coverage 0.824 (Überdeckung um 2.4pp).,0.24409448818897506,0.9,0.4,1.0,0.623
F2,RQ1 xlstm (pid_local_cqr): GF vs GI,RQ1 xlstm (pid_local_cqr): GF vs GI: A ist im Median über Länder um 4.6% des Referenz-Winklers besser (Panel-t[NW] = -3.79; 90% der Länder mit Vorteil A; 23% FDR-signifikant; Median-q = 0.292).,0.23244533889617405,0.7080142928041817,0.9,0.8,0.622
F3,RQ2 lstm/G (decay_ocp_cqr): adaptiv vs const,RQ2 lstm/G (decay_ocp_cqr): adaptiv vs const: A ist im Median über Länder um 4.5% des Referenz-Winklers schlechter (Panel-t[NW] = 3.98; 30% der Länder mit Vorteil A; 40% FDR-signifikant; Median-q = 0.152).,0.22483016736377423,0.8481968127103126,0.7,0.8,0.622
F2,RQ1 xlstm (pid_cqr): G vs L,RQ1 xlstm (pid_cqr): G vs L: A ist im Median über Länder um 8.4% des Referenz-Winklers schlechter (Panel-t[NW] = 3.84; 20% der Länder mit Vorteil A; 23% FDR-signifikant; Median-q = 0.413).,0.41897679918187947,0.5868785774329923,0.8,0.8,0.622
F5,Fehlkalibrierung: xlstm_const/L/pid_tan_cqr,xlstm_const/L/pid_tan_cqr: Coverage-Validität in 40% der Länder FDR-verworfen; mittlere Coverage 0.824 (Überdeckung um 2.4pp).,0.23622047244094446,0.9,0.4,1.0,0.621
F3,RQ2 xlstm/GF (cqr_static): adaptiv vs const,RQ2 xlstm/GF (cqr_static): adaptiv vs const: A ist im Median über Länder um 4.2% des Referenz-Winklers besser (Panel-t[NW] = -4.09; 60% der Länder mit Vorteil A; 53% FDR-signifikant; Median-q = 0.083).,0.21096880048327316,0.9167331433114618,0.6,0.8,0.618
F3,RQ2 lstm/GF (spci_cqr): adaptiv vs const,RQ2 lstm/GF (spci_cqr): adaptiv vs const: A ist im Median über Länder um 6.9% des Referenz-Winklers schlechter (Panel-t[NW] = 2.63; 20% der Länder mit Vorteil A; 23% FDR-signifikant; Median-q = 0.351).,0.3440654610085574,0.6494945355540058,0.8,0.8,0.618
F3,RQ2 lstm/GF (cqr_static): adaptiv vs const,RQ2 lstm/GF (cqr_static): adaptiv vs const: A ist im Median über Länder um 2.6% des Referenz-Winklers schlechter (Panel-t[NW] = 1.59; 40% der Länder mit Vorteil A; 57% FDR-signifikant; Median-q = 0.003).,0.1308333808800047,0.9966802314438699,0.6,0.8,0.618
F2,RQ1 xlstm (pid_local_cqr): GF vs GI,RQ1 xlstm (pid_local_cqr): GF vs GI: A ist im Median über Länder um 4.4% des Referenz-Winklers besser (Panel-t[NW] = -2.77; 90% der Länder mit Vorteil A; 23% FDR-signifikant; Median-q = 0.292).,0.21804540687240415,0.7080142928041817,0.9,0.8,0.618
F2,RQ1 lstm (cqr_static): G vs L,RQ1 lstm (cqr_static): G vs L: A ist im Median über Länder um 2.6% des Referenz-Winklers schlechter (Panel-t[NW] = 2.77; 30% der Länder mit Vorteil A; 53% FDR-signifikant; Median-q = 0.071).,0.12860906742385977,0.9292451431205958,0.7,0.8,0.617
F3,RQ2 xlstm/G (dtaci_cqr): adaptiv vs const,RQ2 xlstm/G (dtaci_cqr): adaptiv vs const: A ist im Median über Länder um 6.6% des Referenz-Winklers schlechter (Panel-t[NW] = 0.79; 20% der Länder mit Vorteil A; 33% FDR-signifikant; Median-q = 0.339).,0.32860088681012417,0.6609279784118676,0.8,0.8,0.617
F3,RQ2 xlstm/GF (dtaci_cqr): adaptiv vs const,RQ2 xlstm/GF (dtaci_cqr): adaptiv vs const: A ist im Median über Länder um 6.8% des Referenz-Winklers schlechter (Panel-t[NW] = 1.20; 20% der Länder mit Vorteil A; 30% FDR-signifikant; Median-q = 0.353).,0.3390411511113351,0.6468990960053952,0.8,0.8,0.616
F3,RQ2 lstm/G (mondrian_cqr): adaptiv vs const,RQ2 lstm/G (mondrian_cqr): adaptiv vs const: A ist im Median über Länder um 4.4% des Referenz-Winklers schlechter (Panel-t[NW] = 2.54; 10% der Länder mit Vorteil A; 33% FDR-signifikant; Median-q = 0.300).,0.22122221321378632,0.6999884170437682,0.9,0.8,0.616
F3,RQ2 lgbm/L (saocp_cqr): adaptiv vs const,RQ2 lgbm/L (saocp_cqr): adaptiv vs const: A ist im Median über Länder um 6.6% des Referenz-Winklers besser (Panel-t[NW] = -3.49; 80% der Länder mit Vorteil A; 30% FDR-signifikant; Median-q = 0.345).,0.3304200054450804,0.6549869842334376,0.8,0.8,0.616
F5,Fehlkalibrierung: xlstm_const/G/pid_tan_cqr,xlstm_const/G/pid_tan_cqr: Coverage-Validität in 50% der Länder FDR-verworfen; mittlere Coverage 0.815 (Überdeckung um 1.5pp).,0.14960629921259794,0.9,0.5,1.0,0.615
F3,RQ2 lstm/G (cqr_static): adaptiv vs const,RQ2 lstm/G (cqr_static): adaptiv vs const: A ist im Median über Länder um 2.5% des Referenz-Winklers besser (Panel-t[NW] = 0.33; 60% der Länder mit Vorteil A; 60% FDR-signifikant; Median-q = 0.005).,0.12351429554214025,0.9947949586801204,0.6,0.8,0.615
F6,Stress-Fragilität: xlstm/GI/native,xlstm/GI/native: Coverage fällt in Stress-Monaten (Vol-Terzil 3) auf 0.837 (gesamt 0.885; Drop -4.8pp).,0.48197264815582175,0.5,0.6,1.0,0.615
F3,RQ2 xlstm/G (cqr_rolling): adaptiv vs const,RQ2 xlstm/G (cqr_rolling): adaptiv vs const: A ist im Median über Länder um 5.9% des Referenz-Winklers schlechter (Panel-t[NW] = 0.68; 20% der Länder mit Vorteil A; 30% FDR-signifikant; Median-q = 0.314).,0.29710360598232133,0.6857135482123067,0.8,0.8,0.615
F3,RQ2 lstm/GF (pid_cqr): adaptiv vs const,RQ2 lstm/GF (pid_cqr): adaptiv vs const: A ist im Median über Länder um 6.2% des Referenz-Winklers schlechter (Panel-t[NW] = 2.81; 10% der Länder mit Vorteil A; 40% FDR-signifikant; Median-q = 0.394).,0.30886905576175244,0.606040785854475,0.9,0.8,0.614
F3,RQ2 xlstm/L (decay_ocp_cqr): adaptiv vs const,RQ2 xlstm/L (decay_ocp_cqr): adaptiv vs const: A ist im Median über Länder um 5.0% des Referenz-Winklers besser (Panel-t[NW] = -1.29; 80% der Länder mit Vorteil A; 27% FDR-signifikant; Median-q = 0.269).,0.2501061705404385,0.7310414388971209,0.8,0.8,0.614
F2,RQ1 xlstm (spci_cqr): GF vs GI,RQ1 xlstm (spci_cqr): GF vs GI: A ist im Median über Länder um 3.1% des Referenz-Winklers besser (Panel-t[NW] = -2.35; 90% der Länder mit Vorteil A; 27% FDR-signifikant; Median-q = 0.242).,0.1526780757776652,0.7578609653252368,0.9,0.8,0.613
F3,RQ2 xlstm/G (aci_cqr): adaptiv vs const,RQ2 xlstm/G (aci_cqr): adaptiv vs const: A ist im Median über Länder um 6.1% des Referenz-Winklers schlechter (Panel-t[NW] = 0.74; 20% der Länder mit Vorteil A; 30% FDR-signifikant; Median-q = 0.327).,0.30382315564941714,0.6730340902216815,0.8,0.8,0.613
F2,RQ1 lstm (dtaci_cqr): GF vs GI,RQ1 lstm (dtaci_cqr): GF vs GI: A ist im Median über Länder um 6.1% des Referenz-Winklers besser (Panel-t[NW] = -3.25; 80% der Länder mit Vorteil A; 33% FDR-signifikant; Median-q = 0.329).,0.30423207152783227,0.6714633117327602,0.8,0.8,0.613
F5,Fehlkalibrierung: lgbm/G/mondrian_cqr,lgbm/G/mondrian_cqr: Coverage-Validität in 40% der Länder FDR-verworfen; mittlere Coverage 0.865 (Überdeckung um 6.5pp).,0.6535433070866148,0.9,0.4,0.33070866141732236,0.612
F3,RQ2 lgbm/G (cqr_static): adaptiv vs const,RQ2 lgbm/G (cqr_static): adaptiv vs const: A ist im Median über Länder um 4.0% des Referenz-Winklers besser (Panel-t[NW] = -9.27; 80% der Länder mit Vorteil A; 30% FDR-signifikant; Median-q = 0.231).,0.20040354134821164,0.7689145362079525,0.8,0.8,0.611
F2,RQ1 lstm (aci_cqr): GF vs GI,RQ1 lstm (aci_cqr): GF vs GI: A ist im Median über Länder um 6.8% des Referenz-Winklers besser (Panel-t[NW] = -3.55; 90% der Länder mit Vorteil A; 37% FDR-signifikant; Median-q = 0.438).,0.33915068568723644,0.5617293301141985,0.9,0.8,0.61
F5,Fehlkalibrierung: xlstm/L/native,xlstm/L/native: Coverage-Validität in 40% der Länder FDR-verworfen; mittlere Coverage 0.780 (Unterdeckung um 2.0pp).,0.19685039370078705,0.9,0.4,1.0,0.609
F5,Fehlkalibrierung: xlstm/L/pid_tan_cqr,xlstm/L/pid_tan_cqr: Coverage-Validität in 40% der Länder FDR-verworfen; mittlere Coverage 0.820 (Überdeckung um 2.0pp).,0.19685039370078705,0.9,0.4,1.0,0.609
F2,RQ1 xlstm (sfogd_cqr): G vs L,RQ1 xlstm (sfogd_cqr): G vs L: A ist im Median über Länder um 9.0% des Referenz-Winklers schlechter (Panel-t[NW] = 3.41; 20% der Länder mit Vorteil A; 10% FDR-signifikant; Median-q = 0.487).,0.4516212636880868,0.5132582648164632,0.8,0.8,0.609
F5,Fehlkalibrierung: xlstm/L/mondrian_cqr,xlstm/L/mondrian_cqr: Coverage-Validität in 40% der Länder FDR-verworfen; mittlere Coverage 0.865 (Überdeckung um 6.5pp).,0.6535433070866148,0.9,0.4,0.3110236220472442,0.608
F3,RQ2 xlstm/GF (pid_local_cqr): adaptiv vs const,RQ2 xlstm/GF (pid_local_cqr): adaptiv vs const: A ist im Median über Länder um 6.7% des Referenz-Winklers schlechter (Panel-t[NW] = 3.21; 20% der Länder mit Vorteil A; 23% FDR-signifikant; Median-q = 0.377).,0.3371269097019768,0.622561821127344,0.8,0.8,0.608
F5,Fehlkalibrierung: lstm/GI/mondrian_cqr,lstm/GI/mondrian_cqr: Coverage-Validität in 50% der Länder FDR-verworfen; mittlere Coverage 0.879 (Überdeckung um 7.9pp).,0.7874015748031493,0.9,0.5,0.0,0.606
F3,RQ2 lstm/L (dtaci_cqr): adaptiv vs const,RQ2 lstm/L (dtaci_cqr): adaptiv vs const: A ist im Median über Länder um 5.9% des Referenz-Winklers schlechter (Panel-t[NW] = 2.50; 0% der Länder mit Vorteil A; 17% FDR-signifikant; Median-q = 0.477).,0.29729179427497265,0.5230129580623046,1.0,0.8,0.606
F5,Fehlkalibrierung: lstm/GI/mondrian_cqr,lstm/GI/mondrian_cqr: Coverage-Validität in 50% der Länder FDR-verworfen; mittlere Coverage 0.879 (Überdeckung um 7.9pp).,0.7874015748031493,0.9,0.5,0.0,0.606
F1,Beste CP-Methode für lgbm/G: decay_ocp_cqr,lgbm/G: `decay_ocp_cqr` erreicht validity-gated den höchsten Median-Winkler-Skill vs. RW-native (0.139) bei mittlerer Coverage 0.824 (Ziel 0.80).,0.1393542665117644,0.7427035799607505,0.7,1.0,0.605
F5,Fehlkalibrierung: xlstm/L/pid_tan_cqr,xlstm/L/pid_tan_cqr: Coverage-Validität in 40% der Länder FDR-verworfen; mittlere Coverage 0.818 (Überdeckung um 1.8pp).,0.18110236220472364,0.9,0.4,1.0,0.604
F2,RQ1 lgbm (cqr_static): G vs L,RQ1 lgbm (cqr_static): G vs L: A ist im Median über Länder um 2.9% des Referenz-Winklers besser (Panel-t[NW] = -2.01; 70% der Länder mit Vorteil A; 50% FDR-signifikant; Median-q = 0.129).,0.14345408756413683,0.8714096399950261,0.7,0.8,0.604
F6,Stress-Fragilität: lstm/GI/cqr_static,lstm/GI/cqr_static: Coverage fällt in Stress-Monaten (Vol-Terzil 3) auf 0.787 (gesamt 0.831; Drop -4.5pp).,0.44653957728968074,0.5,0.6,1.0,0.604
F5,Fehlkalibrierung: lstm_const/GF/pid_tan_cqr,lstm_const/GF/pid_tan_cqr: Coverage-Validität in 40% der Länder FDR-verworfen; mittlere Coverage 0.818 (Überdeckung um 1.8pp).,0.18110236220472364,0.9,0.4,1.0,0.604
F3,RQ2 lstm/GF (pid_cqr): adaptiv vs const,RQ2 lstm/GF (pid_cqr): adaptiv vs const: A ist im Median über Länder um 5.3% des Referenz-Winklers schlechter (Panel-t[NW] = 4.07; 10% der Länder mit Vorteil A; 40% FDR-signifikant; Median-q = 0.394).,0.2636991591978438,0.606040785854475,0.9,0.8,0.601
F3,RQ2 xlstm/GF (cqr_static): adaptiv vs const,RQ2 xlstm/GF (cqr_static): adaptiv vs const: A ist im Median über Länder um 2.9% des Referenz-Winklers besser (Panel-t[NW] = -0.66; 60% der Länder mit Vorteil A; 53% FDR-signifikant; Median-q = 0.083).,0.14496339086928325,0.9167331433114618,0.6,0.8,0.599
F5,Fehlkalibrierung: xlstm/L/mondrian_cqr,xlstm/L/mondrian_cqr: Coverage-Validität in 60% der Länder FDR-verworfen; mittlere Coverage 0.853 (Überdeckung um 5.3pp).,0.5275590551181109,0.9,0.6,0.25196850393700776,0.599
F2,RQ1 lstm (decay_ocp_cqr): G vs L,RQ1 lstm (decay_ocp_cqr): G vs L: A ist im Median über Länder um 3.1% des Referenz-Winklers schlechter (Panel-t[NW] = 1.45; 30% der Länder mit Vorteil A; 50% FDR-signifikant; Median-q = 0.165).,0.15695836032677382,0.8352101127917103,0.7,0.8,0.598
F3,RQ2 xlstm/GF (sfogd_cqr): adaptiv vs const,RQ2 xlstm/GF (sfogd_cqr): adaptiv vs const: A ist im Median über Länder um 6.5% des Referenz-Winklers schlechter (Panel-t[NW] = 2.24; 10% der Länder mit Vorteil A; 17% FDR-signifikant; Median-q = 0.467).,0.3268147681699932,0.5325047849575357,0.9,0.8,0.598
F2,RQ1 lstm (pid_local_cqr): GF vs GI,RQ1 lstm (pid_local_cqr): GF vs GI: A ist im Median über Länder um 4.3% des Referenz-Winklers schlechter (Panel-t[NW] = 1.49; 0% der Länder mit Vorteil A; 30% FDR-signifikant; Median-q = 0.422).,0.2139804478836338,0.5776336830018031,1.0,0.8,0.597
F2,RQ1 lstm (cqr_rolling): GF vs GI,RQ1 lstm (cqr_rolling): GF vs GI: A ist im Median über Länder um 6.4% des Referenz-Winklers besser (Panel-t[NW] = -3.30; 80% der Länder mit Vorteil A; 33% FDR-signifikant; Median-q = 0.399).,0.32148771226233563,0.6009333643837863,0.8,0.8,0.597
F2,RQ1 lstm (aci_cqr): GF vs GI,RQ1 lstm (aci_cqr): GF vs GI: A ist im Median über Länder um 5.8% des Referenz-Winklers besser (Panel-t[NW] = -3.52; 90% der Länder mit Vorteil A; 37% FDR-signifikant; Median-q = 0.438).,0.29150129277188286,0.5617293301141985,0.9,0.8,0.596
F2,RQ1 lstm (pid_tan_cqr): G vs L,RQ1 lstm (pid_tan_cqr): G vs L: A ist im Median über Länder um 7.3% des Referenz-Winklers schlechter (Panel-t[NW] = 1.54; 10% der Länder mit Vorteil A; 20% FDR-signifikant; Median-q = 0.518).,0.3664216324067239,0.4820258020010296,0.9,0.8,0.595
F2,RQ1 xlstm (decay_ocp_cqr): GF vs G,RQ1 xlstm (decay_ocp_cqr): GF vs G: A ist im Median über Länder um 0.8% des Referenz-Winklers besser (Panel-t[NW] = -1.50; 70% der Länder mit Vorteil A; 57% FDR-signifikant; Median-q = 0.058).,0.03985984605235381,0.9422122261806966,0.7,0.8,0.595
F5,Fehlkalibrierung: xlstm/GI/cqr_static,xlstm/GI/cqr_static: Coverage-Validität in 50% der Länder FDR-verworfen; mittlere Coverage 0.792 (Unterdeckung um 0.8pp).,0.07874015748031482,0.9,0.5,1.0,0.594
F2,RQ1 lstm (pid_tan_cqr): GF vs GI,RQ1 lstm (pid_tan_cqr): GF vs GI: A ist im Median über Länder um 4.0% des Referenz-Winklers besser (Panel-t[NW] = -3.74; 90% der Länder mit Vorteil A; 23% FDR-signifikant; Median-q = 0.356).,0.19796315934574338,0.6438375872233397,0.9,0.8,0.593
F3,RQ2 xlstm/GF (cqr_rolling): adaptiv vs const,RQ2 xlstm/GF (cqr_rolling): adaptiv vs const: A ist im Median über Länder um 6.0% des Referenz-Winklers schlechter (Panel-t[NW] = 1.01; 30% der Länder mit Vorteil A; 27% FDR-signifikant; Median-q = 0.325).,0.3017424248953788,0.6748924060021398,0.7,0.8,0.593
F5,Fehlkalibrierung: xlstm/GI/mondrian_cqr,xlstm/GI/mondrian_cqr: Coverage-Validität in 50% der Länder FDR-verworfen; mittlere Coverage 0.874 (Überdeckung um 7.4pp).,0.7401574803149602,0.9,0.5,0.0,0.592
F2,RQ1 lstm (pid_tan_cqr): GF vs GI,RQ1 lstm (pid_tan_cqr): GF vs GI: A ist im Median über Länder um 5.2% des Referenz-Winklers schlechter (Panel-t[NW] = 1.56; 20% der Länder mit Vorteil A; 23% FDR-signifikant; Median-q = 0.356).,0.25803916236260593,0.6438375872233397,0.8,0.8,0.591
F5,Fehlkalibrierung: rw/L/pid_tan_cqr,rw/L/pid_tan_cqr: Coverage-Validität in 40% der Länder FDR-verworfen; mittlere Coverage 0.813 (Überdeckung um 1.3pp).,0.13385826771653453,0.9,0.4,1.0,0.59
F5,Fehlkalibrierung: lgbm/GI/pid_tan_cqr,lgbm/GI/pid_tan_cqr: Coverage-Validität in 40% der Länder FDR-verworfen; mittlere Coverage 0.813 (Überdeckung um 1.3pp).,0.13385826771653453,0.9,0.4,1.0,0.59
F3,RQ2 xlstm/L (aci_cqr): adaptiv vs const,RQ2 xlstm/L (aci_cqr): adaptiv vs const: A ist im Median über Länder um 6.2% des Referenz-Winklers schlechter (Panel-t[NW] = 3.71; 10% der Länder mit Vorteil A; 17% FDR-signifikant; Median-q = 0.476).,0.3077165888195763,0.5241228228663282,0.9,0.8,0.59
F3,RQ2 xlstm/G (cqr_static): adaptiv vs const,RQ2 xlstm/G (cqr_static): adaptiv vs const: A ist im Median über Länder um 1.2% des Referenz-Winklers besser (Panel-t[NW] = -1.12; 70% der Länder mit Vorteil A; 50% FDR-signifikant; Median-q = 0.099).,0.06142444817321246,0.9013344229225659,0.7,0.8,0.589
F3,RQ2 xlstm/L (aci_cqr): adaptiv vs const,RQ2 xlstm/L (aci_cqr): adaptiv vs const: A ist im Median über Länder um 6.0% des Referenz-Winklers schlechter (Panel-t[NW] = 3.42; 10% der Länder mit Vorteil A; 17% FDR-signifikant; Median-q = 0.476).,0.3019876228638064,0.5241228228663282,0.9,0.8,0.588
F2,RQ1 xlstm (pid_tan_cqr): GF vs G,RQ1 xlstm (pid_tan_cqr): GF vs G: A ist im Median über Länder um 4.8% des Referenz-Winklers besser (Panel-t[NW] = -4.47; 90% der Länder mit Vorteil A; 20% FDR-signifikant; Median-q = 0.413).,0.23979501070523546,0.5871353701578634,0.9,0.8,0.588
F2,RQ1 xlstm (decay_ocp_cqr): G vs L,RQ1 xlstm (decay_ocp_cqr): G vs L: A ist im Median über Länder um 5.4% des Referenz-Winklers schlechter (Panel-t[NW] = 1.07; 40% der Länder mit Vorteil A; 37% FDR-signifikant; Median-q = 0.247).,0.2721224127418732,0.7526362623535598,0.6,0.8,0.587
F5,Fehlkalibrierung: xlstm/GF/mondrian_cqr,xlstm/GF/mondrian_cqr: Coverage-Validität in 60% der Länder FDR-verworfen; mittlere Coverage 0.865 (Überdeckung um 6.5pp).,0.6535433070866148,0.9,0.6,0.0,0.586
F3,RQ2 xlstm/GF (pid_cqr): adaptiv vs const,RQ2 xlstm/GF (pid_cqr): adaptiv vs const: A ist im Median über Länder um 4.0% des Referenz-Winklers schlechter (Panel-t[NW] = 0.79; 20% der Länder mit Vorteil A; 30% FDR-signifikant; Median-q = 0.311).,0.19805187394407311,0.6886912609025588,0.8,0.8,0.586
F3,RQ2 xlstm/L (pid_cqr): adaptiv vs const,RQ2 xlstm/L (pid_cqr): adaptiv vs const: A ist im Median über Länder um 4.9% des Referenz-Winklers schlechter (Panel-t[NW] = 3.00; 0% der Länder mit Vorteil A; 13% FDR-signifikant; Median-q = 0.496).,0.245607994210852,0.5035526620094888,1.0,0.8,0.585
F3,RQ2 lstm/G (decay_ocp_cqr): adaptiv vs const,RQ2 lstm/G (decay_ocp_cqr): adaptiv vs const: A ist im Median über Länder um 3.4% des Referenz-Winklers schlechter (Panel-t[NW] = 0.33; 40% der Länder mit Vorteil A; 40% FDR-signifikant; Median-q = 0.152).,0.16945015082390325,0.8481968127103126,0.6,0.8,0.585
F5,Fehlkalibrierung: xlstm_const/G/pid_tan_cqr,xlstm_const/G/pid_tan_cqr: Coverage-Validität in 40% der Länder FDR-verworfen; mittlere Coverage 0.812 (Überdeckung um 1.2pp).,0.11811023622047223,0.9,0.4,1.0,0.585
F2,RQ1 xlstm (sfogd_cqr): GF vs GI,RQ1 xlstm (sfogd_cqr): GF vs GI: A ist im Median über Länder um 4.4% des Referenz-Winklers besser (Panel-t[NW] = -2.78; 80% der Länder mit Vorteil A; 23% FDR-signifikant; Median-q = 0.336).,0.21895235752680559,0.663854724812798,0.8,0.8,0.585
F2,RQ1 lstm (agaci_cqr): GF vs GI,RQ1 lstm (agaci_cqr): GF vs GI: A ist im Median über Länder um 5.8% des Referenz-Winklers besser (Panel-t[NW] = -3.13; 80% der Länder mit Vorteil A; 27% FDR-signifikant; Median-q = 0.406).,0.2895526997807495,0.5938697035576492,0.8,0.8,0.585
F2,RQ1 xlstm (mondrian_cqr): GF vs G,RQ1 xlstm (mondrian_cqr): GF vs G: A ist im Median über Länder um 5.9% des Referenz-Winklers besser (Panel-t[NW] = -6.00; 80% der Länder mit Vorteil A; 17% FDR-signifikant; Median-q = 0.408).,0.29272253110886004,0.5915689333874096,0.8,0.8,0.585
F3,RQ2 lstm/G (pid_cqr): adaptiv vs const,RQ2 lstm/G (pid_cqr): adaptiv vs const: A ist im Median über Länder um 2.8% des Referenz-Winklers schlechter (Panel-t[NW] = 2.23; 10% der Länder mit Vorteil A; 33% FDR-signifikant; Median-q = 0.326).,0.13935200147571386,0.6736684843379226,0.9,0.8,0.584
F2,RQ1 xlstm (cqr_rolling): GF vs G,RQ1 xlstm (cqr_rolling): GF vs G: A ist im Median über Länder um 3.0% des Referenz-Winklers besser (Panel-t[NW] = -2.97; 80% der Länder mit Vorteil A; 37% FDR-signifikant; Median-q = 0.277).,0.14983711662482307,0.7227241892725826,0.8,0.8,0.582
F3,RQ2 xlstm/G (sfogd_cqr): adaptiv vs const,RQ2 xlstm/G (sfogd_cqr): adaptiv vs const: A ist im Median über Länder um 6.9% des Referenz-Winklers schlechter (Panel-t[NW] = 2.19; 20% der Länder mit Vorteil A; 17% FDR-signifikant; Median-q = 0.475).,0.3464304158658129,0.5252630320805527,0.8,0.8,0.582
F2,RQ1 lstm (sfogd_cqr): GF vs GI,RQ1 lstm (sfogd_cqr): GF vs GI: A ist im Median über Länder um 2.4% des Referenz-Winklers schlechter (Panel-t[NW] = 1.46; 20% der Länder mit Vorteil A; 13% FDR-signifikant; Median-q = 0.249).,0.12177016822034828,0.7513441856594046,0.8,0.8,0.582
F5,Fehlkalibrierung: tirex2/ZS/pid_tan_cqr,tirex2/ZS/pid_tan_cqr: Coverage-Validität in 40% der Länder FDR-verworfen; mittlere Coverage 0.810 (Überdeckung um 1.0pp).,0.10236220472440882,0.9,0.4,1.0,0.581
F2,RQ1 lstm (cqr_static): GF vs G,RQ1 lstm (cqr_static): GF vs G: A ist im Median über Länder um 0.5% des Referenz-Winklers schlechter (Panel-t[NW] = 1.50; 40% der Länder mit Vorteil A; 63% FDR-signifikant; Median-q = 0.026).,0.02561784770503732,0.9743748701571995,0.6,0.8,0.58
F2,RQ1 lstm (decay_ocp_cqr): GF vs GI,RQ1 lstm (decay_ocp_cqr): GF vs GI: A ist im Median über Länder um 1.0% des Referenz-Winklers schlechter (Panel-t[NW] = -0.02; 30% der Länder mit Vorteil A; 47% FDR-signifikant; Median-q = 0.115).,0.048460414404102786,0.8851062177839041,0.7,0.8,0.58
F3,RQ2 lstm/GF (decay_ocp_cqr): adaptiv vs const,RQ2 lstm/GF (decay_ocp_cqr): adaptiv vs const: A ist im Median über Länder um 2.4% des Referenz-Winklers schlechter (Panel-t[NW] = 0.39; 40% der Länder mit Vorteil A; 47% FDR-signifikant; Median-q = 0.126).,0.12239284137565015,0.8735413226876751,0.6,0.8,0.579
F2,RQ1 xlstm (saocp_cqr): GF vs GI,RQ1 xlstm (saocp_cqr): GF vs GI: A ist im Median über Länder um 1.9% des Referenz-Winklers besser (Panel-t[NW] = -1.93; 60% der Länder mit Vorteil A; 50% FDR-signifikant; Median-q = 0.101).,0.09499635499605268,0.8989877614389119,0.6,0.8,0.578
F5,Fehlkalibrierung: tirex2_cov/ZS/pid_tan_cqr,tirex2_cov/ZS/pid_tan_cqr: Coverage-Validität in 40% der Länder FDR-verworfen; mittlere Coverage 0.809 (Überdeckung um 0.9pp).,0.09448818897637712,0.9,0.4,1.0,0.578
F2,RQ1 xlstm (cqr_rolling): GF vs G,RQ1 xlstm (cqr_rolling): GF vs G: A ist im Median über Länder um 2.7% des Referenz-Winklers besser (Panel-t[NW] = -4.03; 80% der Länder mit Vorteil A; 37% FDR-signifikant; Median-q = 0.277).,0.13304792109563707,0.7227241892725826,0.8,0.8,0.577
F2,RQ1 lstm (cqr_static): G vs L,RQ1 lstm (cqr_static): G vs L: A ist im Median über Länder um 1.2% des Referenz-Winklers schlechter (Panel-t[NW] = 2.86; 40% der Länder mit Vorteil A; 53% FDR-signifikant; Median-q = 0.071).,0.05790095664682497,0.9292451431205958,0.6,0.8,0.576
F3,RQ2 xlstm/GF (decay_ocp_cqr): adaptiv vs const,RQ2 xlstm/GF (decay_ocp_cqr): adaptiv vs const: A ist im Median über Länder um 3.6% des Referenz-Winklers besser (Panel-t[NW] = -2.21; 70% der Länder mit Vorteil A; 37% FDR-signifikant; Median-q = 0.264).,0.1805630839474507,0.7356899003835353,0.7,0.8,0.575
F5,Fehlkalibrierung: tirex/ZS/mondrian_cqr,tirex/ZS/mondrian_cqr: Coverage-Validität in 40% der Länder FDR-verworfen; mittlere Coverage 0.866 (Überdeckung um 6.6pp).,0.6614173228346454,0.9,0.4,0.13385826771653564,0.575
F2,RQ1 lstm (pid_tan_cqr): G vs L,RQ1 lstm (pid_tan_cqr): G vs L: A ist im Median über Länder um 8.7% des Referenz-Winklers schlechter (Panel-t[NW] = 2.36; 30% der Länder mit Vorteil A; 20% FDR-signifikant; Median-q = 0.518).,0.4334708491644831,0.4820258020010296,0.7,0.8,0.575
F5,Fehlkalibrierung: lstm_const/GF/mondrian_cqr,lstm_const/GF/mondrian_cqr: Coverage-Validität in 40% der Länder FDR-verworfen; mittlere Coverage 0.857 (Überdeckung um 5.7pp).,0.566929133858266,0.9,0.4,0.271653543307087,0.574
F3,RQ2 xlstm/L (dtaci_cqr): adaptiv vs const,RQ2 xlstm/L (dtaci_cqr): adaptiv vs const: A ist im Median über Länder um 5.2% des Referenz-Winklers schlechter (Panel-t[NW] = 3.58; 10% der Länder mit Vorteil A; 23% FDR-signifikant; Median-q = 0.485).,0.260845645142162,0.5148254474118092,0.9,0.8,0.573
F3,RQ2 xlstm/GF (agaci_cqr): adaptiv vs const,RQ2 xlstm/GF (agaci_cqr): adaptiv vs const: A ist im Median über Länder um 5.6% des Referenz-Winklers schlechter (Panel-t[NW] = 1.03; 30% der Länder mit Vorteil A; 30% FDR-signifikant; Median-q = 0.370).,0.2811776755010374,0.6296376980039416,0.7,0.8,0.573
F2,RQ1 xlstm (pid_tan_cqr): G vs L,RQ1 xlstm (pid_tan_cqr): G vs L: A ist im Median über Länder um 4.3% des Referenz-Winklers schlechter (Panel-t[NW] = 0.48; 40% der Länder mit Vorteil A; 27% FDR-signifikant; Median-q = 0.243).,0.21521327800053172,0.7573288604290352,0.6,0.8,0.572
F2,RQ1 xlstm (cqr_static): GF vs G,RQ1 xlstm (cqr_static): GF vs G: A ist im Median über Länder um 3.3% des Referenz-Winklers besser (Panel-t[NW] = -5.91; 80% der Länder mit Vorteil A; 33% FDR-signifikant; Median-q = 0.324).,0.1634225760029625,0.6762793607580284,0.8,0.8,0.572
F3,RQ2 lstm/GF (pid_cqr): adaptiv vs const,RQ2 lstm/GF (pid_cqr): adaptiv vs const: A ist im Median über Länder um 3.2% des Referenz-Winklers schlechter (Panel-t[NW] = 2.38; 10% der Länder mit Vorteil A; 40% FDR-signifikant; Median-q = 0.394).,0.16202168380282003,0.606040785854475,0.9,0.8,0.57
F2,RQ1 lstm (pid_local_cqr): GF vs GI,RQ1 lstm (pid_local_cqr): GF vs GI: A ist im Median über Länder um 3.6% des Referenz-Winklers besser (Panel-t[NW] = -3.10; 90% der Länder mit Vorteil A; 30% FDR-signifikant; Median-q = 0.422).,0.18233663411000786,0.5776336830018031,0.9,0.8,0.568
F5,Fehlkalibrierung: lstm_const/L/mondrian_cqr,lstm_const/L/mondrian_cqr: Coverage-Validität in 50% der Länder FDR-verworfen; mittlere Coverage 0.866 (Überdeckung um 6.6pp).,0.6614173228346454,0.9,0.5,0.0,0.568
F3,RQ2 xlstm/L (cqr_rolling): adaptiv vs const,RQ2 xlstm/L (cqr_rolling): adaptiv vs const: A ist im Median über Länder um 5.4% des Referenz-Winklers schlechter (Panel-t[NW] = 2.96; 10% der Länder mit Vorteil A; 17% FDR-signifikant; Median-q = 0.509).,0.2680566654096451,0.4913234860502478,0.9,0.8,0.568
F3,RQ2 xlstm/G (mondrian_cqr): adaptiv vs const,RQ2 xlstm/G (mondrian_cqr): adaptiv vs const: A ist im Median über Länder um 5.6% des Referenz-Winklers schlechter (Panel-t[NW] = 1.69; 30% der Länder mit Vorteil A; 20% FDR-signifikant; Median-q = 0.389).,0.27865020341095137,0.6107421721862101,0.7,0.8,0.567
F5,Fehlkalibrierung: lstm/G/mondrian_cqr,lstm/G/mondrian_cqr: Coverage-Validität in 40% der Länder FDR-verworfen; mittlere Coverage 0.872 (Überdeckung um 7.2pp).,0.7244094488188979,0.9,0.4,0.0,0.567
F3,RQ2 xlstm/G (agaci_cqr): adaptiv vs const,RQ2 xlstm/G (agaci_cqr): adaptiv vs const: A ist im Median über Länder um 5.1% des Referenz-Winklers schlechter (Panel-t[NW] = 0.66; 20% der Länder mit Vorteil A; 30% FDR-signifikant; Median-q = 0.434).,0.2529593474540347,0.5658449176394088,0.8,0.8,0.566
F2,RQ1 xlstm (dtaci_cqr): GF vs G,RQ1 xlstm (dtaci_cqr): GF vs G: A ist im Median über Länder um 2.5% des Referenz-Winklers besser (Panel-t[NW] = -3.13; 80% der Länder mit Vorteil A; 23% FDR-signifikant; Median-q = 0.305).,0.12642777313462553,0.6948947506482503,0.8,0.8,0.566
F2,RQ1 lstm (saocp_cqr): GF vs GI,RQ1 lstm (saocp_cqr): GF vs GI: A ist im Median über Länder um 3.3% des Referenz-Winklers besser (Panel-t[NW] = -2.66; 90% der Länder mit Vorteil A; 23% FDR-signifikant; Median-q = 0.413).,0.1657963939295705,0.5874290643851043,0.9,0.8,0.566
F3,RQ2 xlstm/G (pid_local_cqr): adaptiv vs const,RQ2 xlstm/G (pid_local_cqr): adaptiv vs const: A ist im Median über Länder um 5.8% des Referenz-Winklers schlechter (Panel-t[NW] = 2.84; 20% der Länder mit Vorteil A; 20% FDR-signifikant; Median-q = 0.474).,0.29083527022865574,0.5258060715776481,0.8,0.8,0.565
F2,RQ1 xlstm (spci_cqr): GF vs G,RQ1 xlstm (spci_cqr): GF vs G: A ist im Median über Länder um 3.2% des Referenz-Winklers besser (Panel-t[NW] = -3.70; 100% der Länder mit Vorteil A; 13% FDR-signifikant; Median-q = 0.482).,0.16018324104698156,0.5183733333740107,1.0,0.8,0.564
F5,Fehlkalibrierung: xlstm_const/L/mondrian_cqr,xlstm_const/L/mondrian_cqr: Coverage-Validität in 40% der Länder FDR-verworfen; mittlere Coverage 0.871 (Überdeckung um 7.1pp).,0.7086614173228345,0.9,0.4,0.0,0.563
F2,RQ1 xlstm (aci_cqr): GF vs G,RQ1 xlstm (aci_cqr): GF vs G: A ist im Median über Länder um 3.2% des Referenz-Winklers besser (Panel-t[NW] = -3.67; 80% der Länder mit Vorteil A; 30% FDR-signifikant; Median-q = 0.351).,0.1623683920129344,0.6490958099635784,0.8,0.8,0.563
F3,RQ2 xlstm/L (cqr_static): adaptiv vs const,RQ2 xlstm/L (cqr_static): adaptiv vs const: A ist im Median über Länder um 0.5% des Referenz-Winklers besser (Panel-t[NW] = -3.08; 50% der Länder mit Vorteil A; 67% FDR-signifikant; Median-q = 0.022).,0.02707914893508549,0.9782729132180328,0.5,0.8,0.562
F2,RQ1 xlstm (saocp_cqr): GF vs G,RQ1 xlstm (saocp_cqr): GF vs G: A ist im Median über Länder um 1.6% des Referenz-Winklers besser (Panel-t[NW] = -3.09; 70% der Länder mit Vorteil A; 40% FDR-signifikant; Median-q = 0.207).,0.08134379857122662,0.7928837930744524,0.7,0.8,0.562
F3,RQ2 xlstm/GF (spci_cqr): adaptiv vs const,RQ2 xlstm/GF (spci_cqr): adaptiv vs const: A ist im Median über Länder um 6.5% des Referenz-Winklers schlechter (Panel-t[NW] = 3.19; 20% der Länder mit Vorteil A; 17% FDR-signifikant; Median-q = 0.525).,0.32725584921668993,0.4749511238762347,0.8,0.8,0.561
F5,Fehlkalibrierung: xlstm/L/decay_ocp_cqr,xlstm/L/decay_ocp_cqr: Coverage-Validität in 40% der Länder FDR-verworfen; mittlere Coverage 0.797 (Unterdeckung um 0.3pp).,0.031496062992126816,0.9,0.4,1.0,0.559
F2,RQ1 xlstm (mondrian_cqr): G vs L,RQ1 xlstm (mondrian_cqr): G vs L: A ist im Median über Länder um 6.0% des Referenz-Winklers schlechter (Panel-t[NW] = 3.22; 20% der Länder mit Vorteil A; 13% FDR-signifikant; Median-q = 0.504).,0.2996616194765575,0.4961698647190863,0.8,0.8,0.559
F2,RQ1 lstm (saocp_cqr): GF vs GI,RQ1 lstm (saocp_cqr): GF vs GI: A ist im Median über Länder um 2.8% des Referenz-Winklers schlechter (Panel-t[NW] = 1.07; 10% der Länder mit Vorteil A; 23% FDR-signifikant; Median-q = 0.413).,0.13802633528973926,0.5874290643851043,0.9,0.8,0.558
F3,RQ2 xlstm/L (mondrian_cqr): adaptiv vs const,RQ2 xlstm/L (mondrian_cqr): adaptiv vs const: A ist im Median über Länder um 5.8% des Referenz-Winklers schlechter (Panel-t[NW] = 3.78; 20% der Länder mit Vorteil A; 13% FDR-signifikant; Median-q = 0.499).,0.29045800838685476,0.501035449497322,0.8,0.8,0.557
F2,RQ1 xlstm (dtaci_cqr): GF vs G,RQ1 xlstm (dtaci_cqr): GF vs G: A ist im Median über Länder um 1.9% des Referenz-Winklers besser (Panel-t[NW] = -4.42; 80% der Länder mit Vorteil A; 23% FDR-signifikant; Median-q = 0.305).,0.09617907006575002,0.6948947506482503,0.8,0.8,0.557
F2,RQ1 lstm (mondrian_cqr): G vs L,RQ1 lstm (mondrian_cqr): G vs L: A ist im Median über Länder um 4.9% des Referenz-Winklers schlechter (Panel-t[NW] = 1.34; 30% der Länder mit Vorteil A; 13% FDR-signifikant; Median-q = 0.391).,0.24346265577985568,0.6085257810092224,0.7,0.8,0.556
F3,RQ2 xlstm/G (pid_cqr): adaptiv vs const,RQ2 xlstm/G (pid_cqr): adaptiv vs const: A ist im Median über Länder um 3.9% des Referenz-Winklers schlechter (Panel-t[NW] = 0.22; 30% der Länder mit Vorteil A; 23% FDR-signifikant; Median-q = 0.344).,0.1961984966692451,0.6563060191988068,0.7,0.8,0.556
F2,RQ1 lstm (cqr_static): GF vs GI,RQ1 lstm (cqr_static): GF vs GI: A ist im Median über Länder um 0.1% des Referenz-Winklers schlechter (Panel-t[NW] = -1.51; 50% der Länder mit Vorteil A; 63% FDR-signifikant; Median-q = 0.020).,0.00749160479132786,0.980029549170022,0.5,0.8,0.556
F2,RQ1 lstm (spci_cqr): GF vs GI,RQ1 lstm (spci_cqr): GF vs GI: A ist im Median über Länder um 5.3% des Referenz-Winklers besser (Panel-t[NW] = -2.56; 90% der Länder mit Vorteil A; 17% FDR-signifikant; Median-q = 0.547).,0.2665834053473871,0.45348981394866605,0.9,0.8,0.556
F2,RQ1 xlstm (cqr_static): GF vs G,RQ1 xlstm (cqr_static): GF vs G: A ist im Median über Länder um 3.5% des Referenz-Winklers besser (Panel-t[NW] = -3.44; 70% der Länder mit Vorteil A; 33% FDR-signifikant; Median-q = 0.324).,0.17470959474211534,0.6762793607580284,0.7,0.8,0.555
F3,RQ2 xlstm/G (dtaci_cqr): adaptiv vs const,RQ2 xlstm/G (dtaci_cqr): adaptiv vs const: A ist im Median über Länder um 3.8% des Referenz-Winklers besser (Panel-t[NW] = -1.13; 70% der Länder mit Vorteil A; 33% FDR-signifikant; Median-q = 0.339).,0.19036498257003232,0.6609279784118676,0.7,0.8,0.555
F3,RQ2 xlstm/G (cqr_rolling): adaptiv vs const,RQ2 xlstm/G (cqr_rolling): adaptiv vs const: A ist im Median über Länder um 3.3% des Referenz-Winklers besser (Panel-t[NW] = -0.84; 70% der Länder mit Vorteil A; 30% FDR-signifikant; Median-q = 0.314).,0.16434123637962972,0.6857135482123067,0.7,0.8,0.555
F3,RQ2 xlstm/G (aci_cqr): adaptiv vs const,RQ2 xlstm/G (aci_cqr): adaptiv vs const: A ist im Median über Länder um 3.5% des Referenz-Winklers besser (Panel-t[NW] = -0.79; 70% der Länder mit Vorteil A; 30% FDR-signifikant; Median-q = 0.327).,0.17746085353349933,0.6730340902216815,0.7,0.8,0.555
F3,RQ2 xlstm/L (cqr_rolling): adaptiv vs const,RQ2 xlstm/L (cqr_rolling): adaptiv vs const: A ist im Median über Länder um 5.8% des Referenz-Winklers schlechter (Panel-t[NW] = 2.93; 20% der Länder mit Vorteil A; 17% FDR-signifikant; Median-q = 0.509).,0.2895129124944531,0.4913234860502478,0.8,0.8,0.554
F2,RQ1 lstm (cqr_static): GF vs G,RQ1 lstm (cqr_static): GF vs G: A ist im Median über Länder um 0.1% des Referenz-Winklers besser (Panel-t[NW] = 4.62; 50% der Länder mit Vorteil A; 63% FDR-signifikant; Median-q = 0.026).,0.0028765532429340674,0.9743748701571995,0.5,0.8,0.553
F3,RQ2 xlstm/G (spci_cqr): adaptiv vs const,RQ2 xlstm/G (spci_cqr): adaptiv vs const: A ist im Median über Länder um 6.9% des Referenz-Winklers schlechter (Panel-t[NW] = 3.07; 20% der Länder mit Vorteil A; 17% FDR-signifikant; Median-q = 0.572).,0.34669328829745816,0.42846558830636683,0.8,0.8,0.553
F3,RQ2 lstm/G (spci_cqr): adaptiv vs const,RQ2 lstm/G (spci_cqr): adaptiv vs const: A ist im Median über Länder um 6.0% des Referenz-Winklers schlechter (Panel-t[NW] = 2.05; 10% der Länder mit Vorteil A; 27% FDR-signifikant; Median-q = 0.593).,0.29998919801740526,0.4073800078722666,0.9,0.8,0.552
F3,RQ2 xlstm/GF (pid_local_cqr): adaptiv vs const,RQ2 xlstm/GF (pid_local_cqr): adaptiv vs const: A ist im Median über Länder um 4.3% des Referenz-Winklers schlechter (Panel-t[NW] = 0.64; 30% der Länder mit Vorteil A; 23% FDR-signifikant; Median-q = 0.377).,0.21699759949989822,0.622561821127344,0.7,0.8,0.552
F3,RQ2 lstm/L (decay_ocp_cqr): adaptiv vs const,RQ2 lstm/L (decay_ocp_cqr): adaptiv vs const: A ist im Median über Länder um 5.0% des Referenz-Winklers besser (Panel-t[NW] = -4.33; 70% der Länder mit Vorteil A; 40% FDR-signifikant; Median-q = 0.416).,0.2519013247800641,0.584495785925208,0.7,0.8,0.551
F2,RQ1 lstm (pid_tan_cqr): GF vs GI,RQ1 lstm (pid_tan_cqr): GF vs GI: A ist im Median über Länder um 2.5% des Referenz-Winklers besser (Panel-t[NW] = -1.60; 80% der Länder mit Vorteil A; 23% FDR-signifikant; Median-q = 0.356).,0.12693189783744596,0.6438375872233397,0.8,0.8,0.551
F3,RQ2 xlstm/GF (sfogd_cqr): adaptiv vs const,RQ2 xlstm/GF (sfogd_cqr): adaptiv vs const: A ist im Median über Länder um 6.1% des Referenz-Winklers schlechter (Panel-t[NW] = 0.79; 30% der Länder mit Vorteil A; 17% FDR-signifikant; Median-q = 0.467).,0.30335123798895347,0.5325047849575357,0.7,0.8,0.551
F2,RQ1 lstm (pid_cqr): GF vs GI,RQ1 lstm (pid_cqr): GF vs GI: A ist im Median über Länder um 4.3% des Referenz-Winklers besser (Panel-t[NW] = -3.79; 80% der Länder mit Vorteil A; 33% FDR-signifikant; Median-q = 0.450).,0.21468613557870012,0.5503541180255999,0.8,0.8,0.55
F3,RQ2 xlstm/GF (saocp_cqr): adaptiv vs const,RQ2 xlstm/GF (saocp_cqr): adaptiv vs const: A ist im Median über Länder um 1.3% des Referenz-Winklers besser (Panel-t[NW] = -2.45; 50% der Länder mit Vorteil A; 50% FDR-signifikant; Median-q = 0.108).,0.06636606232605483,0.8923615445252675,0.5,0.8,0.548
F2,RQ1 xlstm (aci_cqr): GF vs G,RQ1 xlstm (aci_cqr): GF vs G: A ist im Median über Länder um 2.2% des Referenz-Winklers besser (Panel-t[NW] = -3.98; 80% der Länder mit Vorteil A; 30% FDR-signifikant; Median-q = 0.351).,0.11053992593101397,0.6490958099635784,0.8,0.8,0.548
F3,RQ2 lstm/L (agaci_cqr): adaptiv vs const,RQ2 lstm/L (agaci_cqr): adaptiv vs const: A ist im Median über Länder um 5.6% des Referenz-Winklers schlechter (Panel-t[NW] = 2.48; 10% der Länder mit Vorteil A; 17% FDR-signifikant; Median-q = 0.584).,0.27760541931294935,0.41588779488893024,0.9,0.8,0.548
F3,RQ2 xlstm/L (pid_tan_cqr): adaptiv vs const,RQ2 xlstm/L (pid_tan_cqr): adaptiv vs const: A ist im Median über Länder um 5.9% des Referenz-Winklers schlechter (Panel-t[NW] = 2.04; 30% der Länder mit Vorteil A; 23% FDR-signifikant; Median-q = 0.469).,0.2944979327838553,0.5311428326820891,0.7,0.8,0.548
F3,RQ2 xlstm/G (pid_cqr): adaptiv vs const,RQ2 xlstm/G (pid_cqr): adaptiv vs const: A ist im Median über Länder um 3.4% des Referenz-Winklers besser (Panel-t[NW] = -1.32; 70% der Länder mit Vorteil A; 23% FDR-signifikant; Median-q = 0.344).,0.17173747476041026,0.6563060191988068,0.7,0.8,0.548
F2,RQ1 lstm (spci_cqr): GF vs GI,RQ1 lstm (spci_cqr): GF vs GI: A ist im Median über Länder um 7.4% des Referenz-Winklers besser (Panel-t[NW] = -2.46; 70% der Länder mit Vorteil A; 17% FDR-signifikant; Median-q = 0.547).,0.37087359300058975,0.45348981394866605,0.7,0.8,0.547
F1,Beste CP-Methode für lstm_const/G: agaci_cqr,lstm_const/G: `agaci_cqr` erreicht validity-gated den höchsten Median-Winkler-Skill vs. RW-native (0.111) bei mittlerer Coverage 0.798 (Ziel 0.80).,0.1107351695230922,0.9565957885048375,0.8,0.3307086614173227,0.546
F3,RQ2 xlstm/G (cqr_static): adaptiv vs const,RQ2 xlstm/G (cqr_static): adaptiv vs const: A ist im Median über Länder um 1.0% des Referenz-Winklers besser (Panel-t[NW] = -4.30; 50% der Länder mit Vorteil A; 50% FDR-signifikant; Median-q = 0.099).,0.04875360463048717,0.9013344229225659,0.5,0.8,0.545
F5,Fehlkalibrierung: xlstm_const/L/mondrian_cqr,xlstm_const/L/mondrian_cqr: Coverage-Validität in 40% der Länder FDR-verworfen; mittlere Coverage 0.865 (Überdeckung um 6.5pp).,0.6456692913385831,0.9,0.4,0.0,0.544
F3,RQ2 lstm/G (spci_cqr): adaptiv vs const,RQ2 lstm/G (spci_cqr): adaptiv vs const: A ist im Median über Länder um 6.7% des Referenz-Winklers schlechter (Panel-t[NW] = 3.09; 20% der Länder mit Vorteil A; 27% FDR-signifikant; Median-q = 0.593).,0.3370619533687242,0.4073800078722666,0.8,0.8,0.543
F2,RQ1 xlstm (mondrian_cqr): GF vs G,RQ1 xlstm (mondrian_cqr): GF vs G: A ist im Median über Länder um 3.0% des Referenz-Winklers besser (Panel-t[NW] = -2.07; 80% der Länder mit Vorteil A; 17% FDR-signifikant; Median-q = 0.408).,0.14864922271218722,0.5915689333874096,0.8,0.8,0.542
F1,Beste CP-Methode für xlstm/G: pid_cqr,xlstm/G: `pid_cqr` erreicht validity-gated den höchsten Median-Winkler-Skill vs. RW-native (-0.007) bei mittlerer Coverage 0.812 (Ziel 0.80).,0.007036805334001972,0.5905334235519795,0.8,1.0,0.539
F3,RQ2 xlstm/L (agaci_cqr): adaptiv vs const,RQ2 xlstm/L (agaci_cqr): adaptiv vs const: A ist im Median über Länder um 5.9% des Referenz-Winklers schlechter (Panel-t[NW] = 3.63; 20% der Länder mit Vorteil A; 20% FDR-signifikant; Median-q = 0.566).,0.2943204946291875,0.43414882438057567,0.8,0.8,0.539
F2,RQ1 lstm (dtaci_cqr): GF vs GI,RQ1 lstm (dtaci_cqr): GF vs GI: A ist im Median über Länder um 2.5% des Referenz-Winklers schlechter (Panel-t[NW] = 0.70; 30% der Länder mit Vorteil A; 33% FDR-signifikant; Median-q = 0.329).,0.12309322452848559,0.6714633117327602,0.7,0.8,0.538
F3,RQ2 lstm/L (aci_cqr): adaptiv vs const,RQ2 lstm/L (aci_cqr): adaptiv vs const: A ist im Median über Länder um 4.1% des Referenz-Winklers schlechter (Panel-t[NW] = 2.59; 0% der Länder mit Vorteil A; 13% FDR-signifikant; Median-q = 0.609).,0.20351229391306064,0.39135323422590995,1.0,0.8,0.538
F3,RQ2 xlstm/L (pid_cqr): adaptiv vs const,RQ2 xlstm/L (pid_cqr): adaptiv vs const: A ist im Median über Länder um 4.5% des Referenz-Winklers schlechter (Panel-t[NW] = 3.02; 20% der Länder mit Vorteil A; 13% FDR-signifikant; Median-q = 0.496).,0.22423750102925744,0.5035526620094888,0.8,0.8,0.538
F3,RQ2 lstm/GF (pid_local_cqr): adaptiv vs const,RQ2 lstm/GF (pid_local_cqr): adaptiv vs const: A ist im Median über Länder um 4.6% des Referenz-Winklers schlechter (Panel-t[NW] = 2.19; 10% der Länder mit Vorteil A; 17% FDR-signifikant; Median-q = 0.576).,0.23090607146803724,0.424344813866783,0.9,0.8,0.537
F2,RQ1 xlstm (aci_cqr): G vs L,RQ1 xlstm (aci_cqr): G vs L: A ist im Median über Länder um 3.8% des Referenz-Winklers schlechter (Panel-t[NW] = 0.76; 40% der Länder mit Vorteil A; 27% FDR-signifikant; Median-q = 0.330).,0.18780024209685556,0.6701634671130611,0.6,0.8,0.537
F2,RQ1 lgbm (pid_tan_cqr): G vs L,RQ1 lgbm (pid_tan_cqr): G vs L: A ist im Median über Länder um 1.6% des Referenz-Winklers besser (Panel-t[NW] = -1.68; 60% der Länder mit Vorteil A; 30% FDR-signifikant; Median-q = 0.227).,0.07876760625219491,0.7725362798112001,0.6,0.8,0.535
F3,RQ2 lstm/L (pid_tan_cqr): adaptiv vs const,RQ2 lstm/L (pid_tan_cqr): adaptiv vs const: A ist im Median über Länder um 3.2% des Referenz-Winklers schlechter (Panel-t[NW] = 0.43; 40% der Länder mit Vorteil A; 20% FDR-signifikant; Median-q = 0.309).,0.15798076970958055,0.6910880534816792,0.6,0.8,0.535
F3,RQ2 lstm/L (cqr_rolling): adaptiv vs const,RQ2 lstm/L (cqr_rolling): adaptiv vs const: A ist im Median über Länder um 3.9% des Referenz-Winklers schlechter (Panel-t[NW] = 2.13; 10% der Länder mit Vorteil A; 10% FDR-signifikant; Median-q = 0.545).,0.19582873896739195,0.4551200146574732,0.9,0.8,0.535
F3,RQ2 lstm/G (mondrian_cqr): adaptiv vs const,RQ2 lstm/G (mondrian_cqr): adaptiv vs const: A ist im Median über Länder um 1.6% des Referenz-Winklers schlechter (Panel-t[NW] = 1.19; 30% der Länder mit Vorteil A; 33% FDR-signifikant; Median-q = 0.300).,0.07957538084557442,0.6999884170437682,0.7,0.8,0.534
F2,RQ1 xlstm (spci_cqr): GF vs G,RQ1 xlstm (spci_cqr): GF vs G: A ist im Median über Länder um 2.6% des Referenz-Winklers besser (Panel-t[NW] = -4.23; 90% der Länder mit Vorteil A; 13% FDR-signifikant; Median-q = 0.482).,0.12902458082434567,0.5183733333740107,0.9,0.8,0.534
F3,RQ2 lstm/L (saocp_cqr): adaptiv vs const,RQ2 lstm/L (saocp_cqr): adaptiv vs const: A ist im Median über Länder um 3.1% des Referenz-Winklers besser (Panel-t[NW] = -3.11; 70% der Länder mit Vorteil A; 33% FDR-signifikant; Median-q = 0.378).,0.1564866580136911,0.6224112487841873,0.7,0.8,0.534
F3,RQ2 lstm/L (pid_cqr): adaptiv vs const,RQ2 lstm/L (pid_cqr): adaptiv vs const: A ist im Median über Länder um 3.9% des Referenz-Winklers schlechter (Panel-t[NW] = 1.54; 20% der Länder mit Vorteil A; 3% FDR-signifikant; Median-q = 0.482).,0.1938846352260581,0.5184539160349815,0.8,0.8,0.534
F2,RQ1 xlstm (cqr_rolling): GF vs G,RQ1 xlstm (cqr_rolling): GF vs G: A ist im Median über Länder um 1.2% des Referenz-Winklers besser (Panel-t[NW] = -1.84; 70% der Länder mit Vorteil A; 37% FDR-signifikant; Median-q = 0.277).,0.05880340302297116,0.7227241892725826,0.7,0.8,0.534
F2,RQ1 xlstm (aci_cqr): GF vs G,RQ1 xlstm (aci_cqr): GF vs G: A ist im Median über Länder um 1.1% des Referenz-Winklers besser (Panel-t[NW] = -1.86; 80% der Länder mit Vorteil A; 30% FDR-signifikant; Median-q = 0.351).,0.0550634771133435,0.6490958099635784,0.8,0.8,0.531
F3,RQ2 xlstm/L (dtaci_cqr): adaptiv vs const,RQ2 xlstm/L (dtaci_cqr): adaptiv vs const: A ist im Median über Länder um 3.8% des Referenz-Winklers schlechter (Panel-t[NW] = 3.32; 20% der Länder mit Vorteil A; 23% FDR-signifikant; Median-q = 0.485).,0.18850241293054334,0.5148254474118092,0.8,0.8,0.531
F2,RQ1 xlstm (pid_tan_cqr): GF vs G,RQ1 xlstm (pid_tan_cqr): GF vs G: A ist im Median über Länder um 2.3% des Referenz-Winklers besser (Panel-t[NW] = -1.66; 80% der Länder mit Vorteil A; 20% FDR-signifikant; Median-q = 0.413).,0.11506590043961525,0.5871353701578634,0.8,0.8,0.531
F3,RQ2 lstm/G (pid_local_cqr): adaptiv vs const,RQ2 lstm/G (pid_local_cqr): adaptiv vs const: A ist im Median über Länder um 3.8% des Referenz-Winklers schlechter (Panel-t[NW] = 1.39; 20% der Länder mit Vorteil A; 3% FDR-signifikant; Median-q = 0.487).,0.18819821835631398,0.5129006464419613,0.8,0.8,0.53
F5,Fehlkalibrierung: lstm_const/GF/mondrian_cqr,lstm_const/GF/mondrian_cqr: Coverage-Validität in 40% der Länder FDR-verworfen; mittlere Coverage 0.860 (Überdeckung um 6.0pp).,0.598425196850394,0.9,0.4,0.0,0.53
F1,Beste CP-Methode für lstm/L: pid_cqr,lstm/L: `pid_cqr` erreicht validity-gated den höchsten Median-Winkler-Skill vs. RW-native (0.062) bei mittlerer Coverage 0.810 (Ziel 0.80).,0.062101521778805846,0.6310237514708126,0.6,1.0,0.528
F3,RQ2 xlstm/G (saocp_cqr): adaptiv vs const,RQ2 xlstm/G (saocp_cqr): adaptiv vs const: A ist im Median über Länder um 0.8% des Referenz-Winklers besser (Panel-t[NW] = -3.48; 50% der Länder mit Vorteil A; 50% FDR-signifikant; Median-q = 0.150).,0.0417152300162554,0.8501625680695983,0.5,0.8,0.528
F2,RQ1 xlstm (saocp_cqr): GF vs G,RQ1 xlstm (saocp_cqr): GF vs G: A ist im Median über Länder um 0.5% des Referenz-Winklers schlechter (Panel-t[NW] = 1.07; 40% der Länder mit Vorteil A; 40% FDR-signifikant; Median-q = 0.207).,0.02285796173753387,0.7928837930744524,0.6,0.8,0.525
F2,RQ1 lgbm (decay_ocp_cqr): G vs L,RQ1 lgbm (decay_ocp_cqr): G vs L: A ist im Median über Länder um 3.2% des Referenz-Winklers besser (Panel-t[NW] = -1.68; 70% der Länder mit Vorteil A; 20% FDR-signifikant; Median-q = 0.416).,0.15851600677213945,0.5840984051675373,0.7,0.8,0.523
F3,RQ2 lgbm/L (cqr_rolling): adaptiv vs const,RQ2 lgbm/L (cqr_rolling): adaptiv vs const: A ist im Median über Länder um 4.0% des Referenz-Winklers besser (Panel-t[NW] = -1.86; 70% der Länder mit Vorteil A; 20% FDR-signifikant; Median-q = 0.458).,0.19898420059614186,0.5415883865672749,0.7,0.8,0.522
F2,RQ1 xlstm (cqr_static): G vs L,RQ1 xlstm (cqr_static): G vs L: A ist im Median über Länder um 1.5% des Referenz-Winklers besser (Panel-t[NW] = 1.44; 50% der Länder mit Vorteil A; 37% FDR-signifikant; Median-q = 0.208).,0.07695120530763075,0.7918802508148672,0.5,0.8,0.521
F3,RQ2 xlstm/GF (pid_cqr): adaptiv vs const,RQ2 xlstm/GF (pid_cqr): adaptiv vs const: A ist im Median über Länder um 2.3% des Referenz-Winklers besser (Panel-t[NW] = -1.38; 60% der Länder mit Vorteil A; 30% FDR-signifikant; Median-q = 0.311).,0.11419544356011896,0.6886912609025588,0.6,0.8,0.521
F2,RQ1 lstm (agaci_cqr): GF vs GI,RQ1 lstm (agaci_cqr): GF vs GI: A ist im Median über Länder um 1.6% des Referenz-Winklers schlechter (Panel-t[NW] = 0.47; 20% der Länder mit Vorteil A; 27% FDR-signifikant; Median-q = 0.406).,0.07776485127451543,0.5938697035576492,0.8,0.8,0.521
F2,RQ1 xlstm (cqr_rolling): G vs L,RQ1 xlstm (cqr_rolling): G vs L: A ist im Median über Länder um 3.4% des Referenz-Winklers schlechter (Panel-t[NW] = 0.70; 40% der Länder mit Vorteil A; 27% FDR-signifikant; Median-q = 0.364).,0.16835922839762674,0.6358618176619746,0.6,0.8,0.521
F3,RQ2 lstm/G (pid_local_cqr): adaptiv vs const,RQ2 lstm/G (pid_local_cqr): adaptiv vs const: A ist im Median über Länder um 3.1% des Referenz-Winklers schlechter (Panel-t[NW] = 2.21; 20% der Länder mit Vorteil A; 3% FDR-signifikant; Median-q = 0.487).,0.15409293041270697,0.5129006464419613,0.8,0.8,0.52
F2,RQ1 xlstm (dtaci_cqr): GF vs G,RQ1 xlstm (dtaci_cqr): GF vs G: A ist im Median über Länder um 0.7% des Referenz-Winklers besser (Panel-t[NW] = -1.44; 70% der Länder mit Vorteil A; 23% FDR-signifikant; Median-q = 0.305).,0.03475128888773088,0.6948947506482503,0.7,0.8,0.519
F2,RQ1 lstm (mondrian_cqr): G vs L,RQ1 lstm (mondrian_cqr): G vs L: A ist im Median über Länder um 1.0% des Referenz-Winklers besser (Panel-t[NW] = -0.05; 80% der Länder mit Vorteil A; 13% FDR-signifikant; Median-q = 0.391).,0.05173002220802289,0.6085257810092224,0.8,0.8,0.518
F2,RQ1 lstm (saocp_cqr): GF vs GI,RQ1 lstm (saocp_cqr): GF vs GI: A ist im Median über Länder um 1.4% des Referenz-Winklers besser (Panel-t[NW] = -1.39; 80% der Länder mit Vorteil A; 23% FDR-signifikant; Median-q = 0.413).,0.07037575297678635,0.5874290643851043,0.8,0.8,0.517
F3,RQ2 xlstm/GF (aci_cqr): adaptiv vs const,RQ2 xlstm/GF (aci_cqr): adaptiv vs const: A ist im Median über Länder um 1.6% des Referenz-Winklers besser (Panel-t[NW] = -0.65; 50% der Länder mit Vorteil A; 30% FDR-signifikant; Median-q = 0.226).,0.08220222397686792,0.7742290251595617,0.5,0.8,0.517
F2,RQ1 lstm (mondrian_cqr): GF vs G,RQ1 lstm (mondrian_cqr): GF vs G: A ist im Median über Länder um 1.2% des Referenz-Winklers besser (Panel-t[NW] = -0.95; 70% der Länder mit Vorteil A; 23% FDR-signifikant; Median-q = 0.342).,0.06075336087821527,0.6578868661133932,0.7,0.8,0.516
F3,RQ2 xlstm/G (decay_ocp_cqr): adaptiv vs const,RQ2 xlstm/G (decay_ocp_cqr): adaptiv vs const: A ist im Median über Länder um 2.9% des Referenz-Winklers besser (Panel-t[NW] = -2.39; 70% der Länder mit Vorteil A; 30% FDR-signifikant; Median-q = 0.424).,0.14483058272159507,0.5761032033633375,0.7,0.8,0.516
F3,RQ2 xlstm/L (agaci_cqr): adaptiv vs const,RQ2 xlstm/L (agaci_cqr): adaptiv vs const: A ist im Median über Länder um 3.0% des Referenz-Winklers schlechter (Panel-t[NW] = 3.23; 10% der Länder mit Vorteil A; 20% FDR-signifikant; Median-q = 0.566).,0.15107163043790484,0.43414882438057567,0.9,0.8,0.516
F3,RQ2 xlstm/L (saocp_cqr): adaptiv vs const,RQ2 xlstm/L (saocp_cqr): adaptiv vs const: A ist im Median über Länder um 2.8% des Referenz-Winklers besser (Panel-t[NW] = -2.83; 90% der Länder mit Vorteil A; 20% FDR-signifikant; Median-q = 0.556).,0.1418051813035934,0.44421708211391864,0.9,0.8,0.516
F2,RQ1 lstm (cqr_rolling): GF vs GI,RQ1 lstm (cqr_rolling): GF vs GI: A ist im Median über Länder um 2.4% des Referenz-Winklers schlechter (Panel-t[NW] = 0.45; 30% der Länder mit Vorteil A; 33% FDR-signifikant; Median-q = 0.399).,0.12007514543855458,0.6009333643837863,0.7,0.8,0.516
F2,RQ1 xlstm (cqr_static): G vs L,RQ1 xlstm (cqr_static): G vs L: A ist im Median über Länder um 1.2% des Referenz-Winklers besser (Panel-t[NW] = -3.37; 50% der Länder mit Vorteil A; 37% FDR-signifikant; Median-q = 0.208).,0.05902807649826315,0.7918802508148672,0.5,0.8,0.515
F3,RQ2 xlstm/G (mondrian_cqr): adaptiv vs const,RQ2 xlstm/G (mondrian_cqr): adaptiv vs const: A ist im Median über Länder um 2.1% des Referenz-Winklers besser (Panel-t[NW] = -1.20; 70% der Länder mit Vorteil A; 20% FDR-signifikant; Median-q = 0.389).,0.10521636683292182,0.6107421721862101,0.7,0.8,0.515
F3,RQ2 xlstm/L (decay_ocp_cqr): adaptiv vs const,RQ2 xlstm/L (decay_ocp_cqr): adaptiv vs const: A ist im Median über Länder um 1.0% des Referenz-Winklers besser (Panel-t[NW] = -1.29; 60% der Länder mit Vorteil A; 27% FDR-signifikant; Median-q = 0.269).,0.052081158156228685,0.7310414388971209,0.6,0.8,0.515
F3,RQ2 xlstm/L (pid_local_cqr): adaptiv vs const,RQ2 xlstm/L (pid_local_cqr): adaptiv vs const: A ist im Median über Länder um 3.1% des Referenz-Winklers schlechter (Panel-t[NW] = 1.38; 20% der Länder mit Vorteil A; 3% FDR-signifikant; Median-q = 0.505).,0.15325366285844055,0.4946457175657297,0.8,0.8,0.514
F3,RQ2 xlstm/GF (dtaci_cqr): adaptiv vs const,RQ2 xlstm/GF (dtaci_cqr): adaptiv vs const: A ist im Median über Länder um 2.6% des Referenz-Winklers besser (Panel-t[NW] = -0.97; 60% der Länder mit Vorteil A; 30% FDR-signifikant; Median-q = 0.353).,0.13001304786488668,0.6468990960053952,0.6,0.8,0.513
F2,RQ1 xlstm (pid_tan_cqr): G vs L,RQ1 xlstm (pid_tan_cqr): G vs L: A ist im Median über Länder um 0.4% des Referenz-Winklers schlechter (Panel-t[NW] = 0.28; 40% der Länder mit Vorteil A; 27% FDR-signifikant; Median-q = 0.243).,0.018410987431762445,0.7573288604290352,0.6,0.8,0.513
F3,RQ2 lstm/GF (sfogd_cqr): adaptiv vs const,RQ2 lstm/GF (sfogd_cqr): adaptiv vs const: A ist im Median über Länder um 4.1% des Referenz-Winklers schlechter (Panel-t[NW] = 1.89; 20% der Länder mit Vorteil A; 13% FDR-signifikant; Median-q = 0.564).,0.2030048111858307,0.43586542866667,0.8,0.8,0.512
F5,Fehlkalibrierung: lstm/G/cqr_rolling,lstm/G/cqr_rolling: Coverage-Validität in 50% der Länder FDR-verworfen; mittlere Coverage 0.847 (Überdeckung um 4.7pp).,0.4724409448818889,0.9,0.5,0.0,0.512
F2,RQ1 lstm (mondrian_cqr): GF vs G,RQ1 lstm (mondrian_cqr): GF vs G: A ist im Median über Länder um 1.0% des Referenz-Winklers besser (Panel-t[NW] = -1.13; 70% der Länder mit Vorteil A; 23% FDR-signifikant; Median-q = 0.342).,0.04897422462848088,0.6578868661133932,0.7,0.8,0.512
F3,RQ2 xlstm/L (pid_local_cqr): adaptiv vs const,RQ2 xlstm/L (pid_local_cqr): adaptiv vs const: A ist im Median über Länder um 4.2% des Referenz-Winklers schlechter (Panel-t[NW] = 1.90; 30% der Länder mit Vorteil A; 3% FDR-signifikant; Median-q = 0.505).,0.20968611401348008,0.4946457175657297,0.7,0.8,0.511
F2,RQ1 lstm (decay_ocp_cqr): GF vs G,RQ1 lstm (decay_ocp_cqr): GF vs G: A ist im Median über Länder um 0.1% des Referenz-Winklers schlechter (Panel-t[NW] = 3.41; 30% der Länder mit Vorteil A; 37% FDR-signifikant; Median-q = 0.306).,0.0052328848224533105,0.6938266315439978,0.7,0.8,0.51
F10,F10 arma vs arma_monthly (cqr_rolling),F10 arma vs arma_monthly (cqr_rolling): A ist im Median über Länder um 0.2% des Referenz-Winklers schlechter (Panel-t[NW] = 1.17; 50% der Länder mit Vorteil A; 30% FDR-signifikant; Median-q = 0.314).,0.011393844596265332,0.686213220893138,0.5,1.0,0.509
F3,RQ2 lstm/L (pid_tan_cqr): adaptiv vs const,RQ2 lstm/L (pid_tan_cqr): adaptiv vs const: A ist im Median über Länder um 1.4% des Referenz-Winklers schlechter (Panel-t[NW] = 1.36; 40% der Länder mit Vorteil A; 20% FDR-signifikant; Median-q = 0.309).,0.06867884171146198,0.6910880534816792,0.6,0.8,0.508
F3,RQ2 xlstm/GF (pid_local_cqr): adaptiv vs const,RQ2 xlstm/GF (pid_local_cqr): adaptiv vs const: A ist im Median über Länder um 2.7% des Referenz-Winklers besser (Panel-t[NW] = -1.65; 60% der Länder mit Vorteil A; 23% FDR-signifikant; Median-q = 0.377).,0.13250996473323373,0.622561821127344,0.6,0.8,0.507
F3,RQ2 lstm/L (saocp_cqr): adaptiv vs const,RQ2 lstm/L (saocp_cqr): adaptiv vs const: A ist im Median über Länder um 2.6% des Referenz-Winklers schlechter (Panel-t[NW] = -0.86; 40% der Länder mit Vorteil A; 33% FDR-signifikant; Median-q = 0.378).,0.1278345554239061,0.6224112487841873,0.6,0.8,0.505
F10,F10 arma vs arma_monthly (mondrian_cqr),F10 arma vs arma_monthly (mondrian_cqr): A ist im Median über Länder um 1.1% des Referenz-Winklers besser (Panel-t[NW] = -0.16; 50% der Länder mit Vorteil A; 20% FDR-signifikant; Median-q = 0.371).,0.05270391768284262,0.6291480822037734,0.5,1.0,0.505
F5,Fehlkalibrierung: xlstm_const/L/mondrian_cqr,xlstm_const/L/mondrian_cqr: Coverage-Validität in 40% der Länder FDR-verworfen; mittlere Coverage 0.850 (Überdeckung um 5.0pp).,0.5039370078740146,0.9,0.4,0.015748031496063075,0.504
F5,Fehlkalibrierung: xlstm/GI/mondrian_cqr,xlstm/GI/mondrian_cqr: Coverage-Validität in 40% der Länder FDR-verworfen; mittlere Coverage 0.851 (Überdeckung um 5.1pp).,0.5118110236220463,0.9,0.4,0.0,0.504
F10,F10 arma vs arma_monthly (sfogd_cqr),F10 arma vs arma_monthly (sfogd_cqr): A ist im Median über Länder um 1.8% des Referenz-Winklers schlechter (Panel-t[NW] = 3.13; 30% der Länder mit Vorteil A; 10% FDR-signifikant; Median-q = 0.542).,0.08959811021298801,0.457985627147916,0.7,1.0,0.504
F3,RQ2 lstm/L (mondrian_cqr): adaptiv vs const,RQ2 lstm/L (mondrian_cqr): adaptiv vs const: A ist im Median über Länder um 4.0% des Referenz-Winklers schlechter (Panel-t[NW] = 1.43; 30% der Länder mit Vorteil A; 13% FDR-signifikant; Median-q = 0.522).,0.19752217881270448,0.477669463907616,0.7,0.8,0.503
F2,RQ1 xlstm (dtaci_cqr): G vs L,RQ1 xlstm (dtaci_cqr): G vs L: A ist im Median über Länder um 1.7% des Referenz-Winklers schlechter (Panel-t[NW] = 0.49; 40% der Länder mit Vorteil A; 23% FDR-signifikant; Median-q = 0.347).,0.08531218272845523,0.6532949559533071,0.6,0.8,0.502
F11,Burn-in-Doppelnutzung (erste 36 Testmonate),"Coverage erste 36 Testmonate vs. Rest, Mittel über Kombinationen: größte Differenz bei `native` (-6.6pp); Mittel über alle Methoden -1.1pp (Proposal §4.3: möglicher Anfangsoptimismus, selbstlimitierend).",0.10719551487745552,0.5,0.7,0.9,0.502
F3,RQ2 xlstm/L (dtaci_cqr): adaptiv vs const,RQ2 xlstm/L (dtaci_cqr): adaptiv vs const: A ist im Median über Länder um 1.8% des Referenz-Winklers besser (Panel-t[NW] = -0.77; 80% der Länder mit Vorteil A; 23% FDR-signifikant; Median-q = 0.485).,0.08874837143703584,0.5148254474118092,0.8,0.8,0.501
F3,RQ2 xlstm/L (pid_tan_cqr): adaptiv vs const,RQ2 xlstm/L (pid_tan_cqr): adaptiv vs const: A ist im Median über Länder um 2.8% des Referenz-Winklers schlechter (Panel-t[NW] = 1.90; 30% der Länder mit Vorteil A; 23% FDR-signifikant; Median-q = 0.469).,0.1389025706946936,0.5311428326820891,0.7,0.8,0.501
F3,RQ2 lstm/L (saocp_cqr): adaptiv vs const,RQ2 lstm/L (saocp_cqr): adaptiv vs const: A ist im Median über Länder um 2.3% des Referenz-Winklers besser (Panel-t[NW] = -5.02; 60% der Länder mit Vorteil A; 33% FDR-signifikant; Median-q = 0.378).,0.11300451332828645,0.6224112487841873,0.6,0.8,0.501
F4,Gesamtpaket: bestes ML vs. bester Klassiker,Bestes validity-gated ML-Paket: tirex2/ZS/cqr_static (Skill 0.146) vs. bester Klassiker rw/aci_cqr (Skill 0.085). Sekundäre RQ2-Rahmung: Gesamtpaket-Test (Adaptivität + Kovariaten + Punktgüte).,0.3045400587754016,0.5,0.5,0.8,0.501
F3,RQ2 xlstm/GF (cqr_rolling): adaptiv vs const,RQ2 xlstm/GF (cqr_rolling): adaptiv vs const: A ist im Median über Länder um 2.5% des Referenz-Winklers besser (Panel-t[NW] = -0.82; 50% der Länder mit Vorteil A; 27% FDR-signifikant; Median-q = 0.325).,0.127014690229162,0.6748924060021398,0.5,0.8,0.501
F2,RQ1 lstm (sfogd_cqr): G vs L,RQ1 lstm (sfogd_cqr): G vs L: A ist im Median über Länder um 3.4% des Referenz-Winklers schlechter (Panel-t[NW] = 1.08; 30% der Länder mit Vorteil A; 20% FDR-signifikant; Median-q = 0.502).,0.16777348204890546,0.4977635317012541,0.7,0.8,0.5
F3,RQ2 lstm/L (decay_ocp_cqr): adaptiv vs const,RQ2 lstm/L (decay_ocp_cqr): adaptiv vs const: A ist im Median über Länder um 2.8% des Referenz-Winklers besser (Panel-t[NW] = -4.62; 60% der Länder mit Vorteil A; 40% FDR-signifikant; Median-q = 0.416).,0.14178653291647092,0.584495785925208,0.6,0.8,0.498
F10,F10 arma vs arma_monthly (pid_cqr),F10 arma vs arma_monthly (pid_cqr): A ist im Median über Länder um 0.7% des Referenz-Winklers schlechter (Panel-t[NW] = 0.87; 30% der Länder mit Vorteil A; 0% FDR-signifikant; Median-q = 0.513).,0.036822884320233264,0.48677242431761836,0.7,1.0,0.497
F2,RQ1 xlstm (pid_local_cqr): GF vs G,RQ1 xlstm (pid_local_cqr): GF vs G: A ist im Median über Länder um 2.5% des Referenz-Winklers besser (Panel-t[NW] = -2.72; 80% der Länder mit Vorteil A; 17% FDR-signifikant; Median-q = 0.531).,0.1226277776353557,0.4686231644813077,0.8,0.8,0.497
F2,RQ1 lgbm (pid_cqr): G vs L,RQ1 lgbm (pid_cqr): G vs L: A ist im Median über Länder um 2.5% des Referenz-Winklers besser (Panel-t[NW] = -0.52; 70% der Länder mit Vorteil A; 10% FDR-signifikant; Median-q = 0.466).,0.12277424551130033,0.534382626255451,0.7,0.8,0.497
F2,RQ1 xlstm (cqr_rolling): G vs L,RQ1 xlstm (cqr_rolling): G vs L: A ist im Median über Länder um 1.7% des Referenz-Winklers schlechter (Panel-t[NW] = 0.41; 40% der Länder mit Vorteil A; 27% FDR-signifikant; Median-q = 0.364).,0.08445517771465598,0.6358618176619746,0.6,0.8,0.496
F3,RQ2 xlstm/G (pid_tan_cqr): adaptiv vs const,RQ2 xlstm/G (pid_tan_cqr): adaptiv vs const: A ist im Median über Länder um 2.3% des Referenz-Winklers besser (Panel-t[NW] = -1.05; 50% der Länder mit Vorteil A; 20% FDR-signifikant; Median-q = 0.329).,0.11705831108870968,0.670660549241993,0.5,0.8,0.496
F2,RQ1 lstm (saocp_cqr): GF vs G,RQ1 lstm (saocp_cqr): GF vs G: A ist im Median über Länder um 0.7% des Referenz-Winklers schlechter (Panel-t[NW] = -0.65; 20% der Länder mit Vorteil A; 27% FDR-signifikant; Median-q = 0.450).,0.036002449095385865,0.5496741301840491,0.8,0.8,0.496
F2,RQ1 xlstm (agaci_cqr): GF vs G,RQ1 xlstm (agaci_cqr): GF vs G: A ist im Median über Länder um 1.7% des Referenz-Winklers besser (Panel-t[NW] = -2.50; 80% der Länder mit Vorteil A; 27% FDR-signifikant; Median-q = 0.499).,0.08540707178055823,0.5012966003993687,0.8,0.8,0.496
F2,RQ1 lstm (aci_cqr): GF vs GI,RQ1 lstm (aci_cqr): GF vs GI: A ist im Median über Länder um 1.8% des Referenz-Winklers schlechter (Panel-t[NW] = 0.30; 30% der Länder mit Vorteil A; 37% FDR-signifikant; Median-q = 0.438).,0.08962417368650617,0.5617293301141985,0.7,0.8,0.495
F1,Beste CP-Methode für tirex2/ZS: cqr_static,tirex2/ZS: `cqr_static` erreicht validity-gated den höchsten Median-Winkler-Skill vs. RW-native (0.146) bei mittlerer Coverage 0.750 (Ziel 0.80).,0.1461124355856327,0.5016705850790023,0.5,1.0,0.494
F3,RQ2 lstm/GF (pid_local_cqr): adaptiv vs const,RQ2 lstm/GF (pid_local_cqr): adaptiv vs const: A ist im Median über Länder um 3.1% des Referenz-Winklers schlechter (Panel-t[NW] = 2.61; 20% der Länder mit Vorteil A; 17% FDR-signifikant; Median-q = 0.576).,0.1530185060328044,0.424344813866783,0.8,0.8,0.493
F3,RQ2 lstm/L (cqr_static): adaptiv vs const,RQ2 lstm/L (cqr_static): adaptiv vs const: A ist im Median über Länder um 1.1% des Referenz-Winklers schlechter (Panel-t[NW] = -2.88; 30% der Länder mit Vorteil A; 37% FDR-signifikant; Median-q = 0.416).,0.05738114036435303,0.5844217839496532,0.7,0.8,0.493
F5,Fehlkalibrierung: lstm/GF/cqr_rolling,lstm/GF/cqr_rolling: Coverage-Validität in 40% der Länder FDR-verworfen; mittlere Coverage 0.847 (Überdeckung um 4.7pp).,0.4724409448818889,0.9,0.4,0.0,0.492
F2,RQ1 lstm (decay_ocp_cqr): GF vs G,RQ1 lstm (decay_ocp_cqr): GF vs G: A ist im Median über Länder um 0.3% des Referenz-Winklers schlechter (Panel-t[NW] = 0.80; 40% der Länder mit Vorteil A; 37% FDR-signifikant; Median-q = 0.306).,0.013853275498713482,0.6938266315439978,0.6,0.8,0.492
F3,RQ2 lgbm/L (spci_cqr): adaptiv vs const,RQ2 lgbm/L (spci_cqr): adaptiv vs const: A ist im Median über Länder um 2.5% des Referenz-Winklers besser (Panel-t[NW] = -1.47; 60% der Länder mit Vorteil A; 20% FDR-signifikant; Median-q = 0.421).,0.1267972567436309,0.5786110315799364,0.6,0.8,0.492
F1,Beste CP-Methode für tirex2_cov/ZS: native,tirex2_cov/ZS: `native` erreicht validity-gated den höchsten Median-Winkler-Skill vs. RW-native (0.141) bei mittlerer Coverage 0.839 (Ziel 0.80).,0.1408615028757616,0.5,0.5,1.0,0.492
F2,RQ1 lstm (dtaci_cqr): GF vs G,RQ1 lstm (dtaci_cqr): GF vs G: A ist im Median über Länder um 0.3% des Referenz-Winklers schlechter (Panel-t[NW] = 0.34; 30% der Länder mit Vorteil A; 20% FDR-signifikant; Median-q = 0.375).,0.015100254583379474,0.6254693436388596,0.7,0.8,0.492
F2,RQ1 lstm (decay_ocp_cqr): GF vs G,RQ1 lstm (decay_ocp_cqr): GF vs G: A ist im Median über Länder um 0.2% des Referenz-Winklers schlechter (Panel-t[NW] = 2.84; 40% der Länder mit Vorteil A; 37% FDR-signifikant; Median-q = 0.306).,0.008739437884048639,0.6938266315439978,0.6,0.8,0.491
F2,RQ1 xlstm (agaci_cqr): G vs L,RQ1 xlstm (agaci_cqr): G vs L: A ist im Median über Länder um 1.7% des Referenz-Winklers schlechter (Panel-t[NW] = 0.23; 40% der Länder mit Vorteil A; 23% FDR-signifikant; Median-q = 0.380).,0.08441551444554898,0.6202028763730575,0.6,0.8,0.491
F1,Beste CP-Methode für tirex/ZS: native,tirex/ZS: `native` erreicht validity-gated den höchsten Median-Winkler-Skill vs. RW-native (0.133) bei mittlerer Coverage 0.813 (Ziel 0.80).,0.132658760714764,0.5,0.5,1.0,0.49
F2,RQ1 lstm (cqr_rolling): G vs L,RQ1 lstm (cqr_rolling): G vs L: A ist im Median über Länder um 4.4% des Referenz-Winklers schlechter (Panel-t[NW] = 1.51; 30% der Länder mit Vorteil A; 23% FDR-signifikant; Median-q = 0.586).,0.2193662393826151,0.4138690252283469,0.7,0.8,0.49
F3,RQ2 lgbm/G (mondrian_cqr): adaptiv vs const,RQ2 lgbm/G (mondrian_cqr): adaptiv vs const: A ist im Median über Länder um 3.1% des Referenz-Winklers besser (Panel-t[NW] = -0.70; 70% der Länder mit Vorteil A; 0% FDR-signifikant; Median-q = 0.523).,0.15398925440409092,0.47733169227760563,0.7,0.8,0.489
F2,RQ1 xlstm (cqr_static): GF vs G,RQ1 xlstm (cqr_static): GF vs G: A ist im Median über Länder um 0.4% des Referenz-Winklers besser (Panel-t[NW] = -1.09; 60% der Länder mit Vorteil A; 33% FDR-signifikant; Median-q = 0.324).,0.021985810469863382,0.6762793607580284,0.6,0.8,0.489
F3,RQ2 lstm/L (cqr_static): adaptiv vs const,RQ2 lstm/L (cqr_static): adaptiv vs const: A ist im Median über Länder um 2.2% des Referenz-Winklers besser (Panel-t[NW] = -4.43; 60% der Länder mit Vorteil A; 37% FDR-signifikant; Median-q = 0.416).,0.10881892083561591,0.5844217839496532,0.6,0.8,0.488
F5,Fehlkalibrierung: lstm/L/mondrian_cqr,lstm/L/mondrian_cqr: Coverage-Validität in 40% der Länder FDR-verworfen; mittlere Coverage 0.846 (Überdeckung um 4.6pp).,0.4566929133858255,0.9,0.4,0.0,0.487
F3,RQ2 xlstm/GF (decay_ocp_cqr): adaptiv vs const,RQ2 xlstm/GF (decay_ocp_cqr): adaptiv vs const: A ist im Median über Länder um 0.4% des Referenz-Winklers besser (Panel-t[NW] = 0.38; 50% der Länder mit Vorteil A; 37% FDR-signifikant; Median-q = 0.264).,0.020704716382026082,0.7356899003835353,0.5,0.8,0.487
F2,RQ1 lstm (agaci_cqr): GF vs G,RQ1 lstm (agaci_cqr): GF vs G: A ist im Median über Länder um 0.4% des Referenz-Winklers schlechter (Panel-t[NW] = -0.11; 30% der Länder mit Vorteil A; 13% FDR-signifikant; Median-q = 0.398).,0.017874033432586207,0.601547839880674,0.7,0.8,0.486
F2,RQ1 xlstm (sfogd_cqr): GF vs G,RQ1 xlstm (sfogd_cqr): GF vs G: A ist im Median über Länder um 1.8% des Referenz-Winklers besser (Panel-t[NW] = -1.78; 90% der Länder mit Vorteil A; 7% FDR-signifikant; Median-q = 0.602).,0.0905330743256953,0.39774605078593095,0.9,0.8,0.486
F3,RQ2 xlstm/GF (decay_ocp_cqr): adaptiv vs const,RQ2 xlstm/GF (decay_ocp_cqr): adaptiv vs const: A ist im Median über Länder um 0.4% des Referenz-Winklers besser (Panel-t[NW] = -0.35; 50% der Länder mit Vorteil A; 37% FDR-signifikant; Median-q = 0.264).,0.01835255014228539,0.7356899003835353,0.5,0.8,0.486
F3,RQ2 xlstm/L (cqr_rolling): adaptiv vs const,RQ2 xlstm/L (cqr_rolling): adaptiv vs const: A ist im Median über Länder um 2.6% des Referenz-Winklers besser (Panel-t[NW] = -1.34; 70% der Länder mit Vorteil A; 17% FDR-signifikant; Median-q = 0.509).,0.12783126448037302,0.4913234860502478,0.7,0.8,0.486
F3,RQ2 xlstm/L (aci_cqr): adaptiv vs const,RQ2 xlstm/L (aci_cqr): adaptiv vs const: A ist im Median über Länder um 1.8% des Referenz-Winklers besser (Panel-t[NW] = -0.77; 70% der Länder mit Vorteil A; 17% FDR-signifikant; Median-q = 0.476).,0.09168553580179636,0.5241228228663282,0.7,0.8,0.485
F3,RQ2 xlstm/G (pid_local_cqr): adaptiv vs const,RQ2 xlstm/G (pid_local_cqr): adaptiv vs const: A ist im Median über Länder um 3.1% des Referenz-Winklers schlechter (Panel-t[NW] = 0.18; 40% der Länder mit Vorteil A; 20% FDR-signifikant; Median-q = 0.474).,0.1560492571571005,0.5258060715776481,0.6,0.8,0.485
F3,RQ2 lstm/G (sfogd_cqr): adaptiv vs const,RQ2 lstm/G (sfogd_cqr): adaptiv vs const: A ist im Median über Länder um 3.3% des Referenz-Winklers schlechter (Panel-t[NW] = 1.22; 20% der Länder mit Vorteil A; 10% FDR-signifikant; Median-q = 0.618).,0.16655882018252044,0.38198562291226446,0.8,0.8,0.485
F2,RQ1 xlstm (pid_local_cqr): G vs L,RQ1 xlstm (pid_local_cqr): G vs L: A ist im Median über Länder um 0.9% des Referenz-Winklers schlechter (Panel-t[NW] = 0.35; 40% der Länder mit Vorteil A; 17% FDR-signifikant; Median-q = 0.363).,0.04484306547434747,0.6372310133164961,0.6,0.8,0.485
F3,RQ2 lstm/L (mondrian_cqr): adaptiv vs const,RQ2 lstm/L (mondrian_cqr): adaptiv vs const: A ist im Median über Länder um 2.8% des Referenz-Winklers besser (Panel-t[NW] = -1.19; 70% der Länder mit Vorteil A; 13% FDR-signifikant; Median-q = 0.522).,0.14015252469375153,0.477669463907616,0.7,0.8,0.485
F2,RQ1 lstm (mondrian_cqr): GF vs G,RQ1 lstm (mondrian_cqr): GF vs G: A ist im Median über Länder um 0.4% des Referenz-Winklers besser (Panel-t[NW] = 0.14; 60% der Länder mit Vorteil A; 23% FDR-signifikant; Median-q = 0.342).,0.020451421744339678,0.6578868661133932,0.6,0.8,0.484
F3,RQ2 lstm/L (pid_local_cqr): adaptiv vs const,RQ2 lstm/L (pid_local_cqr): adaptiv vs const: A ist im Median über Länder um 1.2% des Referenz-Winklers schlechter (Panel-t[NW] = 0.87; 30% der Länder mit Vorteil A; 17% FDR-signifikant; Median-q = 0.444).,0.05771016780876947,0.5563539062624974,0.7,0.8,0.484
F2,RQ1 lstm (pid_cqr): GF vs GI,RQ1 lstm (pid_cqr): GF vs GI: A ist im Median über Länder um 1.3% des Referenz-Winklers schlechter (Panel-t[NW] = 0.77; 30% der Länder mit Vorteil A; 33% FDR-signifikant; Median-q = 0.450).,0.0639503150379799,0.5503541180255999,0.7,0.8,0.484
F2,RQ1 lgbm (saocp_cqr): G vs L,RQ1 lgbm (saocp_cqr): G vs L: A ist im Median über Länder um 2.0% des Referenz-Winklers schlechter (Panel-t[NW] = 1.50; 20% der Länder mit Vorteil A; 20% FDR-signifikant; Median-q = 0.556).,0.10202808672164831,0.4438753376696887,0.8,0.8,0.484
F1,Beste CP-Methode für lstm_const/GF: agaci_cqr,lstm_const/GF: `agaci_cqr` erreicht validity-gated den höchsten Median-Winkler-Skill vs. RW-native (0.103) bei mittlerer Coverage 0.801 (Ziel 0.80).,0.10266567167500545,0.9553433874601535,0.8,0.03543307086614156,0.484
F2,RQ1 lstm (spci_cqr): G vs L,RQ1 lstm (spci_cqr): G vs L: A ist im Median über Länder um 3.1% des Referenz-Winklers schlechter (Panel-t[NW] = 1.22; 40% der Länder mit Vorteil A; 10% FDR-signifikant; Median-q = 0.477).,0.15479700918964517,0.5226207061536992,0.6,0.8,0.483
F3,RQ2 lstm/L (decay_ocp_cqr): adaptiv vs const,RQ2 lstm/L (decay_ocp_cqr): adaptiv vs const: A ist im Median über Länder um 1.8% des Referenz-Winklers schlechter (Panel-t[NW] = -1.86; 40% der Länder mit Vorteil A; 40% FDR-signifikant; Median-q = 0.416).,0.08866564666971413,0.584495785925208,0.6,0.8,0.482
F2,RQ1 xlstm (mondrian_cqr): GF vs G,RQ1 xlstm (mondrian_cqr): GF vs G: A ist im Median über Länder um 0.3% des Referenz-Winklers besser (Panel-t[NW] = -0.53; 70% der Länder mit Vorteil A; 17% FDR-signifikant; Median-q = 0.408).,0.014229694255414828,0.5915689333874096,0.7,0.8,0.482
F3,RQ2 lstm/L (cqr_static): adaptiv vs const,RQ2 lstm/L (cqr_static): adaptiv vs const: A ist im Median über Länder um 1.7% des Referenz-Winklers besser (Panel-t[NW] = -5.32; 60% der Länder mit Vorteil A; 37% FDR-signifikant; Median-q = 0.416).,0.0872837283548071,0.5844217839496532,0.6,0.8,0.482
F2,RQ1 xlstm (agaci_cqr): GF vs G,RQ1 xlstm (agaci_cqr): GF vs G: A ist im Median über Länder um 2.1% des Referenz-Winklers besser (Panel-t[NW] = -3.78; 70% der Länder mit Vorteil A; 27% FDR-signifikant; Median-q = 0.499).,0.10642523067290449,0.5012966003993687,0.7,0.8,0.482
F2,RQ1 lstm (mondrian_cqr): GF vs GI,RQ1 lstm (mondrian_cqr): GF vs GI: A ist im Median über Länder um 0.1% des Referenz-Winklers besser (Panel-t[NW] = 0.74; 50% der Länder mit Vorteil A; 33% FDR-signifikant; Median-q = 0.267).,0.005021533967572208,0.7325667246024354,0.5,0.8,0.481
F2,RQ1 xlstm (spci_cqr): GF vs G,RQ1 xlstm (spci_cqr): GF vs G: A ist im Median über Länder um 1.7% des Referenz-Winklers besser (Panel-t[NW] = -2.82; 70% der Länder mit Vorteil A; 13% FDR-signifikant; Median-q = 0.482).,0.08477254869013878,0.5183733333740107,0.7,0.8,0.481
F10,F10 arma vs arma_monthly (aci_cqr),F10 arma vs arma_monthly (aci_cqr): A ist im Median über Länder um 0.0% des Referenz-Winklers besser (Panel-t[NW] = 0.56; 50% der Länder mit Vorteil A; 0% FDR-signifikant; Median-q = 0.403).,0.0021485975023824684,0.5971448024174739,0.5,1.0,0.48
F2,RQ1 xlstm (pid_cqr): GF vs G,RQ1 xlstm (pid_cqr): GF vs G: A ist im Median über Länder um 2.8% des Referenz-Winklers besser (Panel-t[NW] = -3.75; 80% der Länder mit Vorteil A; 10% FDR-signifikant; Median-q = 0.604).,0.13779788149117905,0.3964133050887244,0.8,0.8,0.48
F10,F10 arma vs arma_monthly (pid_local_cqr),F10 arma vs arma_monthly (pid_local_cqr): A ist im Median über Länder um 0.8% des Referenz-Winklers schlechter (Panel-t[NW] = 3.44; 20% der Länder mit Vorteil A; 20% FDR-signifikant; Median-q = 0.637).,0.03842165633479922,0.3625452693570901,0.8,1.0,0.48
F3,RQ2 lstm/L (dtaci_cqr): adaptiv vs const,RQ2 lstm/L (dtaci_cqr): adaptiv vs const: A ist im Median über Länder um 1.6% des Referenz-Winklers schlechter (Panel-t[NW] = 0.95; 30% der Länder mit Vorteil A; 17% FDR-signifikant; Median-q = 0.477).,0.07782231198202134,0.5230129580623046,0.7,0.8,0.48
F3,RQ2 xlstm/GF (spci_cqr): adaptiv vs const,RQ2 xlstm/GF (spci_cqr): adaptiv vs const: A ist im Median über Länder um 3.8% des Referenz-Winklers besser (Panel-t[NW] = -0.51; 60% der Länder mit Vorteil A; 17% FDR-signifikant; Median-q = 0.525).,0.18819128613397262,0.4749511238762347,0.6,0.8,0.479
F3,RQ2 lstm/G (sfogd_cqr): adaptiv vs const,RQ2 lstm/G (sfogd_cqr): adaptiv vs const: A ist im Median über Länder um 3.0% des Referenz-Winklers schlechter (Panel-t[NW] = 2.19; 20% der Länder mit Vorteil A; 10% FDR-signifikant; Median-q = 0.618).,0.14859238346004866,0.38198562291226446,0.8,0.8,0.479
F1,Beste CP-Methode für xlstm/L: native,xlstm/L: `native` erreicht validity-gated den höchsten Median-Winkler-Skill vs. RW-native (0.094) bei mittlerer Coverage 0.817 (Ziel 0.80).,0.09388465206218188,0.5,0.5,1.0,0.478
F2,RQ1 xlstm (dtaci_cqr): G vs L,RQ1 xlstm (dtaci_cqr): G vs L: A ist im Median über Länder um 1.4% des Referenz-Winklers schlechter (Panel-t[NW] = 0.32; 50% der Länder mit Vorteil A; 23% FDR-signifikant; Median-q = 0.347).,0.0711406527006595,0.6532949559533071,0.5,0.8,0.477
F3,RQ2 lstm/G (pid_local_cqr): adaptiv vs const,RQ2 lstm/G (pid_local_cqr): adaptiv vs const: A ist im Median über Länder um 1.5% des Referenz-Winklers schlechter (Panel-t[NW] = 1.91; 30% der Länder mit Vorteil A; 3% FDR-signifikant; Median-q = 0.487).,0.0774071644690825,0.5129006464419613,0.7,0.8,0.477
F1,Beste CP-Methode für lgbm/L: native,lgbm/L: `native` erreicht validity-gated den höchsten Median-Winkler-Skill vs. RW-native (0.090) bei mittlerer Coverage 0.826 (Ziel 0.80).,0.09036243044682302,0.5,0.5,1.0,0.477
F3,RQ2 xlstm/L (pid_local_cqr): adaptiv vs const,RQ2 xlstm/L (pid_local_cqr): adaptiv vs const: A ist im Median über Länder um 1.9% des Referenz-Winklers besser (Panel-t[NW] = -0.58; 70% der Länder mit Vorteil A; 3% FDR-signifikant; Median-q = 0.505).,0.09403584416646543,0.4946457175657297,0.7,0.8,0.477
F3,RQ2 xlstm/G (agaci_cqr): adaptiv vs const,RQ2 xlstm/G (agaci_cqr): adaptiv vs const: A ist im Median über Länder um 1.7% des Referenz-Winklers besser (Panel-t[NW] = -0.82; 60% der Länder mit Vorteil A; 30% FDR-signifikant; Median-q = 0.434).,0.08744152079099794,0.5658449176394088,0.6,0.8,0.476
F2,RQ1 xlstm (agaci_cqr): G vs L,RQ1 xlstm (agaci_cqr): G vs L: A ist im Median über Länder um 0.6% des Referenz-Winklers schlechter (Panel-t[NW] = 0.39; 40% der Länder mit Vorteil A; 23% FDR-signifikant; Median-q = 0.380).,0.03167464461423486,0.6202028763730575,0.6,0.8,0.476
F2,RQ1 xlstm (spci_cqr): G vs L,RQ1 xlstm (spci_cqr): G vs L: A ist im Median über Länder um 2.9% des Referenz-Winklers schlechter (Panel-t[NW] = 0.22; 40% der Länder mit Vorteil A; 23% FDR-signifikant; Median-q = 0.492).,0.1426995410321002,0.5078867163485741,0.6,0.8,0.475
F3,RQ2 lstm/GF (mondrian_cqr): adaptiv vs const,RQ2 lstm/GF (mondrian_cqr): adaptiv vs const: A ist im Median über Länder um 3.8% des Referenz-Winklers schlechter (Panel-t[NW] = 1.35; 30% der Länder mit Vorteil A; 23% FDR-signifikant; Median-q = 0.609).,0.19241879608986015,0.39080189815284316,0.7,0.8,0.475
F3,RQ2 xlstm/GF (mondrian_cqr): adaptiv vs const,RQ2 xlstm/GF (mondrian_cqr): adaptiv vs const: A ist im Median über Länder um 4.0% des Referenz-Winklers besser (Panel-t[NW] = -1.22; 70% der Länder mit Vorteil A; 20% FDR-signifikant; Median-q = 0.617).,0.2021049968119507,0.38283695709898824,0.7,0.8,0.475
F2,RQ1 lstm (sfogd_cqr): G vs L,RQ1 lstm (sfogd_cqr): G vs L: A ist im Median über Länder um 1.7% des Referenz-Winklers schlechter (Panel-t[NW] = 0.80; 30% der Länder mit Vorteil A; 20% FDR-signifikant; Median-q = 0.502).,0.08359327093023004,0.4977635317012541,0.7,0.8,0.474
F3,RQ2 xlstm/GF (pid_tan_cqr): adaptiv vs const,RQ2 xlstm/GF (pid_tan_cqr): adaptiv vs const: A ist im Median über Länder um 2.5% des Referenz-Winklers besser (Panel-t[NW] = -0.97; 60% der Länder mit Vorteil A; 30% FDR-signifikant; Median-q = 0.476).,0.12336011192281233,0.5237472239172738,0.6,0.8,0.474
F2,RQ1 lstm (dtaci_cqr): GF vs G,RQ1 lstm (dtaci_cqr): GF vs G: A ist im Median über Länder um 0.4% des Referenz-Winklers schlechter (Panel-t[NW] = -0.78; 40% der Länder mit Vorteil A; 20% FDR-signifikant; Median-q = 0.375).,0.018216762823663992,0.6254693436388596,0.6,0.8,0.473
F2,RQ1 lstm (dtaci_cqr): GF vs G,RQ1 lstm (dtaci_cqr): GF vs G: A ist im Median über Länder um 0.2% des Referenz-Winklers schlechter (Panel-t[NW] = -0.39; 40% der Länder mit Vorteil A; 20% FDR-signifikant; Median-q = 0.375).,0.0120364182680598,0.6254693436388596,0.6,0.8,0.471
F2,RQ1 lstm (pid_local_cqr): GF vs G,RQ1 lstm (pid_local_cqr): GF vs G: A ist im Median über Länder um 1.5% des Referenz-Winklers schlechter (Panel-t[NW] = 2.26; 20% der Länder mit Vorteil A; 10% FDR-signifikant; Median-q = 0.571).,0.07543380526345068,0.4291309094317275,0.8,0.8,0.471
F3,RQ2 xlstm/G (mondrian_cqr): adaptiv vs const,RQ2 xlstm/G (mondrian_cqr): adaptiv vs const: A ist im Median über Länder um 0.5% des Referenz-Winklers besser (Panel-t[NW] = -0.69; 60% der Länder mit Vorteil A; 20% FDR-signifikant; Median-q = 0.389).,0.023120184744628215,0.6107421721862101,0.6,0.8,0.47
F3,RQ2 xlstm/L (pid_cqr): adaptiv vs const,RQ2 xlstm/L (pid_cqr): adaptiv vs const: A ist im Median über Länder um 1.3% des Referenz-Winklers besser (Panel-t[NW] = -0.62; 70% der Länder mit Vorteil A; 13% FDR-signifikant; Median-q = 0.496).,0.06283804615444055,0.5035526620094888,0.7,0.8,0.47
F2,RQ1 xlstm (pid_cqr): G vs L,RQ1 xlstm (pid_cqr): G vs L: A ist im Median über Länder um 0.9% des Referenz-Winklers besser (Panel-t[NW] = 0.04; 60% der Länder mit Vorteil A; 23% FDR-signifikant; Median-q = 0.413).,0.04581140286351573,0.5868785774329923,0.6,0.8,0.47
F2,RQ1 xlstm (mondrian_cqr): G vs L,RQ1 xlstm (mondrian_cqr): G vs L: A ist im Median über Länder um 2.8% des Referenz-Winklers besser (Panel-t[NW] = -1.02; 60% der Länder mit Vorteil A; 13% FDR-signifikant; Median-q = 0.504).,0.13880193366504154,0.4961698647190863,0.6,0.8,0.47
F2,RQ1 xlstm (pid_tan_cqr): GF vs G,RQ1 xlstm (pid_tan_cqr): GF vs G: A ist im Median über Länder um 0.9% des Referenz-Winklers besser (Panel-t[NW] = -1.07; 60% der Länder mit Vorteil A; 20% FDR-signifikant; Median-q = 0.413).,0.04479985563605227,0.5871353701578634,0.6,0.8,0.47
F2,RQ1 lstm (cqr_rolling): GF vs G,RQ1 lstm (cqr_rolling): GF vs G: A ist im Median über Länder um 0.2% des Referenz-Winklers schlechter (Panel-t[NW] = -0.89; 40% der Länder mit Vorteil A; 20% FDR-signifikant; Median-q = 0.380).,0.009119905127533037,0.6195383171411312,0.6,0.8,0.469
F3,RQ2 xlstm/L (mondrian_cqr): adaptiv vs const,RQ2 xlstm/L (mondrian_cqr): adaptiv vs const: A ist im Median über Länder um 1.3% des Referenz-Winklers besser (Panel-t[NW] = -1.37; 70% der Länder mit Vorteil A; 13% FDR-signifikant; Median-q = 0.499).,0.06364866124874953,0.501035449497322,0.7,0.8,0.469
F10,F10 arma vs arma_monthly (saocp_cqr),F10 arma vs arma_monthly (saocp_cqr): A ist im Median über Länder um 0.6% des Referenz-Winklers schlechter (Panel-t[NW] = 2.01; 50% der Länder mit Vorteil A; 30% FDR-signifikant; Median-q = 0.464).,0.028288040606646515,0.5359403477362186,0.5,1.0,0.469
F2,RQ1 lgbm (aci_cqr): G vs L,RQ1 lgbm (aci_cqr): G vs L: A ist im Median über Länder um 1.5% des Referenz-Winklers besser (Panel-t[NW] = -0.54; 70% der Länder mit Vorteil A; 10% FDR-signifikant; Median-q = 0.509).,0.07378496921129742,0.4908587898104019,0.7,0.8,0.469
F3,RQ2 lstm/GF (sfogd_cqr): adaptiv vs const,RQ2 lstm/GF (sfogd_cqr): adaptiv vs const: A ist im Median über Länder um 2.5% des Referenz-Winklers schlechter (Panel-t[NW] = 1.84; 30% der Länder mit Vorteil A; 13% FDR-signifikant; Median-q = 0.564).,0.12429284305229102,0.43586542866667,0.7,0.8,0.468
F2,RQ1 lstm (spci_cqr): G vs L,RQ1 lstm (spci_cqr): G vs L: A ist im Median über Länder um 2.1% des Referenz-Winklers schlechter (Panel-t[NW] = 0.40; 40% der Länder mit Vorteil A; 10% FDR-signifikant; Median-q = 0.477).,0.10261294307504149,0.5226207061536992,0.6,0.8,0.468
F2,RQ1 lstm (dtaci_cqr): G vs L,RQ1 lstm (dtaci_cqr): G vs L: A ist im Median über Länder um 3.3% des Referenz-Winklers schlechter (Panel-t[NW] = 1.32; 30% der Länder mit Vorteil A; 20% FDR-signifikant; Median-q = 0.608).,0.16507864363525587,0.3922127510750215,0.7,0.8,0.467
F2,RQ1 lstm (cqr_rolling): GF vs G,RQ1 lstm (cqr_rolling): GF vs G: A ist im Median über Länder um 0.0% des Referenz-Winklers besser (Panel-t[NW] = 0.03; 60% der Länder mit Vorteil A; 20% FDR-signifikant; Median-q = 0.380).,0.002281966872146376,0.6195383171411312,0.6,0.8,0.467
F2,RQ1 xlstm (pid_local_cqr): G vs L,RQ1 xlstm (pid_local_cqr): G vs L: A ist im Median über Länder um 1.0% des Referenz-Winklers schlechter (Panel-t[NW] = 0.31; 50% der Länder mit Vorteil A; 17% FDR-signifikant; Median-q = 0.363).,0.0495771562703921,0.6372310133164961,0.5,0.8,0.466
F3,RQ2 xlstm/L (agaci_cqr): adaptiv vs const,RQ2 xlstm/L (agaci_cqr): adaptiv vs const: A ist im Median über Länder um 2.4% des Referenz-Winklers besser (Panel-t[NW] = -0.69; 70% der Länder mit Vorteil A; 20% FDR-signifikant; Median-q = 0.566).,0.118758930572436,0.43414882438057567,0.7,0.8,0.466
F2,RQ1 lstm (agaci_cqr): GF vs G,RQ1 lstm (agaci_cqr): GF vs G: A ist im Median über Länder um 0.4% des Referenz-Winklers schlechter (Panel-t[NW] = -0.19; 40% der Länder mit Vorteil A; 13% FDR-signifikant; Median-q = 0.398).,0.0188068522039329,0.601547839880674,0.6,0.8,0.466
F3,RQ2 xlstm/G (sfogd_cqr): adaptiv vs const,RQ2 xlstm/G (sfogd_cqr): adaptiv vs const: A ist im Median über Länder um 3.1% des Referenz-Winklers schlechter (Panel-t[NW] = 0.23; 50% der Länder mit Vorteil A; 17% FDR-signifikant; Median-q = 0.475).,0.15650023824811615,0.5252630320805527,0.5,0.8,0.465
F3,RQ2 xlstm/G (pid_tan_cqr): adaptiv vs const,RQ2 xlstm/G (pid_tan_cqr): adaptiv vs const: A ist im Median über Länder um 0.3% des Referenz-Winklers besser (Panel-t[NW] = 0.33; 50% der Länder mit Vorteil A; 20% FDR-signifikant; Median-q = 0.329).,0.01403511719285959,0.670660549241993,0.5,0.8,0.465
F3,RQ2 lstm/GF (spci_cqr): adaptiv vs const,RQ2 lstm/GF (spci_cqr): adaptiv vs const: A ist im Median über Länder um 0.7% des Referenz-Winklers schlechter (Panel-t[NW] = 1.20; 50% der Länder mit Vorteil A; 23% FDR-signifikant; Median-q = 0.351).,0.033205743368388704,0.6494945355540058,0.5,0.8,0.465
F3,RQ2 lgbm/G (pid_tan_cqr): adaptiv vs const,RQ2 lgbm/G (pid_tan_cqr): adaptiv vs const: A ist im Median über Länder um 1.4% des Referenz-Winklers besser (Panel-t[NW] = -0.79; 60% der Länder mit Vorteil A; 30% FDR-signifikant; Median-q = 0.460).,0.07089076994505109,0.5401715224777426,0.6,0.8,0.463
F1,Beste CP-Methode für xlstm/GI: native,xlstm/GI: `native` erreicht validity-gated den höchsten Median-Winkler-Skill vs. RW-native (-0.042) bei mittlerer Coverage 0.846 (Ziel 0.80).,0.04226095017150089,0.5,0.5,1.0,0.463
F2,RQ1 xlstm (agaci_cqr): GF vs G,RQ1 xlstm (agaci_cqr): GF vs G: A ist im Median über Länder um 0.8% des Referenz-Winklers besser (Panel-t[NW] = -1.84; 70% der Länder mit Vorteil A; 27% FDR-signifikant; Median-q = 0.499).,0.0404627475949841,0.5012966003993687,0.7,0.8,0.463
F3,RQ2 xlstm/G (spci_cqr): adaptiv vs const,RQ2 xlstm/G (spci_cqr): adaptiv vs const: A ist im Median über Länder um 3.6% des Referenz-Winklers besser (Panel-t[NW] = -0.61; 60% der Länder mit Vorteil A; 17% FDR-signifikant; Median-q = 0.572).,0.1791931038658634,0.42846558830636683,0.6,0.8,0.462
F2,RQ1 lstm (mondrian_cqr): G vs L,RQ1 lstm (mondrian_cqr): G vs L: A ist im Median über Länder um 1.3% des Referenz-Winklers schlechter (Panel-t[NW] = -0.29; 50% der Länder mit Vorteil A; 13% FDR-signifikant; Median-q = 0.391).,0.0644412331623091,0.6085257810092224,0.5,0.8,0.462
F2,RQ1 lstm (spci_cqr): G vs L,RQ1 lstm (spci_cqr): G vs L: A ist im Median über Länder um 1.7% des Referenz-Winklers besser (Panel-t[NW] = 0.54; 60% der Länder mit Vorteil A; 10% FDR-signifikant; Median-q = 0.477).,0.0829459232905794,0.5226207061536992,0.6,0.8,0.462
F2,RQ1 xlstm (aci_cqr): G vs L,RQ1 xlstm (aci_cqr): G vs L: A ist im Median über Länder um 0.0% des Referenz-Winklers besser (Panel-t[NW] = 0.19; 50% der Länder mit Vorteil A; 27% FDR-signifikant; Median-q = 0.330).,0.0018445075807346691,0.6701634671130611,0.5,0.8,0.462
F2,RQ1 lgbm (dtaci_cqr): G vs L,RQ1 lgbm (dtaci_cqr): G vs L: A ist im Median über Länder um 1.6% des Referenz-Winklers besser (Panel-t[NW] = -0.55; 80% der Länder mit Vorteil A; 10% FDR-signifikant; Median-q = 0.611).,0.07819114092506353,0.38854139945563015,0.8,0.8,0.46
F2,RQ1 lstm (pid_cqr): G vs L,RQ1 lstm (pid_cqr): G vs L: A ist im Median über Länder um 3.4% des Referenz-Winklers schlechter (Panel-t[NW] = 1.33; 30% der Länder mit Vorteil A; 13% FDR-signifikant; Median-q = 0.633).,0.168068483893911,0.36692519443777694,0.7,0.8,0.46
F2,RQ1 lgbm (mondrian_cqr): G vs L,RQ1 lgbm (mondrian_cqr): G vs L: A ist im Median über Länder um 0.3% des Referenz-Winklers besser (Panel-t[NW] = -0.29; 60% der Länder mit Vorteil A; 10% FDR-signifikant; Median-q = 0.415).,0.012752222728371215,0.5849468324046756,0.6,0.8,0.459
F3,RQ2 lstm/G (spci_cqr): adaptiv vs const,RQ2 lstm/G (spci_cqr): adaptiv vs const: A ist im Median über Länder um 2.3% des Referenz-Winklers schlechter (Panel-t[NW] = 1.61; 30% der Länder mit Vorteil A; 27% FDR-signifikant; Median-q = 0.593).,0.11639800364325471,0.4073800078722666,0.7,0.8,0.457
F2,RQ1 lstm (aci_cqr): GF vs G,RQ1 lstm (aci_cqr): GF vs G: A ist im Median über Länder um 0.4% des Referenz-Winklers schlechter (Panel-t[NW] = 0.44; 40% der Länder mit Vorteil A; 17% FDR-signifikant; Median-q = 0.429).,0.01822574060575161,0.5708668341162639,0.6,0.8,0.457
F3,RQ2 lstm/L (pid_local_cqr): adaptiv vs const,RQ2 lstm/L (pid_local_cqr): adaptiv vs const: A ist im Median über Länder um 0.5% des Referenz-Winklers besser (Panel-t[NW] = -0.99; 60% der Länder mit Vorteil A; 17% FDR-signifikant; Median-q = 0.444).,0.027193359907874796,0.5563539062624974,0.6,0.8,0.455
F2,RQ1 lstm (aci_cqr): GF vs G,RQ1 lstm (aci_cqr): GF vs G: A ist im Median über Länder um 0.3% des Referenz-Winklers besser (Panel-t[NW] = -0.46; 60% der Länder mit Vorteil A; 17% FDR-signifikant; Median-q = 0.429).,0.012705870332805406,0.5708668341162639,0.6,0.8,0.455
F2,RQ1 xlstm (sfogd_cqr): G vs L,RQ1 xlstm (sfogd_cqr): G vs L: A ist im Median über Länder um 1.3% des Referenz-Winklers besser (Panel-t[NW] = 0.10; 60% der Länder mit Vorteil A; 10% FDR-signifikant; Median-q = 0.487).,0.06533532595406666,0.5132582648164632,0.6,0.8,0.454
F3,RQ2 xlstm/GF (agaci_cqr): adaptiv vs const,RQ2 xlstm/GF (agaci_cqr): adaptiv vs const: A ist im Median über Länder um 0.3% des Referenz-Winklers schlechter (Panel-t[NW] = -0.77; 50% der Länder mit Vorteil A; 30% FDR-signifikant; Median-q = 0.370).,0.013872869802224923,0.6296376980039416,0.5,0.8,0.453
F3,RQ2 xlstm/L (sfogd_cqr): adaptiv vs const,RQ2 xlstm/L (sfogd_cqr): adaptiv vs const: A ist im Median über Länder um 3.3% des Referenz-Winklers schlechter (Panel-t[NW] = 1.73; 30% der Länder mit Vorteil A; 17% FDR-signifikant; Median-q = 0.655).,0.16355780693653368,0.3452276990234431,0.7,0.8,0.453
F2,RQ1 lstm (aci_cqr): GF vs G,RQ1 lstm (aci_cqr): GF vs G: A ist im Median über Länder um 0.1% des Referenz-Winklers schlechter (Panel-t[NW] = -1.61; 40% der Länder mit Vorteil A; 17% FDR-signifikant; Median-q = 0.429).,0.007006743034336997,0.5708668341162639,0.6,0.8,0.453
F3,RQ2 lstm/L (pid_cqr): adaptiv vs const,RQ2 lstm/L (pid_cqr): adaptiv vs const: A ist im Median über Länder um 1.0% des Referenz-Winklers besser (Panel-t[NW] = -0.50; 60% der Länder mit Vorteil A; 3% FDR-signifikant; Median-q = 0.482).,0.05000404484638219,0.5184539160349815,0.6,0.8,0.451
F2,RQ1 xlstm (sfogd_cqr): GF vs G,RQ1 xlstm (sfogd_cqr): GF vs G: A ist im Median über Länder um 2.1% des Referenz-Winklers besser (Panel-t[NW] = -2.76; 70% der Länder mit Vorteil A; 7% FDR-signifikant; Median-q = 0.602).,0.10570368028010099,0.39774605078593095,0.7,0.8,0.451
F5,Fehlkalibrierung: xlstm/GI/agaci_cqr,xlstm/GI/agaci_cqr: Coverage-Validität in 40% der Länder FDR-verworfen; mittlere Coverage 0.799 (Unterdeckung um 0.1pp).,0.007874015748031704,0.9,0.4,0.4881889763779531,0.45
F10,F10 arma vs arma_monthly (dtaci_cqr),F10 arma vs arma_monthly (dtaci_cqr): A ist im Median über Länder um 0.3% des Referenz-Winklers schlechter (Panel-t[NW] = 0.59; 50% der Länder mit Vorteil A; 0% FDR-signifikant; Median-q = 0.517).,0.014003788253794145,0.4831120459302487,0.5,1.0,0.449
F3,RQ2 xlstm/L (mondrian_cqr): adaptiv vs const,RQ2 xlstm/L (mondrian_cqr): adaptiv vs const: A ist im Median über Länder um 1.2% des Referenz-Winklers schlechter (Panel-t[NW] = 0.82; 40% der Länder mit Vorteil A; 13% FDR-signifikant; Median-q = 0.499).,0.06138758346295384,0.501035449497322,0.6,0.8,0.449
F3,RQ2 lstm/L (sfogd_cqr): adaptiv vs const,RQ2 lstm/L (sfogd_cqr): adaptiv vs const: A ist im Median über Länder um 1.1% des Referenz-Winklers besser (Panel-t[NW] = -1.04; 70% der Länder mit Vorteil A; 23% FDR-signifikant; Median-q = 0.563).,0.05665219852193821,0.4373046347590974,0.7,0.8,0.448
F2,RQ1 lstm (cqr_rolling): GF vs G,RQ1 lstm (cqr_rolling): GF vs G: A ist im Median über Länder um 0.1% des Referenz-Winklers schlechter (Panel-t[NW] = -0.00; 50% der Länder mit Vorteil A; 20% FDR-signifikant; Median-q = 0.380).,0.00707870485499522,0.6195383171411312,0.5,0.8,0.448
F3,RQ2 lstm/L (dtaci_cqr): adaptiv vs const,RQ2 lstm/L (dtaci_cqr): adaptiv vs const: A ist im Median über Länder um 0.7% des Referenz-Winklers schlechter (Panel-t[NW] = 0.49; 40% der Länder mit Vorteil A; 17% FDR-signifikant; Median-q = 0.477).,0.03367992639168493,0.5230129580623046,0.6,0.8,0.447
F2,RQ1 lstm (saocp_cqr): GF vs G,RQ1 lstm (saocp_cqr): GF vs G: A ist im Median über Länder um 0.1% des Referenz-Winklers besser (Panel-t[NW] = 0.44; 60% der Länder mit Vorteil A; 27% FDR-signifikant; Median-q = 0.450).,0.00638830312386782,0.5496741301840491,0.6,0.8,0.447
F3,RQ2 lstm/L (cqr_rolling): adaptiv vs const,RQ2 lstm/L (cqr_rolling): adaptiv vs const: A ist im Median über Länder um 2.0% des Referenz-Winklers schlechter (Panel-t[NW] = 1.09; 40% der Länder mit Vorteil A; 10% FDR-signifikant; Median-q = 0.545).,0.09979983558215988,0.4551200146574732,0.6,0.8,0.446
F3,RQ2 lstm/GF (pid_local_cqr): adaptiv vs const,RQ2 lstm/GF (pid_local_cqr): adaptiv vs const: A ist im Median über Länder um 1.2% des Referenz-Winklers schlechter (Panel-t[NW] = 1.61; 30% der Länder mit Vorteil A; 17% FDR-signifikant; Median-q = 0.576).,0.061489771044729434,0.424344813866783,0.7,0.8,0.446
F3,RQ2 xlstm/G (decay_ocp_cqr): adaptiv vs const,RQ2 xlstm/G (decay_ocp_cqr): adaptiv vs const: A ist im Median über Länder um 0.8% des Referenz-Winklers besser (Panel-t[NW] = 0.06; 50% der Länder mit Vorteil A; 30% FDR-signifikant; Median-q = 0.424).,0.040731115267500895,0.5761032033633375,0.5,0.8,0.445
F2,RQ1 xlstm (mondrian_cqr): G vs L,RQ1 xlstm (mondrian_cqr): G vs L: A ist im Median über Länder um 2.4% des Referenz-Winklers besser (Panel-t[NW] = -0.67; 50% der Länder mit Vorteil A; 13% FDR-signifikant; Median-q = 0.504).,0.12014876814861673,0.4961698647190863,0.5,0.8,0.445
F3,RQ2 xlstm/L (sfogd_cqr): adaptiv vs const,RQ2 xlstm/L (sfogd_cqr): adaptiv vs const: A ist im Median über Länder um 2.7% des Referenz-Winklers schlechter (Panel-t[NW] = 1.03; 30% der Länder mit Vorteil A; 17% FDR-signifikant; Median-q = 0.655).,0.13344448823258728,0.3452276990234431,0.7,0.8,0.444
F2,RQ1 lstm (agaci_cqr): G vs L,RQ1 lstm (agaci_cqr): G vs L: A ist im Median über Länder um 3.2% des Referenz-Winklers schlechter (Panel-t[NW] = 0.88; 30% der Länder mit Vorteil A; 17% FDR-signifikant; Median-q = 0.678).,0.15782102466742123,0.3219404731327882,0.7,0.8,0.444
F2,RQ1 lstm (sfogd_cqr): GF vs G,RQ1 lstm (sfogd_cqr): GF vs G: A ist im Median über Länder um 0.7% des Referenz-Winklers besser (Panel-t[NW] = -1.20; 80% der Länder mit Vorteil A; 3% FDR-signifikant; Median-q = 0.619).,0.032505456465479095,0.38111952022185536,0.8,0.8,0.444
F2,RQ1 lstm (agaci_cqr): GF vs G,RQ1 lstm (agaci_cqr): GF vs G: A ist im Median über Länder um 0.1% des Referenz-Winklers besser (Panel-t[NW] = -0.60; 50% der Länder mit Vorteil A; 13% FDR-signifikant; Median-q = 0.398).,0.006878413513643341,0.601547839880674,0.5,0.8,0.443
F2,RQ1 xlstm (pid_cqr): G vs L,RQ1 xlstm (pid_cqr): G vs L: A ist im Median über Länder um 0.4% des Referenz-Winklers besser (Panel-t[NW] = -0.50; 50% der Länder mit Vorteil A; 23% FDR-signifikant; Median-q = 0.413).,0.01970433514642534,0.5868785774329923,0.5,0.8,0.442
F9,Seed-Fragilität: lstm/G/dtaci_cqr,Seed-Spannweite des Skills (0.043) übersteigt den Effekt — Rangaussage wird nach §F4.4 NICHT getroffen.,0.5,0.5,0.5,0.2,0.44
F1,Beste CP-Methode für xlstm_const/GF: dtaci_cqr,xlstm_const/GF: `dtaci_cqr` erreicht validity-gated den höchsten Median-Winkler-Skill vs. RW-native (0.044) bei mittlerer Coverage 0.820 (Ziel 0.80).,0.043711420820689906,0.91928883839122,0.7,0.05511811023621993,0.44
F9,Seed-Fragilität: lstm/G/aci_cqr,Seed-Spannweite des Skills (0.041) übersteigt den Effekt — Rangaussage wird nach §F4.4 NICHT getroffen.,0.5,0.5,0.5,0.2,0.44
F9,Seed-Fragilität: lstm/G/cqr_rolling,Seed-Spannweite des Skills (0.048) übersteigt den Effekt — Rangaussage wird nach §F4.4 NICHT getroffen.,0.5,0.5,0.5,0.2,0.44
F3,RQ2 xlstm/L (pid_tan_cqr): adaptiv vs const,RQ2 xlstm/L (pid_tan_cqr): adaptiv vs const: A ist im Median über Länder um 1.3% des Referenz-Winklers besser (Panel-t[NW] = -1.20; 50% der Länder mit Vorteil A; 23% FDR-signifikant; Median-q = 0.469).,0.06570787995270386,0.5311428326820891,0.5,0.8,0.439
F3,RQ2 lgbm/L (mondrian_cqr): adaptiv vs const,RQ2 lgbm/L (mondrian_cqr): adaptiv vs const: A ist im Median über Länder um 0.8% des Referenz-Winklers besser (Panel-t[NW] = -1.46; 50% der Länder mit Vorteil A; 10% FDR-signifikant; Median-q = 0.447).,0.04097531976823471,0.5530090612063002,0.5,0.8,0.438
F3,RQ2 xlstm/L (saocp_cqr): adaptiv vs const,RQ2 xlstm/L (saocp_cqr): adaptiv vs const: A ist im Median über Länder um 1.6% des Referenz-Winklers besser (Panel-t[NW] = -0.69; 60% der Länder mit Vorteil A; 20% FDR-signifikant; Median-q = 0.556).,0.08117015055393662,0.44421708211391864,0.6,0.8,0.438
F3,RQ2 xlstm/G (decay_ocp_cqr): adaptiv vs const,RQ2 xlstm/G (decay_ocp_cqr): adaptiv vs const: A ist im Median über Länder um 0.3% des Referenz-Winklers besser (Panel-t[NW] = 1.40; 50% der Länder mit Vorteil A; 30% FDR-signifikant; Median-q = 0.424).,0.014879687764171114,0.5761032033633375,0.5,0.8,0.437
F3,RQ2 xlstm/GF (sfogd_cqr): adaptiv vs const,RQ2 xlstm/GF (sfogd_cqr): adaptiv vs const: A ist im Median über Länder um 1.1% des Referenz-Winklers besser (Panel-t[NW] = -1.70; 50% der Länder mit Vorteil A; 17% FDR-signifikant; Median-q = 0.467).,0.0530106663564343,0.5325047849575357,0.5,0.8,0.436
F3,RQ2 lstm/L (agaci_cqr): adaptiv vs const,RQ2 lstm/L (agaci_cqr): adaptiv vs const: A ist im Median über Länder um 2.1% des Referenz-Winklers schlechter (Panel-t[NW] = 1.25; 40% der Länder mit Vorteil A; 17% FDR-signifikant; Median-q = 0.584).,0.10391566614127448,0.41588779488893024,0.6,0.8,0.436
F1,Beste CP-Methode für rw/L: aci_cqr,rw/L: `aci_cqr` erreicht validity-gated den höchsten Median-Winkler-Skill vs. RW-native (0.085) bei mittlerer Coverage 0.812 (Ziel 0.80).,0.08520442383055238,0.8973812959156352,0.7,0.0,0.435
F3,RQ2 xlstm/L (spci_cqr): adaptiv vs const,RQ2 xlstm/L (spci_cqr): adaptiv vs const: A ist im Median über Länder um 2.1% des Referenz-Winklers schlechter (Panel-t[NW] = 2.62; 10% der Länder mit Vorteil A; 20% FDR-signifikant; Median-q = 0.791).,0.10458378175607311,0.2087298532257611,0.9,0.8,0.434
F3,RQ2 lstm/GF (mondrian_cqr): adaptiv vs const,RQ2 lstm/GF (mondrian_cqr): adaptiv vs const: A ist im Median über Länder um 1.1% des Referenz-Winklers schlechter (Panel-t[NW] = 1.08; 30% der Länder mit Vorteil A; 23% FDR-signifikant; Median-q = 0.609).,0.0556533423721162,0.39080189815284316,0.7,0.8,0.434
F2,RQ1 lstm (saocp_cqr): GF vs G,RQ1 lstm (saocp_cqr): GF vs G: A ist im Median über Länder um 0.5% des Referenz-Winklers besser (Panel-t[NW] = -2.46; 50% der Länder mit Vorteil A; 27% FDR-signifikant; Median-q = 0.450).,0.02701131661245161,0.5496741301840491,0.5,0.8,0.433
F2,RQ1 xlstm (pid_cqr): GF vs G,RQ1 xlstm (pid_cqr): GF vs G: A ist im Median über Länder um 1.0% des Referenz-Winklers besser (Panel-t[NW] = -1.43; 70% der Länder mit Vorteil A; 10% FDR-signifikant; Median-q = 0.604).,0.048183353685464586,0.3964133050887244,0.7,0.8,0.433
F2,RQ1 xlstm (pid_local_cqr): GF vs G,RQ1 xlstm (pid_local_cqr): GF vs G: A ist im Median über Länder um 0.8% des Referenz-Winklers besser (Panel-t[NW] = -2.01; 60% der Länder mit Vorteil A; 17% FDR-signifikant; Median-q = 0.531).,0.04075129066111432,0.4686231644813077,0.6,0.8,0.433
F3,RQ2 lstm/L (sfogd_cqr): adaptiv vs const,RQ2 lstm/L (sfogd_cqr): adaptiv vs const: A ist im Median über Länder um 1.4% des Referenz-Winklers schlechter (Panel-t[NW] = 0.50; 40% der Länder mit Vorteil A; 23% FDR-signifikant; Median-q = 0.563).,0.06837557380135323,0.4373046347590974,0.6,0.8,0.432
F10,F10 arma vs arma_monthly (pid_tan_cqr),F10 arma vs arma_monthly (pid_tan_cqr): A ist im Median über Länder um 0.2% des Referenz-Winklers schlechter (Panel-t[NW] = -1.06; 40% der Länder mit Vorteil A; 20% FDR-signifikant; Median-q = 0.640).,0.011626868211182103,0.36044273640719915,0.6,1.0,0.432
F2,RQ1 lstm (aci_cqr): G vs L,RQ1 lstm (aci_cqr): G vs L: A ist im Median über Länder um 3.6% des Referenz-Winklers schlechter (Panel-t[NW] = 1.19; 40% der Länder mit Vorteil A; 20% FDR-signifikant; Median-q = 0.677).,0.1799376671246426,0.3230531380500108,0.6,0.8,0.431
F3,RQ2 xlstm/G (spci_cqr): adaptiv vs const,RQ2 xlstm/G (spci_cqr): adaptiv vs const: A ist im Median über Länder um 1.4% des Referenz-Winklers besser (Panel-t[NW] = -0.46; 60% der Länder mit Vorteil A; 17% FDR-signifikant; Median-q = 0.572).,0.06886642613120408,0.42846558830636683,0.6,0.8,0.429
F3,RQ2 lstm/L (pid_local_cqr): adaptiv vs const,RQ2 lstm/L (pid_local_cqr): adaptiv vs const: A ist im Median über Länder um 0.1% des Referenz-Winklers besser (Panel-t[NW] = -0.84; 50% der Länder mit Vorteil A; 17% FDR-signifikant; Median-q = 0.444).,0.006846312346105617,0.5563539062624974,0.5,0.8,0.429
F2,RQ1 lstm (pid_cqr): G vs L,RQ1 lstm (pid_cqr): G vs L: A ist im Median über Länder um 1.3% des Referenz-Winklers besser (Panel-t[NW] = -0.57; 70% der Länder mit Vorteil A; 13% FDR-signifikant; Median-q = 0.633).,0.06429544351592754,0.36692519443777694,0.7,0.8,0.429
F3,RQ2 lstm/L (pid_cqr): adaptiv vs const,RQ2 lstm/L (pid_cqr): adaptiv vs const: A ist im Median über Länder um 0.8% des Referenz-Winklers besser (Panel-t[NW] = -0.57; 50% der Länder mit Vorteil A; 3% FDR-signifikant; Median-q = 0.482).,0.04138760189856746,0.5184539160349815,0.5,0.8,0.428
F1,Beste CP-Methode für lstm_const/L: aci_cqr,lstm_const/L: `aci_cqr` erreicht validity-gated den höchsten Median-Winkler-Skill vs. RW-native (0.090) bei mittlerer Coverage 0.809 (Ziel 0.80).,0.08979962986408613,0.9330122000718433,0.6,0.0,0.427
F3,RQ2 lstm/L (sfogd_cqr): adaptiv vs const,RQ2 lstm/L (sfogd_cqr): adaptiv vs const: A ist im Median über Länder um 1.0% des Referenz-Winklers schlechter (Panel-t[NW] = -0.19; 40% der Länder mit Vorteil A; 23% FDR-signifikant; Median-q = 0.563).,0.052103854395182225,0.4373046347590974,0.6,0.8,0.427
F3,RQ2 lgbm/L (aci_cqr): adaptiv vs const,RQ2 lgbm/L (aci_cqr): adaptiv vs const: A ist im Median über Länder um 2.1% des Referenz-Winklers besser (Panel-t[NW] = -1.11; 70% der Länder mit Vorteil A; 10% FDR-signifikant; Median-q = 0.680).,0.10384249332421096,0.3198831556516679,0.7,0.8,0.427
F3,RQ2 xlstm/GF (mondrian_cqr): adaptiv vs const,RQ2 xlstm/GF (mondrian_cqr): adaptiv vs const: A ist im Median über Länder um 0.7% des Referenz-Winklers besser (Panel-t[NW] = 0.26; 70% der Länder mit Vorteil A; 20% FDR-signifikant; Median-q = 0.617).,0.03626081702355198,0.38283695709898824,0.7,0.8,0.426
F2,RQ1 lstm (pid_local_cqr): G vs L,RQ1 lstm (pid_local_cqr): G vs L: A ist im Median über Länder um 1.2% des Referenz-Winklers besser (Panel-t[NW] = -0.56; 70% der Länder mit Vorteil A; 7% FDR-signifikant; Median-q = 0.639).,0.057869462188506644,0.361425203920819,0.7,0.8,0.426
F3,RQ2 xlstm/G (pid_local_cqr): adaptiv vs const,RQ2 xlstm/G (pid_local_cqr): adaptiv vs const: A ist im Median über Länder um 0.5% des Referenz-Winklers besser (Panel-t[NW] = -1.48; 50% der Länder mit Vorteil A; 20% FDR-signifikant; Median-q = 0.474).,0.026760273595185034,0.5258060715776481,0.5,0.8,0.426
F3,RQ2 xlstm/G (sfogd_cqr): adaptiv vs const,RQ2 xlstm/G (sfogd_cqr): adaptiv vs const: A ist im Median über Länder um 0.5% des Referenz-Winklers besser (Panel-t[NW] = -1.28; 50% der Länder mit Vorteil A; 17% FDR-signifikant; Median-q = 0.475).,0.026480554103855292,0.5252630320805527,0.5,0.8,0.426
F3,RQ2 xlstm/GF (spci_cqr): adaptiv vs const,RQ2 xlstm/GF (spci_cqr): adaptiv vs const: A ist im Median über Länder um 0.2% des Referenz-Winklers besser (Panel-t[NW] = -0.27; 60% der Länder mit Vorteil A; 17% FDR-signifikant; Median-q = 0.525).,0.009434998021444378,0.4749511238762347,0.6,0.8,0.425
F5,Fehlkalibrierung: xlstm/GI/aci_cqr,xlstm/GI/aci_cqr: Coverage-Validität in 50% der Länder FDR-verworfen; mittlere Coverage 0.798 (Unterdeckung um 0.2pp).,0.023622047244095112,0.9,0.5,0.23228346456692917,0.424
F3,RQ2 lgbm/G (sfogd_cqr): adaptiv vs const,RQ2 lgbm/G (sfogd_cqr): adaptiv vs const: A ist im Median über Länder um 0.3% des Referenz-Winklers besser (Panel-t[NW] = -0.03; 50% der Länder mit Vorteil A; 10% FDR-signifikant; Median-q = 0.468).,0.014394163352313805,0.5318243006700986,0.5,0.8,0.424
F2,RQ1 lstm (cqr_rolling): G vs L,RQ1 lstm (cqr_rolling): G vs L: A ist im Median über Länder um 1.3% des Referenz-Winklers schlechter (Panel-t[NW] = 0.13; 40% der Länder mit Vorteil A; 23% FDR-signifikant; Median-q = 0.586).,0.06639178567306926,0.4138690252283469,0.6,0.8,0.424
F3,RQ2 lgbm/G (pid_cqr): adaptiv vs const,RQ2 lgbm/G (pid_cqr): adaptiv vs const: A ist im Median über Länder um 0.9% des Referenz-Winklers besser (Panel-t[NW] = -0.19; 60% der Länder mit Vorteil A; 20% FDR-signifikant; Median-q = 0.570).,0.04501732780180444,0.43046764493134126,0.6,0.8,0.423
F10,F10 arma vs arma_monthly (agaci_cqr),F10 arma vs arma_monthly (agaci_cqr): A ist im Median über Länder um 0.0% des Referenz-Winklers schlechter (Panel-t[NW] = 0.31; 50% der Länder mit Vorteil A; 0% FDR-signifikant; Median-q = 0.594).,0.0023161948779144856,0.40563444124743175,0.5,1.0,0.422
F2,RQ1 xlstm (pid_local_cqr): GF vs G,RQ1 xlstm (pid_local_cqr): GF vs G: A ist im Median über Länder um 0.1% des Referenz-Winklers schlechter (Panel-t[NW] = -1.82; 40% der Länder mit Vorteil A; 17% FDR-signifikant; Median-q = 0.531).,0.004281763555703568,0.4686231644813077,0.6,0.8,0.422
F3,RQ2 lgbm/G (cqr_rolling): adaptiv vs const,RQ2 lgbm/G (cqr_rolling): adaptiv vs const: A ist im Median über Länder um 0.9% des Referenz-Winklers besser (Panel-t[NW] = -0.68; 60% der Länder mit Vorteil A; 10% FDR-signifikant; Median-q = 0.572).,0.04541762519425617,0.42801761493820156,0.6,0.8,0.422
F2,RQ1 lgbm (cqr_rolling): G vs L,RQ1 lgbm (cqr_rolling): G vs L: A ist im Median über Länder um 1.5% des Referenz-Winklers besser (Panel-t[NW] = -0.44; 80% der Länder mit Vorteil A; 10% FDR-signifikant; Median-q = 0.736).,0.07298875951616055,0.26390249362235085,0.8,0.8,0.421
F3,RQ2 xlstm/GF (pid_tan_cqr): adaptiv vs const,RQ2 xlstm/GF (pid_tan_cqr): adaptiv vs const: A ist im Median über Länder um 0.1% des Referenz-Winklers besser (Panel-t[NW] = 0.52; 50% der Länder mit Vorteil A; 30% FDR-signifikant; Median-q = 0.476).,0.004672548520145477,0.5237472239172738,0.5,0.8,0.419
F2,RQ1 xlstm (spci_cqr): G vs L,RQ1 xlstm (spci_cqr): G vs L: A ist im Median über Länder um 0.4% des Referenz-Winklers besser (Panel-t[NW] = 1.46; 50% der Länder mit Vorteil A; 23% FDR-signifikant; Median-q = 0.492).,0.0214069945843867,0.5078867163485741,0.5,0.8,0.419
F3,RQ2 xlstm/L (sfogd_cqr): adaptiv vs const,RQ2 xlstm/L (sfogd_cqr): adaptiv vs const: A ist im Median über Länder um 2.3% des Referenz-Winklers besser (Panel-t[NW] = -0.66; 60% der Länder mit Vorteil A; 17% FDR-signifikant; Median-q = 0.655).,0.11444338658482517,0.3452276990234431,0.6,0.8,0.418
F2,RQ1 lstm (spci_cqr): GF vs GI,RQ1 lstm (spci_cqr): GF vs GI: A ist im Median über Länder um 0.1% des Referenz-Winklers besser (Panel-t[NW] = -0.06; 60% der Länder mit Vorteil A; 17% FDR-signifikant; Median-q = 0.547).,0.007093458407811785,0.45348981394866605,0.6,0.8,0.418
F3,RQ2 lstm/L (agaci_cqr): adaptiv vs const,RQ2 lstm/L (agaci_cqr): adaptiv vs const: A ist im Median über Länder um 0.9% des Referenz-Winklers schlechter (Panel-t[NW] = 0.73; 40% der Länder mit Vorteil A; 17% FDR-signifikant; Median-q = 0.584).,0.04284563231643438,0.41588779488893024,0.6,0.8,0.418
F3,RQ2 xlstm/L (saocp_cqr): adaptiv vs const,RQ2 xlstm/L (saocp_cqr): adaptiv vs const: A ist im Median über Länder um 0.3% des Referenz-Winklers besser (Panel-t[NW] = -0.53; 60% der Länder mit Vorteil A; 20% FDR-signifikant; Median-q = 0.556).,0.015004953379406697,0.44421708211391864,0.6,0.8,0.418
F2,RQ1 xlstm (sfogd_cqr): G vs L,RQ1 xlstm (sfogd_cqr): G vs L: A ist im Median über Länder um 0.3% des Referenz-Winklers schlechter (Panel-t[NW] = 0.82; 50% der Länder mit Vorteil A; 10% FDR-signifikant; Median-q = 0.487).,0.013934587901021558,0.5132582648164632,0.5,0.8,0.418
F2,RQ1 lstm (pid_local_cqr): GF vs G,RQ1 lstm (pid_local_cqr): GF vs G: A ist im Median über Länder um 0.6% des Referenz-Winklers schlechter (Panel-t[NW] = 0.57; 40% der Länder mit Vorteil A; 10% FDR-signifikant; Median-q = 0.571).,0.0284081466148945,0.4291309094317275,0.6,0.8,0.417
F2,RQ1 xlstm (sfogd_cqr): GF vs G,RQ1 xlstm (sfogd_cqr): GF vs G: A ist im Median über Länder um 1.1% des Referenz-Winklers besser (Panel-t[NW] = -1.33; 60% der Länder mit Vorteil A; 7% FDR-signifikant; Median-q = 0.602).,0.05652647831246664,0.39774605078593095,0.6,0.8,0.416
F2,RQ1 lstm (pid_tan_cqr): G vs L,RQ1 lstm (pid_tan_cqr): G vs L: A ist im Median über Länder um 0.8% des Referenz-Winklers besser (Panel-t[NW] = -0.36; 50% der Länder mit Vorteil A; 20% FDR-signifikant; Median-q = 0.518).,0.03795309760437032,0.4820258020010296,0.5,0.8,0.416
F3,RQ2 lgbm/G (dtaci_cqr): adaptiv vs const,RQ2 lgbm/G (dtaci_cqr): adaptiv vs const: A ist im Median über Länder um 1.2% des Referenz-Winklers schlechter (Panel-t[NW] = -0.31; 40% der Länder mit Vorteil A; 10% FDR-signifikant; Median-q = 0.608).,0.058817139729705974,0.3918398062337638,0.6,0.8,0.415
F1,Beste CP-Methode für xlstm_const/L: spci_cqr,xlstm_const/L: `spci_cqr` erreicht validity-gated den höchsten Median-Winkler-Skill vs. RW-native (0.072) bei mittlerer Coverage 0.756 (Ziel 0.80).,0.07170058095835191,0.9024428336189538,0.6,0.0,0.412
F2,RQ1 lstm (sfogd_cqr): G vs L,RQ1 lstm (sfogd_cqr): G vs L: A ist im Median über Länder um 0.1% des Referenz-Winklers besser (Panel-t[NW] = -0.18; 50% der Länder mit Vorteil A; 20% FDR-signifikant; Median-q = 0.502).,0.00459988237625688,0.4977635317012541,0.5,0.8,0.411
F2,RQ1 lgbm (agaci_cqr): G vs L,RQ1 lgbm (agaci_cqr): G vs L: A ist im Median über Länder um 1.0% des Referenz-Winklers besser (Panel-t[NW] = -0.31; 70% der Länder mit Vorteil A; 10% FDR-signifikant; Median-q = 0.686).,0.05094856395334675,0.31406559254428656,0.7,0.8,0.41
F3,RQ2 lstm/L (aci_cqr): adaptiv vs const,RQ2 lstm/L (aci_cqr): adaptiv vs const: A ist im Median über Länder um 0.9% des Referenz-Winklers schlechter (Panel-t[NW] = 1.01; 40% der Länder mit Vorteil A; 13% FDR-signifikant; Median-q = 0.609).,0.043096778501790216,0.39135323422590995,0.6,0.8,0.41
F3,RQ2 lstm/G (sfogd_cqr): adaptiv vs const,RQ2 lstm/G (sfogd_cqr): adaptiv vs const: A ist im Median über Länder um 1.0% des Referenz-Winklers schlechter (Panel-t[NW] = 1.71; 40% der Länder mit Vorteil A; 10% FDR-signifikant; Median-q = 0.618).,0.04941843475304955,0.38198562291226446,0.6,0.8,0.409
F3,RQ2 lstm/L (mondrian_cqr): adaptiv vs const,RQ2 lstm/L (mondrian_cqr): adaptiv vs const: A ist im Median über Länder um 0.4% des Referenz-Winklers besser (Panel-t[NW] = -0.58; 50% der Länder mit Vorteil A; 13% FDR-signifikant; Median-q = 0.522).,0.01905664179118421,0.477669463907616,0.5,0.8,0.409
F2,RQ1 lstm (sfogd_cqr): GF vs G,RQ1 lstm (sfogd_cqr): GF vs G: A ist im Median über Länder um 0.9% des Referenz-Winklers schlechter (Panel-t[NW] = 1.22; 40% der Länder mit Vorteil A; 3% FDR-signifikant; Median-q = 0.619).,0.04582521644541504,0.38111952022185536,0.6,0.8,0.408
F2,RQ1 lstm (sfogd_cqr): GF vs G,RQ1 lstm (sfogd_cqr): GF vs G: A ist im Median über Länder um 0.9% des Referenz-Winklers besser (Panel-t[NW] = -1.34; 60% der Länder mit Vorteil A; 3% FDR-signifikant; Median-q = 0.619).,0.04315712588703862,0.38111952022185536,0.6,0.8,0.407
F3,RQ2 lstm/L (spci_cqr): adaptiv vs const,RQ2 lstm/L (spci_cqr): adaptiv vs const: A ist im Median über Länder um 1.6% des Referenz-Winklers schlechter (Panel-t[NW] = 0.51; 30% der Länder mit Vorteil A; 7% FDR-signifikant; Median-q = 0.731).,0.08097009773041153,0.26876217673549985,0.7,0.8,0.405
F2,RQ1 xlstm (pid_cqr): GF vs G,RQ1 xlstm (pid_cqr): GF vs G: A ist im Median über Länder um 0.4% des Referenz-Winklers besser (Panel-t[NW] = -1.44; 60% der Länder mit Vorteil A; 10% FDR-signifikant; Median-q = 0.604).,0.021043651201753773,0.3964133050887244,0.6,0.8,0.405
F2,RQ1 lstm (dtaci_cqr): G vs L,RQ1 lstm (dtaci_cqr): G vs L: A ist im Median über Länder um 0.5% des Referenz-Winklers schlechter (Panel-t[NW] = 0.92; 40% der Länder mit Vorteil A; 20% FDR-signifikant; Median-q = 0.608).,0.02366350579509538,0.3922127510750215,0.6,0.8,0.405
F5,Fehlkalibrierung: xlstm/GI/cqr_rolling,xlstm/GI/cqr_rolling: Coverage-Validität in 40% der Länder FDR-verworfen; mittlere Coverage 0.818 (Überdeckung um 1.8pp).,0.18110236220472364,0.9,0.4,0.0,0.404
F1,Beste CP-Methode für lgbm/GI: cqr_rolling,lgbm/GI: `cqr_rolling` erreicht validity-gated den höchsten Median-Winkler-Skill vs. RW-native (0.091) bei mittlerer Coverage 0.812 (Ziel 0.80).,0.09057471474737866,0.8353229037792741,0.4,0.23228346456692972,0.404
F2,RQ1 lstm (pid_cqr): GF vs G,RQ1 lstm (pid_cqr): GF vs G: A ist im Median über Länder um 0.1% des Referenz-Winklers schlechter (Panel-t[NW] = 1.70; 20% der Länder mit Vorteil A; 3% FDR-signifikant; Median-q = 0.735).,0.007145333483349239,0.26476932130975595,0.8,0.8,0.402
F3,RQ2 lgbm/G (spci_cqr): adaptiv vs const,RQ2 lgbm/G (spci_cqr): adaptiv vs const: A ist im Median über Länder um 1.0% des Referenz-Winklers besser (Panel-t[NW] = -0.55; 50% der Länder mit Vorteil A; 10% FDR-signifikant; Median-q = 0.579).,0.049735343322900166,0.4212457667018509,0.5,0.8,0.401
F1,Beste CP-Methode für xlstm/GF: cqr_rolling,xlstm/GF: `cqr_rolling` erreicht validity-gated den höchsten Median-Winkler-Skill vs. RW-native (0.010) bei mittlerer Coverage 0.794 (Ziel 0.80).,0.009839172878983338,0.6654316614058441,0.6,0.3897637795275585,0.401
F2,RQ1 lstm (pid_local_cqr): G vs L,RQ1 lstm (pid_local_cqr): G vs L: A ist im Median über Länder um 0.9% des Referenz-Winklers schlechter (Panel-t[NW] = 0.56; 40% der Länder mit Vorteil A; 7% FDR-signifikant; Median-q = 0.639).,0.042967025792534634,0.361425203920819,0.6,0.8,0.401
F5,Fehlkalibrierung: xlstm/G/aci_cqr,xlstm/G/aci_cqr: Coverage-Validität in 40% der Länder FDR-verworfen; mittlere Coverage 0.817 (Überdeckung um 1.7pp).,0.16535433070866024,0.9,0.4,0.0,0.4
F3,RQ2 lstm/GF (mondrian_cqr): adaptiv vs const,RQ2 lstm/GF (mondrian_cqr): adaptiv vs const: A ist im Median über Länder um 1.5% des Referenz-Winklers schlechter (Panel-t[NW] = 1.38; 50% der Länder mit Vorteil A; 23% FDR-signifikant; Median-q = 0.609).,0.07391776390456677,0.39080189815284316,0.5,0.8,0.399
F2,RQ1 lstm (pid_cqr): G vs L,RQ1 lstm (pid_cqr): G vs L: A ist im Median über Länder um 0.5% des Referenz-Winklers besser (Panel-t[NW] = 0.84; 60% der Länder mit Vorteil A; 13% FDR-signifikant; Median-q = 0.633).,0.02405543771811549,0.36692519443777694,0.6,0.8,0.397
F3,RQ2 lstm/L (cqr_rolling): adaptiv vs const,RQ2 lstm/L (cqr_rolling): adaptiv vs const: A ist im Median über Länder um 0.0% des Referenz-Winklers schlechter (Panel-t[NW] = 0.39; 50% der Länder mit Vorteil A; 10% FDR-signifikant; Median-q = 0.545).,0.002447241097541402,0.4551200146574732,0.5,0.8,0.397
F2,RQ1 lstm (spci_cqr): GF vs G,RQ1 lstm (spci_cqr): GF vs G: A ist im Median über Länder um 0.3% des Referenz-Winklers besser (Panel-t[NW] = -0.56; 60% der Länder mit Vorteil A; 0% FDR-signifikant; Median-q = 0.630).,0.015749236148454263,0.3703393810360993,0.6,0.8,0.396
F3,RQ2 lgbm/L (pid_cqr): adaptiv vs const,RQ2 lgbm/L (pid_cqr): adaptiv vs const: A ist im Median über Länder um 1.6% des Referenz-Winklers besser (Panel-t[NW] = -0.86; 60% der Länder mit Vorteil A; 10% FDR-signifikant; Median-q = 0.699).,0.07826815901416047,0.3010242422572391,0.6,0.8,0.394
F3,RQ2 lstm/L (spci_cqr): adaptiv vs const,RQ2 lstm/L (spci_cqr): adaptiv vs const: A ist im Median über Länder um 0.9% des Referenz-Winklers besser (Panel-t[NW] = -0.99; 70% der Länder mit Vorteil A; 7% FDR-signifikant; Median-q = 0.731).,0.044029531612300596,0.26876217673549985,0.7,0.8,0.394
F2,RQ1 lstm (pid_local_cqr): GF vs G,RQ1 lstm (pid_local_cqr): GF vs G: A ist im Median über Länder um 0.3% des Referenz-Winklers schlechter (Panel-t[NW] = -0.63; 50% der Länder mit Vorteil A; 10% FDR-signifikant; Median-q = 0.571).,0.01618668230459268,0.4291309094317275,0.5,0.8,0.394
F2,RQ1 lstm (aci_cqr): G vs L,RQ1 lstm (aci_cqr): G vs L: A ist im Median über Länder um 1.1% des Referenz-Winklers besser (Panel-t[NW] = -0.27; 60% der Länder mit Vorteil A; 20% FDR-signifikant; Median-q = 0.677).,0.05418188113622047,0.3230531380500108,0.6,0.8,0.393
F3,RQ2 lstm/GF (sfogd_cqr): adaptiv vs const,RQ2 lstm/GF (sfogd_cqr): adaptiv vs const: A ist im Median über Länder um 0.2% des Referenz-Winklers besser (Panel-t[NW] = 1.31; 50% der Länder mit Vorteil A; 13% FDR-signifikant; Median-q = 0.564).,0.009005335596273987,0.43586542866667,0.5,0.8,0.393
F2,RQ1 lstm (spci_cqr): GF vs G,RQ1 lstm (spci_cqr): GF vs G: A ist im Median über Länder um 0.1% des Referenz-Winklers schlechter (Panel-t[NW] = 0.01; 40% der Länder mit Vorteil A; 0% FDR-signifikant; Median-q = 0.630).,0.0029398835360573256,0.3703393810360993,0.6,0.8,0.392
F2,RQ1 lstm (aci_cqr): G vs L,RQ1 lstm (aci_cqr): G vs L: A ist im Median über Länder um 1.0% des Referenz-Winklers schlechter (Panel-t[NW] = 0.89; 40% der Länder mit Vorteil A; 20% FDR-signifikant; Median-q = 0.677).,0.04961461559325932,0.3230531380500108,0.6,0.8,0.392
F3,RQ2 lgbm/G (agaci_cqr): adaptiv vs const,RQ2 lgbm/G (agaci_cqr): adaptiv vs const: A ist im Median über Länder um 0.3% des Referenz-Winklers schlechter (Panel-t[NW] = -0.39; 40% der Länder mit Vorteil A; 10% FDR-signifikant; Median-q = 0.648).,0.01707918828768354,0.35174804071619803,0.6,0.8,0.391
F2,RQ1 lgbm (pid_local_cqr): G vs L,RQ1 lgbm (pid_local_cqr): G vs L: A ist im Median über Länder um 1.3% des Referenz-Winklers besser (Panel-t[NW] = -0.06; 60% der Länder mit Vorteil A; 10% FDR-signifikant; Median-q = 0.699).,0.06487084903729907,0.30054881445634374,0.6,0.8,0.39
F1,Beste CP-Methode für lgbm_const/L: aci_cqr,lgbm_const/L: `aci_cqr` erreicht validity-gated den höchsten Median-Winkler-Skill vs. RW-native (0.043) bei mittlerer Coverage 0.819 (Ziel 0.80).,0.0434327057508308,0.8550826709700823,0.6,0.0,0.39
F2,RQ1 lstm (agaci_cqr): G vs L,RQ1 lstm (agaci_cqr): G vs L: A ist im Median über Länder um 0.9% des Referenz-Winklers besser (Panel-t[NW] = -0.25; 60% der Länder mit Vorteil A; 17% FDR-signifikant; Median-q = 0.678).,0.04452648053556456,0.3219404731327882,0.6,0.8,0.39
F5,Fehlkalibrierung: xlstm/G/cqr_rolling,xlstm/G/cqr_rolling: Coverage-Validität in 40% der Länder FDR-verworfen; mittlere Coverage 0.813 (Überdeckung um 1.3pp).,0.13385826771653453,0.9,0.4,0.0,0.39
F3,RQ2 xlstm/GF (mondrian_cqr): adaptiv vs const,RQ2 xlstm/GF (mondrian_cqr): adaptiv vs const: A ist im Median über Länder um 0.9% des Referenz-Winklers schlechter (Panel-t[NW] = -0.20; 50% der Länder mit Vorteil A; 20% FDR-signifikant; Median-q = 0.617).,0.047386950021963796,0.38283695709898824,0.5,0.8,0.389
F3,RQ2 lgbm/L (pid_local_cqr): adaptiv vs const,RQ2 lgbm/L (pid_local_cqr): adaptiv vs const: A ist im Median über Länder um 1.4% des Referenz-Winklers besser (Panel-t[NW] = -1.89; 70% der Länder mit Vorteil A; 10% FDR-signifikant; Median-q = 0.774).,0.07228871505583513,0.2256524677768066,0.7,0.8,0.389
F3,RQ2 lgbm/L (pid_tan_cqr): adaptiv vs const,RQ2 lgbm/L (pid_tan_cqr): adaptiv vs const: A ist im Median über Länder um 0.9% des Referenz-Winklers schlechter (Panel-t[NW] = 0.28; 50% der Länder mit Vorteil A; 0% FDR-signifikant; Median-q = 0.614).,0.044060432001288174,0.38567998031016315,0.5,0.8,0.389
F3,RQ2 lgbm/L (sfogd_cqr): adaptiv vs const,RQ2 lgbm/L (sfogd_cqr): adaptiv vs const: A ist im Median über Länder um 0.5% des Referenz-Winklers besser (Panel-t[NW] = -1.73; 60% der Länder mit Vorteil A; 10% FDR-signifikant; Median-q = 0.664).,0.026549167437621982,0.3355460054453402,0.6,0.8,0.389
F2,RQ1 lstm (pid_cqr): GF vs G,RQ1 lstm (pid_cqr): GF vs G: A ist im Median über Länder um 0.5% des Referenz-Winklers schlechter (Panel-t[NW] = 0.96; 30% der Länder mit Vorteil A; 3% FDR-signifikant; Median-q = 0.735).,0.02518689851480087,0.26476932130975595,0.7,0.8,0.387
F1,Beste CP-Methode für arma/L: dtaci_cqr,arma/L: `dtaci_cqr` erreicht validity-gated den höchsten Median-Winkler-Skill vs. RW-native (0.058) bei mittlerer Coverage 0.813 (Ziel 0.80).,0.058415669812322046,0.7650358753252248,0.7,0.0,0.387
F2,RQ1 lgbm (sfogd_cqr): G vs L,RQ1 lgbm (sfogd_cqr): G vs L: A ist im Median über Länder um 1.2% des Referenz-Winklers besser (Panel-t[NW] = 0.10; 60% der Länder mit Vorteil A; 10% FDR-signifikant; Median-q = 0.707).,0.05964378670806644,0.29320627962488044,0.6,0.8,0.386
F3,RQ2 lgbm/G (saocp_cqr): adaptiv vs const,RQ2 lgbm/G (saocp_cqr): adaptiv vs const: A ist im Median über Länder um 0.7% des Referenz-Winklers besser (Panel-t[NW] = -0.83; 70% der Länder mit Vorteil A; 30% FDR-signifikant; Median-q = 0.747).,0.03322695585175471,0.2528329622482661,0.7,0.8,0.386
F2,RQ1 lstm (cqr_rolling): G vs L,RQ1 lstm (cqr_rolling): G vs L: A ist im Median über Länder um 0.1% des Referenz-Winklers schlechter (Panel-t[NW] = 0.95; 50% der Länder mit Vorteil A; 23% FDR-signifikant; Median-q = 0.586).,0.004355941811229184,0.4138690252283469,0.5,0.8,0.385
F2,RQ1 lgbm (spci_cqr): G vs L,RQ1 lgbm (spci_cqr): G vs L: A ist im Median über Länder um 1.0% des Referenz-Winklers besser (Panel-t[NW] = -0.93; 50% der Länder mit Vorteil A; 10% FDR-signifikant; Median-q = 0.635).,0.05225932694923451,0.3651975629348203,0.5,0.8,0.385
F2,RQ1 lstm (pid_cqr): GF vs G,RQ1 lstm (pid_cqr): GF vs G: A ist im Median über Länder um 0.3% des Referenz-Winklers schlechter (Panel-t[NW] = 0.40; 30% der Länder mit Vorteil A; 3% FDR-signifikant; Median-q = 0.735).,0.01580070885640282,0.26476932130975595,0.7,0.8,0.384
F3,RQ2 lstm/L (spci_cqr): adaptiv vs const,RQ2 lstm/L (spci_cqr): adaptiv vs const: A ist im Median über Länder um 1.5% des Referenz-Winklers schlechter (Panel-t[NW] = -0.23; 40% der Länder mit Vorteil A; 7% FDR-signifikant; Median-q = 0.731).,0.07416639806387787,0.26876217673549985,0.6,0.8,0.383
F3,RQ2 lstm/L (aci_cqr): adaptiv vs const,RQ2 lstm/L (aci_cqr): adaptiv vs const: A ist im Median über Länder um 0.3% des Referenz-Winklers besser (Panel-t[NW] = 0.47; 50% der Länder mit Vorteil A; 13% FDR-signifikant; Median-q = 0.609).,0.014743717799130937,0.39135323422590995,0.5,0.8,0.382
F2,RQ1 lstm (pid_tan_cqr): GF vs G,RQ1 lstm (pid_tan_cqr): GF vs G: A ist im Median über Länder um 0.3% des Referenz-Winklers schlechter (Panel-t[NW] = 1.12; 40% der Länder mit Vorteil A; 13% FDR-signifikant; Median-q = 0.681).,0.015398450061708927,0.3189462484770801,0.6,0.8,0.38
F10,F10 arma vs arma_monthly (spci_cqr),F10 arma vs arma_monthly (spci_cqr): A ist im Median über Länder um 0.3% des Referenz-Winklers besser (Panel-t[NW] = 0.22; 60% der Länder mit Vorteil A; 0% FDR-signifikant; Median-q = 0.819).,0.01745927199443112,0.18078052597679362,0.6,1.0,0.379
F2,RQ1 lstm (dtaci_cqr): G vs L,RQ1 lstm (dtaci_cqr): G vs L: A ist im Median über Länder um 0.1% des Referenz-Winklers besser (Panel-t[NW] = -0.29; 50% der Länder mit Vorteil A; 20% FDR-signifikant; Median-q = 0.608).,0.0035103510190344182,0.3922127510750215,0.5,0.8,0.379
F3,RQ2 lgbm/L (agaci_cqr): adaptiv vs const,RQ2 lgbm/L (agaci_cqr): adaptiv vs const: A ist im Median über Länder um 0.5% des Referenz-Winklers besser (Panel-t[NW] = -1.35; 60% der Länder mit Vorteil A; 10% FDR-signifikant; Median-q = 0.704).,0.027345561461682103,0.29627586163495456,0.6,0.8,0.377
F5,Fehlkalibrierung: xlstm/GI/cqr_rolling,xlstm/GI/cqr_rolling: Coverage-Validität in 50% der Länder FDR-verworfen; mittlere Coverage 0.802 (Überdeckung um 0.2pp).,0.023622047244094002,0.9,0.5,0.0,0.377
F2,RQ1 lstm (pid_tan_cqr): GF vs G,RQ1 lstm (pid_tan_cqr): GF vs G: A ist im Median über Länder um 0.0% des Referenz-Winklers schlechter (Panel-t[NW] = 1.70; 40% der Länder mit Vorteil A; 13% FDR-signifikant; Median-q = 0.681).,0.0023021185209561664,0.3189462484770801,0.6,0.8,0.376
F2,RQ1 lstm (spci_cqr): GF vs G,RQ1 lstm (spci_cqr): GF vs G: A ist im Median über Länder um 0.3% des Referenz-Winklers besser (Panel-t[NW] = -0.49; 50% der Länder mit Vorteil A; 0% FDR-signifikant; Median-q = 0.630).,0.013882996719422351,0.3703393810360993,0.5,0.8,0.375
F2,RQ1 lstm (pid_local_cqr): G vs L,RQ1 lstm (pid_local_cqr): G vs L: A ist im Median über Länder um 0.2% des Referenz-Winklers schlechter (Panel-t[NW] = 0.84; 50% der Länder mit Vorteil A; 7% FDR-signifikant; Median-q = 0.639).,0.008548990413661195,0.361425203920819,0.5,0.8,0.371
F1,Beste CP-Methode für arma_monthly/L: dtaci_cqr,arma_monthly/L: `dtaci_cqr` erreicht validity-gated den höchsten Median-Winkler-Skill vs. RW-native (0.061) bei mittlerer Coverage 0.809 (Ziel 0.80).,0.06119862448265845,0.775066157097803,0.6,0.0,0.371
F3,RQ2 lgbm/G (pid_local_cqr): adaptiv vs const,RQ2 lgbm/G (pid_local_cqr): adaptiv vs const: A ist im Median über Länder um 0.2% des Referenz-Winklers besser (Panel-t[NW] = -0.04; 50% der Länder mit Vorteil A; 10% FDR-signifikant; Median-q = 0.644).,0.010225123035070066,0.3561123149832828,0.5,0.8,0.37
F3,RQ2 lgbm/L (dtaci_cqr): adaptiv vs const,RQ2 lgbm/L (dtaci_cqr): adaptiv vs const: A ist im Median über Länder um 0.9% des Referenz-Winklers besser (Panel-t[NW] = -1.09; 60% der Länder mit Vorteil A; 10% FDR-signifikant; Median-q = 0.751).,0.04479487756224192,0.24938396199703572,0.6,0.8,0.368
F2,RQ1 lstm (agaci_cqr): G vs L,RQ1 lstm (agaci_cqr): G vs L: A ist im Median über Länder um 0.8% des Referenz-Winklers schlechter (Panel-t[NW] = 0.94; 50% der Länder mit Vorteil A; 17% FDR-signifikant; Median-q = 0.678).,0.03846566391343163,0.3219404731327882,0.5,0.8,0.368
F3,RQ2 xlstm/L (spci_cqr): adaptiv vs const,RQ2 xlstm/L (spci_cqr): adaptiv vs const: A ist im Median über Länder um 1.5% des Referenz-Winklers schlechter (Panel-t[NW] = 1.68; 40% der Länder mit Vorteil A; 20% FDR-signifikant; Median-q = 0.791).,0.07522293816771723,0.2087298532257611,0.6,0.8,0.365
F3,RQ2 lgbm/G (aci_cqr): adaptiv vs const,RQ2 lgbm/G (aci_cqr): adaptiv vs const: A ist im Median über Länder um 0.2% des Referenz-Winklers schlechter (Panel-t[NW] = -0.16; 50% der Länder mit Vorteil A; 0% FDR-signifikant; Median-q = 0.673).,0.011752454895558283,0.32735506354296096,0.5,0.8,0.362
F2,RQ1 lstm (pid_tan_cqr): GF vs G,RQ1 lstm (pid_tan_cqr): GF vs G: A ist im Median über Länder um 0.1% des Referenz-Winklers besser (Panel-t[NW] = 0.12; 50% der Länder mit Vorteil A; 13% FDR-signifikant; Median-q = 0.681).,0.007290425056047725,0.3189462484770801,0.5,0.8,0.358
F1,Beste CP-Methode für lgbm_const/G: cqr_rolling,lgbm_const/G: `cqr_rolling` erreicht validity-gated den höchsten Median-Winkler-Skill vs. RW-native (0.099) bei mittlerer Coverage 0.829 (Ziel 0.80).,0.098856746518805,0.6676351862071048,0.5,0.0,0.33
F3,RQ2 xlstm/L (spci_cqr): adaptiv vs const,RQ2 xlstm/L (spci_cqr): adaptiv vs const: A ist im Median über Länder um 0.0% des Referenz-Winklers besser (Panel-t[NW] = -0.92; 50% der Länder mit Vorteil A; 20% FDR-signifikant; Median-q = 0.791).,0.0011322976357837139,0.2087298532257611,0.5,0.8,0.323
