model,regime,seed,cp_method,median_skill,mean_skill,mean_coverage,mean_abs_gap,median_mae_ratio,n_countries,valid_country_share,validity_flag,seed_span
tirex2,ZS,42,cqr_static,0.1461124355856327,0.161738669457783,0.7496062992125985,0.06803149606299215,0.9964555831295029,10,0.8,True,0.0
tirex2,ZS,42,decay_ocp_cqr,0.14423282852769054,0.16860639210655032,0.7866141732283465,0.02787401574803151,0.9964555831295029,10,1.0,True,0.0
tirex2,ZS,42,native,0.14197463932956178,0.1616071705742787,0.8551181102362205,0.05511811023622043,0.9964555831295029,10,0.7,True,0.0
tirex2_cov,ZS,42,native,0.1408615028757616,0.1675263306179795,0.8385826771653543,0.04110236220472435,1.0008348361219246,10,0.8,True,0.0
tirex2_cov,ZS,42,cqr_static,0.14024336785349745,0.16466125253499436,0.7866141732283465,0.054330708661417315,1.0008348361219246,10,0.7,True,0.0
lgbm,G,42,decay_ocp_cqr,0.1393542665117644,0.12317217291493543,0.8236220472440945,0.050393700787401574,1.0472634168958308,10,0.7,True,0.0
tirex2_cov,ZS,42,decay_ocp_cqr,0.13845182155745134,0.16847678205385005,0.794488188976378,0.024409448818897617,1.0008348361219246,10,1.0,True,0.0
tirex,ZS,42,native,0.132658760714764,0.1534985821889355,0.8133858267716535,0.021574803149606293,1.020220385317009,10,1.0,True,0.0
tirex2,ZS,42,cqr_rolling,0.13160299955558374,0.14758225990606344,0.794488188976378,0.014330708661417325,0.9964555831295029,10,1.0,True,0.0
lgbm,G,42,cqr_rolling,0.12900048420830063,0.10461241180234464,0.8251968503937007,0.027716535433070823,1.0472634168958308,10,0.9,True,0.0
lgbm,G,42,agaci_cqr,0.1276267739315468,0.1046795703143432,0.8251968503937007,0.03181102362204722,1.0472634168958308,10,1.0,True,0.0
tirex2,ZS,42,agaci_cqr,0.12608045112271066,0.14741634358983785,0.7968503937007874,0.017322834645669295,0.9964555831295029,10,1.0,True,0.0
lgbm,G,42,aci_cqr,0.12246176651264051,0.09983914437411712,0.8299212598425196,0.03401574803149604,1.0472634168958308,10,1.0,True,0.0
tirex,ZS,42,decay_ocp_cqr,0.12184838699756845,0.15035468051770293,0.7818897637795276,0.021889763779527595,1.020220385317009,10,1.0,True,0.0
tirex2_cov,ZS,42,cqr_rolling,0.12177902144987118,0.1441168565337756,0.8,0.015748031496062975,1.0008348361219246,10,1.0,True,0.0
tirex2,ZS,42,aci_cqr,0.12084150259166371,0.1445337247564824,0.7992125984251969,0.01811023622047244,0.9964555831295029,10,1.0,True,0.0
lgbm,G,42,dtaci_cqr,0.11994331169006911,0.10473325616999123,0.8251968503937007,0.028661417322834604,1.0472634168958308,10,1.0,True,0.0
tirex2,ZS,42,dtaci_cqr,0.11950487977413982,0.14304530079835384,0.805511811023622,0.014015748031496045,0.9964555831295029,10,1.0,True,0.0
tirex2_cov,ZS,42,agaci_cqr,0.11931458216658836,0.14501963254703795,0.8007874015748031,0.014960629921259827,1.0008348361219246,10,1.0,True,0.0
tirex2_cov,ZS,42,dtaci_cqr,0.11663559956226999,0.14102036248096392,0.8094488188976378,0.017007874015748013,1.0008348361219246,10,1.0,True,0.0
tirex2,ZS,42,pid_cqr,0.11599644470832182,0.1335207949617488,0.8,0.008503937007874007,0.9964555831295029,10,1.0,True,0.0
tirex2_cov,ZS,42,aci_cqr,0.11318974804262721,0.14110120982209984,0.8031496062992126,0.0179527559055118,1.0008348361219246,10,1.0,True,0.0
lstm_const,G,43,agaci_cqr,0.1107351695230922,0.1258803702370576,0.7976377952755905,0.021259842519685036,1.0036248741044753,10,1.0,True,0.027986791619180607
tirex,ZS,42,cqr_rolling,0.10951703358573434,0.1331256409061417,0.8094488188976378,0.014803149606299183,1.020220385317009,10,1.0,True,0.0
tirex,ZS,42,agaci_cqr,0.10921931775624022,0.13303134443997047,0.8118110236220473,0.014645669291338547,1.020220385317009,10,1.0,True,0.0
lstm_const,G,43,cqr_rolling,0.10820367870649672,0.11372300393952661,0.8236220472440945,0.04125984251968499,1.0036248741044753,10,0.9,True,0.01956776697305007
lgbm,G,42,pid_cqr,0.10597383445894931,0.10007270826233856,0.8047244094488188,0.010708661417322806,1.0472634168958308,10,1.0,True,0.0
tirex,ZS,42,aci_cqr,0.10583100998158296,0.12659806016253347,0.815748031496063,0.016692913385826725,1.020220385317009,10,1.0,True,0.0
tirex2_cov,ZS,42,pid_cqr,0.1035234807143322,0.13251909828811925,0.7984251968503937,0.0062992125984251855,1.0008348361219246,10,1.0,True,0.0
lstm_const,GF,43,agaci_cqr,0.10266567167500545,0.12523498628508684,0.8007874015748031,0.023779527559055103,1.0172830632198389,10,1.0,True,0.015956814017792365
lstm_const,G,43,aci_cqr,0.10033617389108879,0.12119297350253275,0.8062992125984252,0.026456692913385805,1.0036248741044753,10,1.0,True,0.013079163576245834
lstm_const,GF,43,cqr_rolling,0.10001846611693033,0.11274811920936192,0.8251968503937007,0.03968503937007869,1.0172830632198389,10,0.9,True,0.007759699300478318
tirex,ZS,42,dtaci_cqr,0.09907935088301828,0.1253617104216443,0.8149606299212598,0.016850393700787357,1.020220385317009,10,1.0,True,0.0
lgbm_const,G,42,cqr_rolling,0.098856746518805,0.09229647525770748,0.8291338582677165,0.03732283464566927,1.0472634168958308,10,1.0,True,0.0
lstm_const,G,42,cqr_rolling,0.09874121156309629,0.11300212043271687,0.831496062992126,0.047559055118110205,1.0975025838268582,10,0.9,True,0.01956776697305007
lgbm_const,G,42,agaci_cqr,0.09827614381118,0.0976737367902111,0.8094488188976378,0.026456692913385805,1.0472634168958308,10,1.0,True,0.0
lstm_const,G,42,agaci_cqr,0.09808810194251494,0.12107382184986919,0.8070866141732284,0.02188976377952756,1.0975025838268582,10,1.0,True,0.027986791619180607
lgbm_const,G,42,aci_cqr,0.09789063546781152,0.09688623670381065,0.8173228346456692,0.028661417322834604,1.0472634168958308,10,1.0,True,0.0
lstm_const,G,43,dtaci_cqr,0.0973437126558323,0.1224340225990463,0.8173228346456692,0.026456692913385794,1.0036248741044753,10,1.0,True,0.010508110309101093
lstm_const,G,44,pid_cqr,0.09705725834481016,0.12589725298504537,0.8110236220472441,0.011968503937007834,1.1163553998691171,10,1.0,True,0.005311060839058301
tirex,ZS,42,spci_cqr,0.09696730495667805,0.08565519446578704,0.7496062992125985,0.05039370078740163,1.020220385317009,10,0.9,True,0.0
lstm_const,GF,44,pid_cqr,0.09671329153071312,0.12635285218470496,0.8102362204724409,0.011181102362204686,1.1152851783771938,10,0.8,True,0.011178856575791651
lgbm,G,42,native,0.09589196720066323,0.09842818853380234,0.8685039370078741,0.08236220472440942,1.0472634168958308,10,0.5,False,0.0
lgbm_const,G,42,dtaci_cqr,0.09576451333498459,0.09923179059893501,0.8283464566929133,0.029291338582677108,1.0472634168958308,10,1.0,True,0.0
lstm_const,GF,42,cqr_rolling,0.09572404284471497,0.11241453349448863,0.8346456692913385,0.042834645669291314,1.11059923106435,10,0.9,True,0.007759699300478318
lstm_const,GF,43,aci_cqr,0.09518769330902055,0.1214453755808158,0.8094488188976378,0.0280314960629921,1.0172830632198389,10,1.0,True,0.008947668093711392
xlstm,L,44,native,0.09388465206218188,0.08662053183175464,0.8165354330708661,0.04078740157480314,1.0780731998877844,10,0.7,True,0.10224827486267452
lstm_const,G,43,pid_cqr,0.09357578983540382,0.11256548592954937,0.8118110236220473,0.013700787401574765,1.0036248741044753,10,0.9,True,0.005311060839058301
lstm_const,G,42,aci_cqr,0.09296290323059148,0.11892331301229286,0.8118110236220473,0.029448818897637764,1.0975025838268582,10,1.0,True,0.013079163576245834
lstm_const,GF,44,aci_cqr,0.09268718909031565,0.1278791321831658,0.8039370078740158,0.029763779527559042,1.1152851783771938,10,1.0,True,0.008947668093711392
lstm_const,GF,44,cqr_rolling,0.09225876681645201,0.12425947146124292,0.8267716535433071,0.0343307086614173,1.1152851783771938,10,0.9,True,0.007759699300478318
lstm_const,GF,42,agaci_cqr,0.092172293124274,0.12044804703081732,0.805511811023622,0.022834645669291342,1.11059923106435,10,1.0,True,0.015956814017792365
lstm_const,G,42,pid_cqr,0.09174619750575186,0.11239966404490956,0.8173228346456692,0.01732283464566925,1.0975025838268582,10,1.0,True,0.005311060839058301
lstm_const,GF,43,dtaci_cqr,0.09149941729917899,0.1228990261802346,0.8204724409448818,0.02708661417322831,1.0172830632198389,10,1.0,True,0.0061069774323150305
lgbm,GI,42,cqr_rolling,0.09057471474737866,0.0841514788691195,0.8118110236220473,0.02503937007874015,1.0699379878423252,10,1.0,True,0.0
lgbm,L,42,native,0.09036243044682302,0.10756299845528419,0.8259842519685039,0.048661417322834646,1.083689554279466,10,0.7,True,0.0
lstm_const,GF,43,pid_cqr,0.09015547898771437,0.11148806320280132,0.8118110236220473,0.013700787401574765,1.0172830632198389,10,1.0,True,0.011178856575791651
lstm_const,L,44,aci_cqr,0.08979962986408613,0.09396774508435615,0.8086614173228346,0.022519685039370074,1.0237310741933918,10,1.0,True,0.029313843393922123
lstm_const,L,42,cqr_rolling,0.08934365207174533,0.08374995312123598,0.8275590551181102,0.02850393700787396,1.0670996780076687,10,0.9,True,0.04118729506073421
lstm_const,G,42,dtaci_cqr,0.08866612288324616,0.12084846339362403,0.8244094488188976,0.032598425196850356,1.0975025838268582,10,1.0,True,0.010508110309101093
lstm_const,G,44,cqr_rolling,0.08863591173344665,0.12164851974011122,0.8251968503937007,0.035905511811023604,1.1163553998691171,10,0.9,True,0.01956776697305007
lgbm,GI,42,agaci_cqr,0.08822043902981136,0.08261955078074142,0.8102362204724409,0.022519685039370064,1.0699379878423252,10,1.0,True,0.0
lgbm,GI,42,aci_cqr,0.08814427476928366,0.08008188990039966,0.8173228346456692,0.026456692913385805,1.0699379878423252,10,1.0,True,0.0
lstm_const,L,42,aci_cqr,0.08793140599371424,0.08536489665236993,0.8110236220472441,0.017007874015748003,1.0670996780076687,10,1.0,True,0.029313843393922123
lstm_const,GF,44,dtaci_cqr,0.08749804353347873,0.13292533087119593,0.8181102362204724,0.02409448818897635,1.1152851783771938,10,1.0,True,0.0061069774323150305
lstm_const,G,44,aci_cqr,0.08725701031484295,0.1258128475047074,0.8086614173228346,0.028188976377952746,1.1163553998691171,10,1.0,True,0.013079163576245834
lstm_const,G,44,dtaci_cqr,0.08683560234673121,0.13156231552222059,0.8181102362204724,0.02409448818897635,1.1163553998691171,10,1.0,True,0.010508110309101093
lgbm_const,G,42,pid_cqr,0.08678144697704682,0.09683613424699161,0.8141732283464567,0.01606299212598421,1.0472634168958308,10,1.0,True,0.0
lstm_const,GF,44,agaci_cqr,0.08670885765721309,0.13251207975622575,0.8015748031496063,0.0179527559055118,1.1152851783771938,10,1.0,True,0.015956814017792365
tirex2_cov,ZS,42,spci_cqr,0.08645241373814405,0.09774945706762865,0.758267716535433,0.04173228346456699,1.0008348361219246,10,0.9,True,0.0
lgbm,GI,42,dtaci_cqr,0.08635746437079594,0.08056784671409659,0.8173228346456692,0.02299212598425192,1.0699379878423252,10,1.0,True,0.0
lstm_const,GF,42,aci_cqr,0.08624002521530916,0.11663992304350493,0.8133858267716535,0.02629921259842516,1.11059923106435,10,1.0,True,0.008947668093711392
lstm_const,GF,42,pid_cqr,0.08553443495492147,0.11146143551451151,0.8165354330708661,0.01653543307086609,1.11059923106435,10,1.0,True,0.011178856575791651
lstm_const,GF,42,dtaci_cqr,0.08539243986686396,0.1206165148205998,0.8228346456692913,0.026929133858267663,1.11059923106435,10,1.0,True,0.0061069774323150305
rw,L,42,aci_cqr,0.08520442383055238,0.11707798867975305,0.8118110236220473,0.02724409448818895,1.0,10,1.0,True,0.0
lgbm,L,42,agaci_cqr,0.08512168696619599,0.09872437925445597,0.8149606299212598,0.018425196850393656,1.083689554279466,10,1.0,True,0.0
lstm_const,L,42,agaci_cqr,0.0850069372916894,0.09234861725772364,0.8062992125984252,0.02110236220472439,1.0670996780076687,10,1.0,True,0.02865351229964369
rw,L,42,cqr_rolling,0.08457480322110761,0.11350467878625237,0.8299212598425196,0.03653543307086611,1.0,10,0.9,True,0.0
lgbm,GI,42,decay_ocp_cqr,0.08399474432832316,0.097989156041659,0.8125984251968503,0.03559055118110238,1.0699379878423252,10,0.9,True,0.0
lstm_const,L,44,dtaci_cqr,0.08383391009753599,0.0966851939556286,0.8102362204724409,0.015275590551181073,1.0237310741933918,10,1.0,True,0.024752601501568605
lstm_const,L,44,cqr_rolling,0.08371879559396489,0.08319805649047994,0.8220472440944881,0.02803149606299209,1.0237310741933918,10,0.9,True,0.04118729506073421
lgbm,L,42,spci_cqr,0.0828790910573608,0.0565289385601558,0.7653543307086614,0.036850393700787444,1.083689554279466,10,1.0,True,0.0
lstm_const,G,44,agaci_cqr,0.0827483779039116,0.12985577747525628,0.7968503937007874,0.020472440944881876,1.1163553998691171,10,1.0,True,0.027986791619180607
lstm_const,L,44,agaci_cqr,0.08187185574878919,0.09676029738271832,0.8015748031496063,0.0116535433070866,1.0237310741933918,10,1.0,True,0.02865351229964369
rw,L,42,agaci_cqr,0.08174892553862223,0.11883075110634264,0.8023622047244094,0.01811023622047244,1.0,10,1.0,True,0.0
rw,L,42,dtaci_cqr,0.0814902737166257,0.12139098646706577,0.8181102362204724,0.02157480314960627,1.0,10,1.0,True,0.0
rw,L,42,pid_cqr,0.07985030543213423,0.1130979092874433,0.8125984251968503,0.013543307086614132,1.0,10,0.9,True,0.0
tirex2,ZS,42,spci_cqr,0.07957313758907725,0.10206005806851164,0.7622047244094488,0.040000000000000036,0.9964555831295029,10,1.0,True,0.0
lstm_const,G,42,pid_local_cqr,0.07821843867516859,0.07602693123985851,0.8181102362204724,0.01905511811023617,1.0975025838268582,10,1.0,True,0.01806795522044119
tirex,ZS,42,pid_cqr,0.07817960057684353,0.10857168029809716,0.7992125984251969,0.006141732283464552,1.020220385317009,10,0.9,True,0.0
lgbm,G,42,spci_cqr,0.07765899964763168,0.07488354470090074,0.7677165354330708,0.03228346456692919,1.0472634168958308,10,1.0,True,0.0
lgbm,L,42,cqr_rolling,0.07697855244066998,0.09606205307864997,0.8244094488188976,0.03102362204724406,1.083689554279466,10,0.9,True,0.0
lgbm_const,G,42,native,0.07687812096421126,0.05553306060645491,0.8590551181102363,0.07763779527559055,1.0472634168958308,10,0.5,False,0.0
rw,L,42,spci_cqr,0.07523509933089029,0.09135152460506295,0.7669291338582677,0.038425196850393736,1.0,10,0.9,True,0.0
lgbm,L,42,dtaci_cqr,0.07499472317132966,0.09462922958372035,0.8244094488188976,0.025354330708661367,1.083689554279466,10,1.0,True,0.0
lgbm,GI,42,native,0.07450498556627733,0.08240014958633385,0.8527559055118111,0.06188976377952754,1.0699379878423252,10,0.7,True,0.0
lstm_const,L,42,dtaci_cqr,0.07449248162282501,0.08993839024598266,0.8173228346456692,0.019212598425196813,1.0670996780076687,10,1.0,True,0.024752601501568605
xlstm,L,44,decay_ocp_cqr,0.07284347312325984,0.07598807265382065,0.7968503937007874,0.051338582677165366,1.0780731998877844,10,0.6,False,0.0852784468953432
lstm_const,L,44,pid_cqr,0.07258584085393538,0.09100509185072307,0.8078740157480315,0.012283464566929104,1.0237310741933918,10,1.0,True,0.02605305200382091
xlstm_const,L,42,spci_cqr,0.07170058095835191,0.062299106814739026,0.7559055118110236,0.045354330708661426,1.0731227171946855,10,1.0,True,0.07174465393727059
lstm_const,L,42,pid_cqr,0.0713127098575631,0.08131642551296256,0.8125984251968503,0.012598425196850348,1.0670996780076687,10,0.9,True,0.02605305200382091
lgbm,L,42,pid_cqr,0.07107099930785593,0.09067846323214063,0.8118110236220473,0.0118110236220472,1.083689554279466,10,1.0,True,0.0
xlstm,L,44,cqr_rolling,0.0676668549755749,0.06312317393595303,0.805511811023622,0.028188976377952746,1.0780731998877844,10,1.0,True,0.10131025166322283
lgbm,L,42,aci_cqr,0.0674930171601722,0.08911118218684881,0.8165354330708661,0.020629921259842476,1.083689554279466,10,1.0,True,0.0
lstm_const,L,44,spci_cqr,0.0659519416611381,0.05273146961667374,0.7708661417322834,0.039842519685039414,1.0237310741933918,10,0.9,True,0.06181841731728943
lstm_const,GF,44,pid_local_cqr,0.06564967874525696,0.09200606242974536,0.8141732283464567,0.015118110236220427,1.1152851783771938,10,0.9,True,0.018432279957511177
xlstm_const,L,42,pid_cqr,0.06531909451291584,0.08785968868963676,0.8173228346456692,0.01732283464566924,1.0731227171946855,10,1.0,True,0.05089625288317584
xlstm_const,L,42,aci_cqr,0.0646379173673558,0.08348621076371888,0.8165354330708661,0.02629921259842517,1.0731227171946855,10,1.0,True,0.07251805541910405
xlstm,L,44,dtaci_cqr,0.06297607209304801,0.06623886700326542,0.8181102362204724,0.02976377952755902,1.0780731998877844,10,1.0,True,0.07892137156029999
xlstm_const,L,42,agaci_cqr,0.06271505892828189,0.08654040127649418,0.8133858267716535,0.019370078740157438,1.0731227171946855,10,1.0,True,0.06838115490820607
lstm_const,G,44,pid_local_cqr,0.06270767662613974,0.08751864471314974,0.8133858267716535,0.01433070866141728,1.1163553998691171,10,0.9,True,0.01806795522044119
lstm_const,GF,42,pid_local_cqr,0.062444882451368755,0.0776087446665674,0.8188976377952756,0.019842519685039316,1.11059923106435,10,1.0,True,0.018432279957511177
xlstm,L,44,agaci_cqr,0.06217255034093244,0.06356410045637846,0.8078740157480315,0.027401574803149586,1.0780731998877844,10,1.0,True,0.08146870911343079
lstm,L,42,pid_cqr,0.062101521778805846,0.08859315533752263,0.8102362204724409,0.011181102362204686,1.0670996780076687,10,1.0,True,0.02973817066796114
xlstm,L,44,pid_cqr,0.0620142833979786,0.06777486827511586,0.8070866141732284,0.013700787401574776,1.0780731998877844,10,1.0,True,0.07342701232073218
xlstm_const,L,42,dtaci_cqr,0.0616560377205419,0.08758449720449074,0.8236220472440945,0.023622047244094436,1.0731227171946855,10,0.9,True,0.06252870557440426
arma_monthly,L,42,dtaci_cqr,0.06119862448265845,0.09517052963259257,0.8094488188976378,0.017007874015748003,1.013710100950241,10,1.0,True,0.0
lstm,L,43,native,0.0606454206404099,0.0772286866274284,0.8755905511811024,0.07653543307086612,1.0595414992334111,10,0.6,False,0.04283383640419158
lstm_const,L,43,aci_cqr,0.060485786470164005,0.07530596545974308,0.8015748031496063,0.018267716535433076,1.0595414992334111,10,0.9,True,0.029313843393922123
lstm_const,G,43,pid_local_cqr,0.0601504834547274,0.070633451530167,0.8125984251968503,0.013543307086614132,1.0036248741044753,10,0.9,True,0.01806795522044119
lstm_const,G,42,spci_cqr,0.0598822551410127,0.09011258042910561,0.7755905511811024,0.033228346456692925,1.0975025838268582,10,0.9,True,0.008994325195702202
xlstm,L,44,aci_cqr,0.059469998676592084,0.06085178005672318,0.8125984251968503,0.019212598425196827,1.0780731998877844,10,1.0,True,0.11056437003642627
lstm_const,GF,44,spci_cqr,0.05908207335351229,0.08788316804306258,0.7606299212598425,0.04062992125984257,1.1152851783771938,10,0.9,True,0.012716253177802783
lstm_const,L,43,dtaci_cqr,0.059081308595967386,0.0845363252816973,0.8110236220472441,0.017637795275590517,1.0595414992334111,10,1.0,True,0.024752601501568605
lstm_const,GF,42,spci_cqr,0.05869557749220855,0.09005825363019129,0.7755905511811024,0.02944881889763782,1.11059923106435,10,1.0,True,0.012716253177802783
arma,L,42,dtaci_cqr,0.058415669812322046,0.0931119338374892,0.8125984251968503,0.01606299212598421,1.0173893383146013,10,1.0,True,0.0
arma_monthly,L,42,pid_cqr,0.05801640330862079,0.07926078748178789,0.8133858267716535,0.013385826771653498,1.013710100950241,10,0.9,True,0.0
lgbm,G,42,pid_local_cqr,0.05785049775441081,0.07228113023559687,0.8094488188976378,0.012283464566929104,1.0472634168958308,10,1.0,True,0.0
lgbm,G,42,sfogd_cqr,0.05762659730412667,0.053427937155607896,0.8007874015748031,0.005511811023622038,1.0472634168958308,10,0.9,True,0.0
arma_monthly,L,42,agaci_cqr,0.057381690957884424,0.09012892967506073,0.8,0.013858267716535422,1.013710100950241,10,1.0,True,0.0
lstm,GF,43,pid_cqr,0.05722907313838521,0.05946095896607663,0.831496062992126,0.03149606299212593,1.0172830632198389,10,1.0,True,0.02768397179352139
xlstm_const,L,42,cqr_rolling,0.05699824542109022,0.07716683263497835,0.8370078740157479,0.04204724409448816,1.0731227171946855,10,0.9,True,0.06836300021424668
lstm,L,42,dtaci_cqr,0.056644606452795065,0.07652501207011776,0.815748031496063,0.026456692913385794,1.0670996780076687,10,0.9,True,0.04452867165122454
lstm_const,G,43,spci_cqr,0.05643968054121412,0.07434318068418924,0.7708661417322834,0.03669291338582681,1.0036248741044753,10,0.9,True,0.008994325195702202
lstm_const,L,43,agaci_cqr,0.05635342499204571,0.08560893705167474,0.805511811023622,0.01937007874015747,1.0595414992334111,10,1.0,True,0.02865351229964369
lstm,L,42,cqr_rolling,0.05618011988812349,0.06588166739294538,0.8031496062992126,0.018582677165354323,1.0670996780076687,10,0.9,True,0.04691548166837367
lgbm_const,G,42,pid_local_cqr,0.05593881873083001,0.07158847871493554,0.8133858267716535,0.01433070866141728,1.0472634168958308,10,1.0,True,0.0
lgbm_const,G,42,sfogd_cqr,0.055777218049934685,0.05280619672068724,0.8039370078740158,0.00740157480314958,1.0472634168958308,10,1.0,True,0.0
lstm,L,42,spci_cqr,0.05571170642798984,0.05241965277354095,0.7669291338582677,0.03748031496062996,1.0670996780076687,10,0.9,True,0.046123712837060016
lgbm,GI,42,pid_cqr,0.05557805139871158,0.07589042454456137,0.8062992125984252,0.012283464566929104,1.0699379878423252,10,1.0,True,0.0
lstm,L,42,native,0.05539661706519222,0.06936284854288445,0.8771653543307087,0.0771653543307086,1.0670996780076687,10,0.4,False,0.04283383640419158
arma_monthly,L,42,cqr_rolling,0.05507678637996821,0.083354635784663,0.8228346456692913,0.03102362204724409,1.013710100950241,10,1.0,True,0.0
lstm,GF,43,spci_cqr,0.05439632545656847,0.03420511688252438,0.7850393700787401,0.020000000000000028,1.0172830632198389,10,1.0,True,0.06313244043844868
lstm,G,43,pid_cqr,0.05379814608124578,0.06629511871953837,0.8283464566929133,0.028346456692913323,1.0036248741044753,10,1.0,True,0.02071254994800964
lstm,L,42,agaci_cqr,0.053705133676267613,0.07320548473969421,0.8062992125984252,0.017007874015748003,1.0670996780076687,10,1.0,True,0.04624118056848203
arma,L,42,aci_cqr,0.05190935897050214,0.0832154027091906,0.8062992125984252,0.021732283464566914,1.0173893383146013,10,1.0,True,0.0
arma,L,42,pid_cqr,0.05181320443555576,0.07349879937486463,0.8149606299212598,0.014960629921259794,1.0173893383146013,10,0.9,True,0.0
tirex2_cov,ZS,42,pid_local_cqr,0.051620877594862946,0.07531264154007919,0.8031496062992126,0.008503937007873996,1.0008348361219246,10,1.0,True,0.0
lstm_const,G,44,spci_cqr,0.050887929945310495,0.08322241868076011,0.7653543307086614,0.04283464566929136,1.1163553998691171,10,0.8,True,0.008994325195702202
xlstm_const,L,44,aci_cqr,0.050819795663800627,0.04347919922442717,0.8110236220472441,0.02236220472440943,1.0780731998877844,10,1.0,True,0.07251805541910405
lstm,L,42,aci_cqr,0.049805682171168486,0.06944277190485633,0.7976377952755905,0.026614173228346437,1.0670996780076687,10,0.9,True,0.0498548100812633
lgbm,GI,42,pid_local_cqr,0.04963192305857406,0.05591591834549814,0.8039370078740158,0.009291338582677144,1.0699379878423252,10,1.0,True,0.0
lstm,GF,42,pid_cqr,0.04952036292906242,0.05725877880786543,0.8291338582677165,0.029133858267716462,1.11059923106435,10,1.0,True,0.02768397179352139
lgbm,G,42,mondrian_cqr,0.049204060098216484,0.0311437677922324,0.8653543307086615,0.06535433070866137,1.0472634168958308,10,0.6,False,0.0
arma_monthly,L,42,aci_cqr,0.049120625898289194,0.0865756036168224,0.8023622047244094,0.018740157480314944,1.013710100950241,10,1.0,True,0.0
lstm,GI,44,pid_local_cqr,0.04908618324548125,0.07859648775915447,0.815748031496063,0.019212598425196802,1.0440338020144952,10,1.0,True,0.07817366732995895
tirex,ZS,42,mondrian_cqr,0.048705387127426725,0.06705805319184636,0.8661417322834646,0.06614173228346451,1.020220385317009,10,0.6,False,0.0
xlstm,L,42,pid_cqr,0.0485795751506522,0.03476720234715673,0.8110236220472441,0.011968503937007834,1.0731227171946855,10,1.0,True,0.07342701232073218
xlstm_const,L,44,agaci_cqr,0.04856157095519553,0.04676189288189074,0.8047244094488188,0.015433070866141717,1.0780731998877844,10,1.0,True,0.06838115490820607
lstm_const,L,43,cqr_rolling,0.04815635701101112,0.07357932555537036,0.8188976377952756,0.025511811023622,1.0595414992334111,10,1.0,True,0.04118729506073421
lstm,G,42,pid_cqr,0.048023389265849925,0.05880009894345738,0.8283464566929133,0.028346456692913313,1.0975025838268582,10,1.0,True,0.02071254994800964
lstm_const,GF,43,pid_local_cqr,0.04721739878774578,0.07071918768177167,0.8133858267716535,0.01433070866141728,1.0172830632198389,10,0.9,True,0.018432279957511177
arma,L,42,agaci_cqr,0.04721345525395709,0.0887280096158948,0.7937007874015748,0.01669291338582677,1.0173893383146013,10,1.0,True,0.0
lstm_const,L,43,pid_cqr,0.04653278885011447,0.07454244581315041,0.8118110236220473,0.012755905511810984,1.0595414992334111,10,1.0,True,0.02605305200382091
lstm_const,L,44,pid_local_cqr,0.04638592475046888,0.062419194118898624,0.8102362204724409,0.013070866141732251,1.0237310741933918,10,0.9,True,0.02894416351259127
lstm_const,GF,43,spci_cqr,0.046365820175709505,0.06771225912561118,0.7645669291338583,0.0376377952755906,1.0172830632198389,10,0.9,True,0.012716253177802783
tirex2,ZS,42,pid_local_cqr,0.04601311258758273,0.08047046536502381,0.8015748031496063,0.004409448818897621,0.9964555831295029,10,1.0,True,0.0
lstm_const,GF,44,sfogd_cqr,0.04572777851850873,0.06176598043283378,0.8062992125984252,0.008188976377952729,1.1152851783771938,10,0.9,True,0.030193961541327363
tirex,ZS,42,cqr_static,0.045102736185122894,0.12172327560204672,0.7354330708661417,0.09574803149606302,1.020220385317009,10,0.6,False,0.0
lstm,L,43,pid_cqr,0.04481472164867517,0.08782799082268707,0.8102362204724409,0.013700787401574765,1.0595414992334111,10,1.0,True,0.02973817066796114
xlstm_const,GF,43,dtaci_cqr,0.043711420820689906,0.053431450138301584,0.8204724409448818,0.029291338582677108,1.1278203698619054,10,1.0,True,0.03987132653650449
lgbm_const,L,42,aci_cqr,0.0434327057508308,0.06557604573472864,0.8188976377952756,0.026141732283464524,1.083689554279466,10,1.0,True,0.0
lstm_const,L,42,pid_local_cqr,0.0433925297309371,0.0454469856172273,0.815748031496063,0.015748031496062954,1.0670996780076687,10,0.9,True,0.02894416351259127
xlstm,L,42,native,0.043258726106558065,0.045074972615423335,0.7440944881889764,0.06031496062992129,1.0731227171946855,10,0.6,False,0.10224827486267452
lstm_const,L,43,spci_cqr,0.042674555458127705,0.03897282983834186,0.7645669291338583,0.035433070866141794,1.0595414992334111,10,0.9,True,0.06181841731728943
xlstm_const,L,44,dtaci_cqr,0.042403782972533666,0.047909340029136306,0.815748031496063,0.02330708661417318,1.0780731998877844,10,1.0,True,0.06252870557440426
lstm,L,42,pid_local_cqr,0.04172930052318741,0.06008844914396215,0.8086614173228346,0.013070866141732251,1.0670996780076687,10,0.9,True,0.016018885463369992
lstm,G,42,dtaci_cqr,0.04170573288396445,0.045491619957803556,0.832283464566929,0.03228346456692908,1.0975025838268582,10,0.9,True,0.043121598662624716
lgbm,GI,42,spci_cqr,0.04161606459029071,0.03982807484363723,0.7606299212598425,0.03937007874015752,1.0699379878423252,10,1.0,True,0.0
lstm,G,43,dtaci_cqr,0.04154954217182999,0.04647408608363294,0.8409448818897637,0.04094488188976374,1.0036248741044753,10,0.9,True,0.043121598662624716
lstm,L,42,decay_ocp_cqr,0.04052863806241547,0.0740936681635084,0.8362204724409448,0.04692913385826768,1.0670996780076687,10,0.8,True,0.03147245760151374
lstm_const,G,44,sfogd_cqr,0.039590178703716616,0.05367695066579346,0.8039370078740158,0.005826771653543283,1.1163553998691171,10,0.8,True,0.021466455522983874
xlstm_const,L,42,pid_local_cqr,0.03943880561679841,0.05192849891696312,0.8173228346456692,0.01826771653543302,1.0731227171946855,10,0.8,True,0.06394161098961787
xlstm,L,42,decay_ocp_cqr,0.03919698034982522,0.029305434736152935,0.7850393700787401,0.07574803149606299,1.0731227171946855,10,0.4,False,0.0852784468953432
lgbm_const,L,42,pid_cqr,0.03815321362003532,0.07444195491118953,0.8188976377952756,0.018897637795275535,1.083689554279466,10,1.0,True,0.0
xlstm_const,L,44,pid_cqr,0.03730608242922462,0.05312568294891382,0.8133858267716535,0.01433070866141728,1.0780731998877844,10,1.0,True,0.05089625288317584
lstm,G,42,agaci_cqr,0.03727043927424595,0.050383174446168445,0.8236220472440945,0.02551181102362201,1.0975025838268582,10,0.8,True,0.036716761461066616
arma,L,42,cqr_rolling,0.03716301933629268,0.07532599836848088,0.8267716535433071,0.031811023622047206,1.0173893383146013,10,0.9,True,0.0
lstm,G,43,agaci_cqr,0.0369888622806086,0.04200867161671153,0.8236220472440945,0.024566929133858217,1.0036248741044753,10,1.0,True,0.036716761461066616
lstm,G,42,aci_cqr,0.03658633235366643,0.0385377270182648,0.832283464566929,0.032283464566929085,1.0975025838268582,10,0.9,True,0.04139604594352031
tirex2_cov,ZS,42,mondrian_cqr,0.03632132776402863,0.06978803934489766,0.8598425196850394,0.05984251968503933,1.0008348361219246,10,0.8,True,0.0
lstm,G,42,pid_local_cqr,0.0359813327532969,0.047992144698113026,0.8362204724409448,0.036220472440944826,1.0975025838268582,10,0.9,True,0.00941127822782295
lgbm,L,42,decay_ocp_cqr,0.035869098020692214,0.0944844901163682,0.8456692913385826,0.0674015748031496,1.083689554279466,10,0.6,False,0.0
lstm,GF,42,dtaci_cqr,0.03549744353811429,0.046488507872090815,0.8354330708661417,0.03543307086614169,1.11059923106435,10,0.9,True,0.041566927333285375
tirex2,ZS,42,mondrian_cqr,0.035406267906602784,0.07456630414829793,0.8559055118110237,0.05842519685039367,0.9964555831295029,10,0.9,True,0.0
lgbm_const,L,42,dtaci_cqr,0.035254160483102204,0.07381056024651139,0.8267716535433071,0.032440944881889734,1.083689554279466,10,1.0,True,0.0
xlstm,L,42,dtaci_cqr,0.035137453813969655,0.027015817720979374,0.8236220472440945,0.023622047244094425,1.0731227171946855,10,1.0,True,0.07892137156029999
lgbm_const,L,42,agaci_cqr,0.035055437105381115,0.07033570233679225,0.8086614173228346,0.018740157480314934,1.083689554279466,10,1.0,True,0.0
lstm_const,GF,42,sfogd_cqr,0.03460952955188812,0.05971843476762295,0.8039370078740158,0.008346456692913362,1.11059923106435,10,0.9,True,0.030193961541327363
lstm,G,43,aci_cqr,0.03448815674825251,0.038400485866387724,0.8377952755905511,0.03779527559055114,1.0036248741044753,10,0.8,True,0.04139604594352031
lgbm_const,L,42,cqr_rolling,0.03444923667881866,0.05813943078865409,0.8354330708661417,0.03952755905511808,1.083689554279466,10,0.9,True,0.0
lstm,L,43,dtaci_cqr,0.03440542221984405,0.07312403861675523,0.8181102362204724,0.02629921259842515,1.0595414992334111,10,1.0,True,0.04452867165122454
xlstm_const,GF,43,aci_cqr,0.03428644606340486,0.04267478017850285,0.8133858267716535,0.027874015748031444,1.1278203698619054,10,1.0,True,0.026226676194878284
lstm,G,43,cqr_rolling,0.03409085355696151,0.03610362537139422,0.8417322834645669,0.04582677165354326,1.0036248741044753,10,0.9,True,0.048199504683232086
lstm,GI,44,pid_cqr,0.03381758849443145,0.08346642270033697,0.8181102362204724,0.018110236220472385,1.0440338020144952,10,1.0,True,0.06025290693401669
xlstm,L,42,agaci_cqr,0.03314095258733318,0.0244399516637133,0.8118110236220473,0.023464566929133835,1.0731227171946855,10,1.0,True,0.08146870911343079
lstm,G,44,pid_cqr,0.03308559613323614,0.06988156344847639,0.8181102362204724,0.018110236220472385,1.1163553998691171,10,0.9,True,0.02071254994800964
lstm,GF,43,agaci_cqr,0.03307833502105473,0.042623105552073506,0.821259842519685,0.02472440944881884,1.0172830632198389,10,0.9,True,0.04255681634151054
lgbm_const,G,42,spci_cqr,0.03307696969002494,0.06350003040864935,0.7645669291338583,0.035433070866141794,1.0472634168958308,10,0.9,True,0.0
xlstm_const,L,44,cqr_rolling,0.03289062808592802,0.03491599257006402,0.8291338582677165,0.03259842519685037,1.0780731998877844,10,0.9,True,0.06836300021424668
lstm,GF,42,pid_local_cqr,0.03286712283553134,0.044690678527022965,0.8377952755905511,0.037795275590551125,1.11059923106435,10,1.0,True,0.01996203213137676
lstm,GF,43,aci_cqr,0.03260493166993955,0.040013376920036633,0.8377952755905511,0.037795275590551125,1.0172830632198389,10,0.7,True,0.04328235455475332
lstm,L,44,pid_cqr,0.03236335111084471,0.05380111560381171,0.8133858267716535,0.013385826771653498,1.0237310741933918,10,0.9,True,0.02973817066796114
lstm,G,42,spci_cqr,0.03234454982029927,0.021496949146301826,0.7913385826771654,0.029133858267716528,1.0975025838268582,10,1.0,True,0.05112850207593961
lgbm,G,42,saocp_cqr,0.032194234183660575,0.026446860860763467,0.9062992125984252,0.10629921259842516,1.0472634168958308,10,0.3,False,0.0
lstm,GF,43,dtaci_cqr,0.03206238131421396,0.04541868594703634,0.8433070866141732,0.04330708661417317,1.0172830632198389,10,0.8,True,0.041566927333285375
lgbm,L,42,pid_local_cqr,0.03131949237769782,0.07113294827040717,0.8118110236220473,0.012755905511810984,1.083689554279466,10,1.0,True,0.0
lgbm_const,G,42,saocp_cqr,0.030948371728963364,0.014377163501582324,0.905511811023622,0.10551181102362199,1.0472634168958308,10,0.3,False,0.0
xlstm,L,42,pid_local_cqr,0.03086025076438975,0.02267594860550052,0.8078740157480315,0.013228346456692885,1.0731227171946855,10,1.0,True,0.04302119625833406
rw,L,42,pid_local_cqr,0.030848961779947393,0.07535356387869083,0.8165354330708661,0.01653543307086609,1.0,10,1.0,True,0.0
lstm,GF,43,cqr_rolling,0.030683156728123606,0.03611894085192382,0.8433070866141732,0.04425196850393696,1.0172830632198389,10,0.8,True,0.051097728323324376
xlstm_const,GF,44,cqr_rolling,0.030423352438916307,0.07806692288331855,0.8362204724409448,0.0396850393700787,1.0837846971364307,10,0.9,True,0.02178877173869931
xlstm,L,42,aci_cqr,0.030395410461223626,0.023579073873748115,0.8149606299212598,0.02031496062992123,1.0731227171946855,10,0.9,True,0.11056437003642627
lstm,L,43,decay_ocp_cqr,0.03012598816784884,0.06934092507845646,0.8511811023622048,0.05937007874015745,1.0595414992334111,10,0.8,True,0.03147245760151374
lstm,GF,42,agaci_cqr,0.03005263794050378,0.05273557804926597,0.8283464566929133,0.03590551181102358,1.11059923106435,10,0.9,True,0.04255681634151054
lstm,GF,42,aci_cqr,0.029895640536600265,0.03728432479476893,0.8346456692913385,0.034645669291338534,1.11059923106435,10,0.9,True,0.04328235455475332
tirex,ZS,42,pid_local_cqr,0.029860918423399385,0.0638535399926938,0.7992125984251969,0.006141732283464552,1.020220385317009,10,0.9,True,0.0
xlstm,L,44,sfogd_cqr,0.029763790133212453,0.02697966719193141,0.8086614173228346,0.011496062992125956,1.0780731998877844,10,0.9,True,0.07052633890340682
lstm,GF,44,pid_cqr,0.029545101344863822,0.06620171157710378,0.8204724409448818,0.02047244094488183,1.1152851783771938,10,0.8,True,0.02768397179352139
xlstm,L,42,cqr_rolling,0.029523144739962037,0.02158081996061434,0.805511811023622,0.029763779527559032,1.0731227171946855,10,0.8,True,0.10131025166322283
xlstm_const,GF,43,agaci_cqr,0.029458019200998387,0.04962396635836377,0.8110236220472441,0.0185826771653543,1.1278203698619054,10,1.0,True,0.02355861046755109
xlstm_const,GF,44,agaci_cqr,0.029071457524330935,0.09042120319105196,0.8188976377952756,0.024566929133858217,1.0837846971364307,10,1.0,True,0.02355861046755109
lstm,L,43,pid_local_cqr,0.029047225544483468,0.05760693339824926,0.8110236220472441,0.014488188976377925,1.0595414992334111,10,0.9,True,0.016018885463369992
xlstm_const,L,42,native,0.028918935537914914,0.02434494791648504,0.8779527559055118,0.08456692913385824,1.0731227171946855,10,0.6,False,0.04461023659227026
lstm,L,43,sfogd_cqr,0.028684736955995882,0.03671604402782223,0.8094488188976378,0.010393700787401539,1.0595414992334111,10,0.7,True,0.015889128371228467
lstm_const,G,42,sfogd_cqr,0.027995564557966146,0.05664626838455981,0.805511811023622,0.00740157480314958,1.0975025838268582,10,1.0,True,0.021466455522983874
lstm,G,44,pid_local_cqr,0.02799185175684471,0.05685903813078511,0.815748031496063,0.016692913385826725,1.1163553998691171,10,1.0,True,0.00941127822782295
lgbm,L,42,sfogd_cqr,0.027807928945245697,0.05522286983736465,0.8031496062992126,0.0050393700787401356,1.083689554279466,10,1.0,True,0.0
lstm,GF,42,spci_cqr,0.02777369567602689,0.02561844819131235,0.7921259842519686,0.02771653543307089,1.11059923106435,10,1.0,True,0.06313244043844868
lstm,L,43,agaci_cqr,0.027347450932083572,0.06855553361216318,0.8110236220472441,0.017007874015747992,1.0595414992334111,10,1.0,True,0.04624118056848203
xlstm_const,L,44,pid_local_cqr,0.02709892435220035,0.031639085241845874,0.815748031496063,0.016692913385826725,1.0780731998877844,10,1.0,True,0.06394161098961787
lstm,G,43,spci_cqr,0.02690841833302815,0.03068047707564058,0.7803149606299213,0.025039370078740197,1.0036248741044753,10,1.0,True,0.05112850207593961
lstm,G,43,pid_local_cqr,0.026570054525473952,0.03518494477812091,0.8275590551181102,0.027559055118110177,1.0036248741044753,10,1.0,True,0.00941127822782295
xlstm_const,GF,44,dtaci_cqr,0.026442867303199558,0.08987157507319671,0.831496062992126,0.033385826771653485,1.0837846971364307,10,1.0,True,0.03987132653650449
lstm,L,44,pid_local_cqr,0.025710415059817415,0.04057917626759857,0.8133858267716535,0.01433070866141728,1.0237310741933918,10,0.9,True,0.016018885463369992
arma,L,42,spci_cqr,0.02542236819768512,0.052252759744009905,0.7559055118110236,0.04472440944881895,1.0173893383146013,10,0.9,True,0.0
arma_monthly,L,42,spci_cqr,0.02521887683790236,0.05353931129805274,0.7677165354330708,0.03228346456692919,1.013710100950241,10,1.0,True,0.0
lstm,G,42,cqr_rolling,0.024357911367275276,0.02639233534765124,0.8472440944881889,0.04724409448818891,1.0975025838268582,10,0.5,False,0.048199504683232086
xlstm_const,GF,44,aci_cqr,0.02435436962249332,0.08098624456042633,0.8244094488188976,0.03102362204724406,1.0837846971364307,10,1.0,True,0.026226676194878284
xlstm_const,L,43,spci_cqr,0.023881989497901213,0.020342406751491716,0.7661417322834645,0.033858267716535495,1.0869377614736582,10,1.0,True,0.07174465393727059
lstm,L,43,aci_cqr,0.023492029694725303,0.06386502828497818,0.8062992125984252,0.017007874015748003,1.0595414992334111,10,0.9,True,0.0498548100812633
xlstm_const,G,44,pid_cqr,0.023490907068110245,0.05675824466657932,0.8118110236220473,0.0118110236220472,1.0964259229338262,10,1.0,True,0.04248867738459189
lstm,L,43,cqr_rolling,0.023163413634432417,0.06420461832411317,0.8094488188976378,0.017637795275590517,1.0595414992334111,10,0.9,True,0.04691548166837367
lgbm,G,42,cqr_static,0.022913339101141073,0.038492029803477434,0.8622047244094488,0.1044094488188976,1.0472634168958308,10,0.4,False,0.0
lstm,GF,42,cqr_rolling,0.02248717407345524,0.026292084061777722,0.8472440944881889,0.04724409448818891,1.11059923106435,10,0.6,False,0.051097728323324376
lstm_const,L,42,sfogd_cqr,0.022476931973818004,0.02846914510096694,0.805511811023622,0.008976377952755877,1.0670996780076687,10,0.9,True,0.028706235947636327
xlstm_const,GF,44,pid_cqr,0.02170826129412401,0.08141005483972669,0.8149606299212598,0.015905511811023575,1.0837846971364307,10,0.9,True,0.017497136585284623
xlstm,L,44,pid_local_cqr,0.02126550065901317,0.045792663014386434,0.805511811023622,0.013070866141732262,1.0780731998877844,10,0.9,True,0.04302119625833406
lstm,G,44,sfogd_cqr,0.020761053979459654,0.02684217998205767,0.8102362204724409,0.010236220472440905,1.1163553998691171,10,0.9,True,0.02181524259731188
lstm,L,44,spci_cqr,0.020732731886657196,0.040896066016644216,0.778740157480315,0.02566929133858271,1.0237310741933918,10,1.0,True,0.046123712837060016
xlstm_const,GF,43,pid_cqr,0.02012477926232853,0.05228431881912991,0.8078740157480315,0.01133858267716532,1.1278203698619054,10,1.0,True,0.017497136585284623
xlstm_const,G,44,aci_cqr,0.019854524186998457,0.05684194862915196,0.8228346456692913,0.026929133858267663,1.0964259229338262,10,1.0,True,0.04436459001699644
lstm,GF,43,pid_local_cqr,0.019719723415628554,0.038827196415788225,0.8299212598425196,0.029921259842519633,1.0172830632198389,10,1.0,True,0.01996203213137676
rw,L,42,sfogd_cqr,0.01962050540507626,0.05068199495875024,0.8,0.004409448818897621,1.0,10,0.8,True,0.0
lgbm,GI,42,cqr_static,0.019612832424560134,0.019005883356809684,0.8291338582677165,0.08740157480314961,1.0699379878423252,10,0.6,False,0.0
xlstm_const,G,44,agaci_cqr,0.019386168568096218,0.06412970227806254,0.8173228346456692,0.024881889763779485,1.0964259229338262,10,1.0,True,0.041859284697716104
xlstm_const,G,44,dtaci_cqr,0.019322160000536215,0.06284998071082229,0.8307086614173228,0.03322834645669285,1.0964259229338262,10,1.0,True,0.04631959241542949
lstm,GF,43,mondrian_cqr,0.019188061304225013,0.008194631962424459,0.8685039370078741,0.06850393700787397,1.0172830632198389,10,0.7,True,0.0585895150361323
xlstm_const,G,44,cqr_rolling,0.018188436745480374,0.04891387862005712,0.8401574803149605,0.04110236220472435,1.0964259229338262,10,0.9,True,0.035020006813062166
lstm_const,G,43,sfogd_cqr,0.018123723180732743,0.04658294017542256,0.8031496062992126,0.005984251968503917,1.0036248741044753,10,0.9,True,0.021466455522983874
lstm,L,44,sfogd_cqr,0.017883778370848036,0.0224342893171277,0.8078740157480315,0.010708661417322806,1.0237310741933918,10,0.9,True,0.015889128371228467
lstm,GF,42,sfogd_cqr,0.017814883752599764,0.03217146577664021,0.8149606299212598,0.014960629921259794,1.11059923106435,10,1.0,True,0.010115985483167056
lstm,L,44,native,0.017811584236218314,0.027490923110832087,0.8645669291338584,0.065511811023622,1.0237310741933918,10,0.5,False,0.04283383640419158
xlstm_const,GF,43,cqr_rolling,0.0175584283442064,0.03609145202137769,0.8220472440944881,0.034015748031496026,1.1278203698619054,10,1.0,True,0.02178877173869931
lstm_const,L,43,pid_local_cqr,0.017441761237877607,0.038139487126737,0.8188976377952756,0.018897637795275535,1.0595414992334111,10,0.9,True,0.02894416351259127
lstm,GI,44,saocp_cqr,0.017333121058746626,0.03133850368605821,0.8472440944881889,0.0481889763779527,1.0440338020144952,10,0.7,True,0.3146077986771951
tirex2,ZS,42,sfogd_cqr,0.01722363455876763,0.05675696106888993,0.8007874015748031,0.007086614173228334,0.9964555831295029,10,0.8,True,0.0
lgbm,L,42,saocp_cqr,0.01695247548784473,0.04990587614952517,0.8905511811023622,0.09055118110236217,1.083689554279466,10,0.3,False,0.0
xlstm,L,42,spci_cqr,0.016652726073272173,0.008469256554960104,0.7700787401574802,0.03433070866141737,1.0731227171946855,10,0.8,True,0.058032342729143815
lgbm,L,42,cqr_static,0.01622784299320229,0.0019025463545062516,0.8669291338582678,0.11291338582677164,1.083689554279466,10,0.3,False,0.0
rw,L,42,mondrian_cqr,0.016174879816110987,0.03182293624327347,0.8606299212598426,0.06062992125984247,1.0,10,0.7,True,0.0
lstm,GI,44,dtaci_cqr,0.016164153230484313,0.06781978000207382,0.8440944881889763,0.04409448818897632,1.0440338020144952,10,0.9,True,0.04574763742856108
lgbm_const,L,42,native,0.015821442381226736,0.023516276964131742,0.8370078740157479,0.08236220472440943,1.083689554279466,10,0.5,False,0.0
lstm_const,GF,43,sfogd_cqr,0.01553381697718137,0.04421704231082072,0.8031496062992126,0.005984251968503917,1.0172830632198389,10,0.9,True,0.030193961541327363
tirex2_cov,ZS,42,saocp_cqr,0.015504722601912602,0.032915850100063204,0.8795275590551181,0.07952755905511807,1.0008348361219246,10,0.3,False,0.0
lstm,GI,44,sfogd_cqr,0.014437416255596913,0.05425978647267114,0.8149606299212598,0.014960629921259794,1.0440338020144952,10,0.9,True,0.05990639177061907
xlstm_const,L,43,pid_cqr,0.014422841629740002,0.05870246498007061,0.8141732283464567,0.015118110236220427,1.0869377614736582,10,1.0,True,0.05089625288317584
lstm_const,G,44,mondrian_cqr,0.014229355077342465,0.04605524204386402,0.8464566929133858,0.046456692913385764,1.1163553998691171,10,0.8,True,0.010504394981210363
lgbm,GI,42,sfogd_cqr,0.013950058697698775,0.03523193456022726,0.8015748031496063,0.0069291338582677,1.0699379878423252,10,0.9,True,0.0
xlstm_const,GF,43,spci_cqr,0.013456574458653225,0.004169053099573372,0.7440944881889764,0.05590551181102368,1.1278203698619054,10,0.8,True,0.031341261121373754
lstm,GF,44,pid_local_cqr,0.012905090704154576,0.04352163238034035,0.8173228346456692,0.01732283464566925,1.1152851783771938,10,1.0,True,0.01996203213137676
lgbm,GI,42,mondrian_cqr,0.012808440364736995,0.012207810354109427,0.8590551181102363,0.05905511811023617,1.0699379878423252,10,0.8,True,0.0
tirex2_cov,ZS,42,sfogd_cqr,0.012805904060056383,0.0495681772655176,0.8023622047244094,0.007716535433070848,1.0008348361219246,10,0.9,True,0.0
lstm,L,42,sfogd_cqr,0.012795608584767415,0.04584458364153767,0.8039370078740158,0.007716535433070848,1.0670996780076687,10,0.8,True,0.015889128371228467
xlstm_const,G,44,pid_local_cqr,0.012711138092849461,0.028816186408336976,0.8149606299212598,0.015905511811023575,1.0964259229338262,10,0.9,True,0.04784715610078866
lgbm_const,G,42,decay_ocp_cqr,0.012614802704285444,0.027275243279891594,0.8763779527559056,0.08299212598425194,1.0472634168958308,10,0.6,False,0.0
lstm,L,44,dtaci_cqr,0.012115934801570527,0.04320859857040852,0.8165354330708661,0.02251968503937004,1.0237310741933918,10,1.0,True,0.04452867165122454
tirex2,ZS,42,saocp_cqr,0.01200689458190124,0.030523499661984664,0.8937007874015748,0.09370078740157475,0.9964555831295029,10,0.3,False,0.0
lstm_const,G,42,mondrian_cqr,0.01015224008803961,0.0280770084989855,0.8590551181102363,0.05905511811023617,1.0975025838268582,10,0.8,True,0.010504394981210363
xlstm,GF,43,cqr_rolling,0.009839172878983338,0.0007819584151099624,0.7937007874015748,0.029921259842519664,1.1278203698619054,10,0.8,True,0.04668713801359409
lstm,L,43,spci_cqr,0.009587993590929822,0.0451047025260087,0.7818897637795276,0.02251968503937011,1.0595414992334111,10,1.0,True,0.046123712837060016
lstm,GF,44,sfogd_cqr,0.00957131042058973,0.02081149955549224,0.8110236220472441,0.011023622047244053,1.1152851783771938,10,0.8,True,0.010115985483167056
xlstm_const,L,43,native,0.009315716863682544,0.01226728729082266,0.8708661417322835,0.07999999999999999,1.0869377614736582,10,0.5,False,0.04461023659227026
lstm,L,44,cqr_rolling,0.009264638219749821,0.03651379061266167,0.8062992125984252,0.030551181102362192,1.0237310741933918,10,1.0,True,0.04691548166837367
lstm,L,44,decay_ocp_cqr,0.00905618046090173,0.04534913091102159,0.8307086614173228,0.04047244094488187,1.0237310741933918,10,0.9,True,0.03147245760151374
xlstm_const,GF,42,cqr_rolling,0.008634580700216998,-0.009198670458341662,0.8141732283464567,0.025511811023622034,1.1479893620025647,10,1.0,True,0.02178877173869931
xlstm,L,42,saocp_cqr,0.00850337887479502,-0.012446198883595327,0.8685039370078741,0.06850393700787397,1.0731227171946855,10,0.6,False,0.07558296220641181
xlstm_const,GF,44,pid_local_cqr,0.00841752345932767,0.05406065584522916,0.8133858267716535,0.01433070866141728,1.0837846971364307,10,1.0,True,0.030818105172977006
lstm_const,L,42,native,0.008093043836771785,0.013016559299583152,0.8913385826771654,0.0913385826771653,1.0670996780076687,10,0.5,False,0.00954572850925417
lstm,G,44,saocp_cqr,0.00806139495246716,0.006453501713008436,0.8535433070866143,0.054488188976377916,1.1163553998691171,10,0.6,False,0.2891561455583346
xlstm_const,GF,42,aci_cqr,0.008059769868526578,-0.005144708393936914,0.8078740157480315,0.02330708661417321,1.1479893620025647,10,1.0,True,0.026226676194878284
xlstm_const,GF,44,spci_cqr,0.007876379684714774,0.045681034827222314,0.7614173228346457,0.040787401574803185,1.0837846971364307,10,0.9,True,0.031341261121373754
lstm,GF,43,sfogd_cqr,0.007698898269432708,0.020317082385009178,0.8118110236220473,0.0118110236220472,1.0172830632198389,10,1.0,True,0.010115985483167056
lstm,L,44,agaci_cqr,0.007463953107785581,0.041013137404197895,0.8070866141732284,0.026614173228346437,1.0237310741933918,10,0.9,True,0.04624118056848203
lstm,GF,44,saocp_cqr,0.0069779985503894415,0.0031476705943547676,0.8519685039370077,0.05196850393700782,1.1152851783771938,10,0.6,False,0.2906177802832312
xlstm_const,L,42,sfogd_cqr,0.006782522171586258,0.02613944408107206,0.8118110236220473,0.012755905511810984,1.0731227171946855,10,0.8,True,0.056128651627526116
xlstm,L,44,spci_cqr,0.0066129920127822595,0.023425205414986737,0.7614173228346457,0.038582677165354386,1.0780731998877844,10,1.0,True,0.058032342729143815
lstm,G,42,mondrian_cqr,0.006427182620184602,-0.022767667310722627,0.8842519685039371,0.08425196850393696,1.0975025838268582,10,0.3,False,0.02908575984044859
xlstm,GF,43,aci_cqr,0.006407434708833926,0.0026369247866829927,0.794488188976378,0.02503937007874014,1.1278203698619054,10,0.8,True,0.04595788189379174
xlstm_const,GF,42,agaci_cqr,0.005899408733447298,0.0019438037793095165,0.8047244094488188,0.011023622047244075,1.1479893620025647,10,1.0,True,0.02355861046755109
lstm,G,43,mondrian_cqr,0.005842011547902093,0.0008611502818292483,0.858267716535433,0.058267716535433015,1.0036248741044753,10,0.8,True,0.02908575984044859
lstm_const,GF,43,mondrian_cqr,0.005801189236348647,0.03850657934244618,0.8433070866141732,0.043307086614173186,1.0172830632198389,10,1.0,True,0.014894639874995452
xlstm,GF,43,agaci_cqr,0.005231058948780176,0.014899964571942925,0.8007874015748031,0.023464566929133856,1.1278203698619054,10,1.0,True,0.03861227671504852
lstm_const,GF,44,mondrian_cqr,0.005068355249301604,0.029389473781280373,0.8566929133858266,0.056692913385826715,1.1152851783771938,10,0.6,False,0.014894639874995452
lstm_const,GF,42,native,0.004821752307332117,0.004176499901412489,0.905511811023622,0.10551181102362199,1.11059923106435,10,0.3,False,0.006730204903195369
lstm,GI,44,aci_cqr,0.004244552862126327,0.05484380210897046,0.8448818897637794,0.04488188976377947,1.0440338020144952,10,0.7,True,0.04628380323818926
xlstm_const,GF,42,pid_cqr,0.004211124708839387,0.005975242989796137,0.8078740157480315,0.009763779527559024,1.1479893620025647,10,1.0,True,0.017497136585284623
lstm_const,L,42,spci_cqr,0.004133524343848671,0.0354742792253742,0.7590551181102362,0.04094488188976384,1.0670996780076687,10,0.9,True,0.06181841731728943
xlstm_const,G,43,agaci_cqr,0.00390754975060259,0.020195116164746906,0.8125984251968503,0.017007874015747992,1.1851038792992916,10,1.0,True,0.041859284697716104
xlstm_const,GF,42,dtaci_cqr,0.0038400942841854135,-0.00046620127668544064,0.8149606299212598,0.02409448818897637,1.1479893620025647,10,1.0,True,0.03987132653650449
lstm_const,G,43,mondrian_cqr,0.0037249600961321017,0.029263352554504407,0.8566929133858269,0.05921259842519681,1.0036248741044753,10,0.8,True,0.010504394981210363
xlstm_const,GF,44,sfogd_cqr,0.0035791115813391117,0.026993045519537608,0.8039370078740158,0.006771653543307066,1.0837846971364307,10,1.0,True,0.039385726990201764
xlstm_const,G,43,pid_cqr,0.0034680816503853684,0.024473386951223985,0.8062992125984252,0.00913385826771651,1.1851038792992916,10,1.0,True,0.04248867738459189
lstm_const,G,42,native,0.0028495328184725555,0.00286781469511741,0.9086614173228347,0.10866141732283459,1.0975025838268582,10,0.3,False,0.003470053405042084
xlstm,GF,43,dtaci_cqr,0.0028399907707017946,0.012621656237025458,0.8070866141732284,0.02188976377952755,1.1278203698619054,10,0.9,True,0.031478709464229315
lstm,GI,44,cqr_rolling,0.002710822106588906,0.04476848522495621,0.8496062992125983,0.052125984251968446,1.0440338020144952,10,0.7,True,0.04497944207138893
lstm,GI,44,agaci_cqr,0.0026007252101744593,0.059907568080895826,0.8338582677165354,0.033858267716535384,1.0440338020144952,10,0.9,True,0.039818503524161664
lstm,G,43,sfogd_cqr,0.0023950027408128904,0.01414262087881657,0.8118110236220473,0.0118110236220472,1.0036248741044753,10,1.0,True,0.02181524259731188
xlstm_const,L,44,sfogd_cqr,0.0019972680791798814,0.009738077898854525,0.8086614173228346,0.00960629921259839,1.0780731998877844,10,1.0,True,0.056128651627526116
lstm_const,GF,44,native,0.0019937932685207826,0.008786511847565525,0.9110236220472441,0.11102362204724403,1.1152851783771938,10,0.3,False,0.006730204903195369
lgbm_const,G,42,mondrian_cqr,0.001947509823120419,0.01686735016077596,0.8519685039370077,0.05291338582677161,1.0472634168958308,10,0.7,True,0.0
xlstm,L,42,sfogd_cqr,0.001944695458355683,-0.002718722880914326,0.8078740157480315,0.009763779527559024,1.0731227171946855,10,0.9,True,0.07052633890340682
xlstm_const,G,43,dtaci_cqr,0.0013042884917144892,0.021780818684678394,0.8173228346456692,0.024881889763779495,1.1851038792992916,10,1.0,True,0.04631959241542949
lstm,G,44,agaci_cqr,0.0005536778131793318,0.04878064413840466,0.8291338582677165,0.029133858267716462,1.1163553998691171,10,0.9,True,0.036716761461066616
xlstm,GF,43,pid_cqr,0.00016979423600754773,0.0237402137009741,0.8078740157480315,0.012283464566929104,1.1278203698619054,10,1.0,True,0.0072312119803273345
lstm_const,G,44,native,2.490055166559646e-05,0.007450847290562002,0.9141732283464566,0.11417322834645663,1.1163553998691171,10,0.3,False,0.003470053405042084
rw,L,42,native,0.0,0.0,0.9086614173228347,0.10866141732283459,1.0,10,0.4,False,0.0
xlstm_const,L,44,spci_cqr,-4.4072978918674455e-05,-0.0006383571016577161,0.7740157480314961,0.02818897637795279,1.0780731998877844,10,1.0,True,0.07174465393727059
lstm,L,44,aci_cqr,-4.9127910094814986e-05,0.034662802418896355,0.8094488188976378,0.026771653543307072,1.0237310741933918,10,0.9,True,0.0498548100812633
lstm_const,G,43,native,-0.0006205205865695285,0.003077379119220769,0.9133858267716535,0.11338582677165347,1.0036248741044753,10,0.3,False,0.003470053405042084
xlstm,GF,43,spci_cqr,-0.0007898056363460637,0.01307238564995451,0.7590551181102362,0.04377952755905514,1.1278203698619054,10,0.9,True,0.04546369793039323
xlstm_const,L,43,dtaci_cqr,-0.0008726678538623633,0.061968034221661875,0.8196850393700787,0.02220472440944876,1.0869377614736582,10,0.9,True,0.06252870557440426
lstm,G,42,sfogd_cqr,-0.0010541886178522253,0.024887730575487443,0.8125984251968503,0.013543307086614132,1.0975025838268582,10,0.9,True,0.02181524259731188
xlstm_const,G,44,spci_cqr,-0.0011808544775243623,0.014570571849899905,0.7716535433070867,0.03181102362204726,1.0964259229338262,10,1.0,True,0.04783575305406751
lgbm_const,L,42,pid_local_cqr,-0.0012793846886634541,0.0402094746851381,0.821259842519685,0.02125984251968499,1.083689554279466,10,1.0,True,0.0
lstm_const,L,43,native,-0.0013470111679191321,-0.005831410712723284,0.889763779527559,0.09070866141732278,1.0595414992334111,10,0.4,False,0.00954572850925417
lstm,G,44,dtaci_cqr,-0.0014158657786602635,0.051479272643784435,0.8401574803149605,0.04015748031496057,1.1163553998691171,10,0.9,True,0.043121598662624716
lstm_const,L,44,native,-0.001452684672482385,0.009473579655724285,0.8944881889763779,0.1001574803149606,1.0237310741933918,10,0.5,False,0.00954572850925417
lstm_const,GF,43,native,-0.0019084525958632526,0.0033824918469268495,0.9102362204724409,0.11023622047244089,1.0172830632198389,10,0.3,False,0.006730204903195369
xlstm_const,G,44,sfogd_cqr,-0.0025354175903339327,0.00423808508696778,0.8023622047244094,0.005196850393700769,1.0964259229338262,10,1.0,True,0.046052930429065664
xlstm_const,GF,43,pid_local_cqr,-0.0026581401871774712,0.023112950540765252,0.8110236220472441,0.014488188976377913,1.1278203698619054,10,1.0,True,0.030818105172977006
arma,L,42,pid_local_cqr,-0.0030054744350591633,0.026808257219572574,0.8181102362204724,0.01905511811023617,1.0173893383146013,10,0.9,True,0.0
lgbm_const,L,42,sfogd_cqr,-0.003106803893263066,0.028045602810414117,0.8094488188976378,0.010393700787401539,1.083689554279466,10,1.0,True,0.0
xlstm,GF,42,pid_local_cqr,-0.0034448212669641043,0.03337086502391975,0.8110236220472441,0.012913385826771628,1.1479893620025647,10,0.9,True,0.03601294618759765
lstm_const,L,44,sfogd_cqr,-0.0035592686161129983,0.034746673061668044,0.8086614173228346,0.008661417322834607,1.0237310741933918,10,1.0,True,0.028706235947636327
lstm,G,44,aci_cqr,-0.004809713589853881,0.0430531328356657,0.8385826771653543,0.03858267716535426,1.1163553998691171,10,0.7,True,0.04139604594352031
lstm,L,42,mondrian_cqr,-0.005003197780232671,0.00885904910008527,0.8456692913385826,0.04661417322834641,1.0670996780076687,10,0.6,False,0.0557280305597751
lstm,L,42,cqr_static,-0.005047704547948673,-0.04071049077601219,0.7811023622047244,0.12661417322834642,1.0670996780076687,10,0.3,False,0.021910740864562572
lstm_const,G,43,decay_ocp_cqr,-0.005182090084444868,-0.002182240703479854,0.9047244094488189,0.10724409448818895,1.0036248741044753,10,0.3,False,0.010146309871267911
lstm_const,GF,43,decay_ocp_cqr,-0.005199649107996029,-0.00458930932086733,0.9070866141732283,0.10708661417322832,1.0172830632198389,10,0.4,False,0.007838335809097818
xlstm,GF,42,pid_cqr,-0.005436344585479924,0.044161518543081854,0.8094488188976378,0.012913385826771628,1.1479893620025647,10,0.9,True,0.0072312119803273345
xlstm_const,L,43,agaci_cqr,-0.0056660959799241795,0.05837228446542714,0.8086614173228346,0.013070866141732251,1.0869377614736582,10,1.0,True,0.06838115490820607
lstm_const,G,44,decay_ocp_cqr,-0.00568302698097084,0.011194404199503682,0.9118110236220472,0.1118110236220472,1.1163553998691171,10,0.4,False,0.010146309871267911
xlstm_const,G,43,aci_cqr,-0.0059283045424392,0.00788088598551533,0.8086614173228346,0.020944881889763754,1.1851038792992916,10,0.9,True,0.04436459001699644
lstm,GF,44,dtaci_cqr,-0.006069483795171082,0.05337920784289847,0.8472440944881889,0.04724409448818893,1.1152851783771938,10,0.9,True,0.041566927333285375
xlstm_const,L,42,mondrian_cqr,-0.0060809311724704385,0.01948408719521951,0.8645669291338584,0.06456692913385823,1.0731227171946855,10,0.6,False,0.08548771604425831
lstm_const,L,43,sfogd_cqr,-0.006229303973818323,0.03166229561904321,0.8047244094488188,0.00566929133858265,1.0595414992334111,10,0.8,True,0.028706235947636327
tirex,ZS,42,sfogd_cqr,-0.006363381088053899,0.04200897041730014,0.8015748031496063,0.007244094488188968,1.020220385317009,10,0.9,True,0.0
lstm,GI,44,mondrian_cqr,-0.006691879396746703,0.008983088020530484,0.878740157480315,0.07874015748031492,1.0440338020144952,10,0.5,False,0.0651167895605766
lstm_const,GF,44,decay_ocp_cqr,-0.006826932455725687,0.011101600189018467,0.9110236220472441,0.11102362204724406,1.1152851783771938,10,0.4,False,0.007838335809097818
xlstm,G,43,pid_cqr,-0.007036805334001972,0.015952722484693406,0.8118110236220473,0.014645669291338547,1.1851038792992916,10,1.0,True,0.04412046388006208
xlstm,GF,44,pid_cqr,-0.007061417744319787,0.001623303492963002,0.8062992125984252,0.00913385826771651,1.0837846971364307,10,1.0,True,0.0072312119803273345
xlstm_const,L,43,aci_cqr,-0.007880138051748253,0.05614856723304136,0.8070866141732284,0.01559055118110234,1.0869377614736582,10,0.9,True,0.07251805541910405
xlstm,GF,42,dtaci_cqr,-0.007965371485497919,0.02715363590488269,0.8220472440944881,0.02551181102362201,1.1479893620025647,10,0.8,True,0.031478709464229315
lgbm,G,42,pid_tan_cqr,-0.007994400050551742,-0.03312695671730652,0.815748031496063,0.015748031496062943,1.0472634168958308,10,0.7,True,0.0
xlstm,L,43,native,-0.008363622800492632,0.01658014034080988,0.7803149606299213,0.06000000000000001,1.0869377614736582,10,0.6,False,0.10224827486267452
lstm,GF,44,spci_cqr,-0.008736114981880205,0.029286425401075854,0.7811023622047244,0.02393700787401577,1.1152851783771938,10,1.0,True,0.06313244043844868
xlstm,G,42,pid_local_cqr,-0.008808466795104442,0.014667581497230553,0.8078740157480315,0.009763779527559024,1.1822122890628375,10,0.7,True,0.054392726696625815
lstm,L,43,saocp_cqr,-0.00904760081068079,0.00575630400828947,0.9094488188976377,0.10944881889763773,1.0595414992334111,10,0.1,False,0.03552869236609146
lstm_const,GF,42,mondrian_cqr,-0.009093450638646805,0.008147462150916695,0.8598425196850394,0.05984251968503932,1.11059923106435,10,0.6,False,0.014894639874995452
tirex,ZS,42,saocp_cqr,-0.009156298820366338,0.010647600858030293,0.8724409448818898,0.07244094488188972,1.020220385317009,10,0.3,False,0.0
rw,L,42,decay_ocp_cqr,-0.009433752763308156,-0.009435685899639435,0.9102362204724409,0.11023622047244093,1.0,10,0.5,False,0.0
lstm,GF,44,agaci_cqr,-0.009478481320455812,0.04912125259488298,0.8291338582677165,0.029133858267716462,1.1152851783771938,10,0.9,True,0.04255681634151054
lstm_const,L,43,decay_ocp_cqr,-0.010165895768678546,-0.044677699344566425,0.8984251968503937,0.09842519685039366,1.0595414992334111,10,0.5,False,0.006572542540766557
lstm,GF,44,aci_cqr,-0.01067742288481377,0.04827848740397171,0.8401574803149605,0.04015748031496057,1.1152851783771938,10,0.8,True,0.04328235455475332
lstm,G,44,decay_ocp_cqr,-0.011026182396197015,0.0015626751199852463,0.8488188976377952,0.0743307086614173,1.1163553998691171,10,0.4,False,0.05571142798384343
xlstm_const,L,43,cqr_rolling,-0.011364754793156462,0.0530360109550985,0.831496062992126,0.03149606299212594,1.0869377614736582,10,1.0,True,0.06836300021424668
xlstm,L,43,pid_cqr,-0.011412728922753579,0.002572657191095118,0.8094488188976378,0.012913385826771618,1.0869377614736582,10,1.0,True,0.07342701232073218
lstm_const,L,44,decay_ocp_cqr,-0.011847868601601252,-0.004810924832427688,0.8913385826771654,0.0913385826771653,1.0237310741933918,10,0.5,False,0.006572542540766557
lgbm,GI,42,saocp_cqr,-0.011937502354851581,0.006129162911854358,0.8984251968503937,0.09842519685039364,1.0699379878423252,10,0.2,False,0.0
xlstm,L,43,pid_local_cqr,-0.012160945493944308,-0.0059021658800423316,0.8039370078740158,0.011496062992125966,1.0869377614736582,10,0.9,True,0.04302119625833406
lgbm_const,G,42,cqr_static,-0.012212197411025971,-0.11640143922568158,0.9031496062992126,0.10881889763779526,1.0472634168958308,10,0.4,False,0.0
xlstm,L,43,decay_ocp_cqr,-0.012434973772083358,0.005099233976709782,0.8,0.05259842519685039,1.0869377614736582,10,0.8,True,0.0852784468953432
lstm_const,GF,42,decay_ocp_cqr,-0.013037984917093848,-0.007753819453016464,0.921259842519685,0.121259842519685,1.11059923106435,10,0.3,False,0.007838335809097818
lstm,GI,43,spci_cqr,-0.01338099209190946,-0.015726947562448947,0.789763779527559,0.015275590551181096,1.0337611893782745,10,1.0,True,0.0428317851496246
xlstm_const,G,43,cqr_rolling,-0.013406360370600057,0.0032735273914590523,0.8188976377952756,0.027401574803149576,1.1851038792992916,10,1.0,True,0.035020006813062166
lstm,GI,43,pid_local_cqr,-0.013845023730527428,-0.008428041551614963,0.832283464566929,0.03228346456692908,1.0337611893782745,10,1.0,True,0.07817366732995895
lstm,L,44,cqr_static,-0.013923551099374376,-0.042599859519541525,0.8078740157480315,0.08157480314960627,1.0237310741933918,10,0.7,True,0.021910740864562572
xlstm,GF,42,cqr_rolling,-0.013923908274360963,0.014265691472803455,0.8086614173228346,0.01811023622047242,1.1479893620025647,10,0.8,True,0.04668713801359409
xlstm,G,42,dtaci_cqr,-0.013995805656563332,0.01879047255740971,0.8118110236220473,0.02188976377952754,1.1822122890628375,10,1.0,True,0.04226909466791462
lstm,G,44,cqr_rolling,-0.014108651126270577,0.0325632543553912,0.8456692913385826,0.04566929133858262,1.1163553998691171,10,0.7,True,0.048199504683232086
lstm,L,42,saocp_cqr,-0.014774670375710397,0.007286731710457494,0.9173228346456692,0.11732283464566921,1.0670996780076687,10,0.1,False,0.03552869236609146
xlstm,L,44,saocp_cqr,-0.014937861025318577,-0.0033216292338702933,0.8937007874015748,0.09370078740157474,1.0780731998877844,10,0.1,False,0.07558296220641181
xlstm,G,42,pid_cqr,-0.015073015322572658,0.033648750882116205,0.8078740157480315,0.013228346456692885,1.1822122890628375,10,1.0,True,0.04412046388006208
lgbm,L,42,mondrian_cqr,-0.01526009405371015,0.025797996057301743,0.8724409448818898,0.07244094488188971,1.083689554279466,10,0.6,False,0.0
lstm_const,G,42,decay_ocp_cqr,-0.01532839995571278,-0.0070014673827534565,0.9188976377952756,0.11889763779527555,1.0975025838268582,10,0.3,False,0.010146309871267911
xlstm,GF,42,agaci_cqr,-0.015377892926356385,0.0242986080220167,0.8188976377952756,0.021417322834645626,1.1479893620025647,10,1.0,True,0.03861227671504852
xlstm,GF,42,aci_cqr,-0.015545477669675956,0.014448969594612194,0.8094488188976378,0.019527559055118094,1.1479893620025647,10,0.7,True,0.04595788189379174
xlstm_const,L,44,native,-0.015691301054355344,-0.010576535522437026,0.8685039370078741,0.07574803149606295,1.0780731998877844,10,0.5,False,0.04461023659227026
arma_monthly,L,42,pid_local_cqr,-0.015778401090644767,0.05270118823723474,0.8149606299212598,0.015905511811023575,1.013710100950241,10,0.9,True,0.0
xlstm,L,43,dtaci_cqr,-0.015945299467251983,0.00506288354329566,0.8267716535433071,0.026771653543307038,1.0869377614736582,10,1.0,True,0.07892137156029999
xlstm,GF,43,cqr_static,-0.01602849275104401,-0.038185986678322105,0.8669291338582678,0.07354330708661413,1.1278203698619054,10,0.6,False,0.061656306335805766
xlstm,G,43,agaci_cqr,-0.0160539871858007,-0.003676180409000551,0.8133858267716535,0.023464566929133845,1.1851038792992916,10,0.9,True,0.04698804073611379
xlstm,GF,42,decay_ocp_cqr,-0.016284329245759177,0.0086852936253764,0.8338582677165354,0.04362204724409445,1.1479893620025647,10,0.8,True,0.021293546865844393
lstm_const,L,42,decay_ocp_cqr,-0.016738438309445103,-0.01043106150907711,0.9007874015748032,0.1007874015748031,1.0670996780076687,10,0.5,False,0.006572542540766557
xlstm_const,G,42,cqr_rolling,-0.01683157006758179,-0.02225642672137761,0.8188976377952756,0.03748031496062989,1.1822122890628375,10,0.9,True,0.035020006813062166
lstm,L,43,mondrian_cqr,-0.016902467877031424,-0.00059217339038109,0.8637795275590552,0.06377952755905507,1.0595414992334111,10,0.7,True,0.0557280305597751
xlstm_const,G,44,mondrian_cqr,-0.01737578929744521,-0.02587670010736004,0.8606299212598426,0.06062992125984248,1.0964259229338262,10,0.7,True,0.053549687403285806
xlstm_const,GF,42,spci_cqr,-0.017884686662720528,-0.019870093176556247,0.7669291338582677,0.03370078740157485,1.1479893620025647,10,1.0,True,0.031341261121373754
lstm,GF,42,mondrian_cqr,-0.01844982368162562,-0.014164732831714799,0.8779527559055118,0.07795275590551178,1.11059923106435,10,0.7,True,0.0585895150361323
xlstm,G,43,dtaci_cqr,-0.01850222538758639,-0.00782421114467392,0.8047244094488188,0.030551181102362192,1.1851038792992916,10,0.9,True,0.04226909466791462
lstm_const,L,43,mondrian_cqr,-0.018578850606660258,-0.01591009777170408,0.8661417322834646,0.06614173228346451,1.0595414992334111,10,0.5,False,0.015957644183608732
lstm,G,44,spci_cqr,-0.018783952255640335,0.029316237934434962,0.7787401574803149,0.030393700787401612,1.1163553998691171,10,1.0,True,0.05112850207593961
xlstm_const,G,42,pid_cqr,-0.018997770316481644,-0.003069616447638546,0.8047244094488188,0.010078740157480292,1.1822122890628375,10,0.9,True,0.04248867738459189
xlstm,GF,42,native,-0.019037870030664594,-0.007575187928894711,0.8685039370078741,0.06850393700787397,1.1479893620025647,10,0.6,False,0.0807678730633169
xlstm,G,43,pid_local_cqr,-0.019204948303593428,-0.015106340995738987,0.815748031496063,0.016692913385826725,1.1851038792992916,10,1.0,True,0.054392726696625815
xlstm,L,43,agaci_cqr,-0.01929615877249835,0.0022838101773821396,0.8244094488188976,0.025354330708661353,1.0869377614736582,10,1.0,True,0.08146870911343079
lstm,GI,42,pid_cqr,-0.01956812918947326,-0.014396369149390409,0.8299212598425196,0.029921259842519622,1.075299236684283,10,1.0,True,0.06025290693401669
lstm,GF,44,cqr_rolling,-0.02041457159520077,0.035206406710431834,0.8472440944881889,0.047244094488188934,1.1152851783771938,10,0.8,True,0.051097728323324376
lstm,GF,44,decay_ocp_cqr,-0.021205230370710648,-0.0006812416308734082,0.8472440944881889,0.07464566929133856,1.1152851783771938,10,0.4,False,0.06935992327039564
xlstm,G,42,agaci_cqr,-0.021270328172591224,0.014366249824493393,0.8078740157480315,0.01889763779527558,1.1822122890628375,10,1.0,True,0.04698804073611379
xlstm,G,42,cqr_rolling,-0.02141431569760377,0.002979110849076183,0.7976377952755905,0.02535433070866141,1.1822122890628375,10,0.9,True,0.04087685490267989
lstm,GI,44,decay_ocp_cqr,-0.02162372032040205,-0.001045455185990063,0.821259842519685,0.0848818897637795,1.0440338020144952,10,0.4,False,0.128990680886506
xlstm_const,G,43,pid_local_cqr,-0.021712455458866575,-0.008475115155777035,0.8102362204724409,0.015275590551181061,1.1851038792992916,10,0.9,True,0.04784715610078866
xlstm,G,42,decay_ocp_cqr,-0.022293160063932782,0.0006796646861785161,0.8480314960629922,0.04992125984251966,1.1822122890628375,10,0.8,True,0.052842257699864614
xlstm_const,GF,42,pid_local_cqr,-0.022400581713649337,-0.011546874093806614,0.8078740157480315,0.009763779527559024,1.1479893620025647,10,0.9,True,0.030818105172977006
xlstm_const,GF,44,native,-0.022413433375213954,-0.04294094131528211,0.9070866141732283,0.10708661417322829,1.0837846971364307,10,0.3,False,0.0651427563382112
xlstm_const,G,42,agaci_cqr,-0.022473116129619886,-0.009157772099950556,0.8118110236220473,0.013700787401574765,1.1822122890628375,10,1.0,True,0.041859284697716104
lstm,G,44,mondrian_cqr,-0.022658577220263987,-0.0067280931345641394,0.8724409448818898,0.07244094488188971,1.1163553998691171,10,0.6,False,0.02908575984044859
lstm,GI,44,spci_cqr,-0.02393343373878576,0.027420795695624434,0.7984251968503937,0.02204724409448818,1.0440338020144952,10,0.9,True,0.0428317851496246
xlstm,G,42,native,-0.02440966195093741,-0.015430266354547795,0.8685039370078741,0.06850393700787397,1.1822122890628375,10,0.5,False,0.11475998172883572
xlstm_const,L,43,pid_local_cqr,-0.02450280537281946,0.019504614326411596,0.8173228346456692,0.01732283464566924,1.0869377614736582,10,1.0,True,0.06394161098961787
xlstm_const,G,42,aci_cqr,-0.024510065829997985,-0.021107776001893397,0.8078740157480315,0.02708661417322831,1.1822122890628375,10,1.0,True,0.04436459001699644
lstm,GI,42,dtaci_cqr,-0.02457007136308209,-0.02690740087515727,0.8236220472440945,0.023622047244094436,1.075299236684283,10,0.9,True,0.04574763742856108
lstm,GI,43,agaci_cqr,-0.024707634886239838,-0.008553599039192594,0.8228346456692913,0.02629921259842515,1.0337611893782745,10,0.7,True,0.039818503524161664
xlstm,G,42,aci_cqr,-0.02486770438249175,0.003463080366798821,0.8,0.025196850393700766,1.1822122890628375,10,0.8,True,0.04525002331034511
xlstm_const,GF,44,decay_ocp_cqr,-0.024879257524496268,-0.03030005991921687,0.9039370078740158,0.1064566929133858,1.0837846971364307,10,0.4,False,0.011233113313253273
xlstm,GF,44,decay_ocp_cqr,-0.025039278013789024,-0.03931405697564969,0.8566929133858269,0.06551181102362201,1.0837846971364307,10,0.4,False,0.021293546865844393
xlstm,G,42,sfogd_cqr,-0.025107005216248868,-0.005274537506725729,0.8062992125984252,0.011023622047244075,1.1822122890628375,10,0.9,True,0.055731917032886935
xlstm,L,44,pid_tan_cqr,-0.025150206536821207,-0.05326713048641581,0.8196850393700787,0.023149606299212554,1.0780731998877844,10,0.6,False,0.12808359185324347
xlstm_const,L,42,saocp_cqr,-0.025479797615771904,-0.026061510779413943,0.9165354330708662,0.11653543307086611,1.0731227171946855,10,0.2,False,0.03982244187776973
xlstm_const,L,42,decay_ocp_cqr,-0.025554656071182236,-0.005680689282577589,0.9015748031496063,0.10157480314960625,1.0731227171946855,10,0.3,False,0.008885679342804487
xlstm,GF,43,pid_local_cqr,-0.02563547064764593,0.0025047618689333696,0.8078740157480315,0.009763779527559024,1.1278203698619054,10,0.9,True,0.03601294618759765
xlstm,GF,42,sfogd_cqr,-0.025712903936275677,0.010392874835922161,0.8047244094488188,0.006614173228346431,1.1479893620025647,10,1.0,True,0.014341987532967226
arma,L,42,sfogd_cqr,-0.02571999774867384,0.002690967785927534,0.8023622047244094,0.005196850393700769,1.0173893383146013,10,0.7,True,0.0
lgbm_const,L,42,decay_ocp_cqr,-0.025872581466937383,-0.0209230213380757,0.8834645669291339,0.08535433070866136,1.083689554279466,10,0.5,False,0.0
xlstm_const,GF,42,sfogd_cqr,-0.026163521386980082,-0.03471370223764523,0.8039370078740158,0.0064566929133857975,1.1479893620025647,10,1.0,True,0.039385726990201764
lstm_const,L,44,mondrian_cqr,-0.02627874639848593,0.019102983915322447,0.8456692913385826,0.050708661417322796,1.0237310741933918,10,0.8,True,0.015957644183608732
lstm,GI,43,pid_cqr,-0.026435318439585243,0.00848983516976578,0.832283464566929,0.03228346456692908,1.0337611893782745,10,1.0,True,0.06025290693401669
lstm,L,43,cqr_static,-0.026958445412511245,-0.05762587945700369,0.8527559055118111,0.1381102362204724,1.0595414992334111,10,0.3,False,0.021910740864562572
xlstm_const,G,42,dtaci_cqr,-0.026997432414893274,-0.013861635518331939,0.8181102362204724,0.027874015748031455,1.1822122890628375,10,1.0,True,0.04631959241542949
xlstm,G,43,cqr_rolling,-0.027103880171938988,-0.02247246165869301,0.7992125984251969,0.040157480314960636,1.1851038792992916,10,0.8,True,0.04087685490267989
tirex,ZS,42,pid_tan_cqr,-0.027207379970975498,-0.0066720985912878785,0.8047244094488188,0.009763779527559024,1.020220385317009,10,0.9,True,0.0
lstm_const,GF,43,cqr_static,-0.027572760411424424,-0.14202659702079784,0.8842519685039371,0.11070866141732283,1.0172830632198389,10,0.3,False,0.013859848973128863
xlstm,L,44,mondrian_cqr,-0.02759576945998471,-0.006328762072073557,0.8535433070866141,0.053543307086614124,1.0780731998877844,10,0.7,True,0.05945665422119367
xlstm_const,L,44,decay_ocp_cqr,-0.02775667007875926,-0.06201436042905488,0.8937007874015748,0.09370078740157475,1.0780731998877844,10,0.5,False,0.008885679342804487
xlstm,GF,44,dtaci_cqr,-0.02863871869352752,-0.021882893040302366,0.8299212598425196,0.030866141732283414,1.0837846971364307,10,0.7,True,0.031478709464229315
xlstm_const,GF,42,decay_ocp_cqr,-0.028996546280969593,-0.04802417393542716,0.8755905511811024,0.0828346456692913,1.1479893620025647,10,0.6,False,0.011233113313253273
lstm,GI,42,pid_local_cqr,-0.0290874840844777,-0.02283324703205598,0.8338582677165354,0.03385826771653537,1.075299236684283,10,1.0,True,0.07817366732995895
lstm,GI,43,dtaci_cqr,-0.02958348419807677,-0.007750013720223647,0.8377952755905511,0.037795275590551125,1.0337611893782745,10,0.8,True,0.04574763742856108
lstm_const,GF,44,cqr_static,-0.02992553890206573,-0.11811772907078293,0.8874015748031496,0.11669291338582674,1.1152851783771938,10,0.4,False,0.013859848973128863
arma_monthly,L,42,sfogd_cqr,-0.0301662878413419,0.02544777094384939,0.8031496062992126,0.005984251968503917,1.013710100950241,10,0.9,True,0.0
lstm_const,L,44,cqr_static,-0.030494851575719406,-0.1381216626448301,0.8779527559055118,0.11133858267716534,1.0237310741933918,10,0.4,False,0.0482320896598597
xlstm,G,42,cqr_static,-0.030504780460792524,-0.13275981320817717,0.752755905511811,0.13070866141732285,1.1822122890628375,10,0.5,False,0.061483158203217925
xlstm_const,G,43,decay_ocp_cqr,-0.030553163763235136,-0.07671495283168775,0.8858267716535433,0.10188976377952752,1.1851038792992916,10,0.5,False,0.01569845985841667
xlstm,G,43,aci_cqr,-0.030640718802534384,-0.020002365538019783,0.7968503937007874,0.03779527559055118,1.1851038792992916,10,0.7,True,0.04525002331034511
lstm,GI,44,native,-0.03143780514948169,-0.024061238804556094,0.6346456692913386,0.16535433070866146,1.0440338020144952,10,0.1,False,0.22219473157668868
lgbm_const,L,42,saocp_cqr,-0.032059779758646934,-0.010014052233899784,0.8960629921259843,0.09606299212598421,1.083689554279466,10,0.5,False,0.0
lstm_const,G,44,cqr_static,-0.03220981305998816,-0.11348702622653248,0.8874015748031496,0.11921259842519683,1.1163553998691171,10,0.2,False,0.018048120604617135
xlstm,GF,44,agaci_cqr,-0.033381217766268345,-0.03092322412105325,0.8165354330708661,0.022204724409448783,1.0837846971364307,10,0.8,True,0.03861227671504852
xlstm,L,43,cqr_rolling,-0.03364339668764793,-0.010142974628059465,0.8204724409448818,0.02299212598425192,1.0869377614736582,10,0.8,True,0.10131025166322283
xlstm,L,44,cqr_static,-0.03375252458866507,-0.010170307896075592,0.7803149606299213,0.13370078740157482,1.0780731998877844,10,0.1,False,0.02469342206800529
lstm_const,L,42,cqr_static,-0.033802927373262515,-0.16514101757483995,0.9149606299212598,0.1149606299212598,1.0670996780076687,10,0.4,False,0.0482320896598597
lstm_const,G,43,cqr_static,-0.033817583400701845,-0.1518442290125035,0.8700787401574803,0.1248818897637795,1.0036248741044753,10,0.1,False,0.018048120604617135
lgbm_const,L,42,spci_cqr,-0.034049139570801246,0.020717006516036408,0.7779527559055118,0.023307086614173265,1.083689554279466,10,1.0,True,0.0
xlstm_const,G,43,sfogd_cqr,-0.03412700315490902,-0.03041673235902259,0.8023622047244094,0.005196850393700769,1.1851038792992916,10,0.9,True,0.046052930429065664
xlstm_const,L,43,decay_ocp_cqr,-0.03444033541398672,-0.03533902538555996,0.9086614173228347,0.10960629921259839,1.0869377614736582,10,0.3,False,0.008885679342804487
lstm_const,L,42,mondrian_cqr,-0.03453649479026899,-0.01813582571833494,0.8503937007874015,0.05039370078740153,1.0670996780076687,10,0.9,True,0.015957644183608732
arma,L,42,native,-0.03495346667260535,-0.043082095081641694,0.9039370078740158,0.10393700787401569,1.0173893383146013,10,0.4,False,0.0
arma_monthly,L,42,native,-0.03505346822968369,-0.031165174203499946,0.9007874015748032,0.1007874015748031,1.013710100950241,10,0.4,False,0.0
xlstm_const,G,42,pid_local_cqr,-0.035136018007939196,-0.028140513140202016,0.8086614173228346,0.01212598425196847,1.1822122890628375,10,0.8,True,0.04784715610078866
lstm,GI,43,cqr_rolling,-0.035177598514069874,-0.019198850517922438,0.8354330708661417,0.03795275590551177,1.0337611893782745,10,0.7,True,0.04497944207138893
rw,L,42,cqr_static,-0.03567843405889792,-0.16762853884894952,0.9149606299212598,0.12377952755905508,1.0,10,0.3,False,0.0
xlstm,GF,42,cqr_static,-0.03573989324796556,-0.12412913859091532,0.7543307086614173,0.12157480314960631,1.1479893620025647,10,0.5,False,0.061656306335805766
xlstm_const,GF,43,sfogd_cqr,-0.03580661540886265,-0.0021253273084149704,0.8031496062992126,0.0050393700787401356,1.1278203698619054,10,0.9,True,0.039385726990201764
lstm_const,GF,43,saocp_cqr,-0.035957710640034835,-0.04470780212533163,0.9330708661417322,0.1330708661417322,1.0172830632198389,10,0.1,False,0.017353546168396017
xlstm_const,GF,43,decay_ocp_cqr,-0.03611237083774954,-0.043687793938931366,0.8858267716535433,0.09244094488188974,1.1278203698619054,10,0.5,False,0.011233113313253273
lgbm,GI,42,pid_tan_cqr,-0.03644139393532586,-0.06951087657141863,0.8133858267716535,0.016850393700787357,1.0699379878423252,10,0.6,False,0.0
xlstm_const,G,44,native,-0.03655291805265104,-0.062415762418779386,0.9078740157480315,0.10787401574803143,1.0964259229338262,10,0.3,False,0.06508526389813685
xlstm,GF,44,cqr_rolling,-0.03684796513461075,-0.03978002017646811,0.8181102362204724,0.024724409448818863,1.0837846971364307,10,0.8,True,0.04668713801359409
lstm_const,G,43,saocp_cqr,-0.036931161291341996,-0.046379822503694476,0.9354330708661417,0.13543307086614167,1.0036248741044753,10,0.0,False,0.014352179017138922
lstm,GI,42,agaci_cqr,-0.037217778313987204,-0.029982818748994798,0.8070866141732284,0.016220472440944857,1.075299236684283,10,0.8,True,0.039818503524161664
lstm,GI,43,sfogd_cqr,-0.03727565123409082,-0.02046509635263377,0.8149606299212598,0.014960629921259794,1.0337611893782745,10,1.0,True,0.05990639177061907
lgbm_const,L,42,mondrian_cqr,-0.037456059933019814,-0.0017143661660297682,0.8637795275590552,0.06377952755905507,1.083689554279466,10,0.7,True,0.0
xlstm,GF,43,decay_ocp_cqr,-0.03757787611160357,-0.034195062436976106,0.8755905511811024,0.0755905511811023,1.1278203698619054,10,0.4,False,0.021293546865844393
xlstm,GF,44,sfogd_cqr,-0.03833603335311753,-0.03317557814166695,0.8047244094488188,0.007559055118110214,1.0837846971364307,10,1.0,True,0.014341987532967226
rw,L,42,saocp_cqr,-0.0393337539435652,-0.0535661908588428,0.931496062992126,0.13149606299212593,1.0,10,0.0,False,0.0
lstm,GF,44,mondrian_cqr,-0.03940145373190729,-0.00797030006637255,0.8803149606299213,0.0803149606299212,1.1152851783771938,10,0.4,False,0.0585895150361323
xlstm,GF,44,spci_cqr,-0.03943194707992298,-0.03656369022784639,0.7614173228346457,0.04078740157480319,1.0837846971364307,10,0.9,True,0.04546369793039323
xlstm,GF,44,pid_local_cqr,-0.039457767454561754,-0.016519023930838005,0.8078740157480315,0.008818897637795243,1.0837846971364307,10,1.0,True,0.03601294618759765
xlstm,GF,44,aci_cqr,-0.039550447184957815,-0.037853134736582875,0.8228346456692913,0.022834645669291286,1.0837846971364307,10,0.9,True,0.04595788189379174
lstm_const,G,43,pid_tan_cqr,-0.03964555785018009,-0.01563890176703625,0.8188976377952756,0.020787401574803098,1.0036248741044753,10,0.7,True,0.06126311764866843
lstm,GI,43,aci_cqr,-0.03992148952985819,-0.020012357611645694,0.832283464566929,0.033228346456692856,1.0337611893782745,10,0.7,True,0.04628380323818926
xlstm,GF,43,sfogd_cqr,-0.040054891469242904,-0.028693503506253614,0.8031496062992126,0.008503937007873996,1.1278203698619054,10,0.8,True,0.014341987532967226
xlstm,G,43,sfogd_cqr,-0.04014359135306167,-0.03892074650719986,0.8062992125984252,0.010708661417322806,1.1851038792992916,10,0.9,True,0.055731917032886935
lstm_const,GF,43,pid_tan_cqr,-0.04026690761156326,-0.01595139346009423,0.8181102362204724,0.020629921259842466,1.0172830632198389,10,0.6,False,0.053401987646616744
xlstm,L,43,sfogd_cqr,-0.04076254877019436,-0.018012853309707966,0.805511811023622,0.005511811023622015,1.0869377614736582,10,0.9,True,0.07052633890340682
xlstm,L,42,mondrian_cqr,-0.04080222692692981,-0.05173119264466266,0.8527559055118111,0.052755905511810974,1.0731227171946855,10,0.4,False,0.05945665422119367
xlstm_const,G,43,spci_cqr,-0.04131917975385291,-0.037374735030434716,0.7519685039370079,0.04803149606299219,1.1851038792992916,10,0.9,True,0.04783575305406751
xlstm,L,43,spci_cqr,-0.04137961665587164,-0.0141178794895073,0.7724409448818897,0.03196850393700791,1.0869377614736582,10,1.0,True,0.058032342729143815
lstm_const,GF,42,cqr_static,-0.04143260938455329,-0.16561123592961213,0.9322834645669291,0.13228346456692905,1.11059923106435,10,0.1,False,0.013859848973128863
arma_monthly,L,42,mondrian_cqr,-0.04147073301273679,-0.011231262096329886,0.8606299212598426,0.06062992125984248,1.013710100950241,10,0.8,True,0.0
lstm_const,G,44,saocp_cqr,-0.04168843803557443,-0.04865197371693455,0.931496062992126,0.13149606299212596,1.1163553998691171,10,0.1,False,0.014352179017138922
xlstm_const,L,42,cqr_static,-0.041803336322643214,-0.2113047980844493,0.915748031496063,0.11574803149606297,1.0731227171946855,10,0.4,False,0.12609582101619787
lstm,GI,42,aci_cqr,-0.04203925037606293,-0.04068835912640022,0.8188976377952756,0.019842519685039316,1.075299236684283,10,0.8,True,0.04628380323818926
xlstm,GI,42,native,-0.04226095017150089,-0.037621763110749676,0.8464566929133858,0.05842519685039366,1.1959722733349845,10,0.7,True,0.12051510930220999
lstm,GI,42,cqr_rolling,-0.042268619964800025,-0.04950201088694036,0.8370078740157479,0.03700787401574799,1.075299236684283,10,0.8,True,0.04497944207138893
lstm_const,GF,44,saocp_cqr,-0.04231153714818536,-0.04707215243986014,0.931496062992126,0.13149606299212596,1.1152851783771938,10,0.0,False,0.017353546168396017
xlstm_const,G,42,decay_ocp_cqr,-0.04282304371700674,-0.06313717136191475,0.8755905511811024,0.07968503937007869,1.1822122890628375,10,0.6,False,0.01569845985841667
xlstm,G,42,spci_cqr,-0.04328430377541881,-0.02555467657651973,0.7622047244094488,0.03905511811023625,1.1822122890628375,10,0.9,True,0.03536627357008182
tirex2,ZS,42,pid_tan_cqr,-0.04420724663471948,0.015139932505183095,0.8102362204724409,0.013070866141732251,0.9964555831295029,10,0.6,False,0.0
lstm,L,44,saocp_cqr,-0.04457629317677225,-0.0356211388081754,0.9110236220472441,0.11102362204724403,1.0237310741933918,10,0.2,False,0.03552869236609146
lstm,GI,42,sfogd_cqr,-0.04546897551502216,-0.030531921635987547,0.8102362204724409,0.010236220472440905,1.075299236684283,10,1.0,True,0.05990639177061907
xlstm_const,G,44,decay_ocp_cqr,-0.046251623621651805,-0.045107718136376,0.8968503937007875,0.09937007874015744,1.0964259229338262,10,0.4,False,0.01569845985841667
xlstm,GF,42,spci_cqr,-0.046253503566739296,-0.003539141006331248,0.7598425196850394,0.0439370078740158,1.1479893620025647,10,0.8,True,0.04546369793039323
tirex2_cov,ZS,42,pid_tan_cqr,-0.046887386476031634,0.006081375795247268,0.8094488188976378,0.010393700787401539,1.0008348361219246,10,0.6,False,0.0
xlstm,GI,43,pid_local_cqr,-0.0473132307677262,-0.05638599010061872,0.8196850393700787,0.019685039370078684,1.2317047695966548,10,0.9,True,0.059815501887016786
xlstm,GI,42,decay_ocp_cqr,-0.047642819586476204,-0.04428752626558996,0.8370078740157479,0.06346456692913384,1.1959722733349845,10,0.6,False,0.09077487031521447
xlstm,GI,43,pid_cqr,-0.04786680479788197,-0.04482812674115964,0.8181102362204724,0.020629921259842466,1.2317047695966548,10,1.0,True,0.05681256719808481
xlstm_const,G,42,sfogd_cqr,-0.048588348019399596,-0.0412692816428877,0.8023622047244094,0.006771653543307066,1.1822122890628375,10,0.9,True,0.046052930429065664
xlstm,G,43,spci_cqr,-0.04885224688914591,-0.019942372783341978,0.7614173228346457,0.04456692913385829,1.1851038792992916,10,0.8,True,0.03536627357008182
xlstm_const,G,42,spci_cqr,-0.04901660753159187,-0.04603767842127626,0.768503937007874,0.035275590551181145,1.1822122890628375,10,1.0,True,0.04783575305406751
arma_monthly,L,42,decay_ocp_cqr,-0.049339309376622564,-0.06743138708344981,0.9102362204724409,0.11748031496062987,1.013710100950241,10,0.3,False,0.0
xlstm_const,L,43,sfogd_cqr,-0.04934612945593986,-0.001772176222384847,0.8047244094488188,0.008188976377952729,1.0869377614736582,10,1.0,True,0.056128651627526116
lstm_const,G,42,cqr_static,-0.05025793366460529,-0.16777753239245546,0.9291338582677164,0.12913385826771648,1.0975025838268582,10,0.2,False,0.018048120604617135
xlstm,L,43,aci_cqr,-0.05109437135983419,-0.014690272057887855,0.8291338582677165,0.029133858267716493,1.0869377614736582,10,0.9,True,0.11056437003642627
xlstm,GF,44,mondrian_cqr,-0.05114635751731533,-0.020402534313396746,0.8653543307086615,0.06535433070866138,1.0837846971364307,10,0.4,False,0.022011732747227564
xlstm,G,44,pid_cqr,-0.05115726921406405,-0.025060153048793787,0.8102362204724409,0.010236220472440905,1.0964259229338262,10,1.0,True,0.04412046388006208
lstm_const,G,42,saocp_cqr,-0.05128334030848092,-0.05001677341284268,0.9307086614173228,0.1307086614173228,1.0975025838268582,10,0.2,False,0.014352179017138922
xlstm,L,42,pid_tan_cqr,-0.051312646114450244,-0.0969115102673671,0.8181102362204724,0.01905511811023617,1.0731227171946855,10,0.6,False,0.12808359185324347
xlstm_const,L,44,mondrian_cqr,-0.05290295549166191,-0.03094736231466888,0.8503937007874015,0.051338582677165304,1.0780731998877844,10,0.6,False,0.08548771604425831
arma,L,42,mondrian_cqr,-0.05303802376447553,-0.007144529611048012,0.8551181102362205,0.05511811023622043,1.0173893383146013,10,0.8,True,0.0
lstm_const,GF,42,saocp_cqr,-0.05331125680843085,-0.05422190826548434,0.9299212598425196,0.12992125984251965,1.11059923106435,10,0.1,False,0.017353546168396017
xlstm_const,GF,43,native,-0.054479512537604746,-0.05376718922897785,0.9,0.09999999999999995,1.1278203698619054,10,0.4,False,0.0651427563382112
xlstm,L,43,cqr_static,-0.05608167365655048,-0.13861915866338004,0.8181102362204724,0.1179527559055118,1.0869377614736582,10,0.3,False,0.02469342206800529
lstm,GI,42,spci_cqr,-0.05621277724153406,-0.031172375919586458,0.7960629921259843,0.022834645669291342,1.075299236684283,10,1.0,True,0.0428317851496246
xlstm,G,44,dtaci_cqr,-0.05626490032447795,-0.045731971112692095,0.8188976377952756,0.026141732283464524,1.0964259229338262,10,1.0,True,0.04226909466791462
arma,L,42,pid_tan_cqr,-0.05629669355867578,-0.02250265885508492,0.8173228346456692,0.01732283464566924,1.0173893383146013,10,0.8,True,0.0
xlstm,G,44,decay_ocp_cqr,-0.057701026992217574,-0.07963107543681805,0.8653543307086615,0.07417322834645665,1.0964259229338262,10,0.4,False,0.052842257699864614
lstm,G,43,cqr_static,-0.05800768575666482,-0.15875930020339937,0.8771653543307087,0.1215748031496063,1.0036248741044753,10,0.4,False,0.0780215910095694
xlstm_const,GF,44,mondrian_cqr,-0.05829216904219925,-0.013330797665517447,0.8716535433070867,0.07165354330708658,1.0837846971364307,10,0.7,True,0.026953151789162022
xlstm,L,42,cqr_static,-0.058445946656670356,-0.09046538084580122,0.7740157480314961,0.1283464566929134,1.0731227171946855,10,0.3,False,0.02469342206800529
lstm,L,44,mondrian_cqr,-0.06073122834000777,-0.014603301466676443,0.8614173228346458,0.06141732283464564,1.0237310741933918,10,0.8,True,0.0557280305597751
xlstm_const,L,43,saocp_cqr,-0.06079218588339952,-0.05532653528814344,0.9094488188976377,0.10944881889763777,1.0869377614736582,10,0.3,False,0.03982244187776973
lstm,GI,43,mondrian_cqr,-0.0617416150409944,-0.063079533839888,0.8645669291338584,0.06456692913385823,1.0337611893782745,10,0.7,True,0.0651167895605766
lstm,G,44,native,-0.06205718888268563,-0.03215206469918219,0.6535433070866141,0.1470866141732284,1.1163553998691171,10,0.1,False,0.17832776574092313
xlstm,G,44,cqr_rolling,-0.06229117060028366,-0.06436606427512673,0.8133858267716535,0.018425196850393677,1.0964259229338262,10,0.6,False,0.04087685490267989
xlstm,G,43,cqr_static,-0.06264181344346209,-0.05899659906840414,0.8748031496062992,0.08929133858267714,1.1851038792992916,10,0.3,False,0.061483158203217925
lstm_const,L,42,saocp_cqr,-0.06269004198124939,-0.050586325111351436,0.915748031496063,0.11574803149606291,1.0670996780076687,10,0.2,False,0.0014026770271242661
xlstm,G,44,agaci_cqr,-0.06304202792191449,-0.05222501704263247,0.8078740157480315,0.022677165354330696,1.0964259229338262,10,0.9,True,0.04698804073611379
xlstm,G,44,pid_local_cqr,-0.06320119349173026,-0.039910580061802994,0.8125984251968503,0.013543307086614132,1.0964259229338262,10,1.0,True,0.054392726696625815
lstm_const,L,43,saocp_cqr,-0.06387438533729772,-0.06381197195079677,0.9149606299212598,0.1149606299212598,1.0595414992334111,10,0.3,False,0.0014026770271242661
xlstm,GI,43,dtaci_cqr,-0.06393172603807029,-0.05970120932575255,0.8062992125984252,0.03275590551181101,1.2317047695966548,10,0.8,True,0.048060393286147196
lstm_const,L,44,saocp_cqr,-0.06409271900837366,-0.05375027000853379,0.9204724409448819,0.12047244094488181,1.0237310741933918,10,0.2,False,0.0014026770271242661
xlstm_const,G,42,cqr_static,-0.06489130357908135,-0.187375414218156,0.8165354330708661,0.132755905511811,1.1822122890628375,10,0.4,False,0.01803424877945392
xlstm_const,L,44,saocp_cqr,-0.06530223949354164,-0.06000786260224837,0.9086614173228347,0.10866141732283459,1.0780731998877844,10,0.3,False,0.03982244187776973
lstm,GF,43,decay_ocp_cqr,-0.06536022421501286,-0.12702168556166488,0.931496062992126,0.13149606299212596,1.0172830632198389,10,0.1,False,0.06935992327039564
lstm,GF,43,cqr_static,-0.06563018280475907,-0.1751403635511223,0.8748031496062992,0.10976377952755904,1.0172830632198389,10,0.5,False,0.08719725952766277
xlstm,GI,43,sfogd_cqr,-0.06583288865950343,-0.06767316561564655,0.8094488188976378,0.0138582677165354,1.2317047695966548,10,0.9,True,0.07827617445823498
xlstm,GI,42,pid_cqr,-0.06592721723080186,-0.008043102175855299,0.8070866141732284,0.01559055118110234,1.1959722733349845,10,1.0,True,0.05681256719808481
lstm,G,43,decay_ocp_cqr,-0.0664766753854319,-0.11567871656336895,0.9299212598425196,0.12992125984251965,1.0036248741044753,10,0.1,False,0.05571142798384343
lstm,G,42,decay_ocp_cqr,-0.06673761038004045,-0.12819557517981145,0.9291338582677164,0.12913385826771645,1.0975025838268582,10,0.1,False,0.05571142798384343
xlstm,G,43,mondrian_cqr,-0.06688272525194805,-0.043338938617353315,0.8543307086614174,0.05433070866141728,1.1851038792992916,10,0.9,True,0.03721150383601457
xlstm,L,43,saocp_cqr,-0.06707958333161679,-0.045121882692635784,0.8771653543307087,0.07716535433070862,1.0869377614736582,10,0.5,False,0.07558296220641181
xlstm_const,GF,42,cqr_static,-0.0673401951342234,-0.145588294592301,0.8070866141732284,0.13999999999999999,1.1479893620025647,10,0.3,False,0.014740625971855326
lstm,GI,44,cqr_static,-0.06845384681439903,-0.175827270047571,0.832283464566929,0.1248818897637795,1.0440338020144952,10,0.3,False,0.20298462967258601
xlstm,GI,42,pid_local_cqr,-0.06937867196598846,-0.011643460467766754,0.8062992125984252,0.015748031496062975,1.1959722733349845,10,1.0,True,0.059815501887016786
xlstm_const,G,43,mondrian_cqr,-0.0696900574537258,-0.06297402828753411,0.8448818897637794,0.04488188976377947,1.1851038792992916,10,1.0,True,0.053549687403285806
xlstm,GF,42,mondrian_cqr,-0.07006112411685272,-0.030386093465511178,0.858267716535433,0.058267716535433015,1.1479893620025647,10,0.8,True,0.022011732747227564
xlstm_const,GF,43,cqr_static,-0.07008254194696018,-0.1550106219293009,0.8590551181102363,0.1122834645669291,1.1278203698619054,10,0.4,False,0.014740625971855326
xlstm,G,44,aci_cqr,-0.07011772769283686,-0.06762655513978753,0.8165354330708661,0.022204724409448796,1.0964259229338262,10,0.6,False,0.04525002331034511
xlstm_const,G,43,native,-0.07044648391101771,-0.08160528078578928,0.8952755905511811,0.09527559055118104,1.1851038792992916,10,0.5,False,0.06508526389813685
xlstm_const,G,42,mondrian_cqr,-0.07092547670073102,-0.06645950049927832,0.8472440944881889,0.04724409448818893,1.1822122890628375,10,0.9,True,0.053549687403285806
lstm,G,44,cqr_static,-0.07130038244375281,-0.1451584622450786,0.8913385826771654,0.0954330708661417,1.1163553998691171,10,0.5,False,0.0780215910095694
lstm,GF,44,cqr_static,-0.07135815149997582,-0.148334634578894,0.8913385826771654,0.09543307086614171,1.1152851783771938,10,0.3,False,0.08719725952766277
xlstm,G,42,mondrian_cqr,-0.0717839306648782,-0.03600576509745751,0.85748031496063,0.05748031496062987,1.1822122890628375,10,0.8,True,0.03721150383601457
lstm,GI,42,mondrian_cqr,-0.0718086689573233,-0.0825778082145435,0.878740157480315,0.0787401574803149,1.075299236684283,10,0.5,False,0.0651167895605766
xlstm,GF,43,mondrian_cqr,-0.0731580902645429,-0.02284936047970143,0.8551181102362204,0.055118110236220416,1.1278203698619054,10,0.7,True,0.022011732747227564
arma_monthly,L,42,saocp_cqr,-0.07343758667442457,-0.08865829701089656,0.9259842519685039,0.12598425196850385,1.013710100950241,10,0.0,False,0.0
xlstm_const,GF,42,mondrian_cqr,-0.07347012486458926,-0.06049443060821037,0.8417322834645669,0.04582677165354328,1.1479893620025647,10,0.8,True,0.026953151789162022
arma,L,42,decay_ocp_cqr,-0.07431923432579302,-0.14218312801835087,0.9220472440944881,0.12299212598425194,1.0173893383146013,10,0.3,False,0.0
xlstm,G,43,decay_ocp_cqr,-0.0751354177637974,-0.07858133051933505,0.8795275590551181,0.07952755905511803,1.1851038792992916,10,0.3,False,0.052842257699864614
xlstm,GI,42,agaci_cqr,-0.07670638979972866,-0.027318637264853073,0.8047244094488188,0.020472440944881886,1.1959722733349845,10,1.0,True,0.03475954224073863
lstm_const,G,42,pid_tan_cqr,-0.07683234461987853,-0.01255422969028045,0.8204724409448818,0.02299212598425191,1.0975025838268582,10,0.5,False,0.06126311764866843
xlstm_const,G,43,cqr_static,-0.07702282860859577,-0.2048652650549591,0.8338582677165354,0.1343307086614173,1.1851038792992916,10,0.2,False,0.01803424877945392
xlstm,GF,44,cqr_static,-0.07768479908684978,-0.1388758100966788,0.7803149606299212,0.13275590551181102,1.0837846971364307,10,0.4,False,0.061656306335805766
xlstm,G,44,spci_cqr,-0.07865057734550063,-0.06978147609236518,0.7622047244094488,0.041574803149606335,1.0964259229338262,10,0.9,True,0.03536627357008182
lstm_const,L,43,cqr_static,-0.0787269412355791,-0.2202854915804539,0.9133858267716535,0.12062992125984248,1.0595414992334111,10,0.2,False,0.0482320896598597
lstm,L,42,pid_tan_cqr,-0.08027014269737287,-0.07536814230266362,0.8236220472440945,0.023622047244094436,1.0670996780076687,10,0.4,False,0.08351669937047612
xlstm,GI,42,dtaci_cqr,-0.0806027230489419,-0.020698262511483434,0.8078740157480315,0.019527559055118104,1.1959722733349845,10,0.9,True,0.048060393286147196
xlstm,G,44,sfogd_cqr,-0.0808389222491358,-0.058119287650241616,0.8070866141732284,0.008976377952755877,1.0964259229338262,10,1.0,True,0.055731917032886935
xlstm_const,L,42,pid_tan_cqr,-0.08148826357842276,-0.04968861108757109,0.8236220472440945,0.024566929133858217,1.0731227171946855,10,0.6,False,0.05707250934307706
xlstm_const,GF,44,cqr_static,-0.08208082110607873,-0.20273212479793862,0.9007874015748032,0.12944881889763776,1.0837846971364307,10,0.1,False,0.014740625971855326
lstm,GF,44,native,-0.08228499841055903,-0.044959799266148105,0.6307086614173227,0.17464566929133865,1.1152851783771938,10,0.1,False,0.15383777017849998
xlstm,GI,43,agaci_cqr,-0.082578689281671,-0.06913256823879396,0.7992125984251969,0.03543307086614171,1.2317047695966548,10,0.6,False,0.03475954224073863
lstm_const,L,42,pid_tan_cqr,-0.08263733913561899,-0.048026242958835764,0.8181102362204724,0.01905511811023617,1.0670996780076687,10,0.7,True,0.010341396608844367
xlstm_const,GF,43,saocp_cqr,-0.08275965726865975,-0.09627443839420388,0.9307086614173228,0.1307086614173228,1.1278203698619054,10,0.1,False,0.06080193521653843
xlstm_const,G,44,cqr_static,-0.08292555235853527,-0.2211854873053123,0.8795275590551181,0.12078740157480312,1.0964259229338262,10,0.3,False,0.01803424877945392
xlstm,GI,42,cqr_static,-0.0829295187309127,-0.15082371411508194,0.7921259842519686,0.11496062992125984,1.1959722733349845,10,0.5,False,0.14171285633805997
xlstm_const,GF,44,saocp_cqr,-0.08303171856709102,-0.09855461457377854,0.9330708661417322,0.13307086614173225,1.0837846971364307,10,0.0,False,0.06080193521653843
lstm_const,L,43,pid_tan_cqr,-0.08327394635499252,-0.05378841484280715,0.8228346456692913,0.022834645669291276,1.0595414992334111,10,0.7,True,0.010341396608844367
arma,L,42,saocp_cqr,-0.08348736637855836,-0.09914981254166862,0.9291338582677164,0.12913385826771645,1.0173893383146013,10,0.0,False,0.0
xlstm,G,42,saocp_cqr,-0.08409427706090178,-0.06857035156799696,0.915748031496063,0.11574803149606297,1.1822122890628375,10,0.2,False,0.11362550218782208
lstm_const,GF,42,pid_tan_cqr,-0.0842538891483039,-0.01332041897117826,0.8236220472440945,0.026141732283464503,1.11059923106435,10,0.5,False,0.053401987646616744
xlstm_const,GF,43,mondrian_cqr,-0.08524532083136127,-0.02905147357551672,0.8417322834645669,0.04173228346456689,1.1278203698619054,10,1.0,True,0.026953151789162022
xlstm,GI,43,cqr_rolling,-0.08663093385474951,-0.07984423451598285,0.8023622047244094,0.03448818897637794,1.2317047695966548,10,0.5,False,0.03712065710123569
xlstm,GF,44,native,-0.08667354204442312,-0.09212177238347323,0.9086614173228347,0.10866141732283459,1.0837846971364307,10,0.2,False,0.0807678730633169
xlstm,L,43,mondrian_cqr,-0.08705242368117838,-0.06886168679475126,0.8653543307086615,0.06629921259842515,1.0869377614736582,10,0.6,False,0.05945665422119367
xlstm,GF,42,saocp_cqr,-0.08709487454884968,-0.07607320845109873,0.9165354330708662,0.11653543307086607,1.1479893620025647,10,0.1,False,0.07457552091359587
xlstm_const,GF,42,native,-0.08755618971342516,-0.08417686924362902,0.8944881889763779,0.09448818897637788,1.1479893620025647,10,0.4,False,0.0651427563382112
xlstm,GI,43,spci_cqr,-0.08767197269852389,-0.08688712817042563,0.7661417322834645,0.04456692913385829,1.2317047695966548,10,0.8,True,0.04044900711180266
xlstm,GI,42,cqr_rolling,-0.08805333605415833,-0.032623800834051996,0.8047244094488188,0.025196850393700787,1.1959722733349845,10,0.8,True,0.03712065710123569
xlstm,GI,42,sfogd_cqr,-0.08984393942353386,-0.04429500450568089,0.8039370078740158,0.011811023622047223,1.1959722733349845,10,0.8,True,0.07827617445823498
xlstm_const,G,44,saocp_cqr,-0.09003509109287089,-0.11585243103977276,0.9307086614173228,0.1307086614173228,1.0964259229338262,10,0.1,False,0.044672675754748314
arma_monthly,L,42,cqr_static,-0.09051439431344843,-0.27558703979786553,0.9251968503937007,0.13559055118110233,1.013710100950241,10,0.2,False,0.0
lstm,GF,42,decay_ocp_cqr,-0.09056515364110629,-0.13339130816606437,0.9275590551181102,0.1275590551181102,1.11059923106435,10,0.1,False,0.06935992327039564
lstm,GI,43,decay_ocp_cqr,-0.09106028668687371,-0.17739248190905751,0.9228346456692913,0.1228346456692913,1.0337611893782745,10,0.3,False,0.128990680886506
lgbm,L,42,pid_tan_cqr,-0.09112298743749936,-0.07481565011070429,0.821259842519685,0.02125984251968498,1.083689554279466,10,0.4,False,0.0
xlstm_const,L,43,mondrian_cqr,-0.09156864721672875,-0.052226325715875675,0.8708661417322835,0.07086614173228342,1.0869377614736582,10,0.6,False,0.08548771604425831
xlstm,G,44,cqr_static,-0.09198793866401045,-0.1888087951227621,0.7732283464566929,0.13700787401574804,1.0964259229338262,10,0.3,False,0.061483158203217925
lstm_const,L,44,pid_tan_cqr,-0.09297873574446336,-0.03340079964527559,0.8149606299212598,0.018425196850393656,1.0237310741933918,10,0.8,True,0.010341396608844367
xlstm,GI,43,aci_cqr,-0.09339204695959757,-0.07899138308210314,0.7976377952755905,0.03448818897637794,1.2317047695966548,10,0.5,False,0.03271272402691694
lstm_const,GF,44,pid_tan_cqr,-0.09366889525818001,-0.00795916207107682,0.8204724409448818,0.021417322834645626,1.1152851783771938,10,0.5,False,0.053401987646616744
xlstm,GI,42,aci_cqr,-0.09553689375464047,-0.03437515819440938,0.8015748031496063,0.022047244094488196,1.1959722733349845,10,0.9,True,0.03271272402691694
xlstm,GI,42,saocp_cqr,-0.09577705857045404,-0.09551043433744712,0.9023622047244094,0.10236220472440938,1.1959722733349845,10,0.2,False,0.1332110452507853
xlstm_const,G,43,saocp_cqr,-0.09817697142506543,-0.13115921731435914,0.9259842519685039,0.12598425196850388,1.1851038792992916,10,0.2,False,0.044672675754748314
arma_monthly,L,42,pid_tan_cqr,-0.09837286938823286,-0.03210048626929688,0.8196850393700787,0.019685039370078684,1.013710100950241,10,0.8,True,0.0
xlstm,GF,43,native,-0.09980574309398149,-0.1310336344890699,0.9307086614173228,0.1307086614173228,1.1278203698619054,10,0.2,False,0.0807678730633169
xlstm_const,GF,43,pid_tan_cqr,-0.10018555394546658,-0.08031710645883161,0.8165354330708661,0.019999999999999952,1.1278203698619054,10,0.7,True,0.05322551836424927
rw,L,42,pid_tan_cqr,-0.1006729771856627,-0.02479682738303949,0.8133858267716535,0.017795275590551142,1.0,10,0.6,False,0.0
lstm_const,G,44,pid_tan_cqr,-0.10090867549884852,-0.007090001454338035,0.8196850393700787,0.021574803149606258,1.1163553998691171,10,0.7,True,0.06126311764866843
xlstm_const,G,42,native,-0.10163818195078789,-0.09710399591969517,0.9007874015748032,0.10078740157480308,1.1822122890628375,10,0.3,False,0.06508526389813685
xlstm_const,L,44,cqr_static,-0.10200041632439938,-0.19203632213353428,0.9204724409448819,0.12047244094488185,1.0780731998877844,10,0.4,False,0.12609582101619787
xlstm,G,44,mondrian_cqr,-0.10409422908796262,-0.07785547942275092,0.8779527559055118,0.07795275590551176,1.0964259229338262,10,0.3,False,0.03721150383601457
xlstm,GI,44,pid_cqr,-0.10467937199596677,-0.08223344704207808,0.8141732283464567,0.015118110236220427,1.149625654770293,10,1.0,True,0.05681256719808481
xlstm_const,GF,44,pid_tan_cqr,-0.10509594296649682,-0.05516418743544506,0.8244094488188976,0.02440944881889757,1.0837846971364307,10,0.6,False,0.05322551836424927
lstm,GF,42,native,-0.10544156886165867,-0.14230160576668563,0.9204724409448819,0.12047244094488185,1.11059923106435,10,0.2,False,0.15383777017849998
xlstm,GI,42,spci_cqr,-0.10687099163995728,-0.05305342647711242,0.7692913385826772,0.03889763779527561,1.1959722733349845,10,0.9,True,0.04044900711180266
xlstm,GI,44,pid_local_cqr,-0.10712873265474299,-0.09360259897360082,0.8141732283464567,0.015118110236220427,1.149625654770293,10,1.0,True,0.059815501887016786
lstm,GI,44,pid_tan_cqr,-0.10931239708242257,-0.06974356509847232,0.8393700787401575,0.039370078740157424,1.0440338020144952,10,0.4,False,0.10996019492419973
lstm,G,42,native,-0.10963195837733908,-0.15270852655939476,0.9236220472440945,0.12362204724409445,1.0975025838268582,10,0.2,False,0.17832776574092313
xlstm,GI,44,agaci_cqr,-0.11146593204046729,-0.11557786961573632,0.8181102362204724,0.027874015748031455,1.149625654770293,10,0.7,True,0.03475954224073863
xlstm,GI,44,dtaci_cqr,-0.11199211932421749,-0.10883634256329469,0.8267716535433071,0.027716535433070823,1.149625654770293,10,0.7,True,0.048060393286147196
lgbm_const,G,42,pid_tan_cqr,-0.11390856952210104,-0.05277130188859295,0.8196850393700787,0.02220472440944876,1.0472634168958308,10,1.0,True,0.0
xlstm,GI,42,mondrian_cqr,-0.11487910044521221,-0.06736226546356293,0.8511811023622047,0.051181102362204654,1.1959722733349845,10,0.6,False,0.04940603278531386
xlstm,GI,43,decay_ocp_cqr,-0.11491640455861296,-0.12337341526877552,0.8905511811023622,0.09055118110236215,1.2317047695966548,10,0.3,False,0.09077487031521447
xlstm,GF,42,pid_tan_cqr,-0.11884962514512476,-0.09680431570090767,0.8220472440944881,0.023937007874015703,1.1479893620025647,10,0.5,False,0.03961083158028744
xlstm,GI,43,mondrian_cqr,-0.12318053473166535,-0.09971699815330659,0.8496062992125986,0.050551181102362175,1.2317047695966548,10,0.7,True,0.04940603278531386
xlstm,GI,44,cqr_rolling,-0.1237515909559852,-0.13744167937451718,0.8181102362204724,0.026929133858267684,1.149625654770293,10,0.6,False,0.03712065710123569
xlstm,GI,44,aci_cqr,-0.12610477098651451,-0.13659560694472714,0.8173228346456692,0.022992125984251943,1.149625654770293,10,0.7,True,0.03271272402691694
xlstm,GF,43,pid_tan_cqr,-0.12727497372478636,-0.10009191852324036,0.8330708661417322,0.03401574803149602,1.1278203698619054,10,0.6,False,0.03961083158028744
xlstm_const,L,43,pid_tan_cqr,-0.12729121805129484,-0.07286552384288306,0.8181102362204724,0.019999999999999962,1.0869377614736582,10,0.5,False,0.05707250934307706
xlstm_const,G,44,pid_tan_cqr,-0.12784407089541994,-0.0771748275463808,0.8220472440944881,0.022047244094488126,1.0964259229338262,10,0.4,False,0.03356938424505407
xlstm,GI,44,spci_cqr,-0.12812097981032655,-0.11197560904827379,0.7771653543307087,0.02566929133858272,1.149625654770293,10,0.9,True,0.04044900711180266
lstm,G,42,saocp_cqr,-0.1283834388447027,-0.186524302086642,0.9393700787401574,0.13937007874015742,1.0975025838268582,10,0.0,False,0.2891561455583346
xlstm,G,44,native,-0.12988513442798544,-0.13023437189942483,0.9086614173228347,0.10866141732283459,1.0964259229338262,10,0.2,False,0.11475998172883572
lstm,GI,43,cqr_static,-0.13423783441522186,-0.23286777960977162,0.831496062992126,0.13511811023622047,1.0337611893782745,10,0.2,False,0.20298462967258601
xlstm_const,G,42,saocp_cqr,-0.1347077668476192,-0.15079484163353427,0.9299212598425196,0.12992125984251962,1.1822122890628375,10,0.1,False,0.044672675754748314
lstm,G,42,cqr_static,-0.13602927676623422,-0.30695480568024563,0.9433070866141732,0.14330708661417318,1.0975025838268582,10,0.0,False,0.0780215910095694
lstm,GF,42,saocp_cqr,-0.1370518224073678,-0.18380928683283418,0.9385826771653543,0.13858267716535427,1.11059923106435,10,0.0,False,0.2906177802832312
xlstm,GI,44,decay_ocp_cqr,-0.13841768990169068,-0.1709701177606832,0.8724409448818898,0.08598425196850389,1.149625654770293,10,0.2,False,0.09077487031521447
xlstm_const,L,44,pid_tan_cqr,-0.13856077292149982,-0.0889049668689757,0.8204724409448818,0.021417322834645612,1.0780731998877844,10,0.7,True,0.05707250934307706
lstm,L,43,pid_tan_cqr,-0.13905233486846946,-0.06663421411467359,0.8275590551181102,0.02850393700787397,1.0595414992334111,10,0.6,False,0.08351669937047612
xlstm,G,43,native,-0.13916964367977314,-0.18698039885760825,0.9322834645669291,0.13228346456692908,1.1851038792992916,10,0.1,False,0.11475998172883572
xlstm_const,GF,42,saocp_cqr,-0.14356159248519818,-0.13681953844381828,0.9275590551181102,0.1275590551181102,1.1479893620025647,10,0.1,False,0.06080193521653843
xlstm,GI,44,sfogd_cqr,-0.1441090631177384,-0.12310819602246736,0.8086614173228346,0.00960629921259839,1.149625654770293,10,0.9,True,0.07827617445823498
lstm,GI,42,native,-0.14446672247263848,-0.16978071220576887,0.9118110236220472,0.11181102362204717,1.075299236684283,10,0.3,False,0.22219473157668868
lgbm_const,L,42,cqr_static,-0.14847879407731168,-0.196089782769294,0.9204724409448819,0.12047244094488183,1.083689554279466,10,0.1,False,0.0
lgbm_const,L,42,pid_tan_cqr,-0.14922744370070118,-0.06863709261978587,0.821259842519685,0.02220472440944876,1.083689554279466,10,0.5,False,0.0
xlstm,GI,44,native,-0.1499001618271366,-0.15980280728243987,0.8850393700787402,0.0938582677165354,1.149625654770293,10,0.2,False,0.12051510930220999
xlstm,GI,43,cqr_static,-0.15041729769550216,-0.1675752500764846,0.9078740157480315,0.10787401574803143,1.2317047695966548,10,0.0,False,0.14171285633805997
xlstm_const,G,43,pid_tan_cqr,-0.15041831168608077,-0.1237483373397116,0.8118110236220473,0.016220472440944843,1.1851038792992916,10,0.6,False,0.03356938424505407
lstm,GI,42,decay_ocp_cqr,-0.15061440120690806,-0.24657372151959295,0.9291338582677164,0.1291338582677165,1.075299236684283,10,0.1,False,0.128990680886506
xlstm,GF,44,saocp_cqr,-0.15272988705253676,-0.16354103379795057,0.9362204724409449,0.13622047244094482,1.0837846971364307,10,0.0,False,0.07457552091359587
lstm,GF,42,cqr_static,-0.15282744233242185,-0.315751417254553,0.9448818897637796,0.14488188976377947,1.11059923106435,10,0.0,False,0.08719725952766277
xlstm,L,43,pid_tan_cqr,-0.15323379839006468,-0.12392118647109798,0.8251968503937007,0.02519685039370073,1.0869377614736582,10,0.7,True,0.12808359185324347
xlstm_const,GF,42,pid_tan_cqr,-0.15341107230971585,-0.13152996853860105,0.8141732283464567,0.017007874015747992,1.1479893620025647,10,0.7,True,0.05322551836424927
lstm,GF,42,pid_tan_cqr,-0.15659426323587466,-0.13160805518085783,0.8511811023622048,0.051181102362204675,1.11059923106435,10,0.2,False,0.027986675361846403
xlstm,GF,44,pid_tan_cqr,-0.1584604567254122,-0.166886854661233,0.8251968503937007,0.026141732283464513,1.0837846971364307,10,0.6,False,0.03961083158028744
xlstm,G,42,pid_tan_cqr,-0.15933341399624235,-0.10484954591987831,0.8220472440944881,0.02299212598425192,1.1822122890628375,10,0.4,False,0.03456794466308
xlstm_const,G,42,pid_tan_cqr,-0.161413455140474,-0.1427600535786449,0.8149606299212598,0.019999999999999973,1.1822122890628375,10,0.5,False,0.03356938424505407
xlstm,GF,43,saocp_cqr,-0.16167039546244555,-0.1774640068678334,0.9440944881889763,0.1440944881889763,1.1278203698619054,10,0.0,False,0.07457552091359587
xlstm,GI,43,native,-0.16277605947371088,-0.19934261495329686,0.9244094488188976,0.1244094488188976,1.2317047695966548,10,0.2,False,0.12051510930220999
lstm,L,44,pid_tan_cqr,-0.163786842067849,-0.11891976989458355,0.8354330708661417,0.03543307086614167,1.0237310741933918,10,0.6,False,0.08351669937047612
xlstm,GI,44,mondrian_cqr,-0.16428513323052607,-0.14603232824637916,0.8740157480314961,0.07401574803149603,1.149625654770293,10,0.5,False,0.04940603278531386
xlstm_const,L,43,cqr_static,-0.1678991573388411,-0.2488447206515238,0.9346456692913385,0.13464566929133853,1.0869377614736582,10,0.2,False,0.12609582101619787
xlstm,G,43,pid_tan_cqr,-0.17589392310389873,-0.1368589700272079,0.831496062992126,0.03244094488188971,1.1851038792992916,10,0.8,True,0.03456794466308
lstm,G,42,pid_tan_cqr,-0.17849712304276966,-0.1309949814107941,0.8519685039370077,0.05196850393700782,1.0975025838268582,10,0.2,False,0.006646996733928323
lstm,GF,44,pid_tan_cqr,-0.17966580383620756,-0.10932808071683509,0.8291338582677165,0.029133858267716483,1.1152851783771938,10,0.4,False,0.027986675361846403
lstm,GI,42,saocp_cqr,-0.1810627755230173,-0.2187028339368787,0.9346456692913385,0.13464566929133853,1.075299236684283,10,0.0,False,0.3146077986771951
arma,L,42,cqr_static,-0.18202045752536067,-0.5179989808349887,0.931496062992126,0.1466141732283464,1.0173893383146013,10,0.1,False,0.0
lstm,G,44,pid_tan_cqr,-0.18244924124386375,-0.1047905464709649,0.8338582677165354,0.03385826771653536,1.1163553998691171,10,0.5,False,0.006646996733928323
xlstm,G,44,saocp_cqr,-0.18390550220072477,-0.18479645742425832,0.9385826771653543,0.13858267716535427,1.0964259229338262,10,0.0,False,0.11362550218782208
lstm,GF,43,pid_tan_cqr,-0.18458093859772107,-0.15715421993526038,0.8409448818897637,0.040944881889763717,1.0172830632198389,10,0.2,False,0.027986675361846403
lstm,G,43,pid_tan_cqr,-0.18514411977669798,-0.14871193329264948,0.8393700787401575,0.039370078740157424,1.0036248741044753,10,0.2,False,0.006646996733928323
xlstm,G,44,pid_tan_cqr,-0.19390135865932234,-0.18240572196348487,0.8244094488188976,0.02629921259842515,1.0964259229338262,10,0.5,False,0.03456794466308
xlstm,G,43,saocp_cqr,-0.19771977924872386,-0.2344339354246424,0.9433070866141732,0.14330708661417316,1.1851038792992916,10,0.0,False,0.11362550218782208
lstm,GI,43,pid_tan_cqr,-0.20585052931214998,-0.19172836730430937,0.8409448818897637,0.040944881889763717,1.0337611893782745,10,0.4,False,0.10996019492419973
xlstm,GI,43,pid_tan_cqr,-0.20866056590489912,-0.17772128142036817,0.8251968503937007,0.03338582677165351,1.2317047695966548,10,0.4,False,0.046449466193105415
xlstm,GI,42,pid_tan_cqr,-0.2126039483732438,-0.16550344476025056,0.8181102362204724,0.02251968503937004,1.1959722733349845,10,0.4,False,0.046449466193105415
xlstm,GI,43,saocp_cqr,-0.21681905731518059,-0.2428157396784413,0.9433070866141732,0.14330708661417316,1.2317047695966548,10,0.0,False,0.1332110452507853
lstm,GI,42,pid_tan_cqr,-0.2192725920066223,-0.1982457487722431,0.8519685039370077,0.05196850393700782,1.075299236684283,10,0.3,False,0.10996019492419973
xlstm,GI,44,cqr_static,-0.22464237506897267,-0.3634151187383792,0.7677165354330708,0.17937007874015748,1.149625654770293,10,0.1,False,0.14171285633805997
xlstm,GI,44,saocp_cqr,-0.22898810382123935,-0.2260324172924591,0.9275590551181102,0.1275590551181102,1.149625654770293,10,0.0,False,0.1332110452507853
lstm,GF,43,native,-0.236122768589059,-0.3134199593132782,0.95748031496063,0.1574803149606299,1.0172830632198389,10,0.0,False,0.15383777017849998
lstm,G,43,native,-0.24038495462360876,-0.3205344515791627,0.9590551181102362,0.15905511811023618,1.0036248741044753,10,0.0,False,0.17832776574092313
lstm,GI,43,native,-0.25363253672617037,-0.3249419448870289,0.9496062992125985,0.14960629921259833,1.0337611893782745,10,0.0,False,0.22219473157668868
xlstm,GI,44,pid_tan_cqr,-0.25511003209800454,-0.2495439064841626,0.8307086614173228,0.031653543307086564,1.149625654770293,10,0.3,False,0.046449466193105415
lstm,GI,42,cqr_static,-0.27143847648698505,-0.5098499016417175,0.9496062992125985,0.14960629921259835,1.075299236684283,10,0.1,False,0.20298462967258601
lstm,G,43,saocp_cqr,-0.2810947506058674,-0.35207095305366554,0.9661417322834647,0.16614173228346452,1.0036248741044753,10,0.0,False,0.2891561455583346
lstm,GF,43,saocp_cqr,-0.28363978173284177,-0.34595558202146603,0.9645669291338583,0.16456692913385823,1.0172830632198389,10,0.0,False,0.2906177802832312
lstm,GI,43,saocp_cqr,-0.2972746776184485,-0.3566565433062988,0.9606299212598426,0.16062992125984246,1.0337611893782745,10,0.0,False,0.3146077986771951
