model,regime,seed,cp_method,regime_label,coverage,winkler,skill,skill_iqr,n_countries,regime_kind
arma,L,42,aci_cqr,hiking,0.75,0.2403052117823667,0.15020602040674258,0.4800502630742038,10,calendar
arma,L,42,aci_cqr,qe,0.8453333333333334,0.5532999752022425,-0.008377887106916337,0.12313271273887749,10,calendar
arma,L,42,agaci_cqr,hiking,0.7711538461538462,0.24452723637101761,0.1498836260375831,0.4528885157748519,10,calendar
arma,L,42,agaci_cqr,qe,0.8093333333333333,0.5450887718257718,-0.009550662921730901,0.117768042542852,10,calendar
arma,L,42,cqr_rolling,hiking,0.7788461538461539,0.23679533140075112,0.16620350740082374,0.4501643384758619,10,calendar
arma,L,42,cqr_rolling,qe,0.86,0.5700835152542406,-0.018748531877297192,0.10502024241055394,10,calendar
arma,L,42,cqr_static,hiking,0.9442307692307692,0.8739244639930103,-0.40242925785471517,0.9809228398757139,10,calendar
arma,L,42,cqr_static,qe,0.9226666666666666,0.9864821145634309,-0.10647000534461559,0.6083628418916336,10,calendar
arma,L,42,decay_ocp_cqr,hiking,0.9384615384615385,0.46260687367598985,-0.06683694490932468,0.19052141828059566,10,calendar
arma,L,42,decay_ocp_cqr,qe,0.9106666666666666,0.7398406836554718,-0.08536695951945783,0.21510911173075703,10,calendar
arma,L,42,dtaci_cqr,hiking,0.7788461538461539,0.23890767401556973,0.1436145914206225,0.453842089775789,10,calendar
arma,L,42,dtaci_cqr,qe,0.836,0.5434027333018189,-0.010775415759677665,0.13049094886947007,10,calendar
arma,L,42,mondrian_cqr,hiking,0.8423076923076923,0.26660412351115265,0.050144507209075706,0.5312985510216548,10,calendar
arma,L,42,mondrian_cqr,qe,0.864,0.6150756496771246,-0.12425044852319811,0.12242424348537445,10,calendar
arma,L,42,native,hiking,0.9384615384615385,0.40074834796610703,-0.025442667532704966,0.06798994007664427,10,calendar
arma,L,42,native,qe,0.88,0.6035436691094277,-0.040323436396070056,0.06742763313799466,10,calendar
arma,L,42,pid_cqr,hiking,0.8,0.26669803102698203,0.12400559759180241,0.39629887748799464,10,calendar
arma,L,42,pid_cqr,qe,0.8253333333333334,0.5568913628120894,0.0007237246828719623,0.10255049965338286,10,calendar
arma,L,42,pid_local_cqr,hiking,0.801923076923077,0.33749463534295654,0.06481748317653929,0.29163012458295834,10,calendar
arma,L,42,pid_local_cqr,qe,0.8293333333333334,0.5840648272766017,-0.012126568979300312,0.08882062263860532,10,calendar
arma,L,42,pid_tan_cqr,hiking,0.801923076923077,0.285849017017071,0.05572455629095818,0.4967435080453883,10,calendar
arma,L,42,pid_tan_cqr,qe,0.828,0.5868113030982819,-0.09989838156154551,0.13206657000473587,10,calendar
arma,L,42,saocp_cqr,hiking,0.95,0.4076819225608269,-0.06472787822654336,0.07110985272556636,10,calendar
arma,L,42,saocp_cqr,qe,0.9146666666666666,0.6717263990731401,-0.09159163876939524,0.06280680211638484,10,calendar
arma,L,42,sfogd_cqr,hiking,0.7884615384615384,0.3274507852113975,0.08384409647308877,0.251859393635122,10,calendar
arma,L,42,sfogd_cqr,qe,0.812,0.6123595867956849,-0.05060836121939449,0.11758872376884921,10,calendar
arma,L,42,spci_cqr,hiking,0.7173076923076923,0.253880481484301,0.08862352524046696,0.4735274301878045,10,calendar
arma,L,42,spci_cqr,qe,0.7826666666666666,0.5819595646665259,-0.001331037403320412,0.15523810352967218,10,calendar
arma_monthly,L,42,aci_cqr,hiking,0.7461538461538462,0.24179503953171397,0.13453172536381208,0.48316429218380996,10,calendar
arma_monthly,L,42,aci_cqr,qe,0.8413333333333334,0.5455480256831965,-0.016812986327756962,0.11658955846021674,10,calendar
arma_monthly,L,42,agaci_cqr,hiking,0.7730769230769231,0.24214996021237076,0.14511203119562366,0.45689106922005346,10,calendar
arma_monthly,L,42,agaci_cqr,qe,0.8186666666666667,0.5461919194626589,-0.025417210859067785,0.1334881101685508,10,calendar
arma_monthly,L,42,cqr_rolling,hiking,0.775,0.23753434764727935,0.1576446736024742,0.4605180017451499,10,calendar
arma_monthly,L,42,cqr_rolling,qe,0.856,0.5605234919744921,-0.025364366496213986,0.12443674001987201,10,calendar
arma_monthly,L,42,cqr_static,hiking,0.9403846153846154,0.7152261568953969,-0.12866531077385646,0.3988077456338169,10,calendar
arma_monthly,L,42,cqr_static,qe,0.9146666666666666,0.8442606668096131,-0.07303672961346064,0.1660943966043384,10,calendar
arma_monthly,L,42,decay_ocp_cqr,hiking,0.9288461538461539,0.41286377353102865,-0.024723452729668804,0.187330990794332,10,calendar
arma_monthly,L,42,decay_ocp_cqr,qe,0.8973333333333333,0.682296983209903,-0.04488837123946665,0.1072185019968348,10,calendar
arma_monthly,L,42,dtaci_cqr,hiking,0.7807692307692308,0.2389890774691867,0.15108625889316502,0.4703388365104837,10,calendar
arma_monthly,L,42,dtaci_cqr,qe,0.8293333333333334,0.5403924407287056,-0.0195331782567284,0.11879015896297868,10,calendar
arma_monthly,L,42,mondrian_cqr,hiking,0.85,0.26130017292116975,0.08149579506046284,0.5876083896553891,10,calendar
arma_monthly,L,42,mondrian_cqr,qe,0.868,0.620744335757153,-0.12492174089227659,0.11957964895054196,10,calendar
arma_monthly,L,42,native,hiking,0.9346153846153846,0.39105479290365086,-0.0131048558442165,0.06270783220264517,10,calendar
arma_monthly,L,42,native,qe,0.8773333333333333,0.5988307318983209,-0.027969286384766145,0.0437835951171503,10,calendar
arma_monthly,L,42,pid_cqr,hiking,0.801923076923077,0.2709690698690335,0.13203918432492867,0.3978324503740585,10,calendar
arma_monthly,L,42,pid_cqr,qe,0.8213333333333334,0.5484097867895,-0.011018802433086727,0.09405872982426,10,calendar
arma_monthly,L,42,pid_local_cqr,hiking,0.801923076923077,0.31257028151278615,0.1030807578390156,0.32636493284802626,10,calendar
arma_monthly,L,42,pid_local_cqr,qe,0.824,0.5706441978619553,-0.004425269604374948,0.09059307496637373,10,calendar
arma_monthly,L,42,pid_tan_cqr,hiking,0.8076923076923077,0.28598237922507336,0.04323867425202438,0.5006897138915447,10,calendar
arma_monthly,L,42,pid_tan_cqr,qe,0.828,0.5956769305473983,-0.15596021782636715,0.14284477434347226,10,calendar
arma_monthly,L,42,saocp_cqr,hiking,0.9461538461538461,0.39842446837186907,-0.04994732290231163,0.08000594629872212,10,calendar
arma_monthly,L,42,saocp_cqr,qe,0.912,0.6619621694854112,-0.09568456530906799,0.08077910506294256,10,calendar
arma_monthly,L,42,sfogd_cqr,hiking,0.7923076923076923,0.3090602179675042,0.09806905680390948,0.2814595202597478,10,calendar
arma_monthly,L,42,sfogd_cqr,qe,0.8106666666666666,0.5867164791991372,-0.06528559250579846,0.07515966791320611,10,calendar
arma_monthly,L,42,spci_cqr,hiking,0.7384615384615385,0.25557573353808144,0.06489973879031896,0.49544644638869345,10,calendar
arma_monthly,L,42,spci_cqr,qe,0.788,0.5774619788325812,-0.002218047128445033,0.1230938294282645,10,calendar
lgbm,G,42,aci_cqr,hiking,0.7961538461538461,0.29614921277152356,0.16104549196555262,0.35924020527862977,10,calendar
lgbm,G,42,aci_cqr,qe,0.8533333333333334,0.5153883793102132,0.08290195351168056,0.08908306903963012,10,calendar
lgbm,G,42,agaci_cqr,hiking,0.7923076923076923,0.29463480471143333,0.1612063775186125,0.3470880479058607,10,calendar
lgbm,G,42,agaci_cqr,qe,0.848,0.513836924067427,0.08570242267433054,0.07654302208667874,10,calendar
lgbm,G,42,cqr_rolling,hiking,0.7980769230769231,0.2953331667200617,0.16323340479875453,0.34488971861367496,10,calendar
lgbm,G,42,cqr_rolling,qe,0.844,0.5140984174610151,0.08751512028884151,0.07313350487191303,10,calendar
lgbm,G,42,cqr_static,hiking,0.8576923076923076,0.3821596488490408,-0.02602085246627517,0.09781606773110879,10,calendar
lgbm,G,42,cqr_static,qe,0.8653333333333333,0.553879751491308,0.05987133064046962,0.06778232266600576,10,calendar
lgbm,G,42,decay_ocp_cqr,hiking,0.8211538461538461,0.2858059971778011,0.13239633324728406,0.3652933371847804,10,calendar
lgbm,G,42,decay_ocp_cqr,qe,0.8253333333333334,0.5016817146995549,0.1035283388738063,0.06633796251949714,10,calendar
lgbm,G,42,dtaci_cqr,hiking,0.7846153846153846,0.29466137131219006,0.1595546318957511,0.3578838020079767,10,calendar
lgbm,G,42,dtaci_cqr,qe,0.8533333333333334,0.51174865300375,0.08515734779407214,0.08084732231544042,10,calendar
lgbm,G,42,mondrian_cqr,hiking,0.85,0.31583287979551433,0.0792642090269643,0.35439814146040416,10,calendar
lgbm,G,42,mondrian_cqr,qe,0.876,0.5527823830778303,0.02868411325058262,0.10416824262628754,10,calendar
lgbm,G,42,native,hiking,0.8884615384615384,0.32086590964153855,0.07961685511276095,0.1975381788131515,10,calendar
lgbm,G,42,native,qe,0.8546666666666667,0.514067549692756,0.09210810514172812,0.07215507946682392,10,calendar
lgbm,G,42,pid_cqr,hiking,0.7846153846153846,0.303639527853377,0.10505731698514498,0.33317038353062867,10,calendar
lgbm,G,42,pid_cqr,qe,0.8186666666666667,0.5038626393042479,0.09075913190221829,0.08396809167152378,10,calendar
lgbm,G,42,pid_local_cqr,hiking,0.8,0.32828326230265786,0.058147752296352495,0.330496816215901,10,calendar
lgbm,G,42,pid_local_cqr,qe,0.816,0.5222240203915971,0.06672832668986056,0.08353470539734509,10,calendar
lgbm,G,42,pid_tan_cqr,hiking,0.7961538461538461,0.33902522357111603,0.007762616103763109,0.42132641102906654,10,calendar
lgbm,G,42,pid_tan_cqr,qe,0.8293333333333334,0.6095593796126549,-0.06352380793993462,0.12135492724158259,10,calendar
lgbm,G,42,saocp_cqr,hiking,0.9173076923076923,0.3410769211950015,0.03947505728999989,0.2264085087175958,10,calendar
lgbm,G,42,saocp_cqr,qe,0.8986666666666666,0.5557284395301315,0.03218109000713626,0.06446590320958065,10,calendar
lgbm,G,42,sfogd_cqr,hiking,0.7846153846153846,0.33708042252806464,0.02952054432670964,0.23782818338208034,10,calendar
lgbm,G,42,sfogd_cqr,qe,0.812,0.5271618648205139,0.062214341159625264,0.08798634638348188,10,calendar
lgbm,G,42,spci_cqr,hiking,0.7365384615384616,0.30598015946426443,0.07579908032742605,0.45939572198991724,10,calendar
lgbm,G,42,spci_cqr,qe,0.7893333333333333,0.5233222154800998,0.07913636580390071,0.09348243754704383,10,calendar
lgbm,GI,42,aci_cqr,hiking,0.7846153846153846,0.3031678027845602,0.08470400819334506,0.35875266522586996,10,calendar
lgbm,GI,42,aci_cqr,qe,0.84,0.5181784234733392,0.0817176660330462,0.0542410519155804,10,calendar
lgbm,GI,42,agaci_cqr,hiking,0.7826923076923077,0.30237314567746626,0.08316527757725795,0.34812332335934176,10,calendar
lgbm,GI,42,agaci_cqr,qe,0.8293333333333334,0.5199083114481258,0.08143800289631192,0.05423169788925766,10,calendar
lgbm,GI,42,cqr_rolling,hiking,0.7807692307692308,0.30254798400189803,0.08470400819334506,0.3517304144189159,10,calendar
lgbm,GI,42,cqr_rolling,qe,0.8333333333333334,0.5174184489400869,0.09051342581138477,0.049921419786422144,10,calendar
lgbm,GI,42,cqr_static,hiking,0.823076923076923,0.4064104883921933,-0.06339100716072421,0.11918968203449729,10,calendar
lgbm,GI,42,cqr_static,qe,0.8333333333333334,0.5766231774125794,0.06834668101343444,0.07710872016938403,10,calendar
lgbm,GI,42,decay_ocp_cqr,hiking,0.8134615384615385,0.2945686692438979,0.06425063700280992,0.3714307323620496,10,calendar
lgbm,GI,42,decay_ocp_cqr,qe,0.812,0.5048987331761338,0.09408986390164875,0.06944541795026887,10,calendar
lgbm,GI,42,dtaci_cqr,hiking,0.7884615384615384,0.30091588967862914,0.07828720638113318,0.37893505745440664,10,calendar
lgbm,GI,42,dtaci_cqr,qe,0.8373333333333334,0.5204260100792102,0.07266879652278657,0.061129544054243284,10,calendar
lgbm,GI,42,mondrian_cqr,hiking,0.8615384615384616,0.32588268845092994,0.0037668782411346413,0.42366612830488454,10,calendar
lgbm,GI,42,mondrian_cqr,qe,0.8573333333333333,0.5540106708398637,0.022707886555779266,0.10815842493848157,10,calendar
lgbm,GI,42,native,hiking,0.875,0.3257721099004822,0.04889182891638366,0.24504208336452177,10,calendar
lgbm,GI,42,native,qe,0.8373333333333334,0.5187416001610231,0.09150230841798196,0.047519959583547156,10,calendar
lgbm,GI,42,pid_cqr,hiking,0.7846153846153846,0.3090430934574599,0.03568050905560055,0.34977940586608414,10,calendar
lgbm,GI,42,pid_cqr,qe,0.8213333333333334,0.5197681956041688,0.06580451971362211,0.06462499697287447,10,calendar
lgbm,GI,42,pid_local_cqr,hiking,0.7961538461538461,0.3268665087947023,-0.011948660865670813,0.3075038024901281,10,calendar
lgbm,GI,42,pid_local_cqr,qe,0.8093333333333333,0.5164262293882897,0.05751369414706059,0.061835370322882166,10,calendar
lgbm,GI,42,pid_tan_cqr,hiking,0.801923076923077,0.33992192969445345,-0.07924117699590388,0.4817509745803108,10,calendar
lgbm,GI,42,pid_tan_cqr,qe,0.8213333333333334,0.6216178587348524,-0.0838735495377595,0.056011489269031434,10,calendar
lgbm,GI,42,saocp_cqr,hiking,0.9134615384615384,0.3428258088207403,0.004002313802050184,0.296567837971458,10,calendar
lgbm,GI,42,saocp_cqr,qe,0.888,0.5702941878130011,-0.0186294835559786,0.07494777750253498,10,calendar
lgbm,GI,42,sfogd_cqr,hiking,0.7884615384615384,0.3391265267307606,0.004296992676834421,0.35954770644451595,10,calendar
lgbm,GI,42,sfogd_cqr,qe,0.8106666666666666,0.5381182186919249,0.034266264340570785,0.04651261563857115,10,calendar
lgbm,GI,42,spci_cqr,hiking,0.7346153846153847,0.3202204283251977,0.07899627694141687,0.4771216586693195,10,calendar
lgbm,GI,42,spci_cqr,qe,0.7786666666666666,0.5394033489337203,0.036024745996638075,0.1348324747722872,10,calendar
lgbm,L,42,aci_cqr,hiking,0.7903846153846154,0.24870338325164906,0.0719635538826352,0.6346618857590909,10,calendar
lgbm,L,42,aci_cqr,qe,0.8346666666666667,0.5513658781942581,0.04657498301259333,0.08422809260662303,10,calendar
lgbm,L,42,agaci_cqr,hiking,0.7903846153846154,0.24834581798325406,0.07506344856222613,0.6216512293833594,10,calendar
lgbm,L,42,agaci_cqr,qe,0.832,0.5427069886935968,0.05702569016279779,0.07593567627318246,10,calendar
lgbm,L,42,cqr_rolling,hiking,0.8,0.24634602751854795,0.0828636641069671,0.63525028107147,10,calendar
lgbm,L,42,cqr_rolling,qe,0.8413333333333334,0.5523251684978451,0.053939734812015694,0.07575744320412356,10,calendar
lgbm,L,42,cqr_static,hiking,0.8788461538461538,0.43337638223268377,-0.059497344644098504,0.3368132693471233,10,calendar
lgbm,L,42,cqr_static,qe,0.8586666666666667,0.6398030197145059,0.05810669760076581,0.14139117264503218,10,calendar
lgbm,L,42,decay_ocp_cqr,hiking,0.8480769230769231,0.28200537417195914,0.05928773243808205,0.46251683932582877,10,calendar
lgbm,L,42,decay_ocp_cqr,qe,0.844,0.5490913688624527,0.06594176349506026,0.08528791182671985,10,calendar
lgbm,L,42,dtaci_cqr,hiking,0.8038461538461539,0.24904902590472724,0.06733535007379154,0.6298547075487486,10,calendar
lgbm,L,42,dtaci_cqr,qe,0.8386666666666667,0.5459058982929326,0.056763469760497065,0.08188592108969384,10,calendar
lgbm,L,42,mondrian_cqr,hiking,0.8653846153846154,0.27064206240409094,0.03072283420421784,0.5862969685462055,10,calendar
lgbm,L,42,mondrian_cqr,qe,0.8773333333333333,0.5980443330725901,-0.03934896126712761,0.12307332665363913,10,calendar
lgbm,L,42,native,hiking,0.85,0.25942704788022136,0.05976634470655434,0.5612296862164556,10,calendar
lgbm,L,42,native,qe,0.8093333333333333,0.5288516358881677,0.0682848957663596,0.09895481902574466,10,calendar
lgbm,L,42,pid_cqr,hiking,0.7980769230769231,0.2624119042580853,0.05901370383316734,0.5838912638242272,10,calendar
lgbm,L,42,pid_cqr,qe,0.8213333333333334,0.5476765368281669,0.05044916551641271,0.08388508139912323,10,calendar
lgbm,L,42,pid_local_cqr,hiking,0.8038461538461539,0.2746764831158973,0.046843045854225884,0.513054382353294,10,calendar
lgbm,L,42,pid_local_cqr,qe,0.8173333333333334,0.5651295415258223,0.027197138935540044,0.07996328385634471,10,calendar
lgbm,L,42,pid_tan_cqr,hiking,0.7980769230769231,0.2950070723566323,-0.07861247464193655,0.7603937915602466,10,calendar
lgbm,L,42,pid_tan_cqr,qe,0.8373333333333334,0.6469831278903119,-0.1378619099737648,0.15053069525631618,10,calendar
lgbm,L,42,saocp_cqr,hiking,0.9019230769230769,0.2885982327359099,-0.008289899696580894,0.5269527726425896,10,calendar
lgbm,L,42,saocp_cqr,qe,0.8826666666666667,0.5696076061631464,0.026436508190960273,0.09560697954625569,10,calendar
lgbm,L,42,sfogd_cqr,hiking,0.7903846153846154,0.28351976703961435,0.03453390533204842,0.5513101909540644,10,calendar
lgbm,L,42,sfogd_cqr,qe,0.812,0.5654612196443275,0.008788862333364178,0.08279642749153188,10,calendar
lgbm,L,42,spci_cqr,hiking,0.7326923076923076,0.2620838695599361,0.0658407589237951,0.6589378019318329,10,calendar
lgbm,L,42,spci_cqr,qe,0.788,0.5583638447946038,0.008557451135327743,0.14906079138359898,10,calendar
lgbm_const,G,42,aci_cqr,hiking,0.7884615384615384,0.27405422487471487,0.15731374719506108,0.33360663703047266,10,calendar
lgbm_const,G,42,aci_cqr,qe,0.8373333333333334,0.5387769458038225,0.04324342441875456,0.05748396305200154,10,calendar
lgbm_const,G,42,agaci_cqr,hiking,0.7884615384615384,0.2682103492022353,0.1566137307174469,0.33047065225795136,10,calendar
lgbm_const,G,42,agaci_cqr,qe,0.824,0.5324966380395771,0.05532199195945753,0.049113078598749804,10,calendar
lgbm_const,G,42,cqr_rolling,hiking,0.8057692307692308,0.2767280744732627,0.16030109963382805,0.33382131600028875,10,calendar
lgbm_const,G,42,cqr_rolling,qe,0.8453333333333334,0.5458657181576188,0.042521434223042,0.08040922722468358,10,calendar
lgbm_const,G,42,cqr_static,hiking,0.9230769230769231,0.5856719457042746,-0.033954672920840645,0.311696055040852,10,calendar
lgbm_const,G,42,cqr_static,qe,0.8893333333333333,0.6974476427692725,0.0021654842392273554,0.17552804737198105,10,calendar
lgbm_const,G,42,decay_ocp_cqr,hiking,0.8865384615384615,0.362692200161426,0.05360101774010306,0.11425376748448451,10,calendar
lgbm_const,G,42,decay_ocp_cqr,qe,0.8693333333333333,0.5794528305132671,0.00766881816678161,0.06315144158005753,10,calendar
lgbm_const,G,42,dtaci_cqr,hiking,0.8,0.2723381433190458,0.15764379240180204,0.33246564746122764,10,calendar
lgbm_const,G,42,dtaci_cqr,qe,0.848,0.5278168511513908,0.056600104865522416,0.0506296303648644,10,calendar
lgbm_const,G,42,mondrian_cqr,hiking,0.8423076923076923,0.2922802523479323,0.06024981270764329,0.3979324703127656,10,calendar
lgbm_const,G,42,mondrian_cqr,qe,0.8586666666666667,0.5904812372056455,-0.03620212658539701,0.057486172688867576,10,calendar
lgbm_const,G,42,native,hiking,0.8865384615384615,0.34598467274319916,0.08267959903830063,0.1362189229128648,10,calendar
lgbm_const,G,42,native,qe,0.84,0.5400973626779468,0.05277797206774271,0.03856382071156289,10,calendar
lgbm_const,G,42,pid_cqr,hiking,0.7961538461538461,0.27291222305755736,0.12688390916948727,0.34965818615879024,10,calendar
lgbm_const,G,42,pid_cqr,qe,0.8266666666666667,0.5315609523003512,0.036499831818027795,0.051762717080834186,10,calendar
lgbm_const,G,42,pid_local_cqr,hiking,0.801923076923077,0.3146885633958744,0.09187220009855862,0.29089783449139395,10,calendar
lgbm_const,G,42,pid_local_cqr,qe,0.8213333333333334,0.5400918759503531,0.02661670490486384,0.06884271378012441,10,calendar
lgbm_const,G,42,pid_tan_cqr,hiking,0.8173076923076923,0.3086631060014275,-0.0017443780874409343,0.36374145191672447,10,calendar
lgbm_const,G,42,pid_tan_cqr,qe,0.8213333333333334,0.611196675363094,-0.1370013592968906,0.09404111142312338,10,calendar
lgbm_const,G,42,saocp_cqr,hiking,0.9173076923076923,0.3578668813169525,0.06255830870971058,0.16892746526842212,10,calendar
lgbm_const,G,42,saocp_cqr,qe,0.8973333333333333,0.5538274244630662,-0.0007544973897263829,0.03813271167447105,10,calendar
lgbm_const,G,42,sfogd_cqr,hiking,0.7884615384615384,0.3112891121814954,0.0982494711169059,0.32360058822771237,10,calendar
lgbm_const,G,42,sfogd_cqr,qe,0.8146666666666667,0.5546616643059147,0.022767377822394186,0.0766111721965651,10,calendar
lgbm_const,G,42,spci_cqr,hiking,0.7442307692307693,0.2867389636926077,0.06373332935543063,0.38686341740445934,10,calendar
lgbm_const,G,42,spci_cqr,qe,0.7786666666666666,0.5438768254710454,0.0005274901231561158,0.09610240051573213,10,calendar
lgbm_const,L,42,aci_cqr,hiking,0.7865384615384615,0.27856127951479204,0.11240768119473799,0.5346672595059943,10,calendar
lgbm_const,L,42,aci_cqr,qe,0.8413333333333334,0.5562861378757933,0.009949486575533018,0.0747760191128822,10,calendar
lgbm_const,L,42,agaci_cqr,hiking,0.7923076923076923,0.2754306553736653,0.09945417976139309,0.5553322439510026,10,calendar
lgbm_const,L,42,agaci_cqr,qe,0.82,0.5380244273000618,0.031002741078514806,0.08876704350407208,10,calendar
lgbm_const,L,42,cqr_rolling,hiking,0.801923076923077,0.27724221709821306,0.10477342721371963,0.5326811402240206,10,calendar
lgbm_const,L,42,cqr_rolling,qe,0.8586666666666667,0.5671465989435125,0.007794433011086899,0.08060417137463141,10,calendar
lgbm_const,L,42,cqr_static,hiking,0.9423076923076923,0.6207378670546895,-0.24607600868306,0.32592641167049546,10,calendar
lgbm_const,L,42,cqr_static,qe,0.9053333333333333,0.7164591029746444,-0.07700849558136547,0.23002650331057056,10,calendar
lgbm_const,L,42,decay_ocp_cqr,hiking,0.9096153846153846,0.39323649186605314,-0.06916702034107602,0.1345037524324986,10,calendar
lgbm_const,L,42,decay_ocp_cqr,qe,0.8653333333333333,0.6197028121829894,-0.011336253705317767,0.12934598657275276,10,calendar
lgbm_const,L,42,dtaci_cqr,hiking,0.8038461538461539,0.2759319939197462,0.09888329321998579,0.5552852900157084,10,calendar
lgbm_const,L,42,dtaci_cqr,qe,0.8426666666666667,0.5378092493689031,0.032623610083183874,0.06933784646336788,10,calendar
lgbm_const,L,42,mondrian_cqr,hiking,0.8423076923076923,0.30572327765290913,0.018562118488968382,0.5236146179067023,10,calendar
lgbm_const,L,42,mondrian_cqr,qe,0.8786666666666667,0.5857235909526635,-0.03038338937762808,0.11423849031470495,10,calendar
lgbm_const,L,42,native,hiking,0.8692307692307693,0.3527194912606763,0.046471819115906254,0.22905713163830682,10,calendar
lgbm_const,L,42,native,qe,0.8146666666666667,0.5694937743774273,0.016986839354730332,0.07448685751905726,10,calendar
lgbm_const,L,42,pid_cqr,hiking,0.8076923076923077,0.27680639977441135,0.09829341508872219,0.4699173002699762,10,calendar
lgbm_const,L,42,pid_cqr,qe,0.8266666666666667,0.5326423869474745,0.02538870928196696,0.08533898108284232,10,calendar
lgbm_const,L,42,pid_local_cqr,hiking,0.8096153846153846,0.3196085877272239,0.06037384404297752,0.3661954750379698,10,calendar
lgbm_const,L,42,pid_local_cqr,qe,0.8293333333333334,0.5593618877279377,-0.004549997276112494,0.05316708225681949,10,calendar
lgbm_const,L,42,pid_tan_cqr,hiking,0.8115384615384615,0.3073194580232563,-0.019521148941276323,0.576432066261326,10,calendar
lgbm_const,L,42,pid_tan_cqr,qe,0.828,0.6215253111751212,-0.16348399658705914,0.07648495166544295,10,calendar
lgbm_const,L,42,saocp_cqr,hiking,0.9173076923076923,0.3579788466618794,0.0038602464706982698,0.2912780546113256,10,calendar
lgbm_const,L,42,saocp_cqr,qe,0.8813333333333333,0.5904061025417542,-0.012123468956099837,0.07155829719530282,10,calendar
lgbm_const,L,42,sfogd_cqr,hiking,0.7980769230769231,0.3149139969368716,0.08243800552836633,0.3962670106650856,10,calendar
lgbm_const,L,42,sfogd_cqr,qe,0.8173333333333334,0.5671090022265621,-0.009884721098746385,0.09709761950703985,10,calendar
lgbm_const,L,42,spci_cqr,hiking,0.7461538461538462,0.28920259597417286,0.041194376429929125,0.6004262644103529,10,calendar
lgbm_const,L,42,spci_cqr,qe,0.8,0.5584881397422675,-0.015137420015263081,0.1090524904040596,10,calendar
lstm,G,42,aci_cqr,hiking,0.7865384615384615,0.3245988882973332,0.016301633558871986,0.3066564087308693,10,calendar
lstm,G,42,aci_cqr,qe,0.864,0.5557582641656041,0.04246318335618443,0.06510233777206767,10,calendar
lstm,G,42,agaci_cqr,hiking,0.7942307692307692,0.321956632100399,0.02347182648183843,0.34922676531885766,10,calendar
lstm,G,42,agaci_cqr,qe,0.844,0.5418762456847735,0.043613759019496046,0.05642643061256861,10,calendar
lstm,G,42,cqr_rolling,hiking,0.8057692307692308,0.3341013125081245,0.0213779130962527,0.25081573906807075,10,calendar
lstm,G,42,cqr_rolling,qe,0.876,0.5656524006770889,0.038239211539297435,0.0372473503567273,10,calendar
lstm,G,42,cqr_static,hiking,0.9673076923076923,0.7539934352309428,-0.3675504284131065,0.5396144930182333,10,calendar
lstm,G,42,cqr_static,qe,0.9266666666666666,0.7897624314016303,-0.02738276254340022,0.29056566032030856,10,calendar
lstm,G,42,decay_ocp_cqr,hiking,0.9615384615384616,0.5228511805906672,-0.1490017248269847,0.2015487239894303,10,calendar
lstm,G,42,decay_ocp_cqr,qe,0.9066666666666666,0.6503749173392965,-0.010989739366323081,0.1025462413968421,10,calendar
lstm,G,42,dtaci_cqr,hiking,0.7884615384615384,0.32208298434613547,0.03011863006761012,0.313265106784549,10,calendar
lstm,G,42,dtaci_cqr,qe,0.8626666666666667,0.5421576074538769,0.039759013205137694,0.0669678854588436,10,calendar
lstm,G,42,mondrian_cqr,hiking,0.8865384615384615,0.3313616650191408,0.0542283427689807,0.3445429748205975,10,calendar
lstm,G,42,mondrian_cqr,qe,0.8826666666666667,0.597593592891737,-0.058467807778394776,0.06079797246549096,10,calendar
lstm,G,42,native,hiking,0.9576923076923077,0.5682581883712456,-0.2591194901706354,0.11699291141420931,10,calendar
lstm,G,42,native,qe,0.9,0.6305370102493565,-0.03071516008586983,0.08294904037866793,10,calendar
lstm,G,42,pid_cqr,hiking,0.8038461538461539,0.3018725398649121,0.066540464677466,0.31834388830216925,10,calendar
lstm,G,42,pid_cqr,qe,0.8453333333333334,0.5416985271322649,0.030695984614867444,0.046660230431934485,10,calendar
lstm,G,42,pid_local_cqr,hiking,0.8288461538461539,0.3136315070854169,0.08805825822473407,0.3033744595101738,10,calendar
lstm,G,42,pid_local_cqr,qe,0.8413333333333334,0.5500179953519623,0.0114431455075939,0.010303814179531051,10,calendar
lstm,G,42,pid_tan_cqr,hiking,0.8442307692307692,0.35147392008160494,-0.05700302115945999,0.5177602717128059,10,calendar
lstm,G,42,pid_tan_cqr,qe,0.8573333333333333,0.6458316822822542,-0.17829974827121697,0.10225170051129767,10,calendar
lstm,G,42,saocp_cqr,hiking,0.9634615384615385,0.572999822771822,-0.2756773965406971,0.0932950814968116,10,calendar
lstm,G,42,saocp_cqr,qe,0.9226666666666666,0.6553058753556704,-0.05335981385366362,0.1102470768483122,10,calendar
lstm,G,42,sfogd_cqr,hiking,0.8,0.3254751302734109,0.03520453336871704,0.30892824464749774,10,calendar
lstm,G,42,sfogd_cqr,qe,0.8213333333333334,0.5504872107399433,-0.0020161467115080156,0.07374811135503109,10,calendar
lstm,G,42,spci_cqr,hiking,0.7884615384615384,0.31668547191188884,0.01827451247954681,0.3240304450443191,10,calendar
lstm,G,42,spci_cqr,qe,0.7933333333333333,0.5591672286449632,0.009785527780572234,0.0729079053793818,10,calendar
lstm,G,43,aci_cqr,hiking,0.8403846153846154,0.3596626759853157,-0.04581110235053032,0.13620167431667807,10,calendar
lstm,G,43,aci_cqr,qe,0.836,0.5385072805136363,0.08069682278770568,0.061396559220665975,10,calendar
lstm,G,43,agaci_cqr,hiking,0.8423076923076923,0.3561160070329477,-0.05058302264860104,0.1445372669671799,10,calendar
lstm,G,43,agaci_cqr,qe,0.8106666666666666,0.5354063561367204,0.08047045989388213,0.04335778933318296,10,calendar
lstm,G,43,cqr_rolling,hiking,0.8403846153846154,0.36477489894430226,-0.05162170907475627,0.1160169909851273,10,calendar
lstm,G,43,cqr_rolling,qe,0.8426666666666667,0.5413948609479268,0.07535624436944527,0.060886960135397405,10,calendar
lstm,G,43,cqr_static,hiking,0.9076923076923077,0.6277419968145745,-0.23066756909120867,0.4433042283326481,10,calendar
lstm,G,43,cqr_static,qe,0.856,0.6802757060634617,0.005528166832195702,0.17435440024213128,10,calendar
lstm,G,43,decay_ocp_cqr,hiking,0.95,0.5464570472293456,-0.17439544208861169,0.21058997592628426,10,calendar
lstm,G,43,decay_ocp_cqr,qe,0.916,0.6730868437248572,-0.005234217327778179,0.09268478070425065,10,calendar
lstm,G,43,dtaci_cqr,hiking,0.8442307692307692,0.3567002433297517,-0.049037352086192754,0.15258548658160612,10,calendar
lstm,G,43,dtaci_cqr,qe,0.8386666666666667,0.5310751873995891,0.08081159035211605,0.04954127376537773,10,calendar
lstm,G,43,mondrian_cqr,hiking,0.8615384615384616,0.3392013790576388,0.006615011349091926,0.19198126083613617,10,calendar
lstm,G,43,mondrian_cqr,qe,0.856,0.5846629324999651,-0.013465073761243396,0.07438878852246847,10,calendar
lstm,G,43,native,hiking,0.9865384615384616,0.6899048575652906,-0.4885635242490851,0.2705409299081214,10,calendar
lstm,G,43,native,qe,0.94,0.730056486986796,-0.09697814049136022,0.1365466460097851,10,calendar
lstm,G,43,pid_cqr,hiking,0.8288461538461539,0.32367678826171686,0.015006380751193538,0.2190193110425672,10,calendar
lstm,G,43,pid_cqr,qe,0.828,0.5338424010969077,0.06143399189614879,0.04064394839543101,10,calendar
lstm,G,43,pid_local_cqr,hiking,0.8326923076923077,0.35773601094160296,0.001713599809984867,0.17974234300409692,10,calendar
lstm,G,43,pid_local_cqr,qe,0.824,0.5450295152463086,0.022786478708316238,0.05127309148501483,10,calendar
lstm,G,43,pid_tan_cqr,hiking,0.8596153846153847,0.4207370029432234,-0.2874570396097794,0.2882004613885857,10,calendar
lstm,G,43,pid_tan_cqr,qe,0.8253333333333334,0.6295689603805861,-0.14533722113716585,0.03411483228064449,10,calendar
lstm,G,43,saocp_cqr,hiking,0.9865384615384616,0.6920783432453672,-0.4885635242490851,0.25277427476403264,10,calendar
lstm,G,43,saocp_cqr,qe,0.952,0.7454338023666636,-0.16376082469446585,0.0866201600161059,10,calendar
lstm,G,43,sfogd_cqr,hiking,0.8134615384615385,0.3469196245363155,-0.014233286657590383,0.20139725011068862,10,calendar
lstm,G,43,sfogd_cqr,qe,0.8106666666666666,0.571174700016439,0.012508516074744125,0.04740623668425878,10,calendar
lstm,G,43,spci_cqr,hiking,0.7846153846153846,0.3436118666747098,-0.04971969919799024,0.2978839222038645,10,calendar
lstm,G,43,spci_cqr,qe,0.7773333333333333,0.5460049081797441,0.017130457040013702,0.04126804495085648,10,calendar
lstm,G,44,aci_cqr,hiking,0.8653846153846154,0.321845101798958,-0.023868555475899167,0.32273137736574126,10,calendar
lstm,G,44,aci_cqr,qe,0.82,0.5362763321918291,0.013731744557949233,0.05672825488273975,10,calendar
lstm,G,44,agaci_cqr,hiking,0.8596153846153847,0.31229357322581847,0.001628567711010942,0.3540286920934425,10,calendar
lstm,G,44,agaci_cqr,qe,0.808,0.5338517999175854,0.019879653429390243,0.06953382503608166,10,calendar
lstm,G,44,cqr_rolling,hiking,0.8692307692307693,0.32690337660093177,-0.03214775473840564,0.30479353991484526,10,calendar
lstm,G,44,cqr_rolling,qe,0.8293333333333334,0.5456855073943249,0.008528077798575062,0.03595761720205984,10,calendar
lstm,G,44,cqr_static,hiking,0.925,0.5730164732483667,-0.16314028660679436,0.16837781968655235,10,calendar
lstm,G,44,cqr_static,qe,0.868,0.6409372091223854,-0.022051550310627666,0.042472254234664664,10,calendar
lstm,G,44,decay_ocp_cqr,hiking,0.8769230769230769,0.3806050936278986,-0.0459759413799572,0.07362590368699223,10,calendar
lstm,G,44,decay_ocp_cqr,qe,0.8293333333333334,0.5603342739070791,0.0014782685979631838,0.051293252165863085,10,calendar
lstm,G,44,dtaci_cqr,hiking,0.8673076923076923,0.3156501245473873,-0.0026890366410941002,0.34351833257364606,10,calendar
lstm,G,44,dtaci_cqr,qe,0.8213333333333334,0.5284176920745142,0.016861486129806147,0.06604659607013819,10,calendar
lstm,G,44,mondrian_cqr,hiking,0.8826923076923077,0.32564152551327796,-0.04769344254965835,0.4503393939923954,10,calendar
lstm,G,44,mondrian_cqr,qe,0.8653333333333333,0.5707307722839482,-0.009458164221520626,0.11616108642341952,10,calendar
lstm,G,44,native,hiking,0.7442307692307693,0.3376486872364068,-0.04937246190503625,0.3798438745121897,10,calendar
lstm,G,44,native,qe,0.5906666666666667,0.5735924102303206,-0.06932456757829142,0.1471305319431283,10,calendar
lstm,G,44,pid_cqr,hiking,0.8365384615384616,0.3041581814409091,0.03525316764580927,0.37755951702996104,10,calendar
lstm,G,44,pid_cqr,qe,0.8053333333333333,0.5160329752293397,0.04159420124012486,0.07658076182194795,10,calendar
lstm,G,44,pid_local_cqr,hiking,0.8365384615384616,0.3218138474362649,0.026264893481120155,0.3328308532250976,10,calendar
lstm,G,44,pid_local_cqr,qe,0.8013333333333333,0.5253625086150928,0.034795112258093785,0.05333084403687338,10,calendar
lstm,G,44,pid_tan_cqr,hiking,0.8634615384615385,0.3458141469016541,-0.13374671700996144,0.5188271738162331,10,calendar
lstm,G,44,pid_tan_cqr,qe,0.8133333333333334,0.6153550722583714,-0.1441275413619134,0.11645591913228392,10,calendar
lstm,G,44,saocp_cqr,hiking,0.8846153846153846,0.3477253351613987,0.027718928863502412,0.2545387858291469,10,calendar
lstm,G,44,saocp_cqr,qe,0.832,0.5678462486209789,-0.005637789568713358,0.06897320670308385,10,calendar
lstm,G,44,sfogd_cqr,hiking,0.825,0.32266074744850515,0.10438934248866133,0.31588666054527237,10,calendar
lstm,G,44,sfogd_cqr,qe,0.8,0.5616212593473082,-0.009173325798710219,0.03202398238634696,10,calendar
lstm,G,44,spci_cqr,hiking,0.7980769230769231,0.2915788364559115,0.05062733892769006,0.4894315819761379,10,calendar
lstm,G,44,spci_cqr,qe,0.7653333333333333,0.5464303564521746,-0.03071844300093096,0.11225721245733164,10,calendar
lstm,GF,42,aci_cqr,hiking,0.7923076923076923,0.32185947991588937,0.004989985169090494,0.31570384900818554,10,calendar
lstm,GF,42,aci_cqr,qe,0.864,0.556181634169829,0.030703313061442306,0.06590204013335896,10,calendar
lstm,GF,42,agaci_cqr,hiking,0.7980769230769231,0.31766465759142404,0.014466523756731908,0.3483976870426423,10,calendar
lstm,GF,42,agaci_cqr,qe,0.8493333333333334,0.5370489411373874,0.03685015247740275,0.05529176177589076,10,calendar
lstm,GF,42,cqr_rolling,hiking,0.8038461538461539,0.3311924139779348,0.013556355350074378,0.24732082543531062,10,calendar
lstm,GF,42,cqr_rolling,qe,0.8773333333333333,0.5667042145991286,0.021195280043413645,0.04513035446605984,10,calendar
lstm,GF,42,cqr_static,hiking,0.9730769230769231,0.7593636723005771,-0.40640017926746885,0.5440301077904641,10,calendar
lstm,GF,42,cqr_static,qe,0.9253333333333333,0.7838832918129564,-0.05198545398487198,0.3050733115516706,10,calendar
lstm,GF,42,decay_ocp_cqr,hiking,0.9615384615384616,0.5286224580161996,-0.16857006643593608,0.22603265771386583,10,calendar
lstm,GF,42,decay_ocp_cqr,qe,0.904,0.6472338362688497,-0.015930108588679714,0.0899153042627947,10,calendar
lstm,GF,42,dtaci_cqr,hiking,0.7942307692307692,0.3201941815468562,0.023104054244982908,0.3138855386814211,10,calendar
lstm,GF,42,dtaci_cqr,qe,0.864,0.535192111919089,0.04117977747955265,0.07533044927134716,10,calendar
lstm,GF,42,mondrian_cqr,hiking,0.8788461538461538,0.32595039821306104,0.02260276637178721,0.3790142356787172,10,calendar
lstm,GF,42,mondrian_cqr,qe,0.8773333333333333,0.5737377380561234,-0.039841821847646175,0.036200455316737934,10,calendar
lstm,GF,42,native,hiking,0.9557692307692308,0.56568617349267,-0.25619998122229426,0.12367369991891969,10,calendar
lstm,GF,42,native,qe,0.896,0.6207184742227196,-0.03357077769827033,0.07832919785800471,10,calendar
lstm,GF,42,pid_cqr,hiking,0.8038461538461539,0.30508212757880543,0.07400627276880517,0.29705925690032964,10,calendar
lstm,GF,42,pid_cqr,qe,0.8466666666666667,0.5379817861405819,0.02318321210569163,0.050481152902370735,10,calendar
lstm,GF,42,pid_local_cqr,hiking,0.8288461538461539,0.3274029521307642,0.0768940168231676,0.25367220332569695,10,calendar
lstm,GF,42,pid_local_cqr,qe,0.844,0.5438285547841127,0.01107060384342995,0.03317162173142088,10,calendar
lstm,GF,42,pid_tan_cqr,hiking,0.8403846153846154,0.3449734084500461,-0.06954308760216049,0.5072721789203515,10,calendar
lstm,GF,42,pid_tan_cqr,qe,0.8586666666666667,0.6552440427576307,-0.18683143360598953,0.12939472262907914,10,calendar
lstm,GF,42,saocp_cqr,hiking,0.9634615384615385,0.5703818504667003,-0.2697153113050631,0.10895228584613142,10,calendar
lstm,GF,42,saocp_cqr,qe,0.9213333333333333,0.6548972232981863,-0.0688911345300589,0.09157206559070796,10,calendar
lstm,GF,42,sfogd_cqr,hiking,0.8057692307692308,0.3198679213518519,0.07557573787922972,0.2936017478908324,10,calendar
lstm,GF,42,sfogd_cqr,qe,0.8213333333333334,0.5467890404067569,-0.008989777886392214,0.0740291094881694,10,calendar
lstm,GF,42,spci_cqr,hiking,0.7903846153846154,0.31329611120074985,0.03717904784897069,0.3277661535054736,10,calendar
lstm,GF,42,spci_cqr,qe,0.7933333333333333,0.5519997354988614,-0.0017209999151479027,0.10545653856703655,10,calendar
lstm,GF,43,aci_cqr,hiking,0.8423076923076923,0.3547195505013145,-0.05767125774662807,0.17345931862951947,10,calendar
lstm,GF,43,aci_cqr,qe,0.8346666666666667,0.5363193689630509,0.07162136543613912,0.07106295768719312,10,calendar
lstm,GF,43,agaci_cqr,hiking,0.8403846153846154,0.35087151780570763,-0.0581869953975892,0.19365107294256215,10,calendar
lstm,GF,43,agaci_cqr,qe,0.808,0.5333364466876442,0.07259140489945942,0.060226156782627216,10,calendar
lstm,GF,43,cqr_rolling,hiking,0.8480769230769231,0.35850149406467485,-0.057753067847459705,0.16465671231452914,10,calendar
lstm,GF,43,cqr_rolling,qe,0.84,0.5390416224648952,0.06796828784841058,0.06779684869263011,10,calendar
lstm,GF,43,cqr_static,hiking,0.9076923076923077,0.6503149822024203,-0.28817757699611024,0.5828686062570394,10,calendar
lstm,GF,43,cqr_static,qe,0.852,0.6882437837649985,0.006065595215840214,0.19545501444482305,10,calendar
lstm,GF,43,decay_ocp_cqr,hiking,0.95,0.5569697757948672,-0.17099602437361772,0.24985110123730886,10,calendar
lstm,GF,43,decay_ocp_cqr,qe,0.9186666666666666,0.6671705101612155,-0.0038510486424056523,0.1621684227449485,10,calendar
lstm,GF,43,dtaci_cqr,hiking,0.8480769230769231,0.3522550434280309,-0.05370404433016429,0.19911616296701162,10,calendar
lstm,GF,43,dtaci_cqr,qe,0.84,0.5298277163908329,0.072007458207421,0.06439157500118697,10,calendar
lstm,GF,43,mondrian_cqr,hiking,0.8711538461538462,0.3376013055530418,0.032398450057955885,0.22984733426409734,10,calendar
lstm,GF,43,mondrian_cqr,qe,0.8666666666666667,0.5639504983561675,-0.004625147424949794,0.07958056087498278,10,calendar
lstm,GF,43,native,hiking,0.9865384615384616,0.6921483563356675,-0.508383990443304,0.20772470739384108,10,calendar
lstm,GF,43,native,qe,0.9373333333333334,0.7182877800988356,-0.09328868979398075,0.11748355425363316,10,calendar
lstm,GF,43,pid_cqr,hiking,0.8365384615384616,0.3313086699970336,0.02376378709375332,0.22360703693236425,10,calendar
lstm,GF,43,pid_cqr,qe,0.828,0.5328586099242889,0.05773553875185389,0.04018284544243589,10,calendar
lstm,GF,43,pid_local_cqr,hiking,0.8326923076923077,0.3430226855653927,0.04547103444300904,0.2435857831558366,10,calendar
lstm,GF,43,pid_local_cqr,qe,0.828,0.5543814955242634,0.04092082290943694,0.0438819286723956,10,calendar
lstm,GF,43,pid_tan_cqr,hiking,0.8615384615384616,0.42650822253236026,-0.2836771065870387,0.2743996738823282,10,calendar
lstm,GF,43,pid_tan_cqr,qe,0.8266666666666667,0.6326121730003451,-0.13870416664391028,0.04330748583451827,10,calendar
lstm,GF,43,saocp_cqr,hiking,0.9865384615384616,0.693959289966313,-0.508383990443304,0.19516414561295858,10,calendar
lstm,GF,43,saocp_cqr,qe,0.9493333333333334,0.7350151252408941,-0.1675972425791643,0.07903399471030237,10,calendar
lstm,GF,43,sfogd_cqr,hiking,0.8173076923076923,0.3424219944435292,0.014420944159097393,0.1883068802392828,10,calendar
lstm,GF,43,sfogd_cqr,qe,0.808,0.5643992997127378,0.011345379997586447,0.038992045514979284,10,calendar
lstm,GF,43,spci_cqr,hiking,0.7942307692307692,0.3360791287137683,-0.030567143338332603,0.288878172096352,10,calendar
lstm,GF,43,spci_cqr,qe,0.7786666666666666,0.5469154214010398,0.027532615128764537,0.044169077909787,10,calendar
lstm,GF,44,aci_cqr,hiking,0.8653846153846154,0.310836170560811,-0.04341267409007221,0.3978743262893629,10,calendar
lstm,GF,44,aci_cqr,qe,0.8226666666666667,0.5259842002520926,0.022697961128841482,0.09575750760512322,10,calendar
lstm,GF,44,agaci_cqr,hiking,0.8673076923076923,0.3070679915984774,-0.03155209218609056,0.40251877299979105,10,calendar
lstm,GF,44,agaci_cqr,qe,0.8026666666666666,0.5231554650128312,0.016293780242662703,0.09886172505210561,10,calendar
lstm,GF,44,cqr_rolling,hiking,0.8730769230769231,0.31974164835556373,-0.04993368777695484,0.36865559556985616,10,calendar
lstm,GF,44,cqr_rolling,qe,0.8293333333333334,0.5360614845858009,0.01084638840440294,0.06528239625874618,10,calendar
lstm,GF,44,cqr_static,hiking,0.9230769230769231,0.5849282365274134,-0.19642818859405198,0.21025634563532836,10,calendar
lstm,GF,44,cqr_static,qe,0.8693333333333333,0.6464516658115885,-0.0170494107803979,0.07136434564144681,10,calendar
lstm,GF,44,decay_ocp_cqr,hiking,0.8807692307692307,0.3887649533420463,-0.05230720322637794,0.10140981211863087,10,calendar
lstm,GF,44,decay_ocp_cqr,qe,0.824,0.5601658581212965,0.00603734378264742,0.05747689123536859,10,calendar
lstm,GF,44,dtaci_cqr,hiking,0.8769230769230769,0.30849054305205015,-0.033727366306937956,0.3986562119053615,10,calendar
lstm,GF,44,dtaci_cqr,qe,0.8266666666666667,0.5198324108482607,0.019499988407754076,0.10711589413492209,10,calendar
lstm,GF,44,mondrian_cqr,hiking,0.8865384615384615,0.3204278952711566,-0.10052829707353506,0.48404051210426075,10,calendar
lstm,GF,44,mondrian_cqr,qe,0.876,0.5665885508469394,-0.04714789252900142,0.0693310045334676,10,calendar
lstm,GF,44,native,hiking,0.7211538461538461,0.33438808394443914,-0.08858884064800165,0.42711617183285144,10,calendar
lstm,GF,44,native,qe,0.568,0.5712873244958409,-0.08164126394257676,0.1724192754891664,10,calendar
lstm,GF,44,pid_cqr,hiking,0.8365384615384616,0.3002453981109356,0.0073126393574041715,0.40347879275353715,10,calendar
lstm,GF,44,pid_cqr,qe,0.8093333333333333,0.5173853176237397,0.030277574668509,0.08421017321066793,10,calendar
lstm,GF,44,pid_local_cqr,hiking,0.8384615384615385,0.3327641377992147,0.01778412211256153,0.3578492247734806,10,calendar
lstm,GF,44,pid_local_cqr,qe,0.8026666666666666,0.5303280653748252,0.02762667038080452,0.046044822883579695,10,calendar
lstm,GF,44,pid_tan_cqr,hiking,0.8576923076923076,0.3495823438809002,-0.14573490328253036,0.5254361111615194,10,calendar
lstm,GF,44,pid_tan_cqr,qe,0.8093333333333333,0.6138756611017469,-0.14134580132794383,0.12244285404194899,10,calendar
lstm,GF,44,saocp_cqr,hiking,0.8826923076923077,0.3440807182355751,0.003213847242005685,0.31933085786587667,10,calendar
lstm,GF,44,saocp_cqr,qe,0.8306666666666667,0.5718981445838727,-0.0163532414280515,0.06968214857771723,10,calendar
lstm,GF,44,sfogd_cqr,hiking,0.825,0.3227639312884754,0.0673262750141313,0.38680765637592157,10,calendar
lstm,GF,44,sfogd_cqr,qe,0.8013333333333333,0.5615131025514392,-0.012038963569451111,0.026769017413042606,10,calendar
lstm,GF,44,spci_cqr,hiking,0.801923076923077,0.29202345972700006,0.025305590057633942,0.5106956075879283,10,calendar
lstm,GF,44,spci_cqr,qe,0.7666666666666667,0.5459147124378115,-0.025199211809784017,0.13338428189055926,10,calendar
lstm,GI,42,aci_cqr,hiking,0.7711538461538462,0.3858670750036224,-0.07745214384809163,0.1302405028052657,10,calendar
lstm,GI,42,aci_cqr,qe,0.852,0.607650030779434,-0.016022939537230108,0.08460739447786916,10,calendar
lstm,GI,42,agaci_cqr,hiking,0.7692307692307693,0.3872461089118707,-0.07176513640149007,0.12746856676672275,10,calendar
lstm,GI,42,agaci_cqr,qe,0.8333333333333334,0.5834488052262415,-0.019584802446142358,0.07850435673067344,10,calendar
lstm,GI,42,cqr_rolling,hiking,0.7903846153846154,0.3866357425039582,-0.08761863023512306,0.1300839666146622,10,calendar
lstm,GI,42,cqr_rolling,qe,0.8693333333333333,0.6191165856343972,-0.026601183721657762,0.06760681719139333,10,calendar
lstm,GI,42,cqr_static,hiking,0.975,0.9141922626372752,-0.6240282478424228,0.8607714601720224,10,calendar
lstm,GI,42,cqr_static,qe,0.932,0.9405384116049478,-0.14504398065495983,0.5295196260816415,10,calendar
lstm,GI,42,decay_ocp_cqr,hiking,0.9538461538461539,0.6313500840910072,-0.24487330302676835,0.37565137667140464,10,calendar
lstm,GI,42,decay_ocp_cqr,qe,0.912,0.7521131693185347,-0.06598913392870398,0.28321869963269586,10,calendar
lstm,GI,42,dtaci_cqr,hiking,0.7807692307692308,0.38401017010271987,-0.07406308101295955,0.11662550794936888,10,calendar
lstm,GI,42,dtaci_cqr,qe,0.8533333333333334,0.5801406477701009,-0.013087758447261233,0.08054408508608038,10,calendar
lstm,GI,42,mondrian_cqr,hiking,0.8807692307692307,0.3779666211688868,-0.0652798932580052,0.21109728522608517,10,calendar
lstm,GI,42,mondrian_cqr,qe,0.8773333333333333,0.6320276359685207,-0.07910791222290392,0.03555754095408453,10,calendar
lstm,GI,42,native,hiking,0.9461538461538461,0.5688266883014415,-0.2690208321251031,0.13088842038666415,10,calendar
lstm,GI,42,native,qe,0.888,0.6465736486925221,-0.07309325506824504,0.11016362377248493,10,calendar
lstm,GI,42,pid_cqr,hiking,0.7923076923076923,0.34985293427619135,-0.03178936704590074,0.15338820700760433,10,calendar
lstm,GI,42,pid_cqr,qe,0.856,0.5856512854993254,-0.01252968512955166,0.03506852824890305,10,calendar
lstm,GI,42,pid_local_cqr,hiking,0.8134615384615385,0.3699590170834301,-0.04463433667753991,0.13238111190916174,10,calendar
lstm,GI,42,pid_local_cqr,qe,0.848,0.5779688741674495,-0.03398326912627514,0.062249711633792865,10,calendar
lstm,GI,42,pid_tan_cqr,hiking,0.8269230769230769,0.38277123662709217,-0.13683995253830195,0.328064887076251,10,calendar
lstm,GI,42,pid_tan_cqr,qe,0.8693333333333333,0.6948395694566314,-0.21651667266285246,0.07372117125937427,10,calendar
lstm,GI,42,saocp_cqr,hiking,0.9576923076923077,0.577340705496263,-0.2881527273385702,0.16323180751582161,10,calendar
lstm,GI,42,saocp_cqr,qe,0.9186666666666666,0.6710590805126626,-0.12745952299287056,0.08992033763926782,10,calendar
lstm,GI,42,sfogd_cqr,hiking,0.7903846153846154,0.36060057747609,-0.02578223529594814,0.2344940494483349,10,calendar
lstm,GI,42,sfogd_cqr,qe,0.824,0.5837229081000008,-0.057580230284665856,0.0606858712421956,10,calendar
lstm,GI,42,spci_cqr,hiking,0.7846153846153846,0.3467678372901286,-0.054396899109383834,0.22559184412860198,10,calendar
lstm,GI,42,spci_cqr,qe,0.804,0.5917941266167401,-0.06986828833076963,0.11291542820621187,10,calendar
lstm,GI,43,aci_cqr,hiking,0.8519230769230769,0.3528981773917175,-0.08091028598629235,0.25066706892609625,10,calendar
lstm,GI,43,aci_cqr,qe,0.8186666666666667,0.5886325789557116,-0.026857150301821786,0.034920587717699125,10,calendar
lstm,GI,43,agaci_cqr,hiking,0.85,0.3450393748748307,-0.05453825902160592,0.25559884092911733,10,calendar
lstm,GI,43,agaci_cqr,qe,0.804,0.5844000527363252,-0.0026198904665675204,0.04393762298004247,10,calendar
lstm,GI,43,cqr_rolling,hiking,0.8576923076923076,0.3568618537325078,-0.0876371239184911,0.2369617879423859,10,calendar
lstm,GI,43,cqr_rolling,qe,0.82,0.5916389123161423,-0.021430683930207417,0.046093196667038094,10,calendar
lstm,GI,43,cqr_static,hiking,0.8865384615384615,0.6688942313874143,-0.2782648054419361,0.2758014050440403,10,calendar
lstm,GI,43,cqr_static,qe,0.7933333333333333,0.7342390157829236,-0.1187798456171053,0.22234248944781493,10,calendar
lstm,GI,43,decay_ocp_cqr,hiking,0.9576923076923077,0.5669234685701271,-0.21928133758594948,0.2852016982784571,10,calendar
lstm,GI,43,decay_ocp_cqr,qe,0.8986666666666666,0.6862624453619554,-0.02230612324514092,0.1678377217804033,10,calendar
lstm,GI,43,dtaci_cqr,hiking,0.8615384615384616,0.3466940798595419,-0.06751716022344423,0.2398805084908938,10,calendar
lstm,GI,43,dtaci_cqr,qe,0.8213333333333334,0.5820158195361887,0.0010596281773236904,0.04866069390603975,10,calendar
lstm,GI,43,mondrian_cqr,hiking,0.8730769230769231,0.33964200951750717,-0.05013854601574186,0.24652037856332198,10,calendar
lstm,GI,43,mondrian_cqr,qe,0.8586666666666667,0.6509927236944848,-0.0861447262053624,0.05493264898841277,10,calendar
lstm,GI,43,native,hiking,0.9826923076923076,0.6898186606239043,-0.4885635242490851,0.27584472455069714,10,calendar
lstm,GI,43,native,qe,0.9266666666666666,0.7349488024406334,-0.11663981938979173,0.14373619028316814,10,calendar
lstm,GI,43,pid_cqr,hiking,0.8403846153846154,0.33088321479901456,-0.02671975528623738,0.2817109429549204,10,calendar
lstm,GI,43,pid_cqr,qe,0.8266666666666667,0.5863869168974115,0.004138980002477866,0.03549368302813791,10,calendar
lstm,GI,43,pid_local_cqr,hiking,0.8423076923076923,0.34402568974586856,-0.02073128401999247,0.22709474132307253,10,calendar
lstm,GI,43,pid_local_cqr,qe,0.8253333333333334,0.6033054315895822,-0.021081903492179754,0.06757899836192371,10,calendar
lstm,GI,43,pid_tan_cqr,hiking,0.8596153846153847,0.4199053363445121,-0.2961489387954179,0.3191390690567875,10,calendar
lstm,GI,43,pid_tan_cqr,qe,0.828,0.6750733737491745,-0.1787964442732215,0.06219669950724527,10,calendar
lstm,GI,43,saocp_cqr,hiking,0.9826923076923076,0.692722406204486,-0.4885635242490851,0.2562389267435208,10,calendar
lstm,GI,43,saocp_cqr,qe,0.9453333333333334,0.7492175318568052,-0.19399658200994851,0.12366460976150467,10,calendar
lstm,GI,43,sfogd_cqr,hiking,0.8153846153846154,0.33252558311805047,-0.04728939667663101,0.2725433973924437,10,calendar
lstm,GI,43,sfogd_cqr,qe,0.8146666666666667,0.5974482504268698,-0.046703174502853884,0.0701676909123955,10,calendar
lstm,GI,43,spci_cqr,hiking,0.7980769230769231,0.3278771652124173,-0.04991093241514932,0.2945419563747067,10,calendar
lstm,GI,43,spci_cqr,qe,0.784,0.5919740986443879,-0.06142638588560956,0.044098728999471426,10,calendar
lstm,GI,44,aci_cqr,hiking,0.8576923076923076,0.2983890269678948,0.056149603502954615,0.34498006452824603,10,calendar
lstm,GI,44,aci_cqr,qe,0.836,0.5444827761735697,-0.002749840971525752,0.081208410171901,10,calendar
lstm,GI,44,agaci_cqr,hiking,0.8538461538461538,0.28928217946955875,0.06444512486269988,0.36423073794839494,10,calendar
lstm,GI,44,agaci_cqr,qe,0.82,0.5453018557577233,-0.0001467243678002772,0.06296842753193871,10,calendar
lstm,GI,44,cqr_rolling,hiking,0.8692307692307693,0.3066460665388952,0.06458323995858556,0.293405919415001,10,calendar
lstm,GI,44,cqr_rolling,qe,0.836,0.5544444545497215,-0.015468128667029402,0.06647442801328932,10,calendar
lstm,GI,44,cqr_static,hiking,0.8769230769230769,0.6155514964526578,-0.16594234135304453,0.31551518210008994,10,calendar
lstm,GI,44,cqr_static,qe,0.8013333333333333,0.6891954711039495,-0.02456415011310431,0.1294766583870423,10,calendar
lstm,GI,44,decay_ocp_cqr,hiking,0.875,0.39470911282694127,-0.020972210691973303,0.1550782807809922,10,calendar
lstm,GI,44,decay_ocp_cqr,qe,0.784,0.5785247920383698,-0.022508572696895657,0.05154834267969868,10,calendar
lstm,GI,44,dtaci_cqr,hiking,0.8519230769230769,0.291595169808676,0.0702016116007696,0.35126784696194074,10,calendar
lstm,GI,44,dtaci_cqr,qe,0.8386666666666667,0.5361921480974914,0.02512341000816587,0.06675206171994932,10,calendar
lstm,GI,44,mondrian_cqr,hiking,0.8807692307692307,0.2885556803072647,0.03942185462291836,0.5245129455613766,10,calendar
lstm,GI,44,mondrian_cqr,qe,0.8773333333333333,0.5904679853020967,-0.017340641847121585,0.13111152694096528,10,calendar
lstm,GI,44,native,hiking,0.7115384615384616,0.31942232916587415,0.03335330878275977,0.378068544670167,10,calendar
lstm,GI,44,native,qe,0.5813333333333334,0.5923079384978792,-0.06858243460983426,0.14513902639282322,10,calendar
lstm,GI,44,pid_cqr,hiking,0.823076923076923,0.2713421338735442,0.04369299547010491,0.3959000174744785,10,calendar
lstm,GI,44,pid_cqr,qe,0.8146666666666667,0.5313797607256676,0.023434145895907754,0.022550551755396636,10,calendar
lstm,GI,44,pid_local_cqr,hiking,0.8269230769230769,0.28989320682925734,0.05538303084407359,0.3827296150804272,10,calendar
lstm,GI,44,pid_local_cqr,qe,0.808,0.5263421964025009,0.05196547690580833,0.05046728651019003,10,calendar
lstm,GI,44,pid_tan_cqr,hiking,0.8653846153846154,0.31904402124175313,-0.004194885185705266,0.4444106673884039,10,calendar
lstm,GI,44,pid_tan_cqr,qe,0.8213333333333334,0.6256162238686658,-0.13378757977107025,0.11576768435495127,10,calendar
lstm,GI,44,saocp_cqr,hiking,0.8673076923076923,0.3258140044110497,0.026952760570791767,0.2800118171513798,10,calendar
lstm,GI,44,saocp_cqr,qe,0.8333333333333334,0.555797387632137,0.002190906366885792,0.03141184619928822,10,calendar
lstm,GI,44,sfogd_cqr,hiking,0.8211538461538461,0.2763076768925061,0.06794502706444483,0.3789303206734356,10,calendar
lstm,GI,44,sfogd_cqr,qe,0.8106666666666666,0.5569156730163548,-0.007559494008612666,0.038308520495433845,10,calendar
lstm,GI,44,spci_cqr,hiking,0.8096153846153846,0.27672918014256875,0.017928332361446975,0.4919658644828401,10,calendar
lstm,GI,44,spci_cqr,qe,0.7906666666666666,0.5665260863550646,-0.0354031361699787,0.11814385617240364,10,calendar
lstm,L,42,aci_cqr,hiking,0.7769230769230769,0.2706501097039649,0.07952813836120948,0.44777051426394343,10,calendar
lstm,L,42,aci_cqr,qe,0.812,0.5428798936261247,0.052446703051509,0.11883969029315888,10,calendar
lstm,L,42,agaci_cqr,hiking,0.7923076923076923,0.26297984958594794,0.08163102390860272,0.45222564904242574,10,calendar
lstm,L,42,agaci_cqr,qe,0.816,0.5390760605691488,0.05492170434670374,0.11363834146948254,10,calendar
lstm,L,42,cqr_rolling,hiking,0.7788461538461539,0.27117419552341104,0.0800772531287488,0.4375792390612243,10,calendar
lstm,L,42,cqr_rolling,qe,0.82,0.5544453138802717,0.03961716522866565,0.12674749474347008,10,calendar
lstm,L,42,cqr_static,hiking,0.7615384615384615,0.4777218351687719,-0.016817689599826324,0.264725556149386,10,calendar
lstm,L,42,cqr_static,qe,0.7946666666666666,0.6711765773515254,-0.008355041143460307,0.12789998112985665,10,calendar
lstm,L,42,decay_ocp_cqr,hiking,0.8384615384615385,0.30512142602119313,0.09972278771911003,0.284186591224185,10,calendar
lstm,L,42,decay_ocp_cqr,qe,0.8346666666666667,0.5556214282542927,0.06755408446122235,0.11782518069814735,10,calendar
lstm,L,42,dtaci_cqr,hiking,0.7961538461538461,0.2640360183677726,0.08303048603136476,0.46813073950564554,10,calendar
lstm,L,42,dtaci_cqr,qe,0.8293333333333334,0.535610328357295,0.059078860061223926,0.11244434730346867,10,calendar
lstm,L,42,mondrian_cqr,hiking,0.8326923076923077,0.27756467313838695,0.04892342290016383,0.45970580790301885,10,calendar
lstm,L,42,mondrian_cqr,qe,0.8546666666666667,0.5833130050749094,-0.057963713789609184,0.11115274002901854,10,calendar
lstm,L,42,native,hiking,0.9038461538461539,0.3152182754397965,0.045471284746460394,0.2810832101480519,10,calendar
lstm,L,42,native,qe,0.8586666666666667,0.5284906260035386,0.06100778425871756,0.1095756351039752,10,calendar
lstm,L,42,pid_cqr,hiking,0.8038461538461539,0.2603047884694004,0.07762796958197249,0.4201103937551217,10,calendar
lstm,L,42,pid_cqr,qe,0.8146666666666667,0.5259722722184949,0.05713998757888428,0.09471989535146935,10,calendar
lstm,L,42,pid_local_cqr,hiking,0.8038461538461539,0.28752284067406625,0.07304975285797138,0.3828042894636831,10,calendar
lstm,L,42,pid_local_cqr,qe,0.812,0.5429565923405647,0.0212406909945988,0.06723784191354457,10,calendar
lstm,L,42,pid_tan_cqr,hiking,0.8211538461538461,0.2986544873160119,-0.07904700168133322,0.5954800633645657,10,calendar
lstm,L,42,pid_tan_cqr,qe,0.8253333333333334,0.6428598812255479,-0.16647648065992582,0.17517259995835338,10,calendar
lstm,L,42,saocp_cqr,hiking,0.9288461538461539,0.3328277081527325,-0.025377773672901893,0.34222042217353776,10,calendar
lstm,L,42,saocp_cqr,qe,0.9093333333333333,0.5717025563604399,-0.01642715823971075,0.03475975415114668,10,calendar
lstm,L,42,sfogd_cqr,hiking,0.7923076923076923,0.28522022394242086,0.04357045248853969,0.37967824643198245,10,calendar
lstm,L,42,sfogd_cqr,qe,0.812,0.5464202946266542,-0.0004730550513199483,0.0321074850781749,10,calendar
lstm,L,42,spci_cqr,hiking,0.7461538461538462,0.26612046936060946,0.027341706962963452,0.46927409417215316,10,calendar
lstm,L,42,spci_cqr,qe,0.7813333333333333,0.5508722119425734,0.0001952180625478528,0.15261383771338607,10,calendar
lstm,L,43,aci_cqr,hiking,0.801923076923077,0.29586335919960327,0.0739938877709928,0.3800399565917142,10,calendar
lstm,L,43,aci_cqr,qe,0.8093333333333333,0.5370549855628282,0.03616455333797164,0.10024339247014188,10,calendar
lstm,L,43,agaci_cqr,hiking,0.8096153846153846,0.285478647297537,0.07386203249982587,0.4116210369203495,10,calendar
lstm,L,43,agaci_cqr,qe,0.812,0.5250631511989714,0.027645723364430108,0.14633481498047468,10,calendar
lstm,L,43,cqr_rolling,hiking,0.8,0.29266322506991854,0.07685783179969957,0.3930135873427576,10,calendar
lstm,L,43,cqr_rolling,qe,0.816,0.539165153794073,0.03354957877377629,0.09112553097720119,10,calendar
lstm,L,43,cqr_static,hiking,0.8596153846153847,0.4651388283625144,-0.050044268660998315,0.2927880526557156,10,calendar
lstm,L,43,cqr_static,qe,0.848,0.6899762682880313,-0.005917829941155972,0.12343120757235823,10,calendar
lstm,L,43,decay_ocp_cqr,hiking,0.8403846153846154,0.2932648286393556,0.08746113683532569,0.393736084272282,10,calendar
lstm,L,43,decay_ocp_cqr,qe,0.8586666666666667,0.5670689187138448,0.014677849022417755,0.08832730641359515,10,calendar
lstm,L,43,dtaci_cqr,hiking,0.8173076923076923,0.28861158239944806,0.06867312826713334,0.3907806223804793,10,calendar
lstm,L,43,dtaci_cqr,qe,0.8186666666666667,0.5220810967269652,0.029285475847591225,0.13229593789483357,10,calendar
lstm,L,43,mondrian_cqr,hiking,0.8576923076923076,0.304201234934744,0.045645812372056116,0.3930508638389186,10,calendar
lstm,L,43,mondrian_cqr,qe,0.868,0.5979406186814059,-0.06326204181596229,0.07656446047980242,10,calendar
lstm,L,43,native,hiking,0.8826923076923077,0.3054523902972515,0.058998415916342695,0.3417778695068812,10,calendar
lstm,L,43,native,qe,0.8706666666666667,0.5310075194160293,0.07213534585056403,0.0740796933208401,10,calendar
lstm,L,43,pid_cqr,hiking,0.8115384615384615,0.2861258900393225,0.07429336060708758,0.3980879863988325,10,calendar
lstm,L,43,pid_cqr,qe,0.8093333333333333,0.5054257927429184,0.04067395461355028,0.14288123086372115,10,calendar
lstm,L,43,pid_local_cqr,hiking,0.8057692307692308,0.3054776719040404,0.05718064070302331,0.3583984110201705,10,calendar
lstm,L,43,pid_local_cqr,qe,0.8146666666666667,0.5269750231812121,0.007278242009387592,0.11500009567099753,10,calendar
lstm,L,43,pid_tan_cqr,hiking,0.825,0.3199669946197577,-0.09981744083178679,0.5784331104358467,10,calendar
lstm,L,43,pid_tan_cqr,qe,0.8293333333333334,0.6003096333081334,-0.11798332626973762,0.1627368859817827,10,calendar
lstm,L,43,saocp_cqr,hiking,0.9153846153846154,0.333722788938287,-0.02455067831553287,0.31428156309425037,10,calendar
lstm,L,43,saocp_cqr,qe,0.9053333333333333,0.570305597485818,-0.009794073001992198,0.03872048889953755,10,calendar
lstm,L,43,sfogd_cqr,hiking,0.8038461538461539,0.3135937811500762,0.026589133365046924,0.32145310687474016,10,calendar
lstm,L,43,sfogd_cqr,qe,0.8133333333333334,0.5490342693091687,0.01608035420020454,0.1264466367979312,10,calendar
lstm,L,43,spci_cqr,hiking,0.7673076923076924,0.29423951063407866,0.03405785075124029,0.4670553806296791,10,calendar
lstm,L,43,spci_cqr,qe,0.792,0.5311064147879442,-0.005751763440490776,0.2226111504562276,10,calendar
lstm,L,44,aci_cqr,hiking,0.7865384615384615,0.27804397275481085,0.11116829002850509,0.44166391168918084,10,calendar
lstm,L,44,aci_cqr,qe,0.8253333333333334,0.5867034245460515,-0.04470728274260316,0.08630862281052001,10,calendar
lstm,L,44,agaci_cqr,hiking,0.7903846153846154,0.2763350642891876,0.11324510473413973,0.4382188093437084,10,calendar
lstm,L,44,agaci_cqr,qe,0.8186666666666667,0.575892225397459,-0.02142631871094758,0.08920264257414243,10,calendar
lstm,L,44,cqr_rolling,hiking,0.7788461538461539,0.2753917809374173,0.11314748402552455,0.4375736939796253,10,calendar
lstm,L,44,cqr_rolling,qe,0.8253333333333334,0.5896336492978419,-0.043014182052441896,0.10144500966845174,10,calendar
lstm,L,44,cqr_static,hiking,0.825,0.47149697831895476,-0.028821983785504823,0.30562529297102803,10,calendar
lstm,L,44,cqr_static,qe,0.796,0.6991055665758258,-0.004377840424326762,0.11281008039064142,10,calendar
lstm,L,44,decay_ocp_cqr,hiking,0.8480769230769231,0.31075765491968305,0.0757617172319448,0.3394296572611342,10,calendar
lstm,L,44,decay_ocp_cqr,qe,0.8186666666666667,0.5756611896002156,-0.009769171006138166,0.07931379852477943,10,calendar
lstm,L,44,dtaci_cqr,hiking,0.7884615384615384,0.2736739601042292,0.11280652972212668,0.4566857942582127,10,calendar
lstm,L,44,dtaci_cqr,qe,0.836,0.5777351504220064,-0.034696338683477324,0.08764578369185616,10,calendar
lstm,L,44,mondrian_cqr,hiking,0.8519230769230769,0.28217744076982276,0.08357405030015963,0.39613225531089913,10,calendar
lstm,L,44,mondrian_cqr,qe,0.868,0.6179672649610891,-0.1055307855913945,0.13479300203647204,10,calendar
lstm,L,44,native,hiking,0.9038461538461539,0.3115786264755978,0.04663456925268478,0.30753475737021657,10,calendar
lstm,L,44,native,qe,0.8373333333333334,0.5736623939007328,-0.010696381713034997,0.051017566310027185,10,calendar
lstm,L,44,pid_cqr,hiking,0.8,0.2834304077563967,0.13393751235827916,0.3584138322086926,10,calendar
lstm,L,44,pid_cqr,qe,0.8226666666666667,0.5559982288514912,-0.008848298973846813,0.06737451791951649,10,calendar
lstm,L,44,pid_local_cqr,hiking,0.8057692307692308,0.30690487424758034,0.08808606812974001,0.34810450448120894,10,calendar
lstm,L,44,pid_local_cqr,qe,0.8186666666666667,0.5571383589658014,-0.014536938239740782,0.09478635402292476,10,calendar
lstm,L,44,pid_tan_cqr,hiking,0.8269230769230769,0.3089546082358753,-0.023683900654412282,0.5670914557611693,10,calendar
lstm,L,44,pid_tan_cqr,qe,0.8413333333333334,0.6905967157625579,-0.22228375899858954,0.08456613070571184,10,calendar
lstm,L,44,saocp_cqr,hiking,0.9307692307692308,0.3361220997325883,0.01667152860137261,0.29790122834190524,10,calendar
lstm,L,44,saocp_cqr,qe,0.8973333333333333,0.6031320070232817,-0.07882442421614955,0.03839127135373388,10,calendar
lstm,L,44,sfogd_cqr,hiking,0.8,0.2977756803717867,0.10210577759221467,0.3748014998727219,10,calendar
lstm,L,44,sfogd_cqr,qe,0.8133333333333334,0.5666776762494596,-0.04630263190803885,0.08492516983984233,10,calendar
lstm,L,44,spci_cqr,hiking,0.7403846153846154,0.29613416097365536,0.0975524314738066,0.41231386495170524,10,calendar
lstm,L,44,spci_cqr,qe,0.8053333333333333,0.5602302488645678,-0.006104324299690322,0.14387069686718587,10,calendar
lstm_const,G,42,aci_cqr,hiking,0.7596153846153846,0.25509518984672386,0.16221211422106163,0.46150190107504835,10,calendar
lstm_const,G,42,aci_cqr,qe,0.848,0.5143127255004495,0.06503301503525194,0.06773700136115643,10,calendar
lstm_const,G,42,agaci_cqr,hiking,0.775,0.2505476860508117,0.15841980806270473,0.4463063489146274,10,calendar
lstm_const,G,42,agaci_cqr,qe,0.8293333333333334,0.5026901536627338,0.06888522528188062,0.12798352250828424,10,calendar
lstm_const,G,42,cqr_rolling,hiking,0.7942307692307692,0.24929385042081292,0.16974356136738122,0.45919712533327317,10,calendar
lstm_const,G,42,cqr_rolling,qe,0.8573333333333333,0.5273651379092078,0.05539275828999529,0.05773486650365936,10,calendar
lstm_const,G,42,cqr_static,hiking,0.948076923076923,0.6259953839841228,-0.08240642394681719,0.4499778309779501,10,calendar
lstm_const,G,42,cqr_static,qe,0.916,0.7439128141429278,-0.03185052668531596,0.26871982482870105,10,calendar
lstm_const,G,42,decay_ocp_cqr,hiking,0.9365384615384615,0.3779272359849595,-0.010600504618034245,0.14301242265214717,10,calendar
lstm_const,G,42,decay_ocp_cqr,qe,0.9066666666666666,0.6176040420015791,-0.008067234710558924,0.09688190910337766,10,calendar
lstm_const,G,42,dtaci_cqr,hiking,0.7903846153846154,0.25158011133136676,0.15292885815854357,0.4532254701372135,10,calendar
lstm_const,G,42,dtaci_cqr,qe,0.848,0.505706853940795,0.06366469671819752,0.10591204716629044,10,calendar
lstm_const,G,42,mondrian_cqr,hiking,0.85,0.2668919387386387,0.05011962058541891,0.4875083487122409,10,calendar
lstm_const,G,42,mondrian_cqr,qe,0.8653333333333333,0.59387115423162,-0.03153829761689686,0.14679279223998745,10,calendar
lstm_const,G,42,native,hiking,0.9326923076923077,0.3896637001026422,-0.00838182888399197,0.025566973484278305,10,calendar
lstm_const,G,42,native,qe,0.892,0.5538307420539758,0.005252916669898466,0.020602196233179215,10,calendar
lstm_const,G,42,pid_cqr,hiking,0.7942307692307692,0.26978257753396007,0.13928290103446045,0.3679307772628172,10,calendar
lstm_const,G,42,pid_cqr,qe,0.8333333333333334,0.5088145022061865,0.049147987649697134,0.09008090093834537,10,calendar
lstm_const,G,42,pid_local_cqr,hiking,0.8038461538461539,0.3024165227202774,0.13370407533834827,0.29862458880354453,10,calendar
lstm_const,G,42,pid_local_cqr,qe,0.828,0.5337952379010742,0.03899587413998057,0.04765665169271069,10,calendar
lstm_const,G,42,pid_tan_cqr,hiking,0.8076923076923077,0.2972972630938216,0.02979178215772521,0.46441632508858527,10,calendar
lstm_const,G,42,pid_tan_cqr,qe,0.8293333333333334,0.5692958190306403,-0.11715649200568423,0.153604521244403,10,calendar
lstm_const,G,42,saocp_cqr,hiking,0.9461538461538461,0.3971270439315254,-0.0354483128177,0.04662024702264406,10,calendar
lstm_const,G,42,saocp_cqr,qe,0.92,0.6016675652557639,-0.04741383503755903,0.03606609978909231,10,calendar
lstm_const,G,42,sfogd_cqr,hiking,0.7961538461538461,0.2960319011317313,0.14221922907212026,0.28483201789551427,10,calendar
lstm_const,G,42,sfogd_cqr,qe,0.812,0.5491764612630199,0.011988995170070682,0.06082764309554192,10,calendar
lstm_const,G,42,spci_cqr,hiking,0.7423076923076923,0.2608683179754355,0.14659404050024782,0.5223018340261663,10,calendar
lstm_const,G,42,spci_cqr,qe,0.7986666666666666,0.5266848940913996,0.018919842949763732,0.15172300955642462,10,calendar
lstm_const,G,43,aci_cqr,hiking,0.75,0.26961692350458066,0.17515408932976984,0.37697536988852565,10,calendar
lstm_const,G,43,aci_cqr,qe,0.8453333333333334,0.5115452031531426,0.07957982845637379,0.0748479245376111,10,calendar
lstm_const,G,43,agaci_cqr,hiking,0.7769230769230769,0.26179891953072976,0.17682357132057047,0.39537805830258943,10,calendar
lstm_const,G,43,agaci_cqr,qe,0.812,0.506406303674234,0.09146045239845185,0.0973494762405818,10,calendar
lstm_const,G,43,cqr_rolling,hiking,0.7769230769230769,0.26590728648195827,0.17768191334730693,0.37899688245418933,10,calendar
lstm_const,G,43,cqr_rolling,qe,0.856,0.5283965929513217,0.06038367866379696,0.07564523633297304,10,calendar
lstm_const,G,43,cqr_static,hiking,0.8557692307692307,0.6183139488332979,-0.048975366584847246,0.5104723543434282,10,calendar
lstm_const,G,43,cqr_static,qe,0.88,0.7266899984932818,-0.02182956423816118,0.34015762208066624,10,calendar
lstm_const,G,43,decay_ocp_cqr,hiking,0.9173076923076923,0.37550277247955527,0.012437863848533792,0.10301749894375159,10,calendar
lstm_const,G,43,decay_ocp_cqr,qe,0.896,0.6092447689036715,-0.01091424742647562,0.14014949847413968,10,calendar
lstm_const,G,43,dtaci_cqr,hiking,0.7769230769230769,0.26388459595770425,0.16643597338696614,0.38869997407818824,10,calendar
lstm_const,G,43,dtaci_cqr,qe,0.8453333333333334,0.5080029903357224,0.07929040723161412,0.09365618219647576,10,calendar
lstm_const,G,43,mondrian_cqr,hiking,0.8307692307692308,0.2845305656038475,0.1005946737755884,0.40804735068134823,10,calendar
lstm_const,G,43,mondrian_cqr,qe,0.8746666666666667,0.5589450421646956,-0.05307470970189587,0.12219641687790136,10,calendar
lstm_const,G,43,native,hiking,0.9423076923076923,0.38561170723053917,0.0019715235858991376,0.0301502281996735,10,calendar
lstm_const,G,43,native,qe,0.8933333333333333,0.5637916325806355,-0.000279992204640922,0.022927369179880752,10,calendar
lstm_const,G,43,pid_cqr,hiking,0.7884615384615384,0.27599915130992836,0.15273092534828586,0.327023739353753,10,calendar
lstm_const,G,43,pid_cqr,qe,0.828,0.5164791007101676,0.057373419893307576,0.06676916505617125,10,calendar
lstm_const,G,43,pid_local_cqr,hiking,0.7942307692307692,0.33195377823244293,0.07663414863475387,0.2277894812492574,10,calendar
lstm_const,G,43,pid_local_cqr,qe,0.8253333333333334,0.5375918030105967,0.029330556812866893,0.09339566085466791,10,calendar
lstm_const,G,43,pid_tan_cqr,hiking,0.8,0.30128160544193583,0.059903122261400654,0.4563720967494361,10,calendar
lstm_const,G,43,pid_tan_cqr,qe,0.832,0.5891742912348438,-0.12469602763730014,0.10519504123024342,10,calendar
lstm_const,G,43,saocp_cqr,hiking,0.9538461538461539,0.3914754553270384,-0.01314035146633541,0.05116245213462506,10,calendar
lstm_const,G,43,saocp_cqr,qe,0.9226666666666666,0.6196692390062944,-0.049376784705453924,0.07079291631791707,10,calendar
lstm_const,G,43,sfogd_cqr,hiking,0.7865384615384615,0.3267150543821203,0.06507776367192919,0.2631204953444136,10,calendar
lstm_const,G,43,sfogd_cqr,qe,0.8146666666666667,0.5637608138284559,0.01597439952310531,0.05569773468082556,10,calendar
lstm_const,G,43,spci_cqr,hiking,0.7288461538461538,0.28005473183800855,0.10053282578419503,0.4429786313164949,10,calendar
lstm_const,G,43,spci_cqr,qe,0.8,0.5301343556049434,-0.019667232798098677,0.17920293696814,10,calendar
lstm_const,G,44,aci_cqr,hiking,0.7557692307692307,0.2419963680436862,0.1359388943162051,0.4246686656245421,10,calendar
lstm_const,G,44,aci_cqr,qe,0.8453333333333334,0.5158330366210476,0.06554679304406558,0.07048306816944444,10,calendar
lstm_const,G,44,agaci_cqr,hiking,0.775,0.24085429146986542,0.13015388512543402,0.43763334596909953,10,calendar
lstm_const,G,44,agaci_cqr,qe,0.812,0.5034258108588442,0.0664711143529268,0.0957158087198049,10,calendar
lstm_const,G,44,cqr_rolling,hiking,0.775,0.24069127288519754,0.1462984560368782,0.4336665333087697,10,calendar
lstm_const,G,44,cqr_rolling,qe,0.86,0.5252738973431175,0.05198306004959191,0.06136236934970615,10,calendar
lstm_const,G,44,cqr_static,hiking,0.8903846153846153,0.5779156254448059,-0.07329620412753712,0.29783588898722185,10,calendar
lstm_const,G,44,cqr_static,qe,0.8853333333333333,0.698867477936431,-0.013497793506964229,0.2437556712742355,10,calendar
lstm_const,G,44,decay_ocp_cqr,hiking,0.9211538461538461,0.3632224221485527,0.037357444849810184,0.06567502348366569,10,calendar
lstm_const,G,44,decay_ocp_cqr,qe,0.9053333333333333,0.6003739456368816,0.0018406517949201562,0.06961971588888069,10,calendar
lstm_const,G,44,dtaci_cqr,hiking,0.7788461538461539,0.2403096787006087,0.13714769099916496,0.4353677208461594,10,calendar
lstm_const,G,44,dtaci_cqr,qe,0.8453333333333334,0.503803370561488,0.06727812097345703,0.09329309229394578,10,calendar
lstm_const,G,44,mondrian_cqr,hiking,0.8538461538461538,0.2606071697294997,0.021929952171041156,0.5634495126359924,10,calendar
lstm_const,G,44,mondrian_cqr,qe,0.8413333333333334,0.5624961960967974,-0.016769278229590623,0.07972928252613484,10,calendar
lstm_const,G,44,native,hiking,0.9403846153846154,0.38539530322844023,-0.0009635774931281982,0.013832696203584849,10,calendar
lstm_const,G,44,native,qe,0.896,0.5522872932009548,0.005380286232036291,0.011462105062260669,10,calendar
lstm_const,G,44,pid_cqr,hiking,0.7961538461538461,0.2632482100668772,0.1236680521374322,0.38219569021290356,10,calendar
lstm_const,G,44,pid_cqr,qe,0.8213333333333334,0.502489889931871,0.07242392429180944,0.09480759849045717,10,calendar
lstm_const,G,44,pid_local_cqr,hiking,0.7980769230769231,0.2984638993440852,0.11102289317711,0.3055871491384673,10,calendar
lstm_const,G,44,pid_local_cqr,qe,0.824,0.5367234072764477,0.03392991268029566,0.07926993651938527,10,calendar
lstm_const,G,44,pid_tan_cqr,hiking,0.8076923076923077,0.28611003259513884,-0.009380699665763104,0.5137482869865497,10,calendar
lstm_const,G,44,pid_tan_cqr,qe,0.828,0.5692475116566138,-0.13531924105126714,0.15782837723260082,10,calendar
lstm_const,G,44,saocp_cqr,hiking,0.95,0.3914173539317431,-0.024471461715557807,0.029229444599911614,10,calendar
lstm_const,G,44,saocp_cqr,qe,0.9186666666666666,0.6152386912479376,-0.05225452616278181,0.0605270171094735,10,calendar
lstm_const,G,44,sfogd_cqr,hiking,0.7903846153846154,0.30558973845315374,0.07823546803815074,0.2937257425120307,10,calendar
lstm_const,G,44,sfogd_cqr,qe,0.8133333333333334,0.5630455477403713,-1.9524792981007177e-05,0.09029601324604847,10,calendar
lstm_const,G,44,spci_cqr,hiking,0.7384615384615385,0.2580432303323709,0.07455922610184107,0.4990209487083991,10,calendar
lstm_const,G,44,spci_cqr,qe,0.784,0.537657338448466,0.00781571862196051,0.16318251416361138,10,calendar
lstm_const,GF,42,aci_cqr,hiking,0.7634615384615384,0.25189516237979603,0.15219962885277716,0.4669465752475525,10,calendar
lstm_const,GF,42,aci_cqr,qe,0.848,0.5168788865881185,0.06028637710896845,0.07209063005893529,10,calendar
lstm_const,GF,42,agaci_cqr,hiking,0.7807692307692308,0.2473433820368986,0.1539240529477202,0.45076436504975914,10,calendar
lstm_const,GF,42,agaci_cqr,qe,0.8226666666666667,0.5047444758112042,0.0620687529636641,0.12938988171807542,10,calendar
lstm_const,GF,42,cqr_rolling,hiking,0.7980769230769231,0.24611341419345478,0.15895804086576254,0.4648594199105507,10,calendar
lstm_const,GF,42,cqr_rolling,qe,0.86,0.5287419149878662,0.059086910053376296,0.060012326820545026,10,calendar
lstm_const,GF,42,cqr_static,hiking,0.95,0.6231659660333986,-0.06760338970772051,0.4831865398918901,10,calendar
lstm_const,GF,42,cqr_static,qe,0.92,0.7420003265935285,-0.02631277314218028,0.2698258245480002,10,calendar
lstm_const,GF,42,decay_ocp_cqr,hiking,0.9365384615384615,0.3771000739668173,-0.004682268452325777,0.12730700831493968,10,calendar
lstm_const,GF,42,decay_ocp_cqr,qe,0.9106666666666666,0.6181275063154932,-0.009109301408692594,0.09685219053637809,10,calendar
lstm_const,GF,42,dtaci_cqr,hiking,0.7865384615384615,0.24750987716845396,0.14478781004254032,0.45577408854217527,10,calendar
lstm_const,GF,42,dtaci_cqr,qe,0.848,0.5071269567116585,0.06266193415421645,0.10658347525218304,10,calendar
lstm_const,GF,42,mondrian_cqr,hiking,0.8519230769230769,0.28194042281791987,0.02729812628804079,0.45285691176377924,10,calendar
lstm_const,GF,42,mondrian_cqr,qe,0.8653333333333333,0.5884974126658711,-0.045573470555777096,0.06323950091605685,10,calendar
lstm_const,GF,42,native,hiking,0.9346153846153846,0.3879821241714992,-0.002597932902894562,0.02796592341635251,10,calendar
lstm_const,GF,42,native,qe,0.8853333333333333,0.553667190950205,0.005267925952919805,0.020622984786658194,10,calendar
lstm_const,GF,42,pid_cqr,hiking,0.7942307692307692,0.2656352666603659,0.1496499951549483,0.3940331902959868,10,calendar
lstm_const,GF,42,pid_cqr,qe,0.832,0.5094012243855884,0.04835567698359711,0.0870308968111412,10,calendar
lstm_const,GF,42,pid_local_cqr,hiking,0.8038461538461539,0.2970949347653185,0.12098013866565166,0.3184835880255237,10,calendar
lstm_const,GF,42,pid_local_cqr,qe,0.8293333333333334,0.5341970396480517,0.02852734804781959,0.04738114723182785,10,calendar
lstm_const,GF,42,pid_tan_cqr,hiking,0.8096153846153846,0.29188495847201046,0.03129564400208179,0.4959944922105783,10,calendar
lstm_const,GF,42,pid_tan_cqr,qe,0.8333333333333334,0.5708980841266232,-0.11583890886945869,0.15112726146790842,10,calendar
lstm_const,GF,42,saocp_cqr,hiking,0.9461538461538461,0.395349228519543,-0.032363504470089954,0.0515584589097039,10,calendar
lstm_const,GF,42,saocp_cqr,qe,0.9186666666666666,0.6095929379099161,-0.05980176846102103,0.033281208099638304,10,calendar
lstm_const,GF,42,sfogd_cqr,hiking,0.7980769230769231,0.2944741243904727,0.1237602043794005,0.2985933595008725,10,calendar
lstm_const,GF,42,sfogd_cqr,qe,0.808,0.5473907767786838,0.021703958559583403,0.06046788610481171,10,calendar
lstm_const,GF,42,spci_cqr,hiking,0.7423076923076923,0.2593963926615522,0.11675455597140022,0.4965201726179165,10,calendar
lstm_const,GF,42,spci_cqr,qe,0.7986666666666666,0.526723112166893,0.015494831277419019,0.15477226676119069,10,calendar
lstm_const,GF,43,aci_cqr,hiking,0.7519230769230769,0.2660876194959485,0.1689669615553096,0.40021916964480164,10,calendar
lstm_const,GF,43,aci_cqr,qe,0.8493333333333334,0.513360276269191,0.07999085037050885,0.0736553136180848,10,calendar
lstm_const,GF,43,agaci_cqr,hiking,0.7711538461538462,0.26062476685283503,0.16593568439565726,0.40744106967592403,10,calendar
lstm_const,GF,43,agaci_cqr,qe,0.8213333333333334,0.5076514901571274,0.09209059119331164,0.09482253725407438,10,calendar
lstm_const,GF,43,cqr_rolling,hiking,0.775,0.2623239034504401,0.167062268976784,0.4010234453181115,10,calendar
lstm_const,GF,43,cqr_rolling,qe,0.86,0.5301973050996934,0.05832448125720363,0.08313092388667162,10,calendar
lstm_const,GF,43,cqr_static,hiking,0.875,0.6063924031842642,-0.038964292859667626,0.5621964354837043,10,calendar
lstm_const,GF,43,cqr_static,qe,0.8906666666666667,0.7225979850592261,-0.014024434756788606,0.3348887296834705,10,calendar
lstm_const,GF,43,decay_ocp_cqr,hiking,0.9211538461538461,0.37069355558582223,0.010922167595214471,0.08392098944850879,10,calendar
lstm_const,GF,43,decay_ocp_cqr,qe,0.8973333333333333,0.6092884111371872,-0.009448598830894606,0.12901283575678274,10,calendar
lstm_const,GF,43,dtaci_cqr,hiking,0.7788461538461539,0.26172378463519336,0.16690306554347983,0.4056172959280114,10,calendar
lstm_const,GF,43,dtaci_cqr,qe,0.8493333333333334,0.5093548983710823,0.08068833963836214,0.09050560199048077,10,calendar
lstm_const,GF,43,mondrian_cqr,hiking,0.823076923076923,0.27003366085287,0.11657312801361092,0.450035884898163,10,calendar
lstm_const,GF,43,mondrian_cqr,qe,0.8573333333333333,0.5681535791204411,-0.06687349069436732,0.07545497082119446,10,calendar
lstm_const,GF,43,native,hiking,0.9442307692307692,0.38385261762072515,0.0014434778329682207,0.021158779788673254,10,calendar
lstm_const,GF,43,native,qe,0.8866666666666667,0.565301879808118,-0.0014120615370199485,0.024422313192400374,10,calendar
lstm_const,GF,43,pid_cqr,hiking,0.7865384615384615,0.2771378957984154,0.14812916391294567,0.3461473472058606,10,calendar
lstm_const,GF,43,pid_cqr,qe,0.8293333333333334,0.5176312448853215,0.05287874999721032,0.06570548858701084,10,calendar
lstm_const,GF,43,pid_local_cqr,hiking,0.7942307692307692,0.32796307662315494,0.08122634338127199,0.2745752958122964,10,calendar
lstm_const,GF,43,pid_local_cqr,qe,0.8266666666666667,0.5433066800079764,0.03183766836944241,0.09927855071512814,10,calendar
lstm_const,GF,43,pid_tan_cqr,hiking,0.7961538461538461,0.30162939872827604,0.034251850873935175,0.4635810537305024,10,calendar
lstm_const,GF,43,pid_tan_cqr,qe,0.8333333333333334,0.5875601820849774,-0.12230101218095935,0.11617528852503306,10,calendar
lstm_const,GF,43,saocp_cqr,hiking,0.9519230769230769,0.3897723686757942,-0.0093490532362428,0.05638591684437974,10,calendar
lstm_const,GF,43,saocp_cqr,qe,0.92,0.6193294876752193,-0.04753765037649427,0.07262063774054339,10,calendar
lstm_const,GF,43,sfogd_cqr,hiking,0.7865384615384615,0.32491869036354115,0.06555738142927259,0.3008206083720272,10,calendar
lstm_const,GF,43,sfogd_cqr,qe,0.8146666666666667,0.5656364510828311,0.012535412455947026,0.06309963082987743,10,calendar
lstm_const,GF,43,spci_cqr,hiking,0.7269230769230769,0.2825306701820609,0.09041907730249338,0.4794579979131523,10,calendar
lstm_const,GF,43,spci_cqr,qe,0.7906666666666666,0.5369271990631656,-0.011971173340725505,0.16248560685085198,10,calendar
lstm_const,GF,44,aci_cqr,hiking,0.7519230769230769,0.2350804815639383,0.12831526094228912,0.47265852822016347,10,calendar
lstm_const,GF,44,aci_cqr,qe,0.84,0.5166341267548665,0.07504056960178701,0.07163478951649344,10,calendar
lstm_const,GF,44,agaci_cqr,hiking,0.7730769230769231,0.23521015920006236,0.12853420433630364,0.47114862735662644,10,calendar
lstm_const,GF,44,agaci_cqr,qe,0.8213333333333334,0.5024562698603466,0.07511362596026128,0.09887192514740975,10,calendar
lstm_const,GF,44,cqr_rolling,hiking,0.775,0.2353835400498314,0.1384439902205204,0.46735623528813186,10,calendar
lstm_const,GF,44,cqr_rolling,qe,0.8626666666666667,0.5241061417115649,0.06453381161628113,0.0621974803731517,10,calendar
lstm_const,GF,44,cqr_static,hiking,0.8884615384615384,0.5846253214884382,-0.06555026065942493,0.29730610627334886,10,calendar
lstm_const,GF,44,cqr_static,qe,0.8866666666666667,0.7066597475805523,-0.014515654565618874,0.24806385928581895,10,calendar
lstm_const,GF,44,decay_ocp_cqr,hiking,0.9230769230769231,0.3622164934257933,0.041707623389877324,0.06774532228810248,10,calendar
lstm_const,GF,44,decay_ocp_cqr,qe,0.9026666666666666,0.5999474951660879,-0.0031433937449006355,0.06650652664897777,10,calendar
lstm_const,GF,44,dtaci_cqr,hiking,0.7826923076923077,0.2346679740805313,0.12821805709882328,0.46675103689053676,10,calendar
lstm_const,GF,44,dtaci_cqr,qe,0.8426666666666667,0.5050935005161784,0.07527916625786846,0.09073534923327076,10,calendar
lstm_const,GF,44,mondrian_cqr,hiking,0.8423076923076923,0.2596061059324557,0.08334054694961213,0.5428362211354754,10,calendar
lstm_const,GF,44,mondrian_cqr,qe,0.8666666666666667,0.5842389470892098,-0.05542522967678831,0.0563923904899678,10,calendar
lstm_const,GF,44,native,hiking,0.9365384615384615,0.38434208750842286,-0.0027225827039255024,0.016756330799403696,10,calendar
lstm_const,GF,44,native,qe,0.8933333333333333,0.5533776435568706,0.008309680784705231,0.011399094335803106,10,calendar
lstm_const,GF,44,pid_cqr,hiking,0.7961538461538461,0.25351966095329614,0.11663754501075041,0.42930196005213733,10,calendar
lstm_const,GF,44,pid_cqr,qe,0.82,0.5080418816767286,0.07824759961118477,0.08300157933886038,10,calendar
lstm_const,GF,44,pid_local_cqr,hiking,0.801923076923077,0.28795154638701015,0.11647398632229267,0.33824565477580226,10,calendar
lstm_const,GF,44,pid_local_cqr,qe,0.8226666666666667,0.5307283315505144,0.03292078175590879,0.07765867448730379,10,calendar
lstm_const,GF,44,pid_tan_cqr,hiking,0.8076923076923077,0.28263402835941914,-0.01425063280530292,0.5545130616657923,10,calendar
lstm_const,GF,44,pid_tan_cqr,qe,0.8293333333333334,0.5783180495681222,-0.1381447851610489,0.1303870028655182,10,calendar
lstm_const,GF,44,saocp_cqr,hiking,0.9519230769230769,0.3896507891599841,-0.013826158691830792,0.04437850823164666,10,calendar
lstm_const,GF,44,saocp_cqr,qe,0.9173333333333333,0.6147571420307162,-0.0553295645840175,0.07293938381925352,10,calendar
lstm_const,GF,44,sfogd_cqr,hiking,0.7923076923076923,0.2913065583097726,0.07338404406172588,0.32643457090993816,10,calendar
lstm_const,GF,44,sfogd_cqr,qe,0.816,0.5591941359331962,0.009064361342426663,0.07224125291652375,10,calendar
lstm_const,GF,44,spci_cqr,hiking,0.7307692307692307,0.25186198420665,0.06881342636879717,0.5054672266529884,10,calendar
lstm_const,GF,44,spci_cqr,qe,0.7813333333333333,0.5426917154343777,0.029032506082683873,0.1414212540534969,10,calendar
lstm_const,L,42,aci_cqr,hiking,0.7769230769230769,0.2572339868866463,0.16075562645654629,0.5179401927096803,10,calendar
lstm_const,L,42,aci_cqr,qe,0.8346666666666667,0.5498481915557052,0.022468222179363173,0.09024780802444893,10,calendar
lstm_const,L,42,agaci_cqr,hiking,0.7884615384615384,0.2533061579833585,0.16128007164634756,0.5367786097006073,10,calendar
lstm_const,L,42,agaci_cqr,qe,0.8186666666666667,0.5340389945017331,0.028265340305815623,0.09139411483136006,10,calendar
lstm_const,L,42,cqr_rolling,hiking,0.7961538461538461,0.255527998130425,0.16207762888557348,0.5184539386145245,10,calendar
lstm_const,L,42,cqr_rolling,qe,0.8493333333333334,0.5561288212821717,0.013986971073244037,0.08875575040941788,10,calendar
lstm_const,L,42,cqr_static,hiking,0.9307692307692308,0.6224134398018497,-0.05293622618387184,0.4053871895121215,10,calendar
lstm_const,L,42,cqr_static,qe,0.904,0.7465485465200031,-0.023157235793501374,0.18298984625615441,10,calendar
lstm_const,L,42,decay_ocp_cqr,hiking,0.9192307692307692,0.3830159150119109,0.03466902707411429,0.13253353763855813,10,calendar
lstm_const,L,42,decay_ocp_cqr,qe,0.888,0.6283009613651589,-0.019898586969608667,0.06130175679641303,10,calendar
lstm_const,L,42,dtaci_cqr,hiking,0.7846153846153846,0.2560518013622645,0.15023550362441934,0.5350539457126477,10,calendar
lstm_const,L,42,dtaci_cqr,qe,0.84,0.5336764106378876,0.022700474870116838,0.09083495277539613,10,calendar
lstm_const,L,42,mondrian_cqr,hiking,0.85,0.28212357260496995,0.08916268078832229,0.47708434004134037,10,calendar
lstm_const,L,42,mondrian_cqr,qe,0.8506666666666667,0.6133123312885552,-0.09341782255505748,0.08565761843663366,10,calendar
lstm_const,L,42,native,hiking,0.9153846153846154,0.3692500256336061,0.028968737752137763,0.08829762677726444,10,calendar
lstm_const,L,42,native,qe,0.8746666666666667,0.5612303648797287,0.008671003268975075,0.04887506416510484,10,calendar
lstm_const,L,42,pid_cqr,hiking,0.7961538461538461,0.27810913637396995,0.13648093091061186,0.4336327524208926,10,calendar
lstm_const,L,42,pid_cqr,qe,0.824,0.5303038212433139,0.02207952981810718,0.1077813628803814,10,calendar
lstm_const,L,42,pid_local_cqr,hiking,0.8038461538461539,0.2969984515878915,0.10951505418712038,0.3894748347883112,10,calendar
lstm_const,L,42,pid_local_cqr,qe,0.824,0.5705217674275272,-0.022921049906219904,0.10260948905292216,10,calendar
lstm_const,L,42,pid_tan_cqr,hiking,0.8096153846153846,0.29852414922451664,0.003948039594482977,0.5808900283073044,10,calendar
lstm_const,L,42,pid_tan_cqr,qe,0.824,0.5879643014853022,-0.17625487292790454,0.16092507871749046,10,calendar
lstm_const,L,42,saocp_cqr,hiking,0.9346153846153846,0.38735740065662344,0.009208955819072329,0.11293275659590693,10,calendar
lstm_const,L,42,saocp_cqr,qe,0.9026666666666666,0.6122744615488571,-0.054972656129397834,0.06729130791761773,10,calendar
lstm_const,L,42,sfogd_cqr,hiking,0.7884615384615384,0.32229157887935317,0.07183052387351324,0.3060725256448197,10,calendar
lstm_const,L,42,sfogd_cqr,qe,0.8173333333333334,0.5661729897573322,-0.03100055562144588,0.033455641746810316,10,calendar
lstm_const,L,42,spci_cqr,hiking,0.7346153846153847,0.2681609533173848,0.05006224548761562,0.5478766081056081,10,calendar
lstm_const,L,42,spci_cqr,qe,0.776,0.5523386961629899,-0.03202838782857187,0.1628346692934894,10,calendar
lstm_const,L,43,aci_cqr,hiking,0.7615384615384615,0.2741947769055601,0.15825583117779307,0.4515215916648788,10,calendar
lstm_const,L,43,aci_cqr,qe,0.8293333333333334,0.5556931709421485,0.014191565792172178,0.05137112204254066,10,calendar
lstm_const,L,43,agaci_cqr,hiking,0.775,0.27550903073501376,0.1582959782679016,0.44083460981168915,10,calendar
lstm_const,L,43,agaci_cqr,qe,0.8266666666666667,0.5360535757476423,0.03073720599321328,0.0597647737448978,10,calendar
lstm_const,L,43,cqr_rolling,hiking,0.7769230769230769,0.2724524667488447,0.15934850012762608,0.4544609240889239,10,calendar
lstm_const,L,43,cqr_rolling,qe,0.848,0.5649699491623182,0.0064921727101442395,0.05455353558114895,10,calendar
lstm_const,L,43,cqr_static,hiking,0.9230769230769231,0.6442896419761952,-0.09765434704537801,0.5004207318589703,10,calendar
lstm_const,L,43,cqr_static,qe,0.9066666666666666,0.7720494103258319,-0.03472747589108238,0.2743906824697424,10,calendar
lstm_const,L,43,decay_ocp_cqr,hiking,0.9134615384615384,0.4028181333506189,-0.02483154864652215,0.051324241180955854,10,calendar
lstm_const,L,43,decay_ocp_cqr,qe,0.888,0.6485726224408938,-0.01736477658167712,0.12875405992450026,10,calendar
lstm_const,L,43,dtaci_cqr,hiking,0.775,0.2736777347271815,0.15762572413563425,0.4612181706109256,10,calendar
lstm_const,L,43,dtaci_cqr,qe,0.836,0.5385492501534577,0.02368301065991646,0.04220374173004454,10,calendar
lstm_const,L,43,mondrian_cqr,hiking,0.8480769230769231,0.3036666388932723,0.07881433591776138,0.5052973773267869,10,calendar
lstm_const,L,43,mondrian_cqr,qe,0.8786666666666667,0.5928414744310891,-0.08310564224209349,0.02165410889835878,10,calendar
lstm_const,L,43,native,hiking,0.9153846153846154,0.3786650566198326,0.00023582821633738593,0.06412693407467207,10,calendar
lstm_const,L,43,native,qe,0.872,0.5810258287119419,-0.009716777875647509,0.0341060226640533,10,calendar
lstm_const,L,43,pid_cqr,hiking,0.7865384615384615,0.2964559404424743,0.14318340494901455,0.32144076394158044,10,calendar
lstm_const,L,43,pid_cqr,qe,0.8293333333333334,0.5503174966944517,0.021988056926206645,0.05468152165025719,10,calendar
lstm_const,L,43,pid_local_cqr,hiking,0.7980769230769231,0.34018169233058826,0.05218108224949869,0.31849275180634484,10,calendar
lstm_const,L,43,pid_local_cqr,qe,0.8333333333333334,0.5809430876288165,0.018519883623351607,0.08618367391007623,10,calendar
lstm_const,L,43,pid_tan_cqr,hiking,0.7980769230769231,0.30296205379638796,0.023341487403945593,0.5046153563044553,10,calendar
lstm_const,L,43,pid_tan_cqr,qe,0.84,0.6286291250455072,-0.1649564444668865,0.12008512843036867,10,calendar
lstm_const,L,43,saocp_cqr,hiking,0.9326923076923077,0.39723709197855706,-0.025448029645597336,0.12299326357323143,10,calendar
lstm_const,L,43,saocp_cqr,qe,0.9026666666666666,0.629290514045135,-0.06076034830013444,0.08741003604566894,10,calendar
lstm_const,L,43,sfogd_cqr,hiking,0.7865384615384615,0.34090844457736863,0.023236449268372206,0.30663676285445146,10,calendar
lstm_const,L,43,sfogd_cqr,qe,0.8173333333333334,0.5693539051784433,-0.005391729219540342,0.058853091435343036,10,calendar
lstm_const,L,43,spci_cqr,hiking,0.7307692307692307,0.28559293328266794,0.08202671632603026,0.47858795657281117,10,calendar
lstm_const,L,43,spci_cqr,qe,0.788,0.5771363468067844,-0.013283861528926522,0.07488878783368605,10,calendar
lstm_const,L,44,aci_cqr,hiking,0.7807692307692308,0.2670171404221114,0.1713005259168065,0.36897609516297325,10,calendar
lstm_const,L,44,aci_cqr,qe,0.828,0.5393129003116465,0.03361299401846818,0.10804207397329885,10,calendar
lstm_const,L,44,agaci_cqr,hiking,0.7865384615384615,0.2668750317517728,0.17186942594147397,0.38394208418603754,10,calendar
lstm_const,L,44,agaci_cqr,qe,0.812,0.5239267694519728,0.04291664464532163,0.09871664372375766,10,calendar
lstm_const,L,44,cqr_rolling,hiking,0.7923076923076923,0.26460561366027247,0.17238239599463623,0.37827459865476426,10,calendar
lstm_const,L,44,cqr_rolling,qe,0.8426666666666667,0.5587212722153967,0.02097497073380572,0.11225581648520527,10,calendar
lstm_const,L,44,cqr_static,hiking,0.875,0.5950316927908389,-0.0576050879116331,0.487330066059421,10,calendar
lstm_const,L,44,cqr_static,qe,0.88,0.7304138258548082,-0.02317933546561035,0.308001695817655,10,calendar
lstm_const,L,44,decay_ocp_cqr,hiking,0.8903846153846153,0.3805496414509346,0.037141133580733954,0.14557468274524196,10,calendar
lstm_const,L,44,decay_ocp_cqr,qe,0.892,0.6449381416028354,-0.02276391783443288,0.135302434444657,10,calendar
lstm_const,L,44,dtaci_cqr,hiking,0.7846153846153846,0.26448566198844725,0.15987505074633218,0.39080701486954617,10,calendar
lstm_const,L,44,dtaci_cqr,qe,0.828,0.5283099439508797,0.04387912402973093,0.08068299616154079,10,calendar
lstm_const,L,44,mondrian_cqr,hiking,0.8403846153846154,0.2773534882189074,0.11243097948002911,0.41747967553767773,10,calendar
lstm_const,L,44,mondrian_cqr,qe,0.8493333333333334,0.5936048435198685,-0.07993330918268915,0.10217931101616068,10,calendar
lstm_const,L,44,native,hiking,0.9173076923076923,0.36814374884383466,0.0314576820881316,0.07835862272477764,10,calendar
lstm_const,L,44,native,qe,0.8786666666666667,0.5796800635713141,-0.008546668429805782,0.0630051568647561,10,calendar
lstm_const,L,44,pid_cqr,hiking,0.8,0.27716442446245093,0.14466433525922384,0.3635688246448611,10,calendar
lstm_const,L,44,pid_cqr,qe,0.8133333333333334,0.5320011703655976,0.039116902882486704,0.08985999334762892,10,calendar
lstm_const,L,44,pid_local_cqr,hiking,0.7903846153846154,0.337076746929181,0.08849655836000497,0.24239132045666908,10,calendar
lstm_const,L,44,pid_local_cqr,qe,0.824,0.5362137146100446,0.011463797445179613,0.07568098697245526,10,calendar
lstm_const,L,44,pid_tan_cqr,hiking,0.8076923076923077,0.3049498367350247,0.02325124806821971,0.4645832632022994,10,calendar
lstm_const,L,44,pid_tan_cqr,qe,0.82,0.584611001053502,-0.14897568435927133,0.16257975587316648,10,calendar
lstm_const,L,44,saocp_cqr,hiking,0.9365384615384615,0.3758476027762274,0.023893553517309762,0.11889845137938018,10,calendar
lstm_const,L,44,saocp_cqr,qe,0.9093333333333333,0.6373234962584448,-0.05766941330097408,0.10544945173732279,10,calendar
lstm_const,L,44,sfogd_cqr,hiking,0.7961538461538461,0.3225596630836319,0.0891790341182796,0.23520076728774353,10,calendar
lstm_const,L,44,sfogd_cqr,qe,0.8173333333333334,0.5772105510006712,-0.01926744728230323,0.08765693712382494,10,calendar
lstm_const,L,44,spci_cqr,hiking,0.7519230769230769,0.27827438507974234,0.08215711624203426,0.38413965438117464,10,calendar
lstm_const,L,44,spci_cqr,qe,0.784,0.5537846441539561,-0.002575430149631075,0.23157426967804468,10,calendar
rw,L,42,aci_cqr,hiking,0.7692307692307693,0.24430049999999973,0.1556404499767805,0.4805379941010572,10,calendar
rw,L,42,aci_cqr,qe,0.8413333333333334,0.5240705066666667,0.04236938214992736,0.08300743015622047,10,calendar
rw,L,42,agaci_cqr,hiking,0.7788461538461539,0.2455657311109407,0.15393180133925488,0.45133546685309983,10,calendar
rw,L,42,agaci_cqr,qe,0.8186666666666667,0.5130997000172025,0.03966413975499217,0.093547396027723,10,calendar
rw,L,42,cqr_rolling,hiking,0.7942307692307692,0.2402228076923073,0.1683061241081888,0.4732119461221692,10,calendar
rw,L,42,cqr_rolling,qe,0.8546666666666667,0.5354433066666668,0.021006143405513544,0.06926678921742097,10,calendar
rw,L,42,cqr_static,hiking,0.9326923076923077,0.6101881153846151,-0.056992067768030896,0.5661764138348357,10,calendar
rw,L,42,cqr_static,qe,0.9026666666666666,0.7297686399999997,-0.014032756336577301,0.3414483761148547,10,calendar
rw,L,42,decay_ocp_cqr,hiking,0.9211538461538461,0.38594749686203533,0.008564495284515805,0.06769551401373117,10,calendar
rw,L,42,decay_ocp_cqr,qe,0.9026666666666666,0.6290560461690002,-0.009817016439094273,0.08570492499887172,10,calendar
rw,L,42,dtaci_cqr,hiking,0.7846153846153846,0.2425593188940263,0.154845078045724,0.475135610306419,10,calendar
rw,L,42,dtaci_cqr,qe,0.8413333333333334,0.5152336399081074,0.04726370493986787,0.07639363537271185,10,calendar
rw,L,42,mondrian_cqr,hiking,0.8423076923076923,0.2636874999999997,0.0987820247011964,0.47476670842417806,10,calendar
rw,L,42,mondrian_cqr,qe,0.8733333333333333,0.6011881066666668,-0.042693553660176686,0.08970556210894842,10,calendar
rw,L,42,native,hiking,0.9365384615384615,0.3844309615384617,0.0,0.0,10,calendar
rw,L,42,native,qe,0.8893333333333333,0.5641257066666667,0.0,0.0,10,calendar
rw,L,42,pid_cqr,hiking,0.7961538461538461,0.26968683430910056,0.16265922348874234,0.3832927788662188,10,calendar
rw,L,42,pid_cqr,qe,0.824,0.5135883023426164,0.04013944987128454,0.06621397337490995,10,calendar
rw,L,42,pid_local_cqr,hiking,0.8,0.3062908938461538,0.12121104186508957,0.3278361124977578,10,calendar
rw,L,42,pid_local_cqr,qe,0.828,0.5449004160000002,0.0011760765690925767,0.07150697062873174,10,calendar
rw,L,42,pid_tan_cqr,hiking,0.8038461538461539,0.2928763074268578,0.01711491630670353,0.5210117205174534,10,calendar
rw,L,42,pid_tan_cqr,qe,0.82,0.5976933352917377,-0.13465136856104087,0.10866438235624376,10,calendar
rw,L,42,saocp_cqr,hiking,0.9519230769230769,0.3890158211384793,-0.013794357039376703,0.0446262587251236,10,calendar
rw,L,42,saocp_cqr,qe,0.9173333333333333,0.6279118141350297,-0.04044629151652879,0.06706347382319755,10,calendar
rw,L,42,sfogd_cqr,hiking,0.7884615384615384,0.3078794048718396,0.08879757877851274,0.32357901108638504,10,calendar
rw,L,42,sfogd_cqr,qe,0.808,0.5626159982435482,-0.01604238293639304,0.06437458602759666,10,calendar
rw,L,42,spci_cqr,hiking,0.7403846153846154,0.25865711538461506,0.10298004465168908,0.4840655520360919,10,calendar
rw,L,42,spci_cqr,qe,0.7853333333333333,0.5348977066666669,0.01687884162851211,0.16806057021105197,10,calendar
tirex,ZS,42,aci_cqr,hiking,0.8057692307692308,0.25927328198400823,0.04448910297739839,0.5230739231771762,10,calendar
tirex,ZS,42,aci_cqr,qe,0.8226666666666667,0.483057948000129,0.10292079701243234,0.15777771672532795,10,calendar
tirex,ZS,42,agaci_cqr,hiking,0.8,0.2584972637682166,0.046528267701374915,0.5174238580541164,10,calendar
tirex,ZS,42,agaci_cqr,qe,0.82,0.4797878625763793,0.10953522680155253,0.15520160471382446,10,calendar
tirex,ZS,42,cqr_rolling,hiking,0.8,0.25782834472385735,0.04760153720617466,0.5177499027671857,10,calendar
tirex,ZS,42,cqr_rolling,qe,0.816,0.4802000688982487,0.10978604502979428,0.15428407030468216,10,calendar
tirex,ZS,42,cqr_static,hiking,0.676923076923077,0.2748871648830175,-0.006962022598277606,0.3634240829146631,10,calendar
tirex,ZS,42,cqr_static,qe,0.776,0.47898418535415327,0.12656631924478356,0.16014901000122211,10,calendar
tirex,ZS,42,decay_ocp_cqr,hiking,0.7615384615384615,0.2535251297920068,0.08733233092719478,0.503465413716008,10,calendar
tirex,ZS,42,decay_ocp_cqr,qe,0.796,0.471160523036243,0.12224264577841504,0.1490239328005006,10,calendar
tirex,ZS,42,dtaci_cqr,hiking,0.8057692307692308,0.2605827511424229,0.04377395878599394,0.517768343575533,10,calendar
tirex,ZS,42,dtaci_cqr,qe,0.8213333333333334,0.4832132969340497,0.1075376520834111,0.1470510580684331,10,calendar
tirex,ZS,42,mondrian_cqr,hiking,0.8596153846153847,0.27046465799079483,0.04366982000117897,0.6794571053005385,10,calendar
tirex,ZS,42,mondrian_cqr,qe,0.8706666666666667,0.5307996855121137,0.03344469413428436,0.17882409096462648,10,calendar
tirex,ZS,42,native,hiking,0.7788461538461539,0.2510789642262917,0.09911837077565488,0.5189611238934257,10,calendar
tirex,ZS,42,native,qe,0.8373333333333334,0.47062315835722285,0.12781627859290107,0.15076902104816578,10,calendar
tirex,ZS,42,pid_cqr,hiking,0.7942307692307692,0.2799435477599389,0.013103851763400898,0.493400197185808,10,calendar
tirex,ZS,42,pid_cqr,qe,0.8026666666666666,0.49381565682908635,0.09682806599447291,0.13120325625547755,10,calendar
tirex,ZS,42,pid_local_cqr,hiking,0.801923076923077,0.31098688866182655,0.015175520484165816,0.37776241911853625,10,calendar
tirex,ZS,42,pid_local_cqr,qe,0.7973333333333333,0.517548337085085,0.06814884901251894,0.15507738854770028,10,calendar
tirex,ZS,42,pid_tan_cqr,hiking,0.7980769230769231,0.30607928457957395,-0.09981508512434767,0.6647781648101961,10,calendar
tirex,ZS,42,pid_tan_cqr,qe,0.8093333333333333,0.5482840449397636,-0.009190314501700991,0.17425877145725183,10,calendar
tirex,ZS,42,saocp_cqr,hiking,0.8692307692307693,0.3345313291213081,-0.031189477599761872,0.3009682650485324,10,calendar
tirex,ZS,42,saocp_cqr,qe,0.8746666666666667,0.5548421452079655,0.0006462033483662366,0.09430721268631378,10,calendar
tirex,ZS,42,sfogd_cqr,hiking,0.7961538461538461,0.3121602396217568,-0.009273267810280594,0.39738267446907394,10,calendar
tirex,ZS,42,sfogd_cqr,qe,0.8053333333333333,0.5323079149994019,0.0314367097239579,0.12880158221425098,10,calendar
tirex,ZS,42,spci_cqr,hiking,0.75,0.26515549003495614,0.03438490574856168,0.6191110894338168,10,calendar
tirex,ZS,42,spci_cqr,qe,0.7493333333333333,0.5212825935740629,0.056869452735641535,0.11377059378040247,10,calendar
tirex2,ZS,42,aci_cqr,hiking,0.7692307692307693,0.2420452684913403,0.11533605886305648,0.5778500835255261,10,calendar
tirex2,ZS,42,aci_cqr,qe,0.82,0.48798182789309036,0.12345801710478954,0.0918679964577005,10,calendar
tirex2,ZS,42,agaci_cqr,hiking,0.7711538461538462,0.24072300960358262,0.11821447124206691,0.5572239475423075,10,calendar
tirex2,ZS,42,agaci_cqr,qe,0.8146666666666667,0.4878046445403053,0.12687596865816214,0.08779433543038226,10,calendar
tirex2,ZS,42,cqr_rolling,hiking,0.7692307692307693,0.24095728147948584,0.1191098746125463,0.5591269023330081,10,calendar
tirex2,ZS,42,cqr_rolling,qe,0.812,0.48878464398183036,0.12737179475332372,0.08089439569142848,10,calendar
tirex2,ZS,42,cqr_static,hiking,0.698076923076923,0.251347131627884,0.13022842898951925,0.44074705518850454,10,calendar
tirex2,ZS,42,cqr_static,qe,0.7853333333333333,0.4671367582850059,0.1535222305413425,0.08309600056156538,10,calendar
tirex2,ZS,42,decay_ocp_cqr,hiking,0.7673076923076924,0.23812075753809983,0.13219926909055635,0.5471290295199773,10,calendar
tirex2,ZS,42,decay_ocp_cqr,qe,0.8,0.4709281650331735,0.15053359994296,0.0905394755137397,10,calendar
tirex2,ZS,42,dtaci_cqr,hiking,0.7826923076923077,0.24225882646874922,0.1159424510078374,0.5686400779761092,10,calendar
tirex2,ZS,42,dtaci_cqr,qe,0.8213333333333334,0.4896461227952983,0.12449578281191631,0.07790498447706315,10,calendar
tirex2,ZS,42,mondrian_cqr,hiking,0.8480769230769231,0.25589897771843917,0.07445277469431516,0.6338635053845872,10,calendar
tirex2,ZS,42,mondrian_cqr,qe,0.8613333333333333,0.5340648319192172,0.039196847535679036,0.12779224246191442,10,calendar
tirex2,ZS,42,native,hiking,0.8634615384615385,0.24249705355909582,0.12500453869926664,0.5309772481835306,10,calendar
tirex2,ZS,42,native,qe,0.8493333333333334,0.48024980421268937,0.14140840906986402,0.09284645166698927,10,calendar
tirex2,ZS,42,pid_cqr,hiking,0.8,0.26237766743471674,0.09783478450365701,0.5168386157751276,10,calendar
tirex2,ZS,42,pid_cqr,qe,0.8,0.48651929596311916,0.11444808710159937,0.0808047163976682,10,calendar
tirex2,ZS,42,pid_local_cqr,hiking,0.7961538461538461,0.32700886850012245,0.10904519966294962,0.3860743339295777,10,calendar
tirex2,ZS,42,pid_local_cqr,qe,0.8053333333333333,0.5111172860605734,0.08995853991480024,0.06728758154220446,10,calendar
tirex2,ZS,42,pid_tan_cqr,hiking,0.8057692307692308,0.28564581036815184,-0.12424537685098425,0.6612818216679761,10,calendar
tirex2,ZS,42,pid_tan_cqr,qe,0.8133333333333334,0.5438967705112644,-0.018631320353753922,0.09791347043973955,10,calendar
tirex2,ZS,42,saocp_cqr,hiking,0.8980769230769231,0.2924764295887564,0.04718971292766083,0.443861763200864,10,calendar
tirex2,ZS,42,saocp_cqr,qe,0.8906666666666667,0.5716510986543294,-0.009003464075329148,0.1323183371715031,10,calendar
tirex2,ZS,42,sfogd_cqr,hiking,0.7980769230769231,0.31203316068374165,0.03171163664064519,0.4290942732512717,10,calendar
tirex2,ZS,42,sfogd_cqr,qe,0.8026666666666666,0.5422400022577107,0.061952442907310556,0.04906523733058027,10,calendar
tirex2,ZS,42,spci_cqr,hiking,0.7538461538461538,0.2506165031516724,0.07217528140903634,0.6091086595263465,10,calendar
tirex2,ZS,42,spci_cqr,qe,0.768,0.5147855329005798,0.05898081021880047,0.11628940391624354,10,calendar
tirex2_cov,ZS,42,aci_cqr,hiking,0.775,0.2426329918093521,0.1172069018617321,0.5852156261058389,10,calendar
tirex2_cov,ZS,42,aci_cqr,qe,0.8226666666666667,0.4891602763689717,0.11017073326899707,0.09029121004638205,10,calendar
tirex2_cov,ZS,42,agaci_cqr,hiking,0.7769230769230769,0.2409872678476472,0.11642704955604799,0.5678035489846804,10,calendar
tirex2_cov,ZS,42,agaci_cqr,qe,0.8173333333333334,0.48604182806544777,0.1106611038262455,0.08749341554654838,10,calendar
tirex2_cov,ZS,42,cqr_rolling,hiking,0.775,0.24081917026562186,0.11739609305943527,0.567753951494969,10,calendar
tirex2_cov,ZS,42,cqr_rolling,qe,0.8173333333333334,0.48789672788512317,0.11387694086934674,0.08895477971886215,10,calendar
tirex2_cov,ZS,42,cqr_static,hiking,0.7576923076923077,0.24933459136778335,0.12747666844900063,0.48716773808506364,10,calendar
tirex2_cov,ZS,42,cqr_static,qe,0.8066666666666666,0.4676924628889759,0.13968474953451304,0.09774624071273691,10,calendar
tirex2_cov,ZS,42,decay_ocp_cqr,hiking,0.7788461538461539,0.2378379793278773,0.12923106365760018,0.5463759569317556,10,calendar
tirex2_cov,ZS,42,decay_ocp_cqr,qe,0.8053333333333333,0.4701867031148734,0.14301044753820363,0.090865813799867,10,calendar
tirex2_cov,ZS,42,dtaci_cqr,hiking,0.7865384615384615,0.24248724480807335,0.11880729571021365,0.5683955124954437,10,calendar
tirex2_cov,ZS,42,dtaci_cqr,qe,0.8253333333333334,0.48914477052974775,0.10845816813021308,0.08031494431653485,10,calendar
tirex2_cov,ZS,42,mondrian_cqr,hiking,0.8557692307692307,0.2581649595901026,0.07594125558167819,0.6219627386311395,10,calendar
tirex2_cov,ZS,42,mondrian_cqr,qe,0.8626666666666667,0.5325412794417104,0.027713822254871068,0.10355045840039304,10,calendar
tirex2_cov,ZS,42,native,hiking,0.8403846153846154,0.24124430527062368,0.13240677517311505,0.5320065359327134,10,calendar
tirex2_cov,ZS,42,native,qe,0.8373333333333334,0.4718000954169631,0.14509453780406967,0.08554302642330663,10,calendar
tirex2_cov,ZS,42,pid_cqr,hiking,0.7903846153846154,0.2683740555301657,0.09451429306189862,0.503247874094813,10,calendar
tirex2_cov,ZS,42,pid_cqr,qe,0.804,0.48322258703719406,0.11195581449979536,0.09029649529147996,10,calendar
tirex2_cov,ZS,42,pid_local_cqr,hiking,0.7961538461538461,0.33227810424548254,0.09033917491235921,0.38247837835031856,10,calendar
tirex2_cov,ZS,42,pid_local_cqr,qe,0.808,0.515786667673115,0.09083881378148406,0.06483529001090702,10,calendar
tirex2_cov,ZS,42,pid_tan_cqr,hiking,0.7980769230769231,0.29237657515924736,-0.15332233412808716,0.6307995302715362,10,calendar
tirex2_cov,ZS,42,pid_tan_cqr,qe,0.8173333333333334,0.5506500146270114,-0.028252741581299423,0.11295336303732642,10,calendar
tirex2_cov,ZS,42,saocp_cqr,hiking,0.8769230769230769,0.3111816792718629,0.07369973088516074,0.35465163835551416,10,calendar
tirex2_cov,ZS,42,saocp_cqr,qe,0.8813333333333333,0.5600858055977972,0.009766234278809072,0.07601834606520722,10,calendar
tirex2_cov,ZS,42,sfogd_cqr,hiking,0.7961538461538461,0.3099979292946155,0.03562993912017848,0.4269539736827107,10,calendar
tirex2_cov,ZS,42,sfogd_cqr,qe,0.8066666666666666,0.5494707459183743,0.04754424446711858,0.049856503976569794,10,calendar
tirex2_cov,ZS,42,spci_cqr,hiking,0.7442307692307693,0.251744085611529,0.06970255602943581,0.6360266980133962,10,calendar
tirex2_cov,ZS,42,spci_cqr,qe,0.768,0.5246466664159656,0.06762594418324186,0.10944740319289603,10,calendar
xlstm,G,42,aci_cqr,hiking,0.7903846153846154,0.35931510796984306,-0.011722679710103323,0.14674550417750704,10,calendar
xlstm,G,42,aci_cqr,qe,0.8066666666666666,0.5529747135911613,-0.022098957372077566,0.09099476377470414,10,calendar
xlstm,G,42,agaci_cqr,hiking,0.8211538461538461,0.33883930004492685,-0.007263281572701619,0.19696324387859054,10,calendar
xlstm,G,42,agaci_cqr,qe,0.7986666666666666,0.5430532581333494,-0.023433968797322513,0.14112629487631412,10,calendar
xlstm,G,42,cqr_rolling,hiking,0.7865384615384615,0.3564353421169283,-0.006368221767498072,0.15615288722139029,10,calendar
xlstm,G,42,cqr_rolling,qe,0.8053333333333333,0.5567820131078979,-0.03147982535516092,0.0834896273408452,10,calendar
xlstm,G,42,cqr_static,hiking,0.75,0.5532584935117191,-0.0016822558284519395,0.14847316161311114,10,calendar
xlstm,G,42,cqr_static,qe,0.7546666666666667,0.7016200581818024,-0.03943832428167904,0.09247437604539449,10,calendar
xlstm,G,42,decay_ocp_cqr,hiking,0.8442307692307692,0.3651379859001009,0.0320752533020357,0.12195874040563656,10,calendar
xlstm,G,42,decay_ocp_cqr,qe,0.8506666666666667,0.5692188427241994,-0.0166361846861921,0.03626908178834837,10,calendar
xlstm,G,42,dtaci_cqr,hiking,0.801923076923077,0.3486731397239788,-0.00657531939438305,0.17022651112282647,10,calendar
xlstm,G,42,dtaci_cqr,qe,0.8186666666666667,0.5377393902782103,-0.018198413076145892,0.12927024715724014,10,calendar
xlstm,G,42,mondrian_cqr,hiking,0.85,0.3520607242388915,-0.04330509364725177,0.32479974114885696,10,calendar
xlstm,G,42,mondrian_cqr,qe,0.8626666666666667,0.6079037002744427,-0.10695863433396036,0.09972385468215539,10,calendar
xlstm,G,42,native,hiking,0.8826923076923077,0.37139827126215497,0.0007087741737944464,0.12024320893282611,10,calendar
xlstm,G,42,native,qe,0.8586666666666667,0.5602398533523977,-0.02357859436217391,0.06859849844079716,10,calendar
xlstm,G,42,pid_cqr,hiking,0.8038461538461539,0.3340394356471042,-0.01201219007231158,0.25333491384125484,10,calendar
xlstm,G,42,pid_cqr,qe,0.8106666666666666,0.5263909700498993,-0.011395915646141175,0.10574747703191001,10,calendar
xlstm,G,42,pid_local_cqr,hiking,0.8038461538461539,0.3752443287631522,-0.008701195778138437,0.07337442618451795,10,calendar
xlstm,G,42,pid_local_cqr,qe,0.8106666666666666,0.524664841548431,-0.005959543036297088,0.11843923694664635,10,calendar
xlstm,G,42,pid_tan_cqr,hiking,0.8365384615384616,0.3703118962902459,-0.11838914098170572,0.24844117825311715,10,calendar
xlstm,G,42,pid_tan_cqr,qe,0.812,0.6101545289664404,-0.16212497269349302,0.13795652642350342,10,calendar
xlstm,G,42,saocp_cqr,hiking,0.925,0.389792067890838,-0.06225830022729384,0.1621916536675249,10,calendar
xlstm,G,42,saocp_cqr,qe,0.9093333333333333,0.5911135219417105,-0.06210832921085574,0.09373842918723979,10,calendar
xlstm,G,42,sfogd_cqr,hiking,0.8038461538461539,0.3545246978551258,-0.020716025675067473,0.27589819715617225,10,calendar
xlstm,G,42,sfogd_cqr,qe,0.808,0.561270641628277,-0.045357024068422236,0.10561213119872903,10,calendar
xlstm,G,42,spci_cqr,hiking,0.7673076923076924,0.3584341254024502,-0.07640998470082871,0.24920261941808072,10,calendar
xlstm,G,42,spci_cqr,qe,0.7586666666666667,0.5489226955643366,-0.05890119525803417,0.20112557582262477,10,calendar
xlstm,G,43,aci_cqr,hiking,0.7557692307692307,0.33127583808442,0.0737634520981878,0.15741814411821,10,calendar
xlstm,G,43,aci_cqr,qe,0.8253333333333334,0.5677375537445695,-0.05002091334600678,0.15601217454375377,10,calendar
xlstm,G,43,agaci_cqr,hiking,0.7980769230769231,0.30771520028214455,0.07141550729293511,0.20318636860258385,10,calendar
xlstm,G,43,agaci_cqr,qe,0.824,0.5630682311675023,-0.04959747245511681,0.16940257664492542,10,calendar
xlstm,G,43,cqr_rolling,hiking,0.7557692307692307,0.33789904214128696,0.07644371624197666,0.18281457050982414,10,calendar
xlstm,G,43,cqr_rolling,qe,0.8293333333333334,0.5709763988045127,-0.047420751789844506,0.14865049922296886,10,calendar
xlstm,G,43,cqr_static,hiking,0.8769230769230769,0.3711086894177775,0.010172330106435479,0.23236579474587016,10,calendar
xlstm,G,43,cqr_static,qe,0.8733333333333333,0.6163224336710366,-0.08397939685661415,0.10058048841229156,10,calendar
xlstm,G,43,decay_ocp_cqr,hiking,0.8576923076923076,0.3886905995136366,-0.016151310382409245,0.24752917581133885,10,calendar
xlstm,G,43,decay_ocp_cqr,qe,0.8946666666666667,0.6754713236271541,-0.08866798610304027,0.08430866323230063,10,calendar
xlstm,G,43,dtaci_cqr,hiking,0.7692307692307693,0.3147156958261949,0.07007373657102417,0.1789059764296791,10,calendar
xlstm,G,43,dtaci_cqr,qe,0.8293333333333334,0.559881835031331,-0.05962529524026372,0.18492093679647187,10,calendar
xlstm,G,43,mondrian_cqr,hiking,0.8461538461538461,0.3300267758947395,0.06674910177598647,0.2544909846196233,10,calendar
xlstm,G,43,mondrian_cqr,qe,0.86,0.5648851456189067,-0.10884756555656949,0.1719249099049426,10,calendar
xlstm,G,43,native,hiking,0.9538461538461539,0.4894256994893416,-0.14052191330905106,0.3000302630187355,10,calendar
xlstm,G,43,native,qe,0.9173333333333333,0.732533848547116,-0.16944058392932915,0.16163803604720373,10,calendar
xlstm,G,43,pid_cqr,hiking,0.7980769230769231,0.31047256677188706,0.06044879678571152,0.21173658375828547,10,calendar
xlstm,G,43,pid_cqr,qe,0.8213333333333334,0.5423749644262874,-0.04499388179798236,0.15134629092560073,10,calendar
xlstm,G,43,pid_local_cqr,hiking,0.8134615384615385,0.33789274549356396,0.003014873297043086,0.18403961486842393,10,calendar
xlstm,G,43,pid_local_cqr,qe,0.8173333333333334,0.5520685687758771,-0.049032378502922636,0.1591004684109691,10,calendar
xlstm,G,43,pid_tan_cqr,hiking,0.823076923076923,0.35387153790313175,0.00012667108678654504,0.3221541846856945,10,calendar
xlstm,G,43,pid_tan_cqr,qe,0.8373333333333334,0.65840501135523,-0.19128574490219807,0.14335786956154967,10,calendar
xlstm,G,43,saocp_cqr,hiking,0.9596153846153846,0.5031701345231704,-0.18344477016584482,0.27324451970293623,10,calendar
xlstm,G,43,saocp_cqr,qe,0.932,0.752203997848711,-0.24084958274060253,0.16298310833757979,10,calendar
xlstm,G,43,sfogd_cqr,hiking,0.8,0.33346596982362264,0.03755817293622915,0.1924873768686864,10,calendar
xlstm,G,43,sfogd_cqr,qe,0.8106666666666666,0.5856073909121366,-0.10284728465152315,0.15968267356358085,10,calendar
xlstm,G,43,spci_cqr,hiking,0.7384615384615385,0.31816616821429905,0.004095642183257864,0.272697930319579,10,calendar
xlstm,G,43,spci_cqr,qe,0.7773333333333333,0.570358356280316,-0.13089077533418714,0.21518195163757223,10,calendar
xlstm,G,44,aci_cqr,hiking,0.8423076923076923,0.38977155292422155,-0.0796303571511503,0.13097698174032701,10,calendar
xlstm,G,44,aci_cqr,qe,0.7986666666666666,0.6119441590899299,-0.09396373469947283,0.10953566748900545,10,calendar
xlstm,G,44,agaci_cqr,hiking,0.8269230769230769,0.38089661038875344,-0.06897556115238435,0.12099408770990619,10,calendar
xlstm,G,44,agaci_cqr,qe,0.7946666666666666,0.6047526137610825,-0.11001766191871476,0.13552002346316153,10,calendar
xlstm,G,44,cqr_rolling,hiking,0.8442307692307692,0.39058955233000214,-0.07619643521869313,0.1440478926832145,10,calendar
xlstm,G,44,cqr_rolling,qe,0.792,0.6125018902334879,-0.09440092462144056,0.11470479209595341,10,calendar
xlstm,G,44,cqr_static,hiking,0.7923076923076923,0.5709231562946421,-0.14481542548964532,0.5197720110003488,10,calendar
xlstm,G,44,cqr_static,qe,0.76,0.6765363538102062,-0.10254057864474075,0.24696401846302726,10,calendar
xlstm,G,44,decay_ocp_cqr,hiking,0.8903846153846153,0.45046374790777094,-0.10531179245834921,0.20738458507332636,10,calendar
xlstm,G,44,decay_ocp_cqr,qe,0.848,0.6252372154678348,-0.097139043524061,0.13219384605639978,10,calendar
xlstm,G,44,dtaci_cqr,hiking,0.8269230769230769,0.3795888720475004,-0.048135343339396175,0.1200115954061679,10,calendar
xlstm,G,44,dtaci_cqr,qe,0.8133333333333334,0.5966872193561161,-0.06782454336072019,0.11302126506560922,10,calendar
xlstm,G,44,mondrian_cqr,hiking,0.9,0.3901845788384285,-0.07160247765519623,0.2517539663303419,10,calendar
xlstm,G,44,mondrian_cqr,qe,0.8626666666666667,0.6328509479861191,-0.09561703831846802,0.09912466926080576,10,calendar
xlstm,G,44,native,hiking,0.9576923076923077,0.4773538780418726,-0.10657037742644748,0.18336083981867207,10,calendar
xlstm,G,44,native,qe,0.8746666666666667,0.6259061484611979,-0.1349619229932052,0.130103387875873,10,calendar
xlstm,G,44,pid_cqr,hiking,0.8211538461538461,0.36467379982550546,-0.022510451305080892,0.13280237790901978,10,calendar
xlstm,G,44,pid_cqr,qe,0.8026666666666666,0.5902697139107359,-0.058134685236670314,0.07617781923641825,10,calendar
xlstm,G,44,pid_local_cqr,hiking,0.8192307692307692,0.38606196351090705,-0.056244712344053927,0.16595984925439092,10,calendar
xlstm,G,44,pid_local_cqr,qe,0.808,0.5889977742041156,-0.054413191661436766,0.0593673283000582,10,calendar
xlstm,G,44,pid_tan_cqr,hiking,0.8442307692307692,0.41673966860838924,-0.18984648681257088,0.2913838535194811,10,calendar
xlstm,G,44,pid_tan_cqr,qe,0.8106666666666666,0.7224393526303223,-0.20891237219511694,0.09308828088574,10,calendar
xlstm,G,44,saocp_cqr,hiking,0.9634615384615385,0.48464522666266,-0.17047533064808273,0.19555503784359574,10,calendar
xlstm,G,44,saocp_cqr,qe,0.9213333333333333,0.6570080913523859,-0.1641448371594647,0.12843733097788107,10,calendar
xlstm,G,44,sfogd_cqr,hiking,0.8115384615384615,0.37496596471801813,-0.025853448157052816,0.15661531687644875,10,calendar
xlstm,G,44,sfogd_cqr,qe,0.804,0.6106647358755507,-0.09923917538123139,0.078863986032775,10,calendar
xlstm,G,44,spci_cqr,hiking,0.7596153846153846,0.38661973068943395,-0.07423692412878946,0.22321055927947253,10,calendar
xlstm,G,44,spci_cqr,qe,0.764,0.6047121797303726,-0.09662064822416261,0.13646020932302752,10,calendar
xlstm,GF,42,aci_cqr,hiking,0.7961538461538461,0.35355342296161624,-0.0048890873444364935,0.18638625092903552,10,calendar
xlstm,GF,42,aci_cqr,qe,0.8186666666666667,0.5485965065595602,-0.021907001552006977,0.08757617976753737,10,calendar
xlstm,GF,42,agaci_cqr,hiking,0.8288461538461539,0.3330528323004826,-0.00362312860908387,0.26414404243213085,10,calendar
xlstm,GF,42,agaci_cqr,qe,0.812,0.5436636179212128,-0.02313623151878985,0.10704039090173381,10,calendar
xlstm,GF,42,cqr_rolling,hiking,0.8038461538461539,0.35161681975078135,-0.004465483579141782,0.19242014076168665,10,calendar
xlstm,GF,42,cqr_rolling,qe,0.812,0.5558383046586647,-0.01854457538777632,0.06269717974148617,10,calendar
xlstm,GF,42,cqr_static,hiking,0.7442307692307693,0.5492524155310483,-0.024708902975963287,0.17592679977464393,10,calendar
xlstm,GF,42,cqr_static,qe,0.7613333333333333,0.6964158893982941,-0.03967321850444672,0.10613544790035717,10,calendar
xlstm,GF,42,decay_ocp_cqr,hiking,0.8346153846153846,0.36518425081228,0.019098460517526727,0.14953553114780388,10,calendar
xlstm,GF,42,decay_ocp_cqr,qe,0.8333333333333334,0.5721834999534021,-0.011687255380962491,0.08050391774054858,10,calendar
xlstm,GF,42,dtaci_cqr,hiking,0.8173076923076923,0.3423975703084118,0.009694937262593017,0.23150619155922836,10,calendar
xlstm,GF,42,dtaci_cqr,qe,0.8253333333333334,0.5385001823660249,-0.017059526003873837,0.09949351852399943,10,calendar
xlstm,GF,42,mondrian_cqr,hiking,0.85,0.3416910857247475,-0.02486450983760069,0.32521790182818605,10,calendar
xlstm,GF,42,mondrian_cqr,qe,0.864,0.6121864062420991,-0.11376594321421685,0.1471492585525323,10,calendar
xlstm,GF,42,native,hiking,0.8903846153846153,0.36940680110431634,-0.00219375508192704,0.10981705371113837,10,calendar
xlstm,GF,42,native,qe,0.8533333333333334,0.5600057294996406,-0.010137523026931938,0.05420253180165899,10,calendar
xlstm,GF,42,pid_cqr,hiking,0.8057692307692308,0.3169352976519607,0.038489757011408,0.32466333749152404,10,calendar
xlstm,GF,42,pid_cqr,qe,0.812,0.5323964692254967,-0.004549025168483656,0.11285666949257597,10,calendar
xlstm,GF,42,pid_local_cqr,hiking,0.8115384615384615,0.3293922029266997,0.008849990303894661,0.3272385844864799,10,calendar
xlstm,GF,42,pid_local_cqr,qe,0.8106666666666666,0.5263247894036532,0.0012171655841137774,0.11667889922429012,10,calendar
xlstm,GF,42,pid_tan_cqr,hiking,0.8346153846153846,0.36148122877027833,-0.06664563507137666,0.3138764235476623,10,calendar
xlstm,GF,42,pid_tan_cqr,qe,0.8133333333333334,0.6194632580014717,-0.1274292204022287,0.12763056932840394,10,calendar
xlstm,GF,42,saocp_cqr,hiking,0.9288461538461539,0.3888305260742352,-0.06461441714739646,0.09364187151290837,10,calendar
xlstm,GF,42,saocp_cqr,qe,0.908,0.604066052420242,-0.0769484544263076,0.05606767414816066,10,calendar
xlstm,GF,42,sfogd_cqr,hiking,0.801923076923077,0.3382422455426324,0.013795982431737408,0.328343662063322,10,calendar
xlstm,GF,42,sfogd_cqr,qe,0.8066666666666666,0.560303903071589,-0.015932092932115838,0.07450938452197067,10,calendar
xlstm,GF,42,spci_cqr,hiking,0.7730769230769231,0.3387266399494473,-0.04449727346985616,0.30431931510721094,10,calendar
xlstm,GF,42,spci_cqr,qe,0.7506666666666667,0.5517925974118446,-0.0451378121758913,0.17137460632955123,10,calendar
xlstm,GF,43,aci_cqr,hiking,0.75,0.3325802571963117,0.07862646043597993,0.20592482543992804,10,calendar
xlstm,GF,43,aci_cqr,qe,0.8253333333333334,0.5586776533028821,-0.027437372205201815,0.12710852085246926,10,calendar
xlstm,GF,43,agaci_cqr,hiking,0.7692307692307693,0.30808005331141747,0.11249598242166697,0.23007976242141603,10,calendar
xlstm,GF,43,agaci_cqr,qe,0.8226666666666667,0.5546291070163416,-0.028858761077012074,0.15049425194171923,10,calendar
xlstm,GF,43,cqr_rolling,hiking,0.7403846153846154,0.34210081694654537,0.0459512265931043,0.21897144981316605,10,calendar
xlstm,GF,43,cqr_rolling,qe,0.8306666666666667,0.5596667853526494,-0.026401537931169283,0.13165640773480497,10,calendar
xlstm,GF,43,cqr_static,hiking,0.8423076923076923,0.37293543432501636,0.002042087513895341,0.21397068715552137,10,calendar
xlstm,GF,43,cqr_static,qe,0.884,0.5875309186329903,-0.07501788387567143,0.10683270694231639,10,calendar
xlstm,GF,43,decay_ocp_cqr,hiking,0.85,0.3612088080671505,0.036135629416895965,0.21080193464669109,10,calendar
xlstm,GF,43,decay_ocp_cqr,qe,0.8933333333333333,0.6437646046325834,-0.0803386510873032,0.06290071359917937,10,calendar
xlstm,GF,43,dtaci_cqr,hiking,0.775,0.3146747542279651,0.1070983612557026,0.22261508426676058,10,calendar
xlstm,GF,43,dtaci_cqr,qe,0.8293333333333334,0.5512267076532001,-0.027861997340821065,0.16591057418543942,10,calendar
xlstm,GF,43,mondrian_cqr,hiking,0.8461538461538461,0.336595851947241,0.07711989895401822,0.21660864304457506,10,calendar
xlstm,GF,43,mondrian_cqr,qe,0.8613333333333333,0.5598527024566233,-0.06443764364413107,0.18797906005827109,10,calendar
xlstm,GF,43,native,hiking,0.9576923076923077,0.4420422272607684,-0.08431848161216948,0.2488871378675095,10,calendar
xlstm,GF,43,native,qe,0.912,0.6896145130788783,-0.09840470299832815,0.11243140030172982,10,calendar
xlstm,GF,43,pid_cqr,hiking,0.7903846153846154,0.3161585010455624,0.07170066891629961,0.2224319506221817,10,calendar
xlstm,GF,43,pid_cqr,qe,0.82,0.5384977226856518,-0.03761382896619636,0.1598650883214219,10,calendar
xlstm,GF,43,pid_local_cqr,hiking,0.8038461538461539,0.332823110324137,0.006696863657474739,0.2335682481525034,10,calendar
xlstm,GF,43,pid_local_cqr,qe,0.8106666666666666,0.5356945354036073,-0.050082233948940846,0.12332563298604826,10,calendar
xlstm,GF,43,pid_tan_cqr,hiking,0.8192307692307692,0.34331256391263953,0.027391260389313776,0.3843071105532025,10,calendar
xlstm,GF,43,pid_tan_cqr,qe,0.8426666666666667,0.626085255812053,-0.11708587938817705,0.20100231318734396,10,calendar
xlstm,GF,43,saocp_cqr,hiking,0.9634615384615385,0.4515187927800516,-0.13984528544281016,0.27331066064678383,10,calendar
xlstm,GF,43,saocp_cqr,qe,0.9306666666666666,0.7113371857462943,-0.15423021584214103,0.1306193129885504,10,calendar
xlstm,GF,43,sfogd_cqr,hiking,0.7942307692307692,0.3410672184356201,0.03802283260838135,0.14566178657709083,10,calendar
xlstm,GF,43,sfogd_cqr,qe,0.8093333333333333,0.5773043073538288,-0.10453880991882603,0.1442291365017314,10,calendar
xlstm,GF,43,spci_cqr,hiking,0.7384615384615385,0.31436552095275644,0.05098128550188369,0.31539560217479456,10,calendar
xlstm,GF,43,spci_cqr,qe,0.7733333333333333,0.5506726951417545,-0.07161550440459363,0.2201756833985066,10,calendar
xlstm,GF,44,aci_cqr,hiking,0.8634615384615385,0.35845091688960784,0.006057116528570883,0.1310121271772219,10,calendar
xlstm,GF,44,aci_cqr,qe,0.7946666666666666,0.5987640518907488,-0.053838410348976073,0.09618096273984372,10,calendar
xlstm,GF,44,agaci_cqr,hiking,0.8480769230769231,0.35588258193262884,-0.0007854312018821807,0.14291300488161582,10,calendar
xlstm,GF,44,agaci_cqr,qe,0.7946666666666666,0.5962013439329857,-0.0639737659956292,0.1054826244281088,10,calendar
xlstm,GF,44,cqr_rolling,hiking,0.8615384615384616,0.3602397938888233,0.003749799046901814,0.12121173643091629,10,calendar
xlstm,GF,44,cqr_rolling,qe,0.788,0.599831742369469,-0.05953745814755862,0.08820120148266708,10,calendar
xlstm,GF,44,cqr_static,hiking,0.8038461538461539,0.5182760988892845,-0.12349726292539809,0.37014687492112347,10,calendar
xlstm,GF,44,cqr_static,qe,0.764,0.6468161297720771,-0.06867144744028875,0.16866422356450814,10,calendar
xlstm,GF,44,decay_ocp_cqr,hiking,0.8865384615384615,0.4023565110602966,-0.05502991669477297,0.22253127325150826,10,calendar
xlstm,GF,44,decay_ocp_cqr,qe,0.836,0.6093779846837724,-0.03511536182560715,0.10168179631428992,10,calendar
xlstm,GF,44,dtaci_cqr,hiking,0.8519230769230769,0.3544565494143773,0.0004851342198677333,0.14207487278884437,10,calendar
xlstm,GF,44,dtaci_cqr,qe,0.8146666666666667,0.5859338488605319,-0.03225373643519247,0.10151039629512765,10,calendar
xlstm,GF,44,mondrian_cqr,hiking,0.8730769230769231,0.36255595667637297,-0.005558429895007211,0.285316501363249,10,calendar
xlstm,GF,44,mondrian_cqr,qe,0.86,0.6049725927044929,-0.0502719716405593,0.10213532331962086,10,calendar
xlstm,GF,44,native,hiking,0.9576923076923077,0.4499029927060008,-0.09693953225038487,0.18281794573189872,10,calendar
xlstm,GF,44,native,qe,0.8746666666666667,0.6094497215257784,-0.09534134650403903,0.126905149880554,10,calendar
xlstm,GF,44,pid_cqr,hiking,0.8153846153846154,0.3417982970073243,0.025188185574213373,0.15609992000359146,10,calendar
xlstm,GF,44,pid_cqr,qe,0.8,0.5776185667089968,-0.030163562813434353,0.07581710250208695,10,calendar
xlstm,GF,44,pid_local_cqr,hiking,0.8173076923076923,0.3601611938050571,0.017414769811990805,0.1330618878794578,10,calendar
xlstm,GF,44,pid_local_cqr,qe,0.8013333333333333,0.5915757290037377,-0.04276941763547348,0.07559995187719248,10,calendar
xlstm,GF,44,pid_tan_cqr,hiking,0.8442307692307692,0.3979618520716346,-0.13959245044389046,0.26524115084688726,10,calendar
xlstm,GF,44,pid_tan_cqr,qe,0.812,0.7130477945049007,-0.18900797847239936,0.06526887685869592,10,calendar
xlstm,GF,44,saocp_cqr,hiking,0.9615384615384616,0.46846229516517957,-0.21583048838673846,0.13864423152884886,10,calendar
xlstm,GF,44,saocp_cqr,qe,0.9186666666666666,0.6504700551184307,-0.175142518091564,0.07571525678657204,10,calendar
xlstm,GF,44,sfogd_cqr,hiking,0.8115384615384615,0.3585106326289428,0.0036583492176011645,0.13321477843375654,10,calendar
xlstm,GF,44,sfogd_cqr,qe,0.8,0.58044220325704,-0.10576329603683221,0.11597924396470011,10,calendar
xlstm,GF,44,spci_cqr,hiking,0.7557692307692307,0.3552259432007486,0.014557356387130627,0.19812771064759888,10,calendar
xlstm,GF,44,spci_cqr,qe,0.7653333333333333,0.5904906633161426,-0.09025704381984134,0.11258479213459988,10,calendar
xlstm,GI,42,aci_cqr,hiking,0.7788461538461539,0.33157119170498994,-0.06966580003661804,0.26318735591216225,10,calendar
xlstm,GI,42,aci_cqr,qe,0.8173333333333334,0.5757816269255813,-0.10077579148276172,0.11386780321828588,10,calendar
xlstm,GI,42,agaci_cqr,hiking,0.7961538461538461,0.3265113516993988,-0.061538001197016245,0.25338093265378003,10,calendar
xlstm,GI,42,agaci_cqr,qe,0.8106666666666666,0.5651062267759989,-0.0784991810692931,0.1286405350341918,10,calendar
xlstm,GI,42,cqr_rolling,hiking,0.7865384615384615,0.3287534947161738,-0.06987457885250992,0.24112956649310613,10,calendar
xlstm,GI,42,cqr_rolling,qe,0.8173333333333334,0.5776640886815478,-0.0962403897360794,0.09772603168761246,10,calendar
xlstm,GI,42,cqr_static,hiking,0.8,0.5376307635111885,-0.04462938954732265,0.18666503277528046,10,calendar
xlstm,GI,42,cqr_static,qe,0.7866666666666666,0.6966335841751294,-0.09598296014894225,0.08898680152806215,10,calendar
xlstm,GI,42,decay_ocp_cqr,hiking,0.8442307692307692,0.36212899380269037,-0.031203647230961473,0.1868642886416172,10,calendar
xlstm,GI,42,decay_ocp_cqr,qe,0.832,0.5860712706785697,-0.04237890547003298,0.10452416366877032,10,calendar
xlstm,GI,42,dtaci_cqr,hiking,0.7961538461538461,0.327169260682759,-0.06254210563441931,0.26116762261480825,10,calendar
xlstm,GI,42,dtaci_cqr,qe,0.816,0.5585144408287359,-0.08405213987217419,0.1560089539177352,10,calendar
xlstm,GI,42,mondrian_cqr,hiking,0.8288461538461539,0.33171884605188523,-0.05933354432729232,0.3903079509804842,10,calendar
xlstm,GI,42,mondrian_cqr,qe,0.8666666666666667,0.6354848973982807,-0.13325368868804133,0.047987598780133756,10,calendar
xlstm,GI,42,native,hiking,0.8634615384615385,0.3671571317244088,-0.023632125784561864,0.16331148496332473,10,calendar
xlstm,GI,42,native,qe,0.8346666666666667,0.5684349983170678,-0.04448301614992667,0.1315599707515593,10,calendar
xlstm,GI,42,pid_cqr,hiking,0.8038461538461539,0.33466798232973344,-0.04408013310844194,0.24324581839287288,10,calendar
xlstm,GI,42,pid_cqr,qe,0.8093333333333333,0.5327400804563865,-0.0662573370422821,0.159094908358607,10,calendar
xlstm,GI,42,pid_local_cqr,hiking,0.8038461538461539,0.3531666618769217,-0.02168971671286174,0.29472161056638785,10,calendar
xlstm,GI,42,pid_local_cqr,qe,0.808,0.5363972769607941,-0.03535847616124732,0.14115704112764763,10,calendar
xlstm,GI,42,pid_tan_cqr,hiking,0.825,0.36022751816325793,-0.15068046007555036,0.23453858013338416,10,calendar
xlstm,GI,42,pid_tan_cqr,qe,0.8133333333333334,0.6400192539721761,-0.22992030722011791,0.21508132713948397,10,calendar
xlstm,GI,42,saocp_cqr,hiking,0.9096153846153846,0.38600327472822776,-0.07711743500685908,0.17281663618989762,10,calendar
xlstm,GI,42,saocp_cqr,qe,0.8973333333333333,0.5936892282798002,-0.09620136733368667,0.13166717540197637,10,calendar
xlstm,GI,42,sfogd_cqr,hiking,0.7961538461538461,0.3457886666191674,-0.06832289239336775,0.27199547708448385,10,calendar
xlstm,GI,42,sfogd_cqr,qe,0.8093333333333333,0.5620478969902749,-0.05593224519565698,0.1293755621764642,10,calendar
xlstm,GI,42,spci_cqr,hiking,0.7788461538461539,0.3355584386791822,-0.1005424498676527,0.29936990637204597,10,calendar
xlstm,GI,42,spci_cqr,qe,0.7626666666666667,0.5659877078549149,-0.10586553772797369,0.2599042275647854,10,calendar
xlstm,GI,43,aci_cqr,hiking,0.775,0.3920405984560963,-0.04356053921921221,0.10466420312784933,10,calendar
xlstm,GI,43,aci_cqr,qe,0.8133333333333334,0.6245527346391662,-0.10318428565788029,0.09815109177506798,10,calendar
xlstm,GI,43,agaci_cqr,hiking,0.7942307692307692,0.38094553195096725,-0.03505541482144181,0.06496877454189179,10,calendar
xlstm,GI,43,agaci_cqr,qe,0.8026666666666666,0.6187752617575442,-0.09122268263838362,0.08689899209702684,10,calendar
xlstm,GI,43,cqr_rolling,hiking,0.7769230769230769,0.3937570318437583,-0.0412157948590508,0.13252633153392174,10,calendar
xlstm,GI,43,cqr_rolling,qe,0.82,0.628093947527364,-0.09784705586737763,0.11388437769069437,10,calendar
xlstm,GI,43,cqr_static,hiking,0.9173076923076923,0.4807328082542432,-0.12204979094363333,0.23859036782642928,10,calendar
xlstm,GI,43,cqr_static,qe,0.9013333333333333,0.7238605612872205,-0.157818168133522,0.07256494036834188,10,calendar
xlstm,GI,43,decay_ocp_cqr,hiking,0.8730769230769231,0.40721815222522095,-0.08330013114263013,0.2455155402892268,10,calendar
xlstm,GI,43,decay_ocp_cqr,qe,0.9026666666666666,0.6844750691737617,-0.13660147985099946,0.06598323721009258,10,calendar
xlstm,GI,43,dtaci_cqr,hiking,0.7980769230769231,0.3637662045206786,-0.006966568113136118,0.1253526038644581,10,calendar
xlstm,GI,43,dtaci_cqr,qe,0.812,0.6118870621609312,-0.08973884838666468,0.08566493151266846,10,calendar
xlstm,GI,43,mondrian_cqr,hiking,0.8269230769230769,0.36829240077168923,-0.04687140888891239,0.23474553694350106,10,calendar
xlstm,GI,43,mondrian_cqr,qe,0.8653333333333333,0.629451088671195,-0.14970335956555114,0.0491106404958197,10,calendar
xlstm,GI,43,native,hiking,0.9403846153846154,0.49401418617494014,-0.14226562542790944,0.3160460695264229,10,calendar
xlstm,GI,43,native,qe,0.9133333333333333,0.7371279727575692,-0.19816190650034937,0.1600711471004873,10,calendar
xlstm,GI,43,pid_cqr,hiking,0.8038461538461539,0.3462281798064009,0.003868315702981573,0.18698113859902282,10,calendar
xlstm,GI,43,pid_cqr,qe,0.828,0.6075832743024493,-0.0734602519266423,0.0587876003323301,10,calendar
xlstm,GI,43,pid_local_cqr,hiking,0.8153846153846154,0.35874121066148884,0.008056219823536992,0.13267926531176916,10,calendar
xlstm,GI,43,pid_local_cqr,qe,0.8226666666666667,0.6053269883460911,-0.09174419335417738,0.04533078450908906,10,calendar
xlstm,GI,43,pid_tan_cqr,hiking,0.8096153846153846,0.3778039303732851,-0.12300766420426335,0.401175299450668,10,calendar
xlstm,GI,43,pid_tan_cqr,qe,0.836,0.6718157975001745,-0.20638133175435702,0.16620001821551128,10,calendar
xlstm,GI,43,saocp_cqr,hiking,0.9538461538461539,0.5067176090291674,-0.1973616123275106,0.2994738270491088,10,calendar
xlstm,GI,43,saocp_cqr,qe,0.936,0.7551739626619242,-0.24315448411539642,0.15719736324037104,10,calendar
xlstm,GI,43,sfogd_cqr,hiking,0.8076923076923077,0.3604908516610576,0.027233310955068257,0.14926979439309374,10,calendar
xlstm,GI,43,sfogd_cqr,qe,0.8106666666666666,0.6083776401804446,-0.10298834125053713,0.04074941139745264,10,calendar
xlstm,GI,43,spci_cqr,hiking,0.7461538461538462,0.36729145967036236,-0.04767680355636472,0.22977931969250087,10,calendar
xlstm,GI,43,spci_cqr,qe,0.78,0.624524889348141,-0.1299178579531397,0.05312621433470405,10,calendar
xlstm,GI,44,aci_cqr,hiking,0.8346153846153846,0.40721456993631094,-0.10182762468338524,0.11555986464536566,10,calendar
xlstm,GI,44,aci_cqr,qe,0.8053333333333333,0.6556948525033022,-0.14031144309107124,0.07186937833273105,10,calendar
xlstm,GI,44,agaci_cqr,hiking,0.8288461538461539,0.3970004151602476,-0.08658609854821087,0.11741441882767928,10,calendar
xlstm,GI,44,agaci_cqr,qe,0.8106666666666666,0.6409328241363006,-0.11519801227783055,0.0387829268512791,10,calendar
xlstm,GI,44,cqr_rolling,hiking,0.8403846153846154,0.4119439783018195,-0.1075190191489741,0.12215241791113926,10,calendar
xlstm,GI,44,cqr_rolling,qe,0.8026666666666666,0.6584048461797392,-0.14600021335971392,0.0846577076707945,10,calendar
xlstm,GI,44,cqr_static,hiking,0.7942307692307692,0.7041296358506552,-0.3461234271786312,0.31621699089652117,10,calendar
xlstm,GI,44,cqr_static,qe,0.7493333333333333,0.8198686405761154,-0.2550662116393787,0.3272319929433448,10,calendar
xlstm,GI,44,decay_ocp_cqr,hiking,0.9076923076923077,0.5044352194150327,-0.1990750775777429,0.16850245942619801,10,calendar
xlstm,GI,44,decay_ocp_cqr,qe,0.848,0.6893731814452722,-0.128806761762029,0.1163279475691138,10,calendar
xlstm,GI,44,dtaci_cqr,hiking,0.8384615384615385,0.3972610979403505,-0.07963096167274064,0.13830758727868306,10,calendar
xlstm,GI,44,dtaci_cqr,qe,0.8186666666666667,0.6384843128743304,-0.11728113357390502,0.04966129530695024,10,calendar
xlstm,GI,44,mondrian_cqr,hiking,0.8865384615384615,0.4184103526572738,-0.1319589326906282,0.27013553833432,10,calendar
xlstm,GI,44,mondrian_cqr,qe,0.8653333333333333,0.6637866538776033,-0.1548653438202724,0.04637469048462778,10,calendar
xlstm,GI,44,native,hiking,0.9461538461538461,0.4801776287759314,-0.14186735262273187,0.17585723307265383,10,calendar
xlstm,GI,44,native,qe,0.8426666666666667,0.6458619554133664,-0.11386584806172273,0.09224238809395191,10,calendar
xlstm,GI,44,pid_cqr,hiking,0.8192307692307692,0.37532903805409923,-0.034671498909693454,0.18912985554560507,10,calendar
xlstm,GI,44,pid_cqr,qe,0.8106666666666666,0.6345335236570119,-0.10697221374418142,0.035898751868724765,10,calendar
xlstm,GI,44,pid_local_cqr,hiking,0.825,0.3891254905865779,-0.05955858646344814,0.1867132999578426,10,calendar
xlstm,GI,44,pid_local_cqr,qe,0.8066666666666666,0.637608558770733,-0.12178019417587826,0.05113969204795965,10,calendar
xlstm,GI,44,pid_tan_cqr,hiking,0.8519230769230769,0.4290939459715206,-0.14629410377579355,0.22663474481004858,10,calendar
xlstm,GI,44,pid_tan_cqr,qe,0.816,0.7324128779818618,-0.30940684153149345,0.04503648582853992,10,calendar
xlstm,GI,44,saocp_cqr,hiking,0.9557692307692308,0.4905486034365967,-0.22747601610477763,0.19381121628454134,10,calendar
xlstm,GI,44,saocp_cqr,qe,0.908,0.6863517444969046,-0.1998202720229697,0.05218990686411196,10,calendar
xlstm,GI,44,sfogd_cqr,hiking,0.8096153846153846,0.39212994138044127,-0.06692255437281247,0.17935294596911666,10,calendar
xlstm,GI,44,sfogd_cqr,qe,0.808,0.658369272474424,-0.15105459926506182,0.04267857329069774,10,calendar
xlstm,GI,44,spci_cqr,hiking,0.7730769230769231,0.399012763150724,-0.11109901304437553,0.18637302962986257,10,calendar
xlstm,GI,44,spci_cqr,qe,0.78,0.6353082994848972,-0.1410102197413895,0.06204366830343161,10,calendar
xlstm,L,42,aci_cqr,hiking,0.8134615384615385,0.26927740487113705,0.1512302890987709,0.49275179788360907,10,calendar
xlstm,L,42,aci_cqr,qe,0.816,0.5831646983170231,-0.03640841298630537,0.0698856897604308,10,calendar
xlstm,L,42,agaci_cqr,hiking,0.8096153846153846,0.26752121888992003,0.15692559721279015,0.4659305752739556,10,calendar
xlstm,L,42,agaci_cqr,qe,0.8133333333333334,0.5856043107020336,-0.037485753123961074,0.052018994896322945,10,calendar
xlstm,L,42,cqr_rolling,hiking,0.8115384615384615,0.26598835131240905,0.15403801325601124,0.48156870605226404,10,calendar
xlstm,L,42,cqr_rolling,qe,0.8013333333333333,0.593993145673273,-0.052659318053435156,0.06535054234000176,10,calendar
xlstm,L,42,cqr_static,hiking,0.7942307692307692,0.4155676960831598,-0.06876745593611766,0.47231893522841895,10,calendar
xlstm,L,42,cqr_static,qe,0.76,0.6939966272547692,-0.08254824456189747,0.12469120634043668,10,calendar
xlstm,L,42,decay_ocp_cqr,hiking,0.7980769230769231,0.26755251709984035,0.16007687366385553,0.5084139620304262,10,calendar
xlstm,L,42,decay_ocp_cqr,qe,0.776,0.5789677368196593,-0.019110669540047587,0.07662620884710003,10,calendar
xlstm,L,42,dtaci_cqr,hiking,0.8269230769230769,0.26564201135609966,0.15002160594243197,0.46437581663091193,10,calendar
xlstm,L,42,dtaci_cqr,qe,0.8213333333333334,0.5832524726692622,-0.037265072442588254,0.06598430223089391,10,calendar
xlstm,L,42,mondrian_cqr,hiking,0.8519230769230769,0.28310734926042036,0.07072114726655382,0.578520721905051,10,calendar
xlstm,L,42,mondrian_cqr,qe,0.8533333333333334,0.6405466089189594,-0.11584868265044979,0.11051217449612827,10,calendar
xlstm,L,42,native,hiking,0.7307692307692307,0.26390223416410785,0.17035581258180887,0.4998751427904905,10,calendar
xlstm,L,42,native,qe,0.7533333333333333,0.5554998133578002,0.0073619648938889615,0.09508597882165021,10,calendar
xlstm,L,42,pid_cqr,hiking,0.8134615384615385,0.27683762813548846,0.12852470228217466,0.40679084774340313,10,calendar
xlstm,L,42,pid_cqr,qe,0.8093333333333333,0.5737511279952626,-0.02629444116414914,0.07313643404338901,10,calendar
xlstm,L,42,pid_local_cqr,hiking,0.8115384615384615,0.2915769674651316,0.09178903013531714,0.388601539923218,10,calendar
xlstm,L,42,pid_local_cqr,qe,0.8053333333333333,0.5670685430876654,-0.03266872469484783,0.09415816124937837,10,calendar
xlstm,L,42,pid_tan_cqr,hiking,0.8173076923076923,0.29896283667444296,0.03646917328783855,0.6332723276759853,10,calendar
xlstm,L,42,pid_tan_cqr,qe,0.8186666666666667,0.6555558207068671,-0.1642293117601078,0.12269986125032994,10,calendar
xlstm,L,42,saocp_cqr,hiking,0.8788461538461538,0.29966057533890955,0.0785562483557013,0.3445310046371649,10,calendar
xlstm,L,42,saocp_cqr,qe,0.8613333333333333,0.610368937445841,-0.0745538412472847,0.07160424317498687,10,calendar
xlstm,L,42,sfogd_cqr,hiking,0.801923076923077,0.2905021443934122,0.09858978465114387,0.3619974073029241,10,calendar
xlstm,L,42,sfogd_cqr,qe,0.812,0.6046853333531467,-0.07922149899512532,0.06239657051494851,10,calendar
xlstm,L,42,spci_cqr,hiking,0.7673076923076924,0.28132855861358524,0.09571102635002449,0.47805612111100254,10,calendar
xlstm,L,42,spci_cqr,qe,0.772,0.5882935052591974,-0.032006769506798705,0.07592971753706929,10,calendar
xlstm,L,43,aci_cqr,hiking,0.8173076923076923,0.2937695716198268,0.03204143757194372,0.41641807912257506,10,calendar
xlstm,L,43,aci_cqr,qe,0.8373333333333334,0.6552310986594849,-0.07987194100387662,0.17545676296839463,10,calendar
xlstm,L,43,agaci_cqr,hiking,0.8134615384615385,0.2885702531763737,0.03357431841287195,0.4463076390103756,10,calendar
xlstm,L,43,agaci_cqr,qe,0.832,0.6238613627630969,-0.0818649959574248,0.14555851575957696,10,calendar
xlstm,L,43,cqr_rolling,hiking,0.8115384615384615,0.29326769660486834,0.029672889288457405,0.4298127525584516,10,calendar
xlstm,L,43,cqr_rolling,qe,0.8266666666666667,0.6585194178080883,-0.08173181289554476,0.15922784076019705,10,calendar
xlstm,L,43,cqr_static,hiking,0.7923076923076923,0.5079497578115945,-0.09617272238564978,0.27857249966778386,10,calendar
xlstm,L,43,cqr_static,qe,0.836,0.7861510214645556,-0.03875359025539815,0.15321932590229614,10,calendar
xlstm,L,43,decay_ocp_cqr,hiking,0.7730769230769231,0.3011995811640114,0.05430093754267562,0.381283364706848,10,calendar
xlstm,L,43,decay_ocp_cqr,qe,0.8186666666666667,0.6463527766233406,-0.03915685861163609,0.13478777137248127,10,calendar
xlstm,L,43,dtaci_cqr,hiking,0.8115384615384615,0.28869925213793535,0.03415616461957771,0.43281498840196786,10,calendar
xlstm,L,43,dtaci_cqr,qe,0.8373333333333334,0.6180839337218618,-0.07476472646885113,0.13522534402702988,10,calendar
xlstm,L,43,mondrian_cqr,hiking,0.8634615384615385,0.30715404428430115,-0.018879093035014893,0.4566735978343208,10,calendar
xlstm,L,43,mondrian_cqr,qe,0.8666666666666667,0.6473339806099155,-0.10881442970160593,0.11559802444915657,10,calendar
xlstm,L,43,native,hiking,0.7442307692307693,0.29693292298754315,0.05777731381849327,0.4177327118769834,10,calendar
xlstm,L,43,native,qe,0.8053333333333333,0.6215606206804899,-0.03319589447842608,0.12608157021561966,10,calendar
xlstm,L,43,pid_cqr,hiking,0.801923076923077,0.2880581548959537,0.06847855308267331,0.4104399411893555,10,calendar
xlstm,L,43,pid_cqr,qe,0.8146666666666667,0.6426534374799565,-0.055558798106268736,0.11038775081087451,10,calendar
xlstm,L,43,pid_local_cqr,hiking,0.801923076923077,0.3099562058256714,0.014548200206187023,0.2836242197048283,10,calendar
xlstm,L,43,pid_local_cqr,qe,0.8053333333333333,0.6107779879941294,-0.042119616806525095,0.08948378627347342,10,calendar
xlstm,L,43,pid_tan_cqr,hiking,0.8096153846153846,0.3299811422475621,-0.01542598998366862,0.48386013073975387,10,calendar
xlstm,L,43,pid_tan_cqr,qe,0.836,0.7551284747757314,-0.16403465781096316,0.13991486778375328,10,calendar
xlstm,L,43,saocp_cqr,hiking,0.8673076923076923,0.3333898394248779,0.0026990226661210426,0.3001474604596024,10,calendar
xlstm,L,43,saocp_cqr,qe,0.884,0.6553862323586239,-0.07079389163312799,0.029710879297590864,10,calendar
xlstm,L,43,sfogd_cqr,hiking,0.7923076923076923,0.3166039196631315,0.014886433398749122,0.3280515358742667,10,calendar
xlstm,L,43,sfogd_cqr,qe,0.8146666666666667,0.5936377886191491,-0.05417824180243036,0.031306656367317,10,calendar
xlstm,L,43,spci_cqr,hiking,0.7596153846153846,0.30007377824087195,0.03416140372657006,0.4876726026726308,10,calendar
xlstm,L,43,spci_cqr,qe,0.7813333333333333,0.626541900661734,-0.07644426172567054,0.16679365692141998,10,calendar
xlstm,L,44,aci_cqr,hiking,0.7846153846153846,0.2801311379228887,0.11077317329216269,0.3885390913763318,10,calendar
xlstm,L,44,aci_cqr,qe,0.832,0.5496629991692056,0.020664813583242958,0.061021949740102194,10,calendar
xlstm,L,44,agaci_cqr,hiking,0.7980769230769231,0.27870179318359634,0.10176835859162048,0.40014681341025615,10,calendar
xlstm,L,44,agaci_cqr,qe,0.8146666666666667,0.5476320952075694,0.01843011788411597,0.06838060362745432,10,calendar
xlstm,L,44,cqr_rolling,hiking,0.7846153846153846,0.2789806332956152,0.10250697157033012,0.3841244142586998,10,calendar
xlstm,L,44,cqr_rolling,qe,0.82,0.5516980987859479,0.022611757265731447,0.08145633503045024,10,calendar
xlstm,L,44,cqr_static,hiking,0.7346153846153847,0.3557112122191958,-0.019332999212248125,0.2524904565906503,10,calendar
xlstm,L,44,cqr_static,qe,0.812,0.6164216637922277,-0.006938024018907862,0.0703886167963991,10,calendar
xlstm,L,44,decay_ocp_cqr,hiking,0.7711538461538462,0.27485098412333603,0.0905439300721268,0.37382493746675427,10,calendar
xlstm,L,44,decay_ocp_cqr,qe,0.8146666666666667,0.5608146803556109,0.048343501410036405,0.07632821699778486,10,calendar
xlstm,L,44,dtaci_cqr,hiking,0.801923076923077,0.2777829007911672,0.1087910009635416,0.40165674974755833,10,calendar
xlstm,L,44,dtaci_cqr,qe,0.8293333333333334,0.5464331440297623,0.018566535898669856,0.06687615961788346,10,calendar
xlstm,L,44,mondrian_cqr,hiking,0.8326923076923077,0.28763680906373185,0.11192997405109151,0.4392143202503123,10,calendar
xlstm,L,44,mondrian_cqr,qe,0.868,0.5966664729095529,-0.08487406280671195,0.095832049101023,10,calendar
xlstm,L,44,native,hiking,0.7865384615384615,0.27279516924704034,0.1280716220295014,0.34758401564960595,10,calendar
xlstm,L,44,native,qe,0.8373333333333334,0.5402209165281604,0.058872637557653595,0.07504879703918352,10,calendar
xlstm,L,44,pid_cqr,hiking,0.8038461538461539,0.28410680552201056,0.08154375183229196,0.3911689715866227,10,calendar
xlstm,L,44,pid_cqr,qe,0.8093333333333333,0.5428837868887698,0.022320222933485845,0.05860266473867842,10,calendar
xlstm,L,44,pid_local_cqr,hiking,0.7980769230769231,0.3067155382064638,0.07260723071212138,0.3724486769382393,10,calendar
xlstm,L,44,pid_local_cqr,qe,0.8106666666666666,0.5531999855053538,0.003324878502833861,0.047703164237104356,10,calendar
xlstm,L,44,pid_tan_cqr,hiking,0.8115384615384615,0.30215752013829317,0.047415934303447926,0.4617905496966205,10,calendar
xlstm,L,44,pid_tan_cqr,qe,0.8253333333333334,0.6301467155273008,-0.13989697255416833,0.15310198370546046,10,calendar
xlstm,L,44,saocp_cqr,hiking,0.8923076923076924,0.3061363603983955,0.03656462650851555,0.2985579660102121,10,calendar
xlstm,L,44,saocp_cqr,qe,0.8946666666666667,0.5962906688875218,-0.03316216382191517,0.08028767352338251,10,calendar
xlstm,L,44,sfogd_cqr,hiking,0.8,0.3043120731861705,0.07094895774532156,0.3459595468328242,10,calendar
xlstm,L,44,sfogd_cqr,qe,0.8146666666666667,0.5781979269468583,0.001781924821739056,0.08039161775942025,10,calendar
xlstm,L,44,spci_cqr,hiking,0.7615384615384615,0.28187119295463575,0.03408513220064574,0.47006763941318047,10,calendar
xlstm,L,44,spci_cqr,qe,0.7613333333333333,0.5813304868206352,-0.01764930395994002,0.06892683391793067,10,calendar
xlstm_const,G,42,aci_cqr,hiking,0.8038461538461539,0.31936887839229167,0.014232055159850598,0.17213620749715552,10,calendar
xlstm_const,G,42,aci_cqr,qe,0.8106666666666666,0.6337647874500713,-0.009109597370486167,0.1463749769092433,10,calendar
xlstm_const,G,42,agaci_cqr,hiking,0.8038461538461539,0.3177331681113289,0.010299403643695915,0.23099748500331083,10,calendar
xlstm_const,G,42,agaci_cqr,qe,0.8173333333333334,0.6239312453872135,0.0021198830983281125,0.17680547197679958,10,calendar
xlstm_const,G,42,cqr_rolling,hiking,0.8115384615384615,0.3190262411445257,0.015293159719870053,0.17351797989416096,10,calendar
xlstm_const,G,42,cqr_rolling,qe,0.824,0.6385423829054266,0.0006855823307163056,0.15481990340634752,10,calendar
xlstm_const,G,42,cqr_static,hiking,0.8115384615384615,0.5967061789350157,-0.11610740302583633,0.3300121018486699,10,calendar
xlstm_const,G,42,cqr_static,qe,0.82,0.7511333232902706,-0.0619521510886436,0.17535766496161131,10,calendar
xlstm_const,G,42,decay_ocp_cqr,hiking,0.8788461538461538,0.40933470946938977,-0.007429636861164601,0.09957241115342805,10,calendar
xlstm_const,G,42,decay_ocp_cqr,qe,0.8733333333333333,0.6691797051533768,-0.049522093337361794,0.1079534980284852,10,calendar
xlstm_const,G,42,dtaci_cqr,hiking,0.8134615384615385,0.31772017028825117,0.015625179802426614,0.1957600441884532,10,calendar
xlstm_const,G,42,dtaci_cqr,qe,0.8213333333333334,0.6252201921186268,-0.010932931004307034,0.16768200368511463,10,calendar
xlstm_const,G,42,mondrian_cqr,hiking,0.8307692307692308,0.34998353268522114,-0.08316397863633906,0.24463797410107951,10,calendar
xlstm_const,G,42,mondrian_cqr,qe,0.8586666666666667,0.6581838599072963,-0.059189792595689794,0.1086290636917907,10,calendar
xlstm_const,G,42,native,hiking,0.926923076923077,0.43089726949193013,-0.08465367965501513,0.04018052391610344,10,calendar
xlstm_const,G,42,native,qe,0.8826666666666667,0.6613631809336022,-0.09677753953893553,0.07548679674125558,10,calendar
xlstm_const,G,42,pid_cqr,hiking,0.7903846153846154,0.3255170523461868,0.029454031064151676,0.1955514743087377,10,calendar
xlstm_const,G,42,pid_cqr,qe,0.8146666666666667,0.6081838769799004,-0.010967896568233049,0.1351850427133579,10,calendar
xlstm_const,G,42,pid_local_cqr,hiking,0.7980769230769231,0.34301044527300767,0.0015666535395678083,0.13420971447985408,10,calendar
xlstm_const,G,42,pid_local_cqr,qe,0.816,0.6298967016271552,-0.04410604510711136,0.1105944365874596,10,calendar
xlstm_const,G,42,pid_tan_cqr,hiking,0.8192307692307692,0.3454868860591877,-0.0795805121524511,0.3292079319039031,10,calendar
xlstm_const,G,42,pid_tan_cqr,qe,0.812,0.7168876162439626,-0.151554385073151,0.19175754247344667,10,calendar
xlstm_const,G,42,saocp_cqr,hiking,0.9423076923076923,0.4417666228900843,-0.13002807657217663,0.0711764995709886,10,calendar
xlstm_const,G,42,saocp_cqr,qe,0.9213333333333333,0.7132488516260188,-0.12180061593767688,0.10660857749733371,10,calendar
xlstm_const,G,42,sfogd_cqr,hiking,0.7884615384615384,0.351958615807717,-0.02257225850325184,0.20646039480284445,10,calendar
xlstm_const,G,42,sfogd_cqr,qe,0.812,0.6283582887213083,-0.056887742478747394,0.08745414474123991,10,calendar
xlstm_const,G,42,spci_cqr,hiking,0.7653846153846153,0.3289227427427255,-0.020179978774066742,0.23226461889870004,10,calendar
xlstm_const,G,42,spci_cqr,qe,0.7706666666666667,0.6302748468298323,-0.06086023501216342,0.1862203913305681,10,calendar
xlstm_const,G,43,aci_cqr,hiking,0.8096153846153846,0.3138515445824683,0.1191623398764009,0.23245316259857343,10,calendar
xlstm_const,G,43,aci_cqr,qe,0.808,0.5966324001326172,-0.05747509851473587,0.09536790836528095,10,calendar
xlstm_const,G,43,agaci_cqr,hiking,0.8057692307692308,0.30848863586398945,0.12467960763081987,0.25048208627918905,10,calendar
xlstm_const,G,43,agaci_cqr,qe,0.8173333333333334,0.5854717377757516,-0.059256824174460765,0.09878163724932895,10,calendar
xlstm_const,G,43,cqr_rolling,hiking,0.823076923076923,0.31235890669056854,0.11788463444352232,0.23473882273252994,10,calendar
xlstm_const,G,43,cqr_rolling,qe,0.816,0.6075231639442918,-0.060878518560502304,0.10144295254634356,10,calendar
xlstm_const,G,43,cqr_static,hiking,0.8326923076923077,0.6295261964680287,-0.1255631326583866,0.23095083126145777,10,calendar
xlstm_const,G,43,cqr_static,qe,0.8346666666666667,0.7905226763939153,-0.06350664625194469,0.22686460724992785,10,calendar
xlstm_const,G,43,decay_ocp_cqr,hiking,0.9134615384615384,0.41114561872153305,-0.017676015138738066,0.14848334919657077,10,calendar
xlstm_const,G,43,decay_ocp_cqr,qe,0.8666666666666667,0.7033033777677558,-0.06673421050950623,0.11552199272006936,10,calendar
xlstm_const,G,43,dtaci_cqr,hiking,0.8076923076923077,0.30815497098080524,0.1361182136470413,0.2424773698003716,10,calendar
xlstm_const,G,43,dtaci_cqr,qe,0.824,0.5847329233386458,-0.04867878717523544,0.08476215353385161,10,calendar
xlstm_const,G,43,mondrian_cqr,hiking,0.8384615384615385,0.3363993193183653,0.020201414374013238,0.3599502260847134,10,calendar
xlstm_const,G,43,mondrian_cqr,qe,0.8493333333333334,0.6542638794277602,-0.10279113919678007,0.12685322726756987,10,calendar
xlstm_const,G,43,native,hiking,0.9230769230769231,0.4234917290441262,-0.025107684109216266,0.07721416839074524,10,calendar
xlstm_const,G,43,native,qe,0.876,0.6402949656668393,-0.06553841417314155,0.1254732509507091,10,calendar
xlstm_const,G,43,pid_cqr,hiking,0.7980769230769231,0.31993518751090605,0.09941264542972533,0.22972424671888628,10,calendar
xlstm_const,G,43,pid_cqr,qe,0.812,0.5827153032179467,-0.035784733246698286,0.06551775442077928,10,calendar
xlstm_const,G,43,pid_local_cqr,hiking,0.8057692307692308,0.33834101268606903,0.02041261437576669,0.3102391099938871,10,calendar
xlstm_const,G,43,pid_local_cqr,qe,0.8133333333333334,0.6236953911851493,-0.052829641700008256,0.09465450071238973,10,calendar
xlstm_const,G,43,pid_tan_cqr,hiking,0.8269230769230769,0.3601869852699242,-0.038841273735466864,0.2638058567843706,10,calendar
xlstm_const,G,43,pid_tan_cqr,qe,0.8013333333333333,0.6619506902627844,-0.21321606538855287,0.10413626297299539,10,calendar
xlstm_const,G,43,saocp_cqr,hiking,0.9423076923076923,0.4392621484218934,-0.0792681800370737,0.050889166557945675,10,calendar
xlstm_const,G,43,saocp_cqr,qe,0.9146666666666666,0.6826804159572075,-0.12066476903867385,0.08704006560756239,10,calendar
xlstm_const,G,43,sfogd_cqr,hiking,0.7961538461538461,0.3380907338615432,0.05127300823675568,0.23145035607034403,10,calendar
xlstm_const,G,43,sfogd_cqr,qe,0.8066666666666666,0.647862971582662,-0.06085749845221633,0.10659596233175889,10,calendar
xlstm_const,G,43,spci_cqr,hiking,0.7442307692307693,0.3282679499889831,0.06839794514386544,0.20490053302440597,10,calendar
xlstm_const,G,43,spci_cqr,qe,0.7573333333333333,0.6175228078291042,-0.12033483346583751,0.11858681516512304,10,calendar
xlstm_const,G,44,aci_cqr,hiking,0.7846153846153846,0.2832323299644916,0.13165070660555017,0.37547874126299857,10,calendar
xlstm_const,G,44,aci_cqr,qe,0.8493333333333334,0.5419433817810344,0.0273777303485766,0.15332282932148303,10,calendar
xlstm_const,G,44,agaci_cqr,hiking,0.7884615384615384,0.2860405990999183,0.12716737729672495,0.3606263043173215,10,calendar
xlstm_const,G,44,agaci_cqr,qe,0.8373333333333334,0.5263216148460861,0.026993755269076936,0.1560962049733394,10,calendar
xlstm_const,G,44,cqr_rolling,hiking,0.8076923076923077,0.28066517849430517,0.12267378181843569,0.384705361064846,10,calendar
xlstm_const,G,44,cqr_rolling,qe,0.8626666666666667,0.5560914432154092,0.021574411973033503,0.10651105529036195,10,calendar
xlstm_const,G,44,cqr_static,hiking,0.8942307692307693,0.603302152957659,-0.07401858227287583,0.41728546288525703,10,calendar
xlstm_const,G,44,cqr_static,qe,0.8693333333333333,0.7561727424887654,-0.12923174015948669,0.2437876205477283,10,calendar
xlstm_const,G,44,decay_ocp_cqr,hiking,0.9038461538461539,0.3639236294081205,0.018732253661261966,0.1045276940000503,10,calendar
xlstm_const,G,44,decay_ocp_cqr,qe,0.892,0.6239289430340608,-0.07526845797228254,0.1602460179193857,10,calendar
xlstm_const,G,44,dtaci_cqr,hiking,0.7942307692307692,0.2809759496023722,0.13104162700201555,0.3995674101764635,10,calendar
xlstm_const,G,44,dtaci_cqr,qe,0.856,0.5334439505385098,0.02944512925183773,0.13468401075705877,10,calendar
xlstm_const,G,44,mondrian_cqr,hiking,0.8519230769230769,0.2897119264523039,0.08194143431300316,0.45322229470073744,10,calendar
xlstm_const,G,44,mondrian_cqr,qe,0.8666666666666667,0.5866025327786225,-0.043052599260705704,0.16835309054292075,10,calendar
xlstm_const,G,44,native,hiking,0.9403846153846154,0.41292971319000665,-0.04665957050158964,0.0973764505424349,10,calendar
xlstm_const,G,44,native,qe,0.8853333333333333,0.5959844919619772,-0.03534909552212717,0.027895743017328722,10,calendar
xlstm_const,G,44,pid_cqr,hiking,0.7923076923076923,0.2883589758481659,0.12742437456826577,0.35364783788600235,10,calendar
xlstm_const,G,44,pid_cqr,qe,0.8253333333333334,0.5385090291887689,0.027308003472175324,0.08017653304589395,10,calendar
xlstm_const,G,44,pid_local_cqr,hiking,0.8,0.3264482331327591,0.10240513238170362,0.274595378895812,10,calendar
xlstm_const,G,44,pid_local_cqr,qe,0.8253333333333334,0.5508978252604407,-0.0017057192351428996,0.05906898073325592,10,calendar
xlstm_const,G,44,pid_tan_cqr,hiking,0.8057692307692308,0.30953781061496355,0.06882420677972689,0.47518656669842313,10,calendar
xlstm_const,G,44,pid_tan_cqr,qe,0.8333333333333334,0.6331731683551679,-0.13968696592041174,0.13968669436020797,10,calendar
xlstm_const,G,44,saocp_cqr,hiking,0.9557692307692308,0.4189895445343531,-0.06531415188555834,0.06950021498353626,10,calendar
xlstm_const,G,44,saocp_cqr,qe,0.9133333333333333,0.6437171294213827,-0.11779001027644909,0.10562458951198678,10,calendar
xlstm_const,G,44,sfogd_cqr,hiking,0.7865384615384615,0.3217564496708282,0.08341888552839283,0.22991528552165133,10,calendar
xlstm_const,G,44,sfogd_cqr,qe,0.8133333333333334,0.5752807388023112,-0.03293001015882635,0.06013719777730292,10,calendar
xlstm_const,G,44,spci_cqr,hiking,0.7596153846153846,0.292252280348972,0.08034971485844566,0.409755678689253,10,calendar
xlstm_const,G,44,spci_cqr,qe,0.78,0.5604943276343638,0.005246478598865401,0.1378884101202828,10,calendar
xlstm_const,GF,42,aci_cqr,hiking,0.7980769230769231,0.3074525706958233,0.0230345459577026,0.1677696608866583,10,calendar
xlstm_const,GF,42,aci_cqr,qe,0.8146666666666667,0.6322364889382837,0.003153040242873162,0.16866567136469574,10,calendar
xlstm_const,GF,42,agaci_cqr,hiking,0.8038461538461539,0.30267772488803096,0.021426176453340717,0.25692929890821803,10,calendar
xlstm_const,GF,42,agaci_cqr,qe,0.8053333333333333,0.6323196134940421,0.013387455781712188,0.17503059895672798,10,calendar
xlstm_const,GF,42,cqr_rolling,hiking,0.8057692307692308,0.3066345733335821,0.0230345459577026,0.1819408746849924,10,calendar
xlstm_const,GF,42,cqr_rolling,qe,0.82,0.6409605770477497,-0.0051360965284652504,0.1710794367884039,10,calendar
xlstm_const,GF,42,cqr_static,hiking,0.8,0.5349116939515596,-0.15229832972804458,0.23674211963194203,10,calendar
xlstm_const,GF,42,cqr_static,qe,0.812,0.7083775255404856,-0.07607824610695624,0.18699547098894506,10,calendar
xlstm_const,GF,42,decay_ocp_cqr,hiking,0.8769230769230769,0.3907564153775061,-0.004407423396912802,0.12194906357650598,10,calendar
xlstm_const,GF,42,decay_ocp_cqr,qe,0.8746666666666667,0.6574283829319134,-0.05187780510012796,0.10634174535953844,10,calendar
xlstm_const,GF,42,dtaci_cqr,hiking,0.7961538461538461,0.30447148517493694,0.02994402695656001,0.19376658508971473,10,calendar
xlstm_const,GF,42,dtaci_cqr,qe,0.828,0.627647125503109,0.010597267806377486,0.14965498296862337,10,calendar
xlstm_const,GF,42,mondrian_cqr,hiking,0.825,0.3300901136749695,-0.0661123119698458,0.2873148693921078,10,calendar
xlstm_const,GF,42,mondrian_cqr,qe,0.8533333333333334,0.6630940378586799,-0.06511062059846051,0.12174386166196333,10,calendar
xlstm_const,GF,42,native,hiking,0.9173076923076923,0.4208236978714766,-0.07813360680997139,0.07422511351524608,10,calendar
xlstm_const,GF,42,native,qe,0.8786666666666667,0.6559872864005665,-0.08848109494442569,0.0754751231416187,10,calendar
xlstm_const,GF,42,pid_cqr,hiking,0.7923076923076923,0.31664714796328364,0.04255567883333483,0.21303833459877788,10,calendar
xlstm_const,GF,42,pid_cqr,qe,0.8186666666666667,0.6193525921761152,0.018133892938026253,0.14707364385433544,10,calendar
xlstm_const,GF,42,pid_local_cqr,hiking,0.7980769230769231,0.3337761176656196,0.004568578709172488,0.17198880092132693,10,calendar
xlstm_const,GF,42,pid_local_cqr,qe,0.8146666666666667,0.616583734511695,-0.012478328999790289,0.09233649744819855,10,calendar
xlstm_const,GF,42,pid_tan_cqr,hiking,0.8134615384615385,0.3393033766429198,-0.05276312228289948,0.2952048217373938,10,calendar
xlstm_const,GF,42,pid_tan_cqr,qe,0.8146666666666667,0.7105803285206378,-0.16390560316659009,0.18833777045255706,10,calendar
xlstm_const,GF,42,saocp_cqr,hiking,0.9365384615384615,0.4302306724781782,-0.10632806744477641,0.03139002143988667,10,calendar
xlstm_const,GF,42,saocp_cqr,qe,0.9213333333333333,0.6982636297281344,-0.1316205233145391,0.14103164489623032,10,calendar
xlstm_const,GF,42,sfogd_cqr,hiking,0.7942307692307692,0.342745310202368,0.012970849975357635,0.19138822052385504,10,calendar
xlstm_const,GF,42,sfogd_cqr,qe,0.8106666666666666,0.6408427054791067,-0.04301546192887473,0.09181271821954623,10,calendar
xlstm_const,GF,42,spci_cqr,hiking,0.7596153846153846,0.3165625663108355,0.05286817519947523,0.23354367961125594,10,calendar
xlstm_const,GF,42,spci_cqr,qe,0.772,0.6309574398232031,-0.008360147521933703,0.1772074327111249,10,calendar
xlstm_const,GF,43,aci_cqr,hiking,0.8096153846153846,0.28366718179934874,0.16585156561775977,0.3144363188676422,10,calendar
xlstm_const,GF,43,aci_cqr,qe,0.816,0.5770758356755881,-0.04164359604280632,0.10077494692909464,10,calendar
xlstm_const,GF,43,agaci_cqr,hiking,0.801923076923077,0.28135800464052296,0.15041558903699848,0.33047058385667405,10,calendar
xlstm_const,GF,43,agaci_cqr,qe,0.8173333333333334,0.56446516070562,-0.017102065944618605,0.10029884928809635,10,calendar
xlstm_const,GF,43,cqr_rolling,hiking,0.8211538461538461,0.2863012078811178,0.15207587724965177,0.2953776107182831,10,calendar
xlstm_const,GF,43,cqr_rolling,qe,0.8226666666666667,0.5875674974020558,-0.03722816320759659,0.10748353957667864,10,calendar
xlstm_const,GF,43,cqr_static,hiking,0.8653846153846154,0.5897631846752022,-0.04923501404501229,0.29746873105909627,10,calendar
xlstm_const,GF,43,cqr_static,qe,0.8546666666666667,0.753042920139184,-0.057888522073354265,0.15152298258889546,10,calendar
xlstm_const,GF,43,decay_ocp_cqr,hiking,0.9019230769230769,0.3974376229123124,0.019047038787042614,0.10759212009246877,10,calendar
xlstm_const,GF,43,decay_ocp_cqr,qe,0.8746666666666667,0.6779148739623742,-0.05394405063413332,0.09336743540513659,10,calendar
xlstm_const,GF,43,dtaci_cqr,hiking,0.8076923076923077,0.28039051094728495,0.17120458920851023,0.3112456292372874,10,calendar
xlstm_const,GF,43,dtaci_cqr,qe,0.8293333333333334,0.5657159226480001,-0.028188080126702042,0.08974581559674408,10,calendar
xlstm_const,GF,43,mondrian_cqr,hiking,0.8326923076923077,0.30485831476387987,0.14415933179105073,0.34163066576698,10,calendar
xlstm_const,GF,43,mondrian_cqr,qe,0.848,0.6388595191661037,-0.1082490099066552,0.1238035043582767,10,calendar
xlstm_const,GF,43,native,hiking,0.926923076923077,0.4057704553361159,-0.014022465980187748,0.07676332296188154,10,calendar
xlstm_const,GF,43,native,qe,0.8813333333333333,0.6175309907651246,-0.06584765046748275,0.08681075139245537,10,calendar
xlstm_const,GF,43,pid_cqr,hiking,0.7961538461538461,0.29875229092957156,0.15310140290747626,0.23913081915274148,10,calendar
xlstm_const,GF,43,pid_cqr,qe,0.816,0.5699672239039739,-0.016423028757466596,0.06641594004728385,10,calendar
xlstm_const,GF,43,pid_local_cqr,hiking,0.801923076923077,0.320060828205181,0.09569759947407075,0.2811513584695401,10,calendar
xlstm_const,GF,43,pid_local_cqr,qe,0.8173333333333334,0.5941205790738437,-0.03862250279803103,0.04754927725641017,10,calendar
xlstm_const,GF,43,pid_tan_cqr,hiking,0.823076923076923,0.3218944895153045,0.09657234460729025,0.36043862447818786,10,calendar
xlstm_const,GF,43,pid_tan_cqr,qe,0.812,0.6407569509267591,-0.17089614156050625,0.0819987224731002,10,calendar
xlstm_const,GF,43,saocp_cqr,hiking,0.948076923076923,0.4113188148972846,-0.052611421000628544,0.04887904566501844,10,calendar
xlstm_const,GF,43,saocp_cqr,qe,0.9186666666666666,0.6582068886504343,-0.1129277191589092,0.09662093078669226,10,calendar
xlstm_const,GF,43,sfogd_cqr,hiking,0.7923076923076923,0.32611958675426067,0.08071300575646834,0.25968727123731683,10,calendar
xlstm_const,GF,43,sfogd_cqr,qe,0.8106666666666666,0.6311060289922165,-0.06248595776551735,0.030814412928004353,10,calendar
xlstm_const,GF,43,spci_cqr,hiking,0.7307692307692307,0.2974859542005244,0.1253351532170086,0.3459536766090703,10,calendar
xlstm_const,GF,43,spci_cqr,qe,0.7533333333333333,0.5955317422582783,-0.09013734090968373,0.12172978296809961,10,calendar
xlstm_const,GF,44,aci_cqr,hiking,0.7980769230769231,0.265851442187143,0.15517740924611378,0.4162888602849152,10,calendar
xlstm_const,GF,44,aci_cqr,qe,0.8426666666666667,0.5412019476981271,0.025900576487694393,0.1008268722761679,10,calendar
xlstm_const,GF,44,agaci_cqr,hiking,0.7923076923076923,0.26655301441350987,0.15073404492096987,0.394235055976223,10,calendar
xlstm_const,GF,44,agaci_cqr,qe,0.8373333333333334,0.5228157515671373,0.03242851701970734,0.1285754930661531,10,calendar
xlstm_const,GF,44,cqr_rolling,hiking,0.8076923076923077,0.267326331983981,0.1569865997757448,0.4110684429715218,10,calendar
xlstm_const,GF,44,cqr_rolling,qe,0.856,0.5497903291672921,0.03460419522024172,0.07251081886433045,10,calendar
xlstm_const,GF,44,cqr_static,hiking,0.9096153846153846,0.590344760928165,-0.058821228839936346,0.5822192594479815,10,calendar
xlstm_const,GF,44,cqr_static,qe,0.8946666666666667,0.7367437112894589,-0.0983117012594511,0.26201226697257457,10,calendar
xlstm_const,GF,44,decay_ocp_cqr,hiking,0.9076923076923077,0.35607939035063374,0.02116830162326727,0.13674746540266314,10,calendar
xlstm_const,GF,44,decay_ocp_cqr,qe,0.9013333333333333,0.6211538378384729,-0.07640334888047418,0.1482370805618637,10,calendar
xlstm_const,GF,44,dtaci_cqr,hiking,0.8,0.2662497318483417,0.1547000640141064,0.42138227818246693,10,calendar
xlstm_const,GF,44,dtaci_cqr,qe,0.8533333333333334,0.5262075081020726,0.03304497344091445,0.1010334709744474,10,calendar
xlstm_const,GF,44,mondrian_cqr,hiking,0.8711538461538462,0.28593734955174877,0.09961156332390719,0.5166068921198654,10,calendar
xlstm_const,GF,44,mondrian_cqr,qe,0.872,0.58902912119543,-0.06487209642659209,0.13594814112679815,10,calendar
xlstm_const,GF,44,native,hiking,0.9346153846153846,0.40362257552730424,-0.0263374828313655,0.06876926378948,10,calendar
xlstm_const,GF,44,native,qe,0.888,0.5882943151538509,-0.01596412882531395,0.031238501926113493,10,calendar
xlstm_const,GF,44,pid_cqr,hiking,0.7942307692307692,0.2807956922795104,0.11204038721558501,0.36332655285514387,10,calendar
xlstm_const,GF,44,pid_cqr,qe,0.8293333333333334,0.5251364353915522,0.03882893010435601,0.08916790450507228,10,calendar
xlstm_const,GF,44,pid_local_cqr,hiking,0.7942307692307692,0.31518220419934495,0.10031503361300387,0.30393565426822305,10,calendar
xlstm_const,GF,44,pid_local_cqr,qe,0.8266666666666667,0.5454492191047485,0.034349364089036216,0.05446582715330367,10,calendar
xlstm_const,GF,44,pid_tan_cqr,hiking,0.8096153846153846,0.29712128456369685,0.07922918287763159,0.5031689356881879,10,calendar
xlstm_const,GF,44,pid_tan_cqr,qe,0.8346666666666667,0.623745619720984,-0.11737233108135581,0.1082373401171628,10,calendar
xlstm_const,GF,44,saocp_cqr,hiking,0.9538461538461539,0.40951327742628285,-0.0470118298137453,0.07498551761973715,10,calendar
xlstm_const,GF,44,saocp_cqr,qe,0.9186666666666666,0.6412809437496576,-0.10983689373042371,0.11174693210788228,10,calendar
xlstm_const,GF,44,sfogd_cqr,hiking,0.7865384615384615,0.316993075710496,0.08571641216520115,0.29650309085853754,10,calendar
xlstm_const,GF,44,sfogd_cqr,qe,0.816,0.5738732142910591,-0.009188726412246662,0.04771236361349032,10,calendar
xlstm_const,GF,44,spci_cqr,hiking,0.7423076923076923,0.27738322401248416,0.08707645813485015,0.4092498769904405,10,calendar
xlstm_const,GF,44,spci_cqr,qe,0.7746666666666666,0.5555297383997287,0.01414698117966745,0.12647470432337996,10,calendar
xlstm_const,L,42,aci_cqr,hiking,0.7980769230769231,0.25977786121398794,0.13155600918151233,0.3923136544289917,10,calendar
xlstm_const,L,42,aci_cqr,qe,0.8293333333333334,0.5332558775480218,0.021968533108161437,0.08501793721319237,10,calendar
xlstm_const,L,42,agaci_cqr,hiking,0.8,0.26519571594970026,0.1278985316421325,0.38036035268551716,10,calendar
xlstm_const,L,42,agaci_cqr,qe,0.8226666666666667,0.5126550554835273,0.022804627182794135,0.14322151152238263,10,calendar
xlstm_const,L,42,cqr_rolling,hiking,0.8211538461538461,0.2582171002030587,0.1314543383099004,0.3924370157345417,10,calendar
xlstm_const,L,42,cqr_rolling,qe,0.848,0.5443834874674544,0.010129196667963802,0.06568585842558655,10,calendar
xlstm_const,L,42,cqr_static,hiking,0.926923076923077,0.6523536977271422,-0.1403752072132296,0.4365028777591427,10,calendar
xlstm_const,L,42,cqr_static,qe,0.908,0.778313676317463,-0.014162174193578125,0.3068069255331912,10,calendar
xlstm_const,L,42,decay_ocp_cqr,hiking,0.9192307692307692,0.3596103650128654,0.011321408174510772,0.107361943165771,10,calendar
xlstm_const,L,42,decay_ocp_cqr,qe,0.8893333333333333,0.6033155830703782,-0.011391188064190816,0.08720916487337724,10,calendar
xlstm_const,L,42,dtaci_cqr,hiking,0.8076923076923077,0.26114162147820846,0.12753097917144818,0.39708042446435166,10,calendar
xlstm_const,L,42,dtaci_cqr,qe,0.8346666666666667,0.5175482014988261,0.02068044461350249,0.12534173423749712,10,calendar
xlstm_const,L,42,mondrian_cqr,hiking,0.8461538461538461,0.28120665779742693,0.09881118561499935,0.4756808002550826,10,calendar
xlstm_const,L,42,mondrian_cqr,qe,0.8773333333333333,0.5839484664048732,-0.07233180999599187,0.11032602451446846,10,calendar
xlstm_const,L,42,native,hiking,0.9076923076923077,0.35777877181708595,0.034801974299152494,0.12520856180888648,10,calendar
xlstm_const,L,42,native,qe,0.8573333333333333,0.5457317571781564,0.012539976265429631,0.051565851234444876,10,calendar
xlstm_const,L,42,pid_cqr,hiking,0.8057692307692308,0.2793627552287581,0.11162982468562893,0.36415965469660616,10,calendar
xlstm_const,L,42,pid_cqr,qe,0.8253333333333334,0.5070523429037461,0.029765273125247127,0.08217659266376046,10,calendar
xlstm_const,L,42,pid_local_cqr,hiking,0.8115384615384615,0.32012571277053686,0.08529917042485563,0.3087807783806257,10,calendar
xlstm_const,L,42,pid_local_cqr,qe,0.8213333333333334,0.5344741713180982,0.025082675634568508,0.029077652017706374,10,calendar
xlstm_const,L,42,pid_tan_cqr,hiking,0.8192307692307692,0.29971992364410355,-0.018102754304578195,0.46101790088258837,10,calendar
xlstm_const,L,42,pid_tan_cqr,qe,0.8266666666666667,0.5963005131523361,-0.1427051702015275,0.14532564932063902,10,calendar
xlstm_const,L,42,saocp_cqr,hiking,0.9384615384615385,0.36561254860295234,-0.010091440854237854,0.1529671937429107,10,calendar
xlstm_const,L,42,saocp_cqr,qe,0.9013333333333333,0.5782369742206762,-0.03653389539852614,0.03132699060903488,10,calendar
xlstm_const,L,42,sfogd_cqr,hiking,0.7980769230769231,0.33240616649624904,0.08157353239189014,0.28407818992335665,10,calendar
xlstm_const,L,42,sfogd_cqr,qe,0.8213333333333334,0.5427095181272356,-0.02640559433752554,0.05361670495290727,10,calendar
xlstm_const,L,42,spci_cqr,hiking,0.7442307692307693,0.2768455237767322,0.10725531851064901,0.44797327819937643,10,calendar
xlstm_const,L,42,spci_cqr,qe,0.764,0.5206079531647502,-0.0073884841365273735,0.20950295722276008,10,calendar
xlstm_const,L,43,aci_cqr,hiking,0.7711538461538462,0.2986793407323223,0.09052817563492382,0.3291556808200016,10,calendar
xlstm_const,L,43,aci_cqr,qe,0.832,0.5827560302976778,0.005872230966473269,0.04492331642229666,10,calendar
xlstm_const,L,43,agaci_cqr,hiking,0.7865384615384615,0.29904170655376044,0.09723741934273056,0.37596373987665627,10,calendar
xlstm_const,L,43,agaci_cqr,qe,0.824,0.5719737115453376,0.004471131838740372,0.027915429605872816,10,calendar
xlstm_const,L,43,cqr_rolling,hiking,0.8038461538461539,0.2953818153073875,0.10129579005555339,0.34722999792583825,10,calendar
xlstm_const,L,43,cqr_rolling,qe,0.8506666666666667,0.5914884178839545,-0.006225774032578457,0.03889626042491806,10,calendar
xlstm_const,L,43,cqr_static,hiking,0.9538461538461539,0.6385212892065291,-0.25744080787270585,0.3990587882055074,10,calendar
xlstm_const,L,43,cqr_static,qe,0.9213333333333333,0.7836592419111625,-0.1344430595716759,0.29666863241847896,10,calendar
xlstm_const,L,43,decay_ocp_cqr,hiking,0.926923076923077,0.40055251355259036,-0.026907188110076752,0.1967466389686168,10,calendar
xlstm_const,L,43,decay_ocp_cqr,qe,0.896,0.6448444859556987,-0.01781116471565869,0.09135944022216902,10,calendar
xlstm_const,L,43,dtaci_cqr,hiking,0.7884615384615384,0.29627897529337693,0.09855243223565863,0.3390382570949949,10,calendar
xlstm_const,L,43,dtaci_cqr,qe,0.8413333333333334,0.5703869062732626,-0.00035061473188080505,0.038266752635536305,10,calendar
xlstm_const,L,43,mondrian_cqr,hiking,0.8403846153846154,0.3204524913360754,0.04673063002320843,0.48220361240573495,10,calendar
xlstm_const,L,43,mondrian_cqr,qe,0.892,0.6590951977221708,-0.10696971615367179,0.10708822394746287,10,calendar
xlstm_const,L,43,native,hiking,0.8923076923076924,0.3584347068786388,0.008222475272769647,0.13558265012485127,10,calendar
xlstm_const,L,43,native,qe,0.856,0.5689558164155484,0.007234110690897189,0.025712660527767606,10,calendar
xlstm_const,L,43,pid_cqr,hiking,0.7942307692307692,0.304451163201488,0.09307519357573352,0.32411592941111317,10,calendar
xlstm_const,L,43,pid_cqr,qe,0.828,0.5575187219797966,0.006507617370724084,0.049838263624797374,10,calendar
xlstm_const,L,43,pid_local_cqr,hiking,0.8,0.34537316057902745,-0.001574103679556793,0.2849092569685419,10,calendar
xlstm_const,L,43,pid_local_cqr,qe,0.8293333333333334,0.5832501486483687,-0.007017287023130647,0.06355199963454353,10,calendar
xlstm_const,L,43,pid_tan_cqr,hiking,0.8057692307692308,0.3296897407569219,0.007562448991833615,0.42310682212460626,10,calendar
xlstm_const,L,43,pid_tan_cqr,qe,0.8266666666666667,0.6714194502583569,-0.16141421010669255,0.1926945541004394,10,calendar
xlstm_const,L,43,saocp_cqr,hiking,0.925,0.37429747997783946,-0.03186407000653091,0.2482063126151759,10,calendar
xlstm_const,L,43,saocp_cqr,qe,0.8986666666666666,0.6099190786567142,-0.055870164039170334,0.07821318224547064,10,calendar
xlstm_const,L,43,sfogd_cqr,hiking,0.7923076923076923,0.33270989545280705,0.028877646182413563,0.3151428611158309,10,calendar
xlstm_const,L,43,sfogd_cqr,qe,0.8133333333333334,0.6005295531349724,-0.0383292099440089,0.07390280809949956,10,calendar
xlstm_const,L,43,spci_cqr,hiking,0.75,0.3011777484562664,0.07128721072313116,0.41149632719380563,10,calendar
xlstm_const,L,43,spci_cqr,qe,0.7773333333333333,0.5846590171007296,-0.05797442032953559,0.11342818220539211,10,calendar
xlstm_const,L,44,aci_cqr,hiking,0.7942307692307692,0.25878525759782617,0.15369725700506665,0.42430143923778396,10,calendar
xlstm_const,L,44,aci_cqr,qe,0.8226666666666667,0.5883614552249724,-0.012913695566020622,0.08341306874052706,10,calendar
xlstm_const,L,44,agaci_cqr,hiking,0.7980769230769231,0.2576869607433725,0.14267610688291138,0.45526899713055646,10,calendar
xlstm_const,L,44,agaci_cqr,qe,0.8093333333333333,0.5795843565921976,-0.011630361429046276,0.07197949815931382,10,calendar
xlstm_const,L,44,cqr_rolling,hiking,0.8173076923076923,0.2602056624171673,0.1403104943293404,0.41894523090662944,10,calendar
xlstm_const,L,44,cqr_rolling,qe,0.8373333333333334,0.6032140359938158,-0.013224334391872206,0.06679453211633424,10,calendar
xlstm_const,L,44,cqr_static,hiking,0.9461538461538461,0.6233785693703023,-0.16117993696877775,0.19449474568047864,10,calendar
xlstm_const,L,44,cqr_static,qe,0.9026666666666666,0.7552774620508451,-0.07935551442775202,0.15404337781553057,10,calendar
xlstm_const,L,44,decay_ocp_cqr,hiking,0.9192307692307692,0.4374494656266352,-0.040282322791169056,0.1625801806111915,10,calendar
xlstm_const,L,44,decay_ocp_cqr,qe,0.876,0.6669853914902808,-0.04552965626353711,0.03897377954150266,10,calendar
xlstm_const,L,44,dtaci_cqr,hiking,0.801923076923077,0.2585111825776965,0.13533471208168996,0.44519249369853425,10,calendar
xlstm_const,L,44,dtaci_cqr,qe,0.8253333333333334,0.5764388386890456,-0.011231737953530496,0.07127577545339245,10,calendar
xlstm_const,L,44,mondrian_cqr,hiking,0.8442307692307692,0.27872292229795925,0.08230462840271541,0.5012837066773643,10,calendar
xlstm_const,L,44,mondrian_cqr,qe,0.8546666666666667,0.6288532920644958,-0.09289656502303545,0.06494727848527548,10,calendar
xlstm_const,L,44,native,hiking,0.9076923076923077,0.3671112193756907,0.005141035245470715,0.10343643936304298,10,calendar
xlstm_const,L,44,native,qe,0.8413333333333334,0.5924092822586969,-0.018561992192825394,0.02823786105611753,10,calendar
xlstm_const,L,44,pid_cqr,hiking,0.801923076923077,0.27113195156527475,0.14647844638166296,0.46470544946220876,10,calendar
xlstm_const,L,44,pid_cqr,qe,0.8213333333333334,0.5726014411312671,-0.017438920110994904,0.05212293705396304,10,calendar
xlstm_const,L,44,pid_local_cqr,hiking,0.8057692307692308,0.2918170919518186,0.12355279095494587,0.40541827862195406,10,calendar
xlstm_const,L,44,pid_local_cqr,qe,0.8226666666666667,0.585675772543533,-0.02061114053088542,0.04639586983601124,10,calendar
xlstm_const,L,44,pid_tan_cqr,hiking,0.8269230769230769,0.28355673249411445,-0.023224458800377823,0.5581326994606163,10,calendar
xlstm_const,L,44,pid_tan_cqr,qe,0.816,0.6522601407265668,-0.181759068054258,0.10453050605699749,10,calendar
xlstm_const,L,44,saocp_cqr,hiking,0.9346153846153846,0.3762535574443211,-0.02754818126568981,0.17733274355684425,10,calendar
xlstm_const,L,44,saocp_cqr,qe,0.8906666666666667,0.6299832834745296,-0.06052027460499865,0.02438207173890533,10,calendar
xlstm_const,L,44,sfogd_cqr,hiking,0.8,0.2932860465780847,0.09646334749372582,0.3991606847774085,10,calendar
xlstm_const,L,44,sfogd_cqr,qe,0.8146666666666667,0.6043317356861717,-0.05163126732519363,0.05736405149455909,10,calendar
xlstm_const,L,44,spci_cqr,hiking,0.7519230769230769,0.2661456049804442,0.10957237441207796,0.48251467317372576,10,calendar
xlstm_const,L,44,spci_cqr,qe,0.7893333333333333,0.6189721809318488,-0.04651589632531439,0.12334304598993984,10,calendar
arma,L,42,aci_cqr,calm,0.7611548556430446,0.24116433620014263,0.13109261195618882,0.4705151164580502,10,volatility
arma,L,42,aci_cqr,mid,0.8074656188605108,0.4668131066296475,0.02369445646016144,0.0889051967169833,10,volatility
arma,L,42,aci_cqr,stressed,0.85,0.5537952846362306,-0.012437311322427869,0.18817098150762018,10,volatility
arma,L,42,agaci_cqr,calm,0.7559055118110236,0.24259246336766038,0.13720515249708254,0.4929773345879954,10,volatility
arma,L,42,agaci_cqr,mid,0.7917485265225933,0.46928129481174974,0.00886564833753306,0.06710747739872214,10,volatility
arma,L,42,agaci_cqr,stressed,0.8342105263157895,0.5386285109999966,0.01847384238096389,0.18484404888273642,10,volatility
arma,L,42,cqr_rolling,calm,0.7926509186351706,0.23995109062921893,0.14738437355856887,0.4859374286283556,10,volatility
arma,L,42,cqr_rolling,mid,0.831041257367387,0.4786787736638742,-0.0007162686421481324,0.06315462034999583,10,volatility
arma,L,42,cqr_rolling,stressed,0.8552631578947368,0.5674403880116492,-0.023420622783975886,0.14343062003586268,10,volatility
arma,L,42,cqr_static,calm,0.9343832020997376,0.8741743909630577,-0.34990214916382245,0.9810026348879259,10,volatility
arma,L,42,cqr_static,mid,0.9390962671905697,0.9452991168676905,-0.2893314784914828,0.775893152612372,10,volatility
arma,L,42,cqr_static,stressed,0.9184210526315789,1.0002226677798924,-0.13596144848052705,0.5737806566430688,10,volatility
arma,L,42,decay_ocp_cqr,calm,0.931758530183727,0.4651801460081876,-0.07104099143923026,0.19082476194331094,10,volatility
arma,L,42,decay_ocp_cqr,mid,0.925343811394892,0.6491979845426121,-0.08704874636488069,0.21350144672419163,10,volatility
arma,L,42,decay_ocp_cqr,stressed,0.9078947368421053,0.7572649402416041,-0.12788497937534604,0.19797333279604312,10,volatility
arma,L,42,dtaci_cqr,calm,0.7690288713910761,0.23812389808580867,0.13965141922323082,0.4766521757321045,10,volatility
arma,L,42,dtaci_cqr,mid,0.8133595284872298,0.4599956871501342,0.019476103074778706,0.08865192371261979,10,volatility
arma,L,42,dtaci_cqr,stressed,0.8552631578947368,0.5445290277219711,-0.004004170447657551,0.1956605002444863,10,volatility
arma,L,42,mondrian_cqr,calm,0.7952755905511811,0.25769205795135763,0.0962841755860524,0.5175431812457063,10,volatility
arma,L,42,mondrian_cqr,mid,0.8781925343811395,0.5192548595077521,-0.09159496669438238,0.17686657207567752,10,volatility
arma,L,42,mondrian_cqr,stressed,0.8842105263157894,0.6248933787229729,-0.05944169439343472,0.1439587452622949,10,volatility
arma,L,42,native,calm,0.9291338582677166,0.4069512519762332,-0.018690849733003834,0.05483605423900578,10,volatility
arma,L,42,native,mid,0.9017681728880157,0.5467351158117265,-0.038378601936706835,0.04856694983517651,10,volatility
arma,L,42,native,stressed,0.881578947368421,0.599237610061402,-0.058174637289951425,0.09392774696590594,10,volatility
arma,L,42,pid_cqr,calm,0.7637795275590551,0.2694587182152485,0.14256414923536714,0.43127927096376123,10,volatility
arma,L,42,pid_cqr,mid,0.8192534381139489,0.48681067867574107,-0.004409117121875639,0.07824754017045724,10,volatility
arma,L,42,pid_cqr,stressed,0.8605263157894737,0.5418449767293048,0.017661420593259425,0.1340552763369389,10,volatility
arma,L,42,pid_local_cqr,calm,0.7664041994750657,0.31632977644672194,0.14229978910386532,0.2857941967455029,10,volatility
arma,L,42,pid_local_cqr,mid,0.8212180746561886,0.5352206169399004,-0.04852830345775083,0.09498121883329103,10,volatility
arma,L,42,pid_local_cqr,stressed,0.8657894736842106,0.5805181368083641,-0.02661243048807671,0.14232182964099105,10,volatility
arma,L,42,pid_tan_cqr,calm,0.7952755905511811,0.2876351143472391,0.06308230887373328,0.4849740422235174,10,volatility
arma,L,42,pid_tan_cqr,mid,0.8153241650294696,0.4912301153440277,-0.060363577723881345,0.17823842750669616,10,volatility
arma,L,42,pid_tan_cqr,stressed,0.8421052631578947,0.6029601549899477,-0.12564765032785485,0.20268058184912463,10,volatility
arma,L,42,saocp_cqr,calm,0.9343832020997376,0.4104523495565558,-0.04727591657797736,0.06301164641711976,10,volatility
arma,L,42,saocp_cqr,mid,0.9233791748526523,0.5806878581424276,-0.09689493536542515,0.1006797531603405,10,volatility
arma,L,42,saocp_cqr,stressed,0.9315789473684211,0.6943077212130047,-0.1650049343822485,0.15576166921184392,10,volatility
arma,L,42,sfogd_cqr,calm,0.7637795275590551,0.3166225374839657,0.10416970595229569,0.2512936094798811,10,volatility
arma,L,42,sfogd_cqr,mid,0.793713163064833,0.5370195899830974,-0.07672519146486767,0.10891221691790956,10,volatility
arma,L,42,sfogd_cqr,stressed,0.8526315789473684,0.6199156324313235,-0.010644039990426846,0.1690067026277328,10,volatility
arma,L,42,spci_cqr,calm,0.7112860892388452,0.25272095609299594,0.12168227996982428,0.5156740236747847,10,volatility
arma,L,42,spci_cqr,mid,0.7387033398821218,0.5188748116200412,-0.03871920293145381,0.14929928503782391,10,volatility
arma,L,42,spci_cqr,stressed,0.8236842105263158,0.5476146328571014,0.0346254431583321,0.07013155984658057,10,volatility
arma_monthly,L,42,aci_cqr,calm,0.7585301837270341,0.24315251415743075,0.13935893302957109,0.47748793742319373,10,volatility
arma_monthly,L,42,aci_cqr,mid,0.7996070726915521,0.45534448786990983,0.020230488754371057,0.10494032757666838,10,volatility
arma_monthly,L,42,aci_cqr,stressed,0.85,0.5539025989450617,-0.012975868835646276,0.18910433376041108,10,volatility
arma_monthly,L,42,agaci_cqr,calm,0.7690288713910761,0.24319451499581068,0.1367157658854578,0.4811744106500219,10,volatility
arma_monthly,L,42,agaci_cqr,mid,0.7996070726915521,0.4652417697962163,0.018008829439483787,0.09899604003443654,10,volatility
arma_monthly,L,42,agaci_cqr,stressed,0.8315789473684211,0.5423598628098657,0.004779466897967377,0.21050657798497507,10,volatility
arma_monthly,L,42,cqr_rolling,calm,0.7874015748031497,0.24151390803721157,0.14885899300458139,0.479279864225153,10,volatility
arma_monthly,L,42,cqr_rolling,mid,0.825147347740668,0.46222315257510593,0.022183984490058595,0.10041433940814068,10,volatility
arma_monthly,L,42,cqr_rolling,stressed,0.8552631578947368,0.5700581477224942,-0.04615998248109687,0.1628665159655209,10,volatility
arma_monthly,L,42,cqr_static,calm,0.9343832020997376,0.718939297862322,-0.13662520173539727,0.33435294982931496,10,volatility
arma_monthly,L,42,cqr_static,mid,0.9332023575638507,0.7931709416830925,-0.07735894526405462,0.29808171003712913,10,volatility
arma_monthly,L,42,cqr_static,stressed,0.9052631578947369,0.8617716312909933,-0.11152265901583425,0.19661652085802223,10,volatility
arma_monthly,L,42,decay_ocp_cqr,calm,0.9291338582677166,0.41754222442156486,-0.014817267756243813,0.15156687564493637,10,volatility
arma_monthly,L,42,decay_ocp_cqr,mid,0.9096267190569745,0.593778355679506,-0.040027609056941915,0.1049144809454976,10,volatility
arma_monthly,L,42,decay_ocp_cqr,stressed,0.8921052631578947,0.6976187607844141,-0.08302765764104125,0.14943910163858912,10,volatility
arma_monthly,L,42,dtaci_cqr,calm,0.7742782152230971,0.2387010492033188,0.14561055517713772,0.4806417818481039,10,volatility
arma_monthly,L,42,dtaci_cqr,mid,0.8055009823182712,0.4560094788011933,0.025684165281911087,0.10791495639623352,10,volatility
arma_monthly,L,42,dtaci_cqr,stressed,0.85,0.5434598062479855,-0.0050215379179245345,0.20677268518282305,10,volatility
arma_monthly,L,42,mondrian_cqr,calm,0.8241469816272966,0.26151206563984963,0.1183130480499911,0.5677602281631737,10,volatility
arma_monthly,L,42,mondrian_cqr,mid,0.8683693516699411,0.499243642696784,-0.06498555933115435,0.11847086166583587,10,volatility
arma_monthly,L,42,mondrian_cqr,stressed,0.8868421052631579,0.6517979752511243,-0.1557894117003238,0.2342409232148897,10,volatility
arma_monthly,L,42,native,calm,0.926509186351706,0.39901102933099725,-0.007709635401223269,0.047771623637485466,10,volatility
arma_monthly,L,42,native,mid,0.899803536345776,0.5387227324609031,-0.015844736528420555,0.04551755394244472,10,volatility
arma_monthly,L,42,native,stressed,0.8763157894736842,0.5953643900945512,-0.047219488880690386,0.0712770640116881,10,volatility
arma_monthly,L,42,pid_cqr,calm,0.7742782152230971,0.2692085385303597,0.14934835092703042,0.43699463447274206,10,volatility
arma_monthly,L,42,pid_cqr,mid,0.8153241650294696,0.48255375630801944,-0.011945565476246034,0.07529850595698662,10,volatility
arma_monthly,L,42,pid_cqr,stressed,0.85,0.5369024770609828,0.029372677714860573,0.15621654852586742,10,volatility
arma_monthly,L,42,pid_local_cqr,calm,0.7716535433070866,0.2943175652451879,0.199043074580824,0.35600265345839155,10,volatility
arma_monthly,L,42,pid_local_cqr,mid,0.8133595284872298,0.5166976955813273,-0.03066294605555675,0.11294176738077585,10,volatility
arma_monthly,L,42,pid_local_cqr,stressed,0.8605263157894737,0.5668041457205344,0.01910890133847737,0.11956508867234969,10,volatility
arma_monthly,L,42,pid_tan_cqr,calm,0.8057742782152231,0.28852859568781297,0.051226175971612053,0.47600286764655086,10,volatility
arma_monthly,L,42,pid_tan_cqr,mid,0.8172888015717092,0.4980492260476205,-0.10613630214224123,0.14440975871096492,10,volatility
arma_monthly,L,42,pid_tan_cqr,stressed,0.8368421052631579,0.6106107476112931,-0.1469180783438332,0.2005762847116513,10,volatility
arma_monthly,L,42,saocp_cqr,calm,0.931758530183727,0.4021406198838748,-0.02944253259978702,0.06406083212474414,10,volatility
arma_monthly,L,42,saocp_cqr,mid,0.9194499017681729,0.5784265346858806,-0.08419126591199233,0.06153375944497996,10,volatility
arma_monthly,L,42,saocp_cqr,stressed,0.9289473684210526,0.6737307061488442,-0.16508049779278755,0.15214675542581213,10,volatility
arma_monthly,L,42,sfogd_cqr,calm,0.7664041994750657,0.29836520982847253,0.11658567859175534,0.3400767118795591,10,volatility
arma_monthly,L,42,sfogd_cqr,mid,0.7996070726915521,0.5098593830171549,-0.07112809488558514,0.1025216547528559,10,volatility
arma_monthly,L,42,sfogd_cqr,stressed,0.8447368421052631,0.5988239522159873,-0.034395049855822646,0.17062275804162066,10,volatility
arma_monthly,L,42,spci_cqr,calm,0.7270341207349081,0.25274992802171603,0.12066966201325807,0.5147154506303979,10,volatility
arma_monthly,L,42,spci_cqr,mid,0.756385068762279,0.5152540561776482,-0.07300148654287764,0.11955944615936298,10,volatility
arma_monthly,L,42,spci_cqr,stressed,0.8236842105263158,0.5458784957724775,0.049028101237445665,0.10952388354763692,10,volatility
lgbm,G,42,aci_cqr,calm,0.800524934383202,0.27120242898361985,0.2068929197051797,0.3460104447846701,10,volatility
lgbm,G,42,aci_cqr,mid,0.8094302554027505,0.48129403361906653,0.057862007875397414,0.16073279138599575,10,volatility
lgbm,G,42,aci_cqr,stressed,0.8868421052631579,0.5058739120236531,0.11610357376325048,0.20513818992961255,10,volatility
lgbm,G,42,agaci_cqr,calm,0.7952755905511811,0.27077606975732665,0.20841384279549718,0.3556223757751224,10,volatility
lgbm,G,42,agaci_cqr,mid,0.8133595284872298,0.4790587459773642,0.06460090364039517,0.16416211619954454,10,volatility
lgbm,G,42,agaci_cqr,stressed,0.8710526315789474,0.5041610716328835,0.11241408972529437,0.18613257488920879,10,volatility
lgbm,G,42,cqr_rolling,calm,0.8057742782152231,0.27212777945246913,0.2090285045141108,0.3537679866008066,10,volatility
lgbm,G,42,cqr_rolling,mid,0.8094302554027505,0.4788745779035199,0.05814876032149385,0.1551916552124122,10,volatility
lgbm,G,42,cqr_rolling,stressed,0.8657894736842106,0.5045242517523976,0.11016754766141168,0.1831098400395872,10,volatility
lgbm,G,42,cqr_static,calm,0.8556430446194225,0.3747496365863425,0.03256850608414119,0.1753760679693557,10,volatility
lgbm,G,42,cqr_static,mid,0.8605108055009824,0.5006206361320247,0.02302596149187891,0.07192138046011781,10,volatility
lgbm,G,42,cqr_static,stressed,0.8710526315789474,0.5698350412878554,0.0536020793443821,0.10172414889744946,10,volatility
lgbm,G,42,decay_ocp_cqr,calm,0.8241469816272966,0.2701486554675207,0.1876138932585737,0.36570383086391545,10,volatility
lgbm,G,42,decay_ocp_cqr,mid,0.8113948919449901,0.4528015722263841,0.09561163322095823,0.12012163011519272,10,volatility
lgbm,G,42,decay_ocp_cqr,stressed,0.8394736842105263,0.5038888593704417,0.11611895438250747,0.0674405025051408,10,volatility
lgbm,G,42,dtaci_cqr,calm,0.7874015748031497,0.27070538336918576,0.2060459451241523,0.3596189815139146,10,volatility
lgbm,G,42,dtaci_cqr,mid,0.8055009823182712,0.47702147944472645,0.06412319246595438,0.162494639646589,10,volatility
lgbm,G,42,dtaci_cqr,stressed,0.8894736842105263,0.5028755756161205,0.10846347796655081,0.18646751715925694,10,volatility
lgbm,G,42,mondrian_cqr,calm,0.8530183727034121,0.28539088582256594,0.15036893170427817,0.3302931751714605,10,volatility
lgbm,G,42,mondrian_cqr,mid,0.8565815324165029,0.5016266651171098,-0.010529383168362605,0.15530491169674224,10,volatility
lgbm,G,42,mondrian_cqr,stressed,0.8894736842105263,0.5651525914711414,0.03584944453113281,0.13113972121833192,10,volatility
lgbm,G,42,native,calm,0.8818897637795275,0.3124065259800188,0.15286590832633662,0.16997156630545696,10,volatility
lgbm,G,42,native,mid,0.8565815324165029,0.4609256220282819,0.08110015708328988,0.09943688126145017,10,volatility
lgbm,G,42,native,stressed,0.8710526315789474,0.5230602822957485,0.10416214934513773,0.07165252666779118,10,volatility
lgbm,G,42,pid_cqr,calm,0.7454068241469817,0.28092549231462144,0.1802721729838756,0.3111322373580764,10,volatility
lgbm,G,42,pid_cqr,mid,0.8035363457760314,0.47214353749174776,0.059648598245043594,0.12078702490168552,10,volatility
lgbm,G,42,pid_cqr,stressed,0.8657894736842106,0.4958838442283463,0.11086068314613068,0.12033968896888741,10,volatility
lgbm,G,42,pid_local_cqr,calm,0.7480314960629921,0.3041746577125088,0.1296152646671776,0.3140444450445807,10,volatility
lgbm,G,42,pid_local_cqr,mid,0.8153241650294696,0.49371672752553414,0.007432240563169434,0.1254582286983388,10,volatility
lgbm,G,42,pid_local_cqr,stressed,0.8631578947368421,0.5136393494529401,0.10618038761615728,0.10371863436687864,10,volatility
lgbm,G,42,pid_tan_cqr,calm,0.7847769028871391,0.31242264123114016,0.07757476990010648,0.39057366661768667,10,volatility
lgbm,G,42,pid_tan_cqr,mid,0.8074656188605108,0.5583440087601768,-0.04872833833787271,0.10513503669445556,10,volatility
lgbm,G,42,pid_tan_cqr,stressed,0.8578947368421053,0.605875063680203,-0.056596730929317496,0.14691675849452285,10,volatility
lgbm,G,42,saocp_cqr,calm,0.9028871391076115,0.3213899729457816,0.1587019252488146,0.13599658437920178,10,volatility
lgbm,G,42,saocp_cqr,mid,0.8939096267190569,0.5001051736118105,0.013976901379643525,0.06765509429538805,10,volatility
lgbm,G,42,saocp_cqr,stressed,0.9263157894736842,0.5714558305480135,0.0035654909005308766,0.06795283587941275,10,volatility
lgbm,G,42,sfogd_cqr,calm,0.7427821522309711,0.3173299713860576,0.10853747463978458,0.26095528925969774,10,volatility
lgbm,G,42,sfogd_cqr,mid,0.7956777996070727,0.49158169990958855,0.012949591544061556,0.08559544752418738,10,volatility
lgbm,G,42,sfogd_cqr,stressed,0.8657894736842106,0.525093194678712,0.056196468595047955,0.05163531254244583,10,volatility
lgbm,G,42,spci_cqr,calm,0.7454068241469817,0.2825347905906762,0.13627474783748716,0.43786211832951144,10,volatility
lgbm,G,42,spci_cqr,mid,0.7367387033398821,0.4934083833839383,-0.014373457101249543,0.14733868038824796,10,volatility
lgbm,G,42,spci_cqr,stressed,0.8315789473684211,0.5073966373000531,0.07000349128304822,0.09376717515194832,10,volatility
lgbm,GI,42,aci_cqr,calm,0.7847769028871391,0.2805067367250725,0.14926357519725192,0.2567482291362214,10,volatility
lgbm,GI,42,aci_cqr,mid,0.8113948919449901,0.4713375885777944,0.0501381006510247,0.10359409622318949,10,volatility
lgbm,GI,42,aci_cqr,stressed,0.8578947368421053,0.5249925678279626,0.06783747778762184,0.14291253929312442,10,volatility
lgbm,GI,42,agaci_cqr,calm,0.7847769028871391,0.28161313602616345,0.1674808619356688,0.2610980663450687,10,volatility
lgbm,GI,42,agaci_cqr,mid,0.7996070726915521,0.4744562754033109,0.040170311687248494,0.10263815770446208,10,volatility
lgbm,GI,42,agaci_cqr,stressed,0.85,0.5220326850845348,0.06942871774955411,0.1347586747773001,10,volatility
lgbm,GI,42,cqr_rolling,calm,0.7847769028871391,0.2817109076091317,0.16055049185024634,0.2584214392519841,10,volatility
lgbm,GI,42,cqr_rolling,mid,0.8015717092337917,0.47147163076381887,0.046597228455287965,0.10743732731751648,10,volatility
lgbm,GI,42,cqr_rolling,stressed,0.8526315789473684,0.5212575592847085,0.06991600459736147,0.11990135233857782,10,volatility
lgbm,GI,42,cqr_static,calm,0.8110236220472441,0.3998563689399658,0.053289902105557674,0.19022255734355778,10,volatility
lgbm,GI,42,cqr_static,mid,0.831041257367387,0.523084544468123,0.016752309738257254,0.10214759375013369,10,volatility
lgbm,GI,42,cqr_static,stressed,0.8447368421052631,0.5926461245341406,0.05519138139621749,0.11189333842364568,10,volatility
lgbm,GI,42,decay_ocp_cqr,calm,0.8162729658792651,0.27663724781361376,0.13913993656080215,0.2818421998856916,10,volatility
lgbm,GI,42,decay_ocp_cqr,mid,0.793713163064833,0.45612447247775084,0.0541780027525236,0.11882679237433363,10,volatility
lgbm,GI,42,decay_ocp_cqr,stressed,0.8342105263157895,0.5112726578441191,0.08996526081919781,0.07316875355796804,10,volatility
lgbm,GI,42,dtaci_cqr,calm,0.7769028871391076,0.2805354953386164,0.14731916120475685,0.26056595627745865,10,volatility
lgbm,GI,42,dtaci_cqr,mid,0.8153241650294696,0.4721385577638973,0.03685061794048766,0.09595692794961547,10,volatility
lgbm,GI,42,dtaci_cqr,stressed,0.8605263157894737,0.5252453172801533,0.07178217383585156,0.12122238327591822,10,volatility
lgbm,GI,42,mondrian_cqr,calm,0.84251968503937,0.2962034958900966,0.09657714209258272,0.2958971750411241,10,volatility
lgbm,GI,42,mondrian_cqr,mid,0.8605108055009824,0.5016953415004665,0.003618018541610535,0.1734563428859152,10,volatility
lgbm,GI,42,mondrian_cqr,stressed,0.8736842105263158,0.5703961588592554,0.015587727112922167,0.0896062291701196,10,volatility
lgbm,GI,42,native,calm,0.8792650918635171,0.3159343294613377,0.13189522281303961,0.1727231791053811,10,volatility
lgbm,GI,42,native,mid,0.8388998035363457,0.4627698930658413,0.047065820365400746,0.08008898242694565,10,volatility
lgbm,GI,42,native,stressed,0.8447368421052631,0.5329916899308821,0.07630217334622502,0.047872115228679346,10,volatility
lgbm,GI,42,pid_cqr,calm,0.7427821522309711,0.29439337959936,0.13978148086799191,0.27002793761442,10,volatility
lgbm,GI,42,pid_cqr,mid,0.8113948919449901,0.470300303277715,0.03444987112664821,0.0989620092376684,10,volatility
lgbm,GI,42,pid_cqr,stressed,0.8631578947368421,0.5236363771191912,0.07293518601708604,0.06742033483265486,10,volatility
lgbm,GI,42,pid_local_cqr,calm,0.7480314960629921,0.29884059956066555,0.11435809782893125,0.2743507589270712,10,volatility
lgbm,GI,42,pid_local_cqr,mid,0.8055009823182712,0.48554939580527756,0.010345430561981728,0.09099478797430682,10,volatility
lgbm,GI,42,pid_local_cqr,stressed,0.8578947368421053,0.5165456466235858,0.06102074261443419,0.03171373405217162,10,volatility
lgbm,GI,42,pid_tan_cqr,calm,0.7900262467191601,0.3164356531923791,0.002693023877090972,0.34150574115680143,10,volatility
lgbm,GI,42,pid_tan_cqr,mid,0.8035363457760314,0.5628618303011959,-0.10361131271571855,0.13051621707471273,10,volatility
lgbm,GI,42,pid_tan_cqr,stressed,0.85,0.6208266894806578,-0.075300318511065,0.08126425106809315,10,volatility
lgbm,GI,42,saocp_cqr,calm,0.8976377952755905,0.3247592980355951,0.12487368258406867,0.168200511231738,10,volatility
lgbm,GI,42,saocp_cqr,mid,0.8860510805500982,0.5163963333238935,-0.013944736631760546,0.09803175119764759,10,volatility
lgbm,GI,42,saocp_cqr,stressed,0.9157894736842105,0.5773974611397693,-0.04024333199388863,0.1269090497264121,10,volatility
lgbm,GI,42,sfogd_cqr,calm,0.7506561679790026,0.31259081495935975,0.1145980084315446,0.30820047170170783,10,volatility
lgbm,GI,42,sfogd_cqr,mid,0.793713163064833,0.5011519854366476,-0.00801352314996795,0.0730478232117932,10,volatility
lgbm,GI,42,sfogd_cqr,stressed,0.8631578947368421,0.5414499916636039,0.02910523717958924,0.09082731046618123,10,volatility
lgbm,GI,42,spci_cqr,calm,0.7270341207349081,0.29614461691524846,0.12711639572119526,0.28953254747802826,10,volatility
lgbm,GI,42,spci_cqr,mid,0.7426326129666012,0.49786393667446177,-0.03403794206966182,0.1280283398168679,10,volatility
lgbm,GI,42,spci_cqr,stressed,0.8184210526315789,0.5390086621510061,0.0067619511937084265,0.11333127919311622,10,volatility
lgbm,L,42,aci_cqr,calm,0.7559055118110236,0.2302479392477065,0.18229775929262537,0.5331436974258806,10,volatility
lgbm,L,42,aci_cqr,mid,0.8369351669941061,0.4767183650613159,0.02555678348976642,0.21208634903114876,10,volatility
lgbm,L,42,aci_cqr,stressed,0.85,0.5591475138604347,0.03725611915271404,0.16746377242307917,10,volatility
lgbm,L,42,agaci_cqr,calm,0.7585301837270341,0.23077670433351638,0.18625619452655323,0.5218641204305682,10,volatility
lgbm,L,42,agaci_cqr,mid,0.8369351669941061,0.4722485744776244,0.03317858451138872,0.1978386043020098,10,volatility
lgbm,L,42,agaci_cqr,stressed,0.8421052631578947,0.5470253108192346,0.04593062032558509,0.12791386999283985,10,volatility
lgbm,L,42,cqr_rolling,calm,0.7769028871391076,0.23149264754201782,0.19326054596716058,0.5234505404276628,10,volatility
lgbm,L,42,cqr_rolling,mid,0.8369351669941061,0.4797042646554145,0.010659818376488828,0.1926403077662436,10,volatility
lgbm,L,42,cqr_rolling,stressed,0.8552631578947368,0.5525674769997736,0.0296697389206948,0.1184865647571712,10,volatility
lgbm,L,42,cqr_static,calm,0.889763779527559,0.4262217704277568,0.08043116569160941,0.31296111567898216,10,volatility
lgbm,L,42,cqr_static,mid,0.8526522593320236,0.5939368437880835,0.00817642022138354,0.2596872730103384,10,volatility
lgbm,L,42,cqr_static,stressed,0.8631578947368421,0.6329043040151715,-0.014234684082196747,0.15305900949155574,10,volatility
lgbm,L,42,decay_ocp_cqr,calm,0.8530183727034121,0.273511829892832,0.19601917619388043,0.41010333757151674,10,volatility
lgbm,L,42,decay_ocp_cqr,mid,0.8388998035363457,0.48552546722095496,0.01959764042854939,0.16064074426127853,10,volatility
lgbm,L,42,decay_ocp_cqr,stressed,0.8473684210526315,0.5450548716095347,0.018172988945714286,0.13282257407217635,10,volatility
lgbm,L,42,dtaci_cqr,calm,0.7690288713910761,0.2296021722124801,0.1879471997138895,0.5245635810464077,10,volatility
lgbm,L,42,dtaci_cqr,mid,0.8408644400785854,0.47349441303545675,0.03138021487528364,0.2030017967959501,10,volatility
lgbm,L,42,dtaci_cqr,stressed,0.8578947368421053,0.5538100877425136,0.034280321282311066,0.1582977078606273,10,volatility
lgbm,L,42,mondrian_cqr,calm,0.8503937007874016,0.26144034112723397,0.17820338289050902,0.5064639942036588,10,volatility
lgbm,L,42,mondrian_cqr,mid,0.888015717092338,0.5069797614118212,-0.03945226009016234,0.08647228121921177,10,volatility
lgbm,L,42,mondrian_cqr,stressed,0.8736842105263158,0.6094885624380966,-0.08429483037177676,0.18848256548989123,10,volatility
lgbm,L,42,native,calm,0.8608923884514436,0.25076719590587465,0.20390791605331726,0.48972818662313844,10,volatility
lgbm,L,42,native,mid,0.8133595284872298,0.4576945678707534,0.08084222673584612,0.1253176773714667,10,volatility
lgbm,L,42,native,stressed,0.8078947368421052,0.5342946187565505,0.017173171321497704,0.12145380884234214,10,volatility
lgbm,L,42,pid_cqr,calm,0.7427821522309711,0.2456090956142479,0.17823110854509233,0.5099323893052792,10,volatility
lgbm,L,42,pid_cqr,mid,0.8369351669941061,0.48234360194161197,0.01835314271010402,0.18834764080530808,10,volatility
lgbm,L,42,pid_cqr,stressed,0.8473684210526315,0.5476885105737382,0.02384609285149253,0.1028235740731954,10,volatility
lgbm,L,42,pid_local_cqr,calm,0.7637795275590551,0.25052499809008255,0.1796804922447161,0.4176153243823549,10,volatility
lgbm,L,42,pid_local_cqr,mid,0.8113948919449901,0.4984829415834988,0.029682593499519683,0.14477739121985386,10,volatility
lgbm,L,42,pid_local_cqr,stressed,0.8605263157894737,0.572371278490292,0.00406825521773635,0.16976454849519607,10,volatility
lgbm,L,42,pid_tan_cqr,calm,0.7716535433070866,0.26919700871949037,0.030462447773838663,0.5378669414379472,10,volatility
lgbm,L,42,pid_tan_cqr,mid,0.8428290766208252,0.5748935023159043,-0.11408742362501756,0.21245898557363802,10,volatility
lgbm,L,42,pid_tan_cqr,stressed,0.8421052631578947,0.6406741330059514,-0.17145899633255324,0.1543846135054608,10,volatility
lgbm,L,42,saocp_cqr,calm,0.884514435695538,0.2558140373628962,0.17280408848284828,0.43416734004186786,10,volatility
lgbm,L,42,saocp_cqr,mid,0.8860510805500982,0.5104847548387698,-0.018348459279606488,0.13390452661192903,10,volatility
lgbm,L,42,saocp_cqr,stressed,0.9026315789473685,0.5788813084127257,-0.0185716699259329,0.15663890307291398,10,volatility
lgbm,L,42,sfogd_cqr,calm,0.7401574803149606,0.2699975632370032,0.14666909302922743,0.4454393363189265,10,volatility
lgbm,L,42,sfogd_cqr,mid,0.8074656188605108,0.49695494704655985,-0.00834719302033704,0.11816785327811855,10,volatility
lgbm,L,42,sfogd_cqr,stressed,0.8605263157894737,0.5676501419838101,0.0005233165352540592,0.13918387153823136,10,volatility
lgbm,L,42,spci_cqr,calm,0.7007874015748031,0.25403796471267714,0.11119894169645517,0.5924185858686746,10,volatility
lgbm,L,42,spci_cqr,mid,0.7740667976424361,0.4789303348547828,0.03849237969762842,0.2657910777093047,10,volatility
lgbm,L,42,spci_cqr,stressed,0.8184210526315789,0.5644539230802769,0.010905302300635078,0.11603271913996391,10,volatility
lgbm_const,G,42,aci_cqr,calm,0.7952755905511811,0.2974866184483031,0.16833116114818053,0.33512608368283925,10,volatility
lgbm_const,G,42,aci_cqr,mid,0.8074656188605108,0.43043182723712003,0.07618567008904648,0.16130710219108352,10,volatility
lgbm_const,G,42,aci_cqr,stressed,0.8526315789473684,0.5635755384084764,0.037941482148037886,0.10311310847752694,10,volatility
lgbm_const,G,42,agaci_cqr,calm,0.7952755905511811,0.28702344785121153,0.16666080795921073,0.3318266882360884,10,volatility
lgbm_const,G,42,agaci_cqr,mid,0.793713163064833,0.43659920547813313,0.07054972126704306,0.13889272675495487,10,volatility
lgbm_const,G,42,agaci_cqr,stressed,0.8447368421052631,0.5454129760399049,0.03728371936611863,0.062428786936925024,10,volatility
lgbm_const,G,42,cqr_rolling,calm,0.8083989501312336,0.2978374839716434,0.1627709662728936,0.3379517777846396,10,volatility
lgbm_const,G,42,cqr_rolling,mid,0.825147347740668,0.4341063129105824,0.08043615970690265,0.15514150192760476,10,volatility
lgbm_const,G,42,cqr_rolling,stressed,0.8552631578947368,0.5759518228411264,0.032547475614277344,0.09615087353069102,10,volatility
lgbm_const,G,42,cqr_static,calm,0.9212598425196851,0.5912650138526293,-0.02864938491905966,0.3069022434752416,10,volatility
lgbm_const,G,42,cqr_static,mid,0.8978388998035364,0.6443629704003009,-0.014127563077044325,0.16699906236049428,10,volatility
lgbm_const,G,42,cqr_static,stressed,0.8921052631578947,0.7220590042936115,-0.008348943161555433,0.2543000997926187,10,volatility
lgbm_const,G,42,decay_ocp_cqr,calm,0.889763779527559,0.36750469494128557,0.04004443069353092,0.12298872231031716,10,volatility
lgbm_const,G,42,decay_ocp_cqr,mid,0.8644400785854617,0.5030799698335566,0.023873505371227233,0.07877881768604575,10,volatility
lgbm_const,G,42,decay_ocp_cqr,stressed,0.8789473684210526,0.5976383514499519,-0.0004583382683124304,0.1330021070039396,10,volatility
lgbm_const,G,42,dtaci_cqr,calm,0.800524934383202,0.29105030537626425,0.16963783656221482,0.32830994676019887,10,volatility
lgbm_const,G,42,dtaci_cqr,mid,0.8113948919449901,0.429731155963401,0.07783227134993631,0.15834176417865106,10,volatility
lgbm_const,G,42,dtaci_cqr,stressed,0.8789473684210526,0.5469872319887344,0.03074747255322341,0.08619441320761267,10,volatility
lgbm_const,G,42,mondrian_cqr,calm,0.7979002624671916,0.306187866947709,0.10005450169563856,0.4154266168735465,10,volatility
lgbm_const,G,42,mondrian_cqr,mid,0.8585461689587426,0.4831477497643494,-0.0027594123654492986,0.08427649617771585,10,volatility
lgbm_const,G,42,mondrian_cqr,stressed,0.8973684210526316,0.6112286241790209,-0.05893251248434661,0.10255726272462384,10,volatility
lgbm_const,G,42,native,calm,0.8923884514435696,0.35336682336995906,0.08696676198586295,0.1316461887949669,10,volatility
lgbm_const,G,42,native,mid,0.8428290766208252,0.4808295433557959,0.04973178243596227,0.0665427067782575,10,volatility
lgbm_const,G,42,native,stressed,0.8473684210526315,0.541079090954919,0.05524865037781379,0.06893916005488446,10,volatility
lgbm_const,G,42,pid_cqr,calm,0.7847769028871391,0.27821601704085,0.16306333528692757,0.3582519047461505,10,volatility
lgbm_const,G,42,pid_cqr,mid,0.8113948919449901,0.44943015727429153,0.052908437048378665,0.10166646415834549,10,volatility
lgbm_const,G,42,pid_cqr,stressed,0.8473684210526315,0.5416442570263551,0.044617299457203,0.07649116065776448,10,volatility
lgbm_const,G,42,pid_local_cqr,calm,0.7716535433070866,0.3184311777254041,0.1453265718721507,0.31623678782078446,10,volatility
lgbm_const,G,42,pid_local_cqr,mid,0.8113948919449901,0.4779226297186164,0.010182781675224795,0.10966774728944767,10,volatility
lgbm_const,G,42,pid_local_cqr,stressed,0.8578947368421053,0.5371633228643813,0.04387469951041556,0.11972720956664609,10,volatility
lgbm_const,G,42,pid_tan_cqr,calm,0.8136482939632546,0.32797852728135346,0.019710566360428117,0.34551379885903916,10,volatility
lgbm_const,G,42,pid_tan_cqr,mid,0.8133595284872298,0.5038603828356378,-0.10393887994287276,0.13930713606514986,10,volatility
lgbm_const,G,42,pid_tan_cqr,stressed,0.8342105263157895,0.6249409681198094,-0.13815478167667716,0.15165462644591576,10,volatility
lgbm_const,G,42,saocp_cqr,calm,0.905511811023622,0.35586197090090654,0.08650651416998617,0.12253132147345283,10,volatility
lgbm_const,G,42,saocp_cqr,mid,0.9037328094302554,0.4773326504787307,0.024406272421738817,0.11627467042497755,10,volatility
lgbm_const,G,42,saocp_cqr,stressed,0.9078947368421053,0.586620043750515,-0.043457739716474264,0.09467493965155024,10,volatility
lgbm_const,G,42,sfogd_cqr,calm,0.7559055118110236,0.3180124334912974,0.08751312919535814,0.32950156079487963,10,volatility
lgbm_const,G,42,sfogd_cqr,mid,0.8074656188605108,0.48842046106012,0.030278624607447846,0.11030983949827974,10,volatility
lgbm_const,G,42,sfogd_cqr,stressed,0.8473684210526315,0.547625880852706,0.043909958861195475,0.09565179435736954,10,volatility
lgbm_const,G,42,spci_cqr,calm,0.7349081364829396,0.30326345728597864,0.12867664557080605,0.35738139004726704,10,volatility
lgbm_const,G,42,spci_cqr,mid,0.7485265225933202,0.4687949754526942,0.02051802416676396,0.09528308404442667,10,volatility
lgbm_const,G,42,spci_cqr,stressed,0.8157894736842105,0.5338206855054233,0.037346698987017646,0.05340921739503318,10,volatility
lgbm_const,L,42,aci_cqr,calm,0.800524934383202,0.2656183930458222,0.16880026509604085,0.48644824062182335,10,volatility
lgbm_const,L,42,aci_cqr,mid,0.8153241650294696,0.4629239302432357,0.014264181928246022,0.09633076177184607,10,volatility
lgbm_const,L,42,aci_cqr,stressed,0.8421052631578947,0.5927304750270305,-0.027608523281183683,0.12214559413768081,10,volatility
lgbm_const,L,42,agaci_cqr,calm,0.7874015748031497,0.26585188737569376,0.15333540522249528,0.48585542029499285,10,volatility
lgbm_const,L,42,agaci_cqr,mid,0.8035363457760314,0.4615895125054086,0.0014761140373416026,0.11134230340541337,10,volatility
lgbm_const,L,42,agaci_cqr,stressed,0.8368421052631579,0.5539569218788422,-0.02142301059945173,0.10513488592988679,10,volatility
lgbm_const,L,42,cqr_rolling,calm,0.8136482939632546,0.2673545620305949,0.15360924047458213,0.485667222453709,10,volatility
lgbm_const,L,42,cqr_rolling,mid,0.8330058939096268,0.4664530892103887,0.01631358860890597,0.09219423464621582,10,volatility
lgbm_const,L,42,cqr_rolling,stressed,0.8605263157894737,0.6058926093604228,-0.04168158178444803,0.10748160064088833,10,volatility
lgbm_const,L,42,cqr_static,calm,0.94750656167979,0.6241281512312283,-0.2694101602352499,0.36799624776224654,10,volatility
lgbm_const,L,42,cqr_static,mid,0.9174852652259332,0.6751472464295296,-0.16559882622334687,0.28735782255689984,10,volatility
lgbm_const,L,42,cqr_static,stressed,0.8973684210526316,0.7333822211781401,-0.04377962147208758,0.18948035283638415,10,volatility
lgbm_const,L,42,decay_ocp_cqr,calm,0.9133858267716536,0.3948590669313813,0.003413096149966488,0.06631046270144156,10,volatility
lgbm_const,L,42,decay_ocp_cqr,mid,0.8742632612966601,0.544045140636844,-0.042068664484316676,0.123306776831067,10,volatility
lgbm_const,L,42,decay_ocp_cqr,stressed,0.8657894736842106,0.6365784311120521,-0.015841614759910416,0.08373136649689772,10,volatility
lgbm_const,L,42,dtaci_cqr,calm,0.7900262467191601,0.26433485755993846,0.1636158882616599,0.5012193807550622,10,volatility
lgbm_const,L,42,dtaci_cqr,mid,0.8231827111984283,0.4573453716573226,0.020706672727740127,0.12008464671655106,10,volatility
lgbm_const,L,42,dtaci_cqr,stressed,0.868421052631579,0.5614242077921883,-0.017826442431563505,0.07063219726196934,10,volatility
lgbm_const,L,42,mondrian_cqr,calm,0.84251968503937,0.2840890304296193,0.10818836178383584,0.5483021657261661,10,volatility
lgbm_const,L,42,mondrian_cqr,mid,0.8506876227897839,0.5203494445977123,-0.06838175305321648,0.16013274954375895,10,volatility
lgbm_const,L,42,mondrian_cqr,stressed,0.9026315789473685,0.5925605518423416,-0.06644036153503607,0.08944757686297214,10,volatility
lgbm_const,L,42,native,calm,0.884514435695538,0.35597490239761276,0.10526536250825369,0.16349270111573333,10,volatility
lgbm_const,L,42,native,mid,0.8094302554027505,0.5183611813980381,0.0016767980120718229,0.04528679538781494,10,volatility
lgbm_const,L,42,native,stressed,0.8263157894736842,0.5554268081408691,0.009541763916606716,0.05904452372144975,10,volatility
lgbm_const,L,42,pid_cqr,calm,0.7979002624671916,0.2627757418999233,0.15409085039736475,0.47839638794761935,10,volatility
lgbm_const,L,42,pid_cqr,mid,0.8113948919449901,0.4719079670249948,0.010009099083585826,0.05912088968941698,10,volatility
lgbm_const,L,42,pid_cqr,stressed,0.85,0.5344800137202803,-0.014195395434213887,0.09974684190596037,10,volatility
lgbm_const,L,42,pid_local_cqr,calm,0.7795275590551181,0.2844376426875328,0.15586093411600838,0.38918868624091313,10,volatility
lgbm_const,L,42,pid_local_cqr,mid,0.8231827111984283,0.5135215091172612,-0.023308567052888862,0.04241424497129945,10,volatility
lgbm_const,L,42,pid_local_cqr,stressed,0.8605263157894737,0.5683281352880889,-0.031210985885051112,0.06348079178660804,10,volatility
lgbm_const,L,42,pid_tan_cqr,calm,0.8293963254593176,0.2978505896787917,0.044484428776876306,0.4884448036482358,10,volatility
lgbm_const,L,42,pid_tan_cqr,mid,0.7976424361493124,0.5548860011306646,-0.1453985155877039,0.05019134959931543,10,volatility
lgbm_const,L,42,pid_tan_cqr,stressed,0.8447368421052631,0.6053475060797532,-0.19980763271226132,0.26800978045415547,10,volatility
lgbm_const,L,42,saocp_cqr,calm,0.905511811023622,0.35501214848991824,0.0747060435984701,0.17502237114946195,10,volatility
lgbm_const,L,42,saocp_cqr,mid,0.8860510805500982,0.5146433709358951,-0.025495720863169646,0.020817273165380124,10,volatility
lgbm_const,L,42,saocp_cqr,stressed,0.9,0.6098433494459565,-0.06055799296097819,0.03660479846992526,10,volatility
lgbm_const,L,42,sfogd_cqr,calm,0.7664041994750657,0.29474194604609405,0.1678831586559747,0.3775877393863537,10,volatility
lgbm_const,L,42,sfogd_cqr,mid,0.8055009823182712,0.5048432374855844,-0.02266103615022863,0.08635932246946113,10,volatility
lgbm_const,L,42,sfogd_cqr,stressed,0.8578947368421053,0.5784872125088699,-0.029266038418379492,0.03636160342250261,10,volatility
lgbm_const,L,42,spci_cqr,calm,0.7559055118110236,0.2798195068116382,0.08277259238480322,0.5472505020344011,10,volatility
lgbm_const,L,42,spci_cqr,mid,0.7544204322200393,0.48463868850707587,-0.037651324111842355,0.1337055766494102,10,volatility
lgbm_const,L,42,spci_cqr,stressed,0.8315789473684211,0.5683135004419335,-0.09460198564735822,0.08567075783710199,10,volatility
lstm,G,42,aci_cqr,calm,0.7559055118110236,0.3298235060537817,0.05005111878205659,0.2488740764945746,10,volatility
lstm,G,42,aci_cqr,mid,0.8506876227897839,0.47542341718064784,0.032025142165270415,0.07022522015235017,10,volatility
lstm,G,42,aci_cqr,stressed,0.8842105263157894,0.5735706444404628,0.0342660019003424,0.13461266670622624,10,volatility
lstm,G,42,agaci_cqr,calm,0.7664041994750657,0.32441396882858853,0.046999051970392225,0.3195781975626778,10,volatility
lstm,G,42,agaci_cqr,mid,0.831041257367387,0.48111757583676945,0.024406857515567038,0.01756951981735322,10,volatility
lstm,G,42,agaci_cqr,stressed,0.8710526315789474,0.5403528019241572,0.06378347633500259,0.11921377896703367,10,volatility
lstm,G,42,cqr_rolling,calm,0.7795275590551181,0.3422602806717002,0.01678479060845417,0.2091842224588534,10,volatility
lstm,G,42,cqr_rolling,mid,0.8644400785854617,0.4779776838669139,0.033098159915597836,0.059524472450190574,10,volatility
lstm,G,42,cqr_rolling,stressed,0.8921052631578947,0.5902109868101697,0.023677222461504888,0.11989669104255024,10,volatility
lstm,G,42,cqr_static,calm,0.958005249343832,0.7538994537993914,-0.3212992205274462,0.6040309913325052,10,volatility
lstm,G,42,cqr_static,mid,0.9489194499017681,0.7521516459957087,-0.17806878263652381,0.3189800470500693,10,volatility
lstm,G,42,cqr_static,stressed,0.9210526315789473,0.8271513951629714,-0.06338439834544252,0.3452589856591935,10,volatility
lstm,G,42,decay_ocp_cqr,calm,0.94750656167979,0.5226453118737706,-0.11928046425842109,0.09212728688440797,10,volatility
lstm,G,42,decay_ocp_cqr,mid,0.93713163064833,0.5922533946186833,-0.08062429057482912,0.1852600294232904,10,volatility
lstm,G,42,decay_ocp_cqr,stressed,0.9,0.681786737438955,-0.03445828630809711,0.14911262754934618,10,volatility
lstm,G,42,dtaci_cqr,calm,0.7559055118110236,0.3277896344985859,0.06812650677058124,0.268152198216581,10,volatility
lstm,G,42,dtaci_cqr,mid,0.8487229862475442,0.47257875290603196,0.027391461980490583,0.05730310299064037,10,volatility
lstm,G,42,dtaci_cqr,stressed,0.8868421052631579,0.5491340038875437,0.052767442128172526,0.11994691137663718,10,volatility
lstm,G,42,mondrian_cqr,calm,0.8530183727034121,0.3080951265037139,0.1672884935338731,0.4665379162340558,10,volatility
lstm,G,42,mondrian_cqr,mid,0.899803536345776,0.5507790104102994,-0.08537259429894928,0.12419316890392895,10,volatility
lstm,G,42,mondrian_cqr,stressed,0.8947368421052632,0.5862434236368381,-0.022219792936869265,0.05433136378554504,10,volatility
lstm,G,42,native,calm,0.9448818897637795,0.5701211283330139,-0.2096073932344794,0.09462744014357688,10,volatility
lstm,G,42,native,mid,0.9273084479371316,0.5894915651029126,-0.11512119784931163,0.18625716902051592,10,volatility
lstm,G,42,native,stressed,0.8973684210526316,0.660867523967906,-0.02523531489043329,0.06946700450851173,10,volatility
lstm,G,42,pid_cqr,calm,0.7611548556430446,0.3028578702388387,0.14316780415592673,0.3062536095722217,10,volatility
lstm,G,42,pid_cqr,mid,0.8526522593320236,0.47025885535401085,0.028318877190465774,0.07266883165865282,10,volatility
lstm,G,42,pid_cqr,stressed,0.8631578947368421,0.5486763424809574,0.0479222634962691,0.06280708549559949,10,volatility
lstm,G,42,pid_local_cqr,calm,0.7769028871391076,0.31444550313213465,0.18046516607866603,0.29685163896090455,10,volatility
lstm,G,42,pid_local_cqr,mid,0.8506876227897839,0.4853126311408537,0.0201498006373656,0.024038416918355704,10,volatility
lstm,G,42,pid_local_cqr,stressed,0.8763157894736842,0.5494053006693439,0.027383237117400705,0.044734640916427676,10,volatility
lstm,G,42,pid_tan_cqr,calm,0.821522309711286,0.3377513026083231,-0.06770815818711906,0.4332652767178674,10,volatility
lstm,G,42,pid_tan_cqr,mid,0.8605108055009824,0.5707330883094263,-0.19463026325213395,0.12226599499074148,10,volatility
lstm,G,42,pid_tan_cqr,stressed,0.8710526315789474,0.6525100313443584,-0.17767463278721296,0.15774796840622085,10,volatility
lstm,G,42,saocp_cqr,calm,0.94750656167979,0.5728400494734956,-0.21528127852507517,0.07479201143865666,10,volatility
lstm,G,42,saocp_cqr,mid,0.9390962671905697,0.6073352471496666,-0.1224839659322412,0.20637154317432416,10,volatility
lstm,G,42,saocp_cqr,stressed,0.9315789473684211,0.6896147755513634,-0.12375141117142219,0.12721055177861457,10,volatility
lstm,G,42,sfogd_cqr,calm,0.7532808398950132,0.326509935431455,0.11322836197527897,0.29805101801538797,10,volatility
lstm,G,42,sfogd_cqr,mid,0.825147347740668,0.490934873882777,-0.017995298900684964,0.07834214530383757,10,volatility
lstm,G,42,sfogd_cqr,stressed,0.8552631578947368,0.5469114199774033,0.007981720210437082,0.12010084640340882,10,volatility
lstm,G,42,spci_cqr,calm,0.7454068241469817,0.3147220911363214,0.09005367274650922,0.31577176269006035,10,volatility
lstm,G,42,spci_cqr,mid,0.7956777996070727,0.5070999018379536,-0.017604968330860782,0.07672572682911247,10,volatility
lstm,G,42,spci_cqr,stressed,0.8315789473684211,0.5421813161038098,0.03261837293048342,0.07044581464780725,10,volatility
lstm,G,43,aci_cqr,calm,0.8057742782152231,0.33147829589135075,0.015160091419021415,0.21192951228820317,10,volatility
lstm,G,43,aci_cqr,mid,0.8408644400785854,0.5005191576331327,-0.001855441809901659,0.06106894713232877,10,volatility
lstm,G,43,aci_cqr,stressed,0.8657894736842106,0.5522304471782163,0.04756631582755777,0.11077129023248514,10,volatility
lstm,G,43,agaci_cqr,calm,0.8083989501312336,0.32514676789573316,0.00447985139775392,0.23950754593514037,10,volatility
lstm,G,43,agaci_cqr,mid,0.8212180746561886,0.49791927445545936,-0.0064679715608608745,0.043220068061778694,10,volatility
lstm,G,43,agaci_cqr,stressed,0.8421052631578947,0.5510875302462368,0.054505225882064245,0.10026808614660937,10,volatility
lstm,G,43,cqr_rolling,calm,0.821522309711286,0.3355731942692924,-0.0027773867074916136,0.21967065621792817,10,volatility
lstm,G,43,cqr_rolling,mid,0.8447937131630648,0.4997042765480713,1.0805320656781525e-05,0.04235382181575195,10,volatility
lstm,G,43,cqr_rolling,stressed,0.8578947368421053,0.5619111299537201,0.049629077397684684,0.10664183151221213,10,volatility
lstm,G,43,cqr_static,calm,0.8713910761154856,0.6069104959814728,-0.211618572589097,0.41679812662154153,10,volatility
lstm,G,43,cqr_static,mid,0.8958742632612967,0.6686845293783841,-0.08983083698007677,0.2534930728456315,10,volatility
lstm,G,43,cqr_static,stressed,0.8578947368421053,0.6974718249174642,-0.022525934369096112,0.2252698958841352,10,volatility
lstm,G,43,decay_ocp_cqr,calm,0.9343832020997376,0.5196946460131076,-0.11853443216125548,0.15735306392866616,10,volatility
lstm,G,43,decay_ocp_cqr,mid,0.93713163064833,0.6465050753320803,-0.08675124865832307,0.11440078804316006,10,volatility
lstm,G,43,decay_ocp_cqr,stressed,0.9157894736842105,0.6892054049417887,-0.0072981176543499005,0.10034396088618416,10,volatility
lstm,G,43,dtaci_cqr,calm,0.8031496062992126,0.324229521260224,0.024530269513909242,0.23048607158350326,10,volatility
lstm,G,43,dtaci_cqr,mid,0.8487229862475442,0.4938335809596469,0.0008579654878279053,0.049110357397467774,10,volatility
lstm,G,43,dtaci_cqr,stressed,0.868421052631579,0.5497309915067292,0.04895866244096564,0.10504419331014628,10,volatility
lstm,G,43,mondrian_cqr,calm,0.8267716535433071,0.30340051637376386,0.12255524880932156,0.30703558104854517,10,volatility
lstm,G,43,mondrian_cqr,mid,0.8605108055009824,0.5125377333308132,-0.028226622270562385,0.09604306540086788,10,volatility
lstm,G,43,mondrian_cqr,stressed,0.8868421052631579,0.6273805617925212,-0.0284588074909341,0.12615043842450266,10,volatility
lstm,G,43,native,calm,0.9763779527559056,0.6595143179803539,-0.3921775034383468,0.31604577182949056,10,volatility
lstm,G,43,native,mid,0.9567779960707269,0.7277616060949378,-0.24420861239053304,0.22601787046295085,10,volatility
lstm,G,43,native,stressed,0.9447368421052632,0.7489138908452894,-0.13367881906694268,0.06811792962121971,10,volatility
lstm,G,43,pid_cqr,calm,0.7847769028871391,0.294790594863539,0.05944144771779719,0.24270733522636936,10,volatility
lstm,G,43,pid_cqr,mid,0.8467583497053045,0.49250063363143687,0.0029004520288084534,0.058114618691872066,10,volatility
lstm,G,43,pid_cqr,stressed,0.8473684210526315,0.541304451466747,0.05565561232577093,0.09869654811624035,10,volatility
lstm,G,43,pid_local_cqr,calm,0.7874015748031497,0.32313423001258884,0.08960713095994494,0.20862598420179335,10,volatility
lstm,G,43,pid_local_cqr,mid,0.8330058939096268,0.5217331022653247,-0.008013812817253885,0.08487170768594829,10,volatility
lstm,G,43,pid_local_cqr,stressed,0.8605263157894737,0.5424172932539959,0.029367702621441172,0.0811649101743398,10,volatility
lstm,G,43,pid_tan_cqr,calm,0.8188976377952756,0.3669346893785227,-0.1587204141920988,0.26057058439683534,10,volatility
lstm,G,43,pid_tan_cqr,mid,0.8526522593320236,0.5952834777335558,-0.2116359879727583,0.1420909699338967,10,volatility
lstm,G,43,pid_tan_cqr,stressed,0.8421052631578947,0.6530488289376807,-0.15010030758381687,0.1266222069621939,10,volatility
lstm,G,43,saocp_cqr,calm,0.9763779527559056,0.6601345621876465,-0.3921775034383468,0.31529591469019985,10,volatility
lstm,G,43,saocp_cqr,mid,0.9607072691552063,0.7386172775104147,-0.2815221416600442,0.19818975065604472,10,volatility
lstm,G,43,saocp_cqr,stressed,0.9631578947368421,0.7670753363586691,-0.1997710007231681,0.08824592307368206,10,volatility
lstm,G,43,sfogd_cqr,calm,0.7716535433070866,0.32271927323983546,0.06258238263054533,0.19534534492983305,10,volatility
lstm,G,43,sfogd_cqr,mid,0.8153241650294696,0.5185135763523379,-0.029538822028571055,0.07976993969476429,10,volatility
lstm,G,43,sfogd_cqr,stressed,0.8473684210526315,0.5839467797460419,0.006562766295748923,0.08035572898611909,10,volatility
lstm,G,43,spci_cqr,calm,0.7270341207349081,0.31598703000728556,-0.0015799018358740313,0.29320879258475585,10,volatility
lstm,G,43,spci_cqr,mid,0.7956777996070727,0.5106112910610168,-0.011234365526202716,0.10674912055833444,10,volatility
lstm,G,43,spci_cqr,stressed,0.8131578947368421,0.5470780163758523,0.04713100248366631,0.10206515481219289,10,volatility
lstm,G,44,aci_cqr,calm,0.8398950131233596,0.3362535839689045,0.03521437976828984,0.2956671951289943,10,volatility
lstm,G,44,aci_cqr,mid,0.8133595284872298,0.4530377432048176,0.0031994368517263005,0.15301839048965837,10,volatility
lstm,G,44,aci_cqr,stressed,0.8710526315789474,0.5548891455155925,0.0073781131499237596,0.1177915929875025,10,volatility
lstm,G,44,agaci_cqr,calm,0.8293963254593176,0.3266431135036988,0.06094590080918977,0.3395203349775518,10,volatility
lstm,G,44,agaci_cqr,mid,0.8074656188605108,0.4528495367611864,0.0044421616033497036,0.15078403530877965,10,volatility
lstm,G,44,agaci_cqr,stressed,0.8578947368421053,0.5469212304191092,0.02271839702480999,0.11878344729521703,10,volatility
lstm,G,44,cqr_rolling,calm,0.8451443569553806,0.3425251044114137,0.03729740576502388,0.2783936158144476,10,volatility
lstm,G,44,cqr_rolling,mid,0.8271119842829077,0.4553141139915046,-0.0035273844649225117,0.1433924277659374,10,volatility
lstm,G,44,cqr_rolling,stressed,0.8710526315789474,0.5710445725679045,-0.004923958368259207,0.14721853423118836,10,volatility
lstm,G,44,cqr_static,calm,0.9186351706036745,0.592897843247033,-0.16106377585063913,0.23618271096319604,10,volatility
lstm,G,44,cqr_static,mid,0.888015717092338,0.5846919300872074,-0.049148888873609464,0.049481221981786505,10,volatility
lstm,G,44,cqr_static,stressed,0.868421052631579,0.671497900630083,-0.02900683908684809,0.13540654696982862,10,volatility
lstm,G,44,decay_ocp_cqr,calm,0.868766404199475,0.3992782578170597,-0.029455874858634212,0.1092043014516508,10,volatility
lstm,G,44,decay_ocp_cqr,mid,0.8349705304518664,0.48205690201273366,0.01028585654375852,0.06736356256190762,10,volatility
lstm,G,44,decay_ocp_cqr,stressed,0.8473684210526315,0.5807194072737776,0.0053808462347353925,0.09785810439825435,10,volatility
lstm,G,44,dtaci_cqr,calm,0.8398950131233596,0.3288209119338452,0.05948285530073394,0.2930466610682613,10,volatility
lstm,G,44,dtaci_cqr,mid,0.8172888015717092,0.4463922620303821,0.013436777211246087,0.1606107689706079,10,volatility
lstm,G,44,dtaci_cqr,stressed,0.8710526315789474,0.5472550131585987,0.006401240107727191,0.11214370307505886,10,volatility
lstm,G,44,mondrian_cqr,calm,0.84251968503937,0.3310604780185455,0.028104796677397292,0.35048504978374717,10,volatility
lstm,G,44,mondrian_cqr,mid,0.8742632612966601,0.48092897377665333,-0.059634303507476116,0.16458919859108365,10,volatility
lstm,G,44,mondrian_cqr,stressed,0.9,0.5959336386907454,-0.02215791574036674,0.10819688872500588,10,volatility
lstm,G,44,native,calm,0.7296587926509186,0.36670953075781104,-0.01581786098022253,0.355875868777645,10,volatility
lstm,G,44,native,mid,0.6090373280943026,0.5149772233898964,-0.10713555163104682,0.159501749877066,10,volatility
lstm,G,44,native,stressed,0.6368421052631579,0.5366628608197073,-0.001386301644932142,0.18271812996726233,10,volatility
lstm,G,44,pid_cqr,calm,0.7900262467191601,0.3065382444639433,0.09632945422310707,0.37639422138524803,10,volatility
lstm,G,44,pid_cqr,mid,0.8094302554027505,0.4496713223326565,0.022984767695597097,0.1250911774509326,10,volatility
lstm,G,44,pid_cqr,stressed,0.8578947368421053,0.5250347672715603,0.059760812909645356,0.07900059746979143,10,volatility
lstm,G,44,pid_local_cqr,calm,0.7821522309711286,0.32893975337629056,0.11415277332053814,0.25816036461429737,10,volatility
lstm,G,44,pid_local_cqr,mid,0.8113948919449901,0.4501301481949256,0.0336078461244832,0.13517211273079954,10,volatility
lstm,G,44,pid_local_cqr,stressed,0.8552631578947368,0.5445336596331407,0.05926001626867111,0.07738720948934566,10,volatility
lstm,G,44,pid_tan_cqr,calm,0.847769028871391,0.339351405749165,-0.17265729524087836,0.47110220079270765,10,volatility
lstm,G,44,pid_tan_cqr,mid,0.8035363457760314,0.5511179830079637,-0.16887783835697479,0.1476233805943345,10,volatility
lstm,G,44,pid_tan_cqr,stressed,0.8605263157894737,0.6092834780030348,-0.0925802669204282,0.1402412363982969,10,volatility
lstm,G,44,saocp_cqr,calm,0.8372703412073491,0.3617428427591656,0.06127971511762548,0.16598414134928965,10,volatility
lstm,G,44,saocp_cqr,mid,0.8506876227897839,0.4827888902758826,-0.00915834736479959,0.07961123455310681,10,volatility
lstm,G,44,saocp_cqr,stressed,0.8736842105263158,0.5872060329157767,-0.028022325494107436,0.15335498511417692,10,volatility
lstm,G,44,sfogd_cqr,calm,0.7716535433070866,0.33063963573472516,0.13263945093901058,0.28437436761844126,10,volatility
lstm,G,44,sfogd_cqr,mid,0.8074656188605108,0.47971749796403707,0.010916559310954144,0.04436411268107329,10,volatility
lstm,G,44,sfogd_cqr,stressed,0.8526315789473684,0.5759200671186282,-0.010345650347925617,0.12420879775025367,10,volatility
lstm,G,44,spci_cqr,calm,0.7480314960629921,0.30535067460794557,0.033831797858037416,0.40728053597111735,10,volatility
lstm,G,44,spci_cqr,mid,0.7544204322200393,0.4599823047506037,-0.020904344553537735,0.13137136246437744,10,volatility
lstm,G,44,spci_cqr,stressed,0.8421052631578947,0.5551951635592642,-0.010517821995701948,0.06278012769296468,10,volatility
lstm,GF,42,aci_cqr,calm,0.7664041994750657,0.32900582534594963,0.0374428315936326,0.2697628686352073,10,volatility
lstm,GF,42,aci_cqr,mid,0.8467583497053045,0.4754926627243197,0.02341166165011105,0.08103065577462451,10,volatility
lstm,GF,42,aci_cqr,stressed,0.8868421052631579,0.5713846589477596,0.036334607795299456,0.1321078540982158,10,volatility
lstm,GF,42,agaci_cqr,calm,0.7821522309711286,0.31941461167404067,0.037323261412377295,0.3224849735586347,10,volatility
lstm,GF,42,agaci_cqr,mid,0.831041257367387,0.4811923861361125,0.0151885955890948,0.04202407343324274,10,volatility
lstm,GF,42,agaci_cqr,stressed,0.8710526315789474,0.5298643058144482,0.07953651956826885,0.10112343050144759,10,volatility
lstm,GF,42,cqr_rolling,calm,0.7821522309711286,0.3389692294590822,0.032015044026457884,0.20475618760090167,10,volatility
lstm,GF,42,cqr_rolling,mid,0.8605108055009824,0.4789049749869963,0.018305697355156414,0.057711365339165516,10,volatility
lstm,GF,42,cqr_rolling,stressed,0.8947368421052632,0.5903639671725819,0.030887635588638496,0.10531517865534301,10,volatility
lstm,GF,42,cqr_static,calm,0.9606299212598425,0.758723850619832,-0.34641513634111576,0.5926332388753135,10,volatility
lstm,GF,42,cqr_static,mid,0.9489194499017681,0.7484669764690525,-0.20582322941073994,0.2775778747832455,10,volatility
lstm,GF,42,cqr_static,stressed,0.9236842105263158,0.8229950009134568,-0.07788537525468264,0.3447496973819171,10,volatility
lstm,GF,42,decay_ocp_cqr,calm,0.952755905511811,0.5282555042420882,-0.14407459916373078,0.10754820339769783,10,volatility
lstm,GF,42,decay_ocp_cqr,mid,0.9332023575638507,0.5905663104882655,-0.08913549799667198,0.16321774405152417,10,volatility
lstm,GF,42,decay_ocp_cqr,stressed,0.8947368421052632,0.680119621619206,-0.0418400080395277,0.151124827676119,10,volatility
lstm,GF,42,dtaci_cqr,calm,0.7742782152230971,0.32588052220525027,0.06343155108027626,0.28684963829467414,10,volatility
lstm,GF,42,dtaci_cqr,mid,0.8447937131630648,0.4706329289362544,0.022363650049849637,0.07474914226446361,10,volatility
lstm,GF,42,dtaci_cqr,stressed,0.8842105263157894,0.5373221540919161,0.07263469098231135,0.13082327916039976,10,volatility
lstm,GF,42,mondrian_cqr,calm,0.8451443569553806,0.3129668682437009,0.11554288203458374,0.46345722907009634,10,volatility
lstm,GF,42,mondrian_cqr,mid,0.888015717092338,0.5311834301548178,-0.04094904499675622,0.07362360460190348,10,volatility
lstm,GF,42,mondrian_cqr,stressed,0.8973684210526316,0.5531178101663998,-0.029267161987624135,0.1510735885524901,10,volatility
lstm,GF,42,native,calm,0.9448818897637795,0.5677741647137823,-0.20816849794085135,0.08780479432049554,10,volatility
lstm,GF,42,native,mid,0.925343811394892,0.582041583024507,-0.11560114890938933,0.18382120289326612,10,volatility
lstm,GF,42,native,stressed,0.8894736842105263,0.6503014299152713,-0.028206450984180953,0.06397667919357058,10,volatility
lstm,GF,42,pid_cqr,calm,0.7611548556430446,0.30505617974821586,0.14463683292568696,0.27414842742913237,10,volatility
lstm,GF,42,pid_cqr,mid,0.8506876227897839,0.4752436357691404,0.016909467928041766,0.07763854964013348,10,volatility
lstm,GF,42,pid_cqr,stressed,0.868421052631579,0.5368516601469803,0.04887557442492524,0.05708424954346375,10,volatility
lstm,GF,42,pid_local_cqr,calm,0.7874015748031497,0.32079354531893517,0.1800663636199657,0.31515063382367936,10,volatility
lstm,GF,42,pid_local_cqr,mid,0.8546168958742633,0.4880609817333223,0.007595311881785138,0.015953853741342006,10,volatility
lstm,GF,42,pid_local_cqr,stressed,0.8657894736842106,0.5459883440192278,0.01894575547069055,0.09103091839563537,10,volatility
lstm,GF,42,pid_tan_cqr,calm,0.8110236220472441,0.33588238325334624,-0.08303301947660785,0.4276944311531997,10,volatility
lstm,GF,42,pid_tan_cqr,mid,0.8722986247544204,0.5721997606898129,-0.18266335697497493,0.13733593897734458,10,volatility
lstm,GF,42,pid_tan_cqr,stressed,0.8631578947368421,0.6621008901358089,-0.17344436810312558,0.17682552807423035,10,volatility
lstm,GF,42,saocp_cqr,calm,0.94750656167979,0.5704599745615707,-0.20746578896985224,0.06497268435563575,10,volatility
lstm,GF,42,saocp_cqr,mid,0.9410609037328095,0.599498702995148,-0.12888307952565436,0.20271330446590902,10,volatility
lstm,GF,42,saocp_cqr,stressed,0.9263157894736842,0.6981089199574609,-0.13082202403938836,0.10684713035589843,10,volatility
lstm,GF,42,sfogd_cqr,calm,0.7532808398950132,0.3275354947730495,0.11258654775712879,0.29066340773527266,10,volatility
lstm,GF,42,sfogd_cqr,mid,0.8271119842829077,0.48911994232544664,-0.0027190250733138965,0.09386037882520284,10,volatility
lstm,GF,42,sfogd_cqr,stressed,0.8605263157894737,0.5333421717259117,0.015120253984691301,0.14343150914497618,10,volatility
lstm,GF,42,spci_cqr,calm,0.7506561679790026,0.3085612113211959,0.0762939799475491,0.28598669343195965,10,volatility
lstm,GF,42,spci_cqr,mid,0.8074656188605108,0.5004633985012593,-0.0036226404508012955,0.06736990064090592,10,volatility
lstm,GF,42,spci_cqr,stressed,0.8131578947368421,0.5384633897316298,0.03606804957291704,0.09508423199309607,10,volatility
lstm,GF,43,aci_cqr,calm,0.8110236220472441,0.32652357928641834,0.007187106880720773,0.23184691781349623,10,volatility
lstm,GF,43,aci_cqr,mid,0.8349705304518664,0.4969335552040977,0.00856805428536872,0.05440036498164813,10,volatility
lstm,GF,43,aci_cqr,stressed,0.868421052631579,0.5509184991472645,0.0388158881685961,0.15031068078572696,10,volatility
lstm,GF,43,agaci_cqr,calm,0.7979002624671916,0.32181900756440035,0.007417262426473448,0.2197351643970141,10,volatility
lstm,GF,43,agaci_cqr,mid,0.8212180746561886,0.4939517509653881,0.007306475749486341,0.06476187430964414,10,volatility
lstm,GF,43,agaci_cqr,stressed,0.8447368421052631,0.5484764240823211,0.05008954265054355,0.12885487752041466,10,volatility
lstm,GF,43,cqr_rolling,calm,0.8162729658792651,0.3307812981780276,0.00470580281222982,0.21976594625451643,10,volatility
lstm,GF,43,cqr_rolling,mid,0.8487229862475442,0.49559804636049126,0.005740834596407396,0.03775405340925228,10,volatility
lstm,GF,43,cqr_rolling,stressed,0.8631578947368421,0.5589866146289046,0.043882627866502266,0.13089908889316845,10,volatility
lstm,GF,43,cqr_static,calm,0.8792650918635171,0.6306688237533643,-0.25687109850211975,0.5632567438446632,10,volatility
lstm,GF,43,cqr_static,mid,0.888015717092338,0.6765355732795184,-0.10629875333642336,0.2539873687459533,10,volatility
lstm,GF,43,cqr_static,stressed,0.8526315789473684,0.7097505261044756,-0.02026232700083319,0.24711198972661919,10,volatility
lstm,GF,43,decay_ocp_cqr,calm,0.937007874015748,0.532479126935686,-0.12078021086957746,0.26781258115996087,10,volatility
lstm,GF,43,decay_ocp_cqr,mid,0.93713163064833,0.6401034316016229,-0.07608522510418858,0.17124842940967633,10,volatility
lstm,GF,43,decay_ocp_cqr,stressed,0.9184210526315789,0.6876709789118952,-0.02119164584873967,0.1696027957899678,10,volatility
lstm,GF,43,dtaci_cqr,calm,0.8136482939632546,0.3207047486718749,0.019513447258684202,0.2332659085151532,10,volatility
lstm,GF,43,dtaci_cqr,mid,0.8428290766208252,0.4925222607407618,0.0046402337840516505,0.06170131375856061,10,volatility
lstm,GF,43,dtaci_cqr,stressed,0.8736842105263158,0.5464764997754438,0.054273512950012925,0.12668613014812669,10,volatility
lstm,GF,43,mondrian_cqr,calm,0.8451443569553806,0.3024267406370539,0.10176685939389918,0.38343579794876165,10,volatility
lstm,GF,43,mondrian_cqr,mid,0.8683693516699411,0.5041975960207944,-0.028260872832535977,0.10413991209029086,10,volatility
lstm,GF,43,mondrian_cqr,stressed,0.8921052631578947,0.5964589160458039,-0.05450612890940709,0.1045585165679164,10,volatility
lstm,GF,43,native,calm,0.973753280839895,0.6640415012563464,-0.42617840187315426,0.3029334527477034,10,volatility
lstm,GF,43,native,mid,0.9567779960707269,0.7151706101124436,-0.24812820886365106,0.17791099476758626,10,volatility
lstm,GF,43,native,stressed,0.9421052631578948,0.7410824416915054,-0.12226608893841184,0.06594705527845118,10,volatility
lstm,GF,43,pid_cqr,calm,0.7900262467191601,0.3006741572294644,0.092839021560232,0.24317591231676752,10,volatility
lstm,GF,43,pid_cqr,mid,0.8506876227897839,0.49055772604403564,0.0201547680186292,0.06264301999228528,10,volatility
lstm,GF,43,pid_cqr,stressed,0.8473684210526315,0.5465098141600898,0.051211971283936786,0.07274183120583971,10,volatility
lstm,GF,43,pid_local_cqr,calm,0.7847769028871391,0.31388751950904953,0.10116410410866283,0.25870191193213155,10,volatility
lstm,GF,43,pid_local_cqr,mid,0.8388998035363457,0.5113818936457779,-0.013348403463571246,0.04573142454212267,10,volatility
lstm,GF,43,pid_local_cqr,stressed,0.8631578947368421,0.5638773403646131,0.046308058498199745,0.1158854701188411,10,volatility
lstm,GF,43,pid_tan_cqr,calm,0.821522309711286,0.3774783527381512,-0.16163427192247248,0.2350113343802318,10,volatility
lstm,GF,43,pid_tan_cqr,mid,0.8447937131630648,0.5979585448724638,-0.1928121005981679,0.17322328534813974,10,volatility
lstm,GF,43,pid_tan_cqr,stressed,0.8552631578947368,0.6527980361414908,-0.1597495219996803,0.16601101092219078,10,volatility
lstm,GF,43,saocp_cqr,calm,0.973753280839895,0.6646212404672996,-0.4275206436677824,0.3029334527477034,10,volatility
lstm,GF,43,saocp_cqr,mid,0.9607072691552063,0.7268263234809158,-0.293663175278125,0.15838804626760927,10,volatility
lstm,GF,43,saocp_cqr,stressed,0.9605263157894737,0.7603812722192791,-0.21006901346878093,0.07548237670560753,10,volatility
lstm,GF,43,sfogd_cqr,calm,0.7637795275590551,0.3198165138804077,0.07955787123140223,0.22035953180077958,10,volatility
lstm,GF,43,sfogd_cqr,mid,0.8192534381139489,0.508503641226648,-0.005364968011619731,0.061595006894273135,10,volatility
lstm,GF,43,sfogd_cqr,stressed,0.85,0.5807380703220775,-0.005664958503354023,0.11300091189691558,10,volatility
lstm,GF,43,spci_cqr,calm,0.7322834645669292,0.3131267337881831,0.008172047899924595,0.2821499691409508,10,volatility
lstm,GF,43,spci_cqr,mid,0.7976424361493124,0.498837289788997,0.021799137384655,0.10267145262486857,10,volatility
lstm,GF,43,spci_cqr,stressed,0.8210526315789474,0.5572059129106373,0.05723338692147695,0.11087693053576422,10,volatility
lstm,GF,44,aci_cqr,calm,0.8398950131233596,0.3321028484751834,0.006407441196260577,0.35010744390584003,10,volatility
lstm,GF,44,aci_cqr,mid,0.825147347740668,0.43116222607059673,0.015759905522238715,0.16492185692186692,10,volatility
lstm,GF,44,aci_cqr,stressed,0.8605263157894737,0.5529742119518751,0.0034314735345601366,0.1075363785457944,10,volatility
lstm,GF,44,agaci_cqr,calm,0.8346456692913385,0.3224785467795058,0.033984939870207065,0.36303251567873035,10,volatility
lstm,GF,44,agaci_cqr,mid,0.8074656188605108,0.43981486012295673,-0.006785991593514451,0.156474773554768,10,volatility
lstm,GF,44,agaci_cqr,stressed,0.8526315789473684,0.5402943796454077,0.02348673034628368,0.12461477333143695,10,volatility
lstm,GF,44,cqr_rolling,calm,0.84251968503937,0.33907676120007374,0.020203662614528217,0.3122718898241563,10,volatility
lstm,GF,44,cqr_rolling,mid,0.8369351669941061,0.43610564233046206,-0.0007387348933262095,0.14840263822155472,10,volatility
lstm,GF,44,cqr_rolling,stressed,0.8657894736842106,0.5714361911073961,0.0032323194616255546,0.1357702811818809,10,volatility
lstm,GF,44,cqr_static,calm,0.9186351706036745,0.6027213051582047,-0.16254679596091448,0.2511654275556199,10,volatility
lstm,GF,44,cqr_static,mid,0.888015717092338,0.5900231542846004,-0.05028923876650271,0.056671429827904296,10,volatility
lstm,GF,44,cqr_static,stressed,0.868421052631579,0.6816916567284445,-0.026159772639654744,0.15002240553601692,10,volatility
lstm,GF,44,decay_ocp_cqr,calm,0.8740157480314961,0.4060387311923914,-0.06567821356294967,0.148222116628964,10,volatility
lstm,GF,44,decay_ocp_cqr,mid,0.8330058939096268,0.4803067980740401,0.012217566198757801,0.0683869421467479,10,volatility
lstm,GF,44,decay_ocp_cqr,stressed,0.8394736842105263,0.5871190855917077,0.004281007362370692,0.09716474018900714,10,volatility
lstm,GF,44,dtaci_cqr,calm,0.847769028871391,0.32442943443298455,0.045323329374279075,0.33402571284685384,10,volatility
lstm,GF,44,dtaci_cqr,mid,0.8290766208251473,0.4303336250662912,0.010756013194806624,0.1819936511225835,10,volatility
lstm,GF,44,dtaci_cqr,stressed,0.8710526315789474,0.5464262127514532,0.012066586826140868,0.11403704178666918,10,volatility
lstm,GF,44,mondrian_cqr,calm,0.8608923884514436,0.3192871340147877,-0.01346378490671113,0.49512573248010466,10,volatility
lstm,GF,44,mondrian_cqr,mid,0.8821218074656189,0.47546924437482224,-0.08363338657626662,0.16556534288696062,10,volatility
lstm,GF,44,mondrian_cqr,stressed,0.8973684210526316,0.5997412506047035,-0.04293108952905933,0.15341320431378078,10,volatility
lstm,GF,44,native,calm,0.7086614173228346,0.3660611722512645,-0.04466965512132487,0.4382041954452953,10,volatility
lstm,GF,44,native,mid,0.587426326129666,0.5005435016774361,-0.1164304391244313,0.17358537311227154,10,volatility
lstm,GF,44,native,stressed,0.6105263157894737,0.547635126424848,-0.038782220020497915,0.16787699796553968,10,volatility
lstm,GF,44,pid_cqr,calm,0.7952755905511811,0.30415640978981184,0.08475264023982548,0.39175770910965585,10,volatility
lstm,GF,44,pid_cqr,mid,0.8094302554027505,0.44352002814586444,0.014468477145211933,0.17454561741634397,10,volatility
lstm,GF,44,pid_cqr,stressed,0.8605263157894737,0.5329771283666527,0.04167354787341265,0.08845130308499702,10,volatility
lstm,GF,44,pid_local_cqr,calm,0.7769028871391076,0.3373697439142679,0.08303721161380678,0.29497238647796137,10,volatility
lstm,GF,44,pid_local_cqr,mid,0.8192534381139489,0.4567014945865996,0.013691858827471703,0.11878335161234183,10,volatility
lstm,GF,44,pid_local_cqr,stressed,0.8552631578947368,0.5520643881863034,0.06108411280721787,0.11044502202019466,10,volatility
lstm,GF,44,pid_tan_cqr,calm,0.847769028871391,0.33717180170123057,-0.15000200610531422,0.5335846324497713,10,volatility
lstm,GF,44,pid_tan_cqr,mid,0.7976424361493124,0.5468856253152309,-0.1768330092026732,0.18209249558312468,10,volatility
lstm,GF,44,pid_tan_cqr,stressed,0.8526315789473684,0.6193745392388337,-0.08859708011021472,0.1780815766298538,10,volatility
lstm,GF,44,saocp_cqr,calm,0.8267716535433071,0.36400324823320673,0.06430407869134741,0.15112815606649094,10,volatility
lstm,GF,44,saocp_cqr,mid,0.8585461689587426,0.47990279259470303,-0.02092587008493141,0.054193048520309844,10,volatility
lstm,GF,44,saocp_cqr,stressed,0.868421052631579,0.5918153234548632,-0.02709768349600533,0.16363651083271816,10,volatility
lstm,GF,44,sfogd_cqr,calm,0.7690288713910761,0.330955485182389,0.09982867686409447,0.29805920716934947,10,volatility
lstm,GF,44,sfogd_cqr,mid,0.8153241650294696,0.4685061857755328,0.008710944254107733,0.10649064754386861,10,volatility
lstm,GF,44,sfogd_cqr,stressed,0.8473684210526315,0.590548375708816,-0.013373202329648726,0.11162443550000412,10,volatility
lstm,GF,44,spci_cqr,calm,0.7401574803149606,0.31064889391214245,0.03428735464447297,0.381007250723687,10,volatility
lstm,GF,44,spci_cqr,mid,0.768172888015717,0.4506340382950677,-0.0164374695567171,0.1515178050411861,10,volatility
lstm,GF,44,spci_cqr,stressed,0.8394736842105263,0.561995471878113,-0.014793747524502798,0.034853930243467335,10,volatility
lstm,GI,42,aci_cqr,calm,0.7480314960629921,0.3850902009962367,-0.03446722881866693,0.10528764527087897,10,volatility
lstm,GI,42,aci_cqr,mid,0.8231827111984283,0.5377548955586181,-0.07880391792672692,0.09491649292241605,10,volatility
lstm,GI,42,aci_cqr,stressed,0.8842105263157894,0.6209257728093588,-0.014453224850212054,0.08452961111395887,10,volatility
lstm,GI,42,agaci_cqr,calm,0.7349081364829396,0.38699579739778694,-0.0414812129813622,0.10694768952091643,10,volatility
lstm,GI,42,agaci_cqr,mid,0.8133595284872298,0.5383324828788345,-0.0847304879626648,0.09909936251565049,10,volatility
lstm,GI,42,agaci_cqr,stressed,0.8710526315789474,0.5723630209472904,-0.006731177433373148,0.053629020348932216,10,volatility
lstm,GI,42,cqr_rolling,calm,0.7742782152230971,0.3836383680538563,-0.03058327108821368,0.13846644169841407,10,volatility
lstm,GI,42,cqr_rolling,mid,0.8388998035363457,0.5407310624598248,-0.08320647819034455,0.08849068237768637,10,volatility
lstm,GI,42,cqr_rolling,stressed,0.8973684210526316,0.6420781481770687,-0.02378783731256151,0.11198658793044433,10,volatility
lstm,GI,42,cqr_static,calm,0.963254593175853,0.9077981260690452,-0.48132077794206096,0.9574398118093247,10,volatility
lstm,GI,42,cqr_static,mid,0.9528487229862476,0.9115579906166867,-0.43214297836675597,0.41375533364543227,10,volatility
lstm,GI,42,cqr_static,stressed,0.9315789473684211,0.9761307421549846,-0.14138018619446002,0.5851357362273267,10,volatility
lstm,GI,42,decay_ocp_cqr,calm,0.9422572178477691,0.6271319514934142,-0.2055835184281427,0.39035065023253895,10,volatility
lstm,GI,42,decay_ocp_cqr,mid,0.9273084479371316,0.6976618587673367,-0.19657274862880159,0.2613663742454981,10,volatility
lstm,GI,42,decay_ocp_cqr,stressed,0.9184210526315789,0.7851046344333147,-0.09045969976538903,0.3306023600030104,10,volatility
lstm,GI,42,dtaci_cqr,calm,0.7506561679790026,0.3812430427572774,-0.02798109875724697,0.1177898318720352,10,volatility
lstm,GI,42,dtaci_cqr,mid,0.8271119842829077,0.535593674726147,-0.08562323839769781,0.11264072694968866,10,volatility
lstm,GI,42,dtaci_cqr,stressed,0.8921052631578947,0.570842090933838,-0.004836217934422127,0.06744309527144499,10,volatility
lstm,GI,42,mondrian_cqr,calm,0.8608923884514436,0.3508344989165599,0.022309806085905937,0.2514172464766363,10,volatility
lstm,GI,42,mondrian_cqr,mid,0.8703339882121808,0.5968998279119159,-0.13389482269285202,0.11412635313033037,10,volatility
lstm,GI,42,mondrian_cqr,stressed,0.9078947368421053,0.6133510881311506,-0.03334326012768696,0.09213251135003869,10,volatility
lstm,GI,42,native,calm,0.9343832020997376,0.5669833082725487,-0.19042099118124511,0.11061671419114011,10,volatility
lstm,GI,42,native,mid,0.9037328094302554,0.6128083627821258,-0.17783673504338593,0.18816727458019955,10,volatility
lstm,GI,42,native,stressed,0.9,0.6652105719163107,-0.06663991065470642,0.06859174172167087,10,volatility
lstm,GI,42,pid_cqr,calm,0.7506561679790026,0.3317091082360476,0.02889140528113876,0.1379602128027923,10,volatility
lstm,GI,42,pid_cqr,mid,0.8447937131630648,0.5356076814749631,-0.07142143329183448,0.09793973041207471,10,volatility
lstm,GI,42,pid_cqr,stressed,0.8894736842105263,0.5846223943142719,0.005882751451690427,0.08189539972905122,10,volatility
lstm,GI,42,pid_local_cqr,calm,0.7585301837270341,0.35372795731952467,0.026507061432798407,0.12999980961051943,10,volatility
lstm,GI,42,pid_local_cqr,mid,0.8526522593320236,0.5475937709758142,-0.10392409692901905,0.1316697110274411,10,volatility
lstm,GI,42,pid_local_cqr,stressed,0.8842105263157894,0.5588414824830066,0.0024905791287224144,0.07281659404058288,10,volatility
lstm,GI,42,pid_tan_cqr,calm,0.7979002624671916,0.3619395694585907,-0.0930904413991257,0.26010046914613144,10,volatility
lstm,GI,42,pid_tan_cqr,mid,0.8683693516699411,0.6138750495909768,-0.25137191361918454,0.12057713052072255,10,volatility
lstm,GI,42,pid_tan_cqr,stressed,0.8842105263157894,0.7100245892974508,-0.20464776476102198,0.14112954478991263,10,volatility
lstm,GI,42,saocp_cqr,calm,0.9422572178477691,0.5693175992229513,-0.194376783231067,0.10343513318041408,10,volatility
lstm,GI,42,saocp_cqr,mid,0.9292730844793713,0.6271845797009219,-0.21755806150274792,0.1888661750285609,10,volatility
lstm,GI,42,saocp_cqr,stressed,0.9342105263157895,0.7035908443969473,-0.1813196336672086,0.1375187788139527,10,volatility
lstm,GI,42,sfogd_cqr,calm,0.7454068241469817,0.3494438128658828,0.030427012827459354,0.16109842140660158,10,volatility
lstm,GI,42,sfogd_cqr,mid,0.8231827111984283,0.541208581249908,-0.10730603686526319,0.17340927414557325,10,volatility
lstm,GI,42,sfogd_cqr,stressed,0.8578947368421053,0.5702400547485865,-0.00982131997722735,0.0898098194405581,10,volatility
lstm,GI,42,spci_cqr,calm,0.7427821522309711,0.342044826056194,0.02010564037948226,0.19353207958589863,10,volatility
lstm,GI,42,spci_cqr,mid,0.7956777996070727,0.543681481779252,-0.10635259026979071,0.20649120302601576,10,volatility
lstm,GI,42,spci_cqr,stressed,0.85,0.5713471510536126,0.008721100389002812,0.10761068681161864,10,volatility
lstm,GI,43,aci_cqr,calm,0.8136482939632546,0.3198409629567026,-0.01942120518445667,0.23995651419873926,10,volatility
lstm,GI,43,aci_cqr,mid,0.8369351669941061,0.5160682500211481,-0.05839271360927656,0.1554037992560622,10,volatility
lstm,GI,43,aci_cqr,stressed,0.8447368421052631,0.6327456324031812,-0.05498818670385841,0.0682833929642514,10,volatility
lstm,GI,43,agaci_cqr,calm,0.8110236220472441,0.3115290195981911,-0.015240404171002586,0.25582752897370514,10,volatility
lstm,GI,43,agaci_cqr,mid,0.825147347740668,0.5103825807118931,-0.04976452805664633,0.15534710050285544,10,volatility
lstm,GI,43,agaci_cqr,stressed,0.8315789473684211,0.6295874327312933,-0.049955412845163694,0.08409833097364722,10,volatility
lstm,GI,43,cqr_rolling,calm,0.8346456692913385,0.3253451128924102,-0.021257762460882956,0.22941617991729135,10,volatility
lstm,GI,43,cqr_rolling,mid,0.8349705304518664,0.5180586968025424,-0.0592879068652693,0.14833474776856098,10,volatility
lstm,GI,43,cqr_rolling,stressed,0.8368421052631579,0.6359183776144958,-0.05573661126151774,0.07829047930272265,10,volatility
lstm,GI,43,cqr_static,calm,0.847769028871391,0.6508657929267156,-0.23625581506773263,0.3025363251261185,10,volatility
lstm,GI,43,cqr_static,mid,0.8526522593320236,0.7123389251040574,-0.16281255147703333,0.1472386566624302,10,volatility
lstm,GI,43,cqr_static,stressed,0.7868421052631579,0.7577470583568534,-0.11775410435201938,0.18387901757457997,10,volatility
lstm,GI,43,decay_ocp_cqr,calm,0.9396325459317585,0.537260334840899,-0.15207142851191435,0.2737930078236803,10,volatility
lstm,GI,43,decay_ocp_cqr,mid,0.931237721021611,0.6568515842720981,-0.1574915636839015,0.11769633090478698,10,volatility
lstm,GI,43,decay_ocp_cqr,stressed,0.8947368421052632,0.7117457729185582,-0.06533640576414146,0.2156200712612631,10,volatility
lstm,GI,43,dtaci_cqr,calm,0.8162729658792651,0.31050744019776044,0.0006982426923809459,0.24027105887929273,10,volatility
lstm,GI,43,dtaci_cqr,mid,0.8506876227897839,0.5116005562304086,-0.04892452272491121,0.1529968098481149,10,volatility
lstm,GI,43,dtaci_cqr,stressed,0.8421052631578947,0.6265388640591543,-0.03745912319254019,0.0684128452762211,10,volatility
lstm,GI,43,mondrian_cqr,calm,0.84251968503937,0.30299460840147924,0.0832328064011078,0.26373403901089076,10,volatility
lstm,GI,43,mondrian_cqr,mid,0.8742632612966601,0.5561109069136984,-0.10193829539038257,0.15235304380715028,10,volatility
lstm,GI,43,mondrian_cqr,stressed,0.8736842105263158,0.7009394481577138,-0.129866479406325,0.07240007608149784,10,volatility
lstm,GI,43,native,calm,0.9658792650918635,0.6570154274730771,-0.3944535996773306,0.3556648402631473,10,volatility
lstm,GI,43,native,mid,0.9567779960707269,0.7263945245565224,-0.23144801569503715,0.22855518017401583,10,volatility
lstm,GI,43,native,stressed,0.9236842105263158,0.7627884591799818,-0.16906474132257432,0.09076775972734513,10,volatility
lstm,GI,43,pid_cqr,calm,0.7926509186351706,0.29975564028433,0.0453271398931947,0.2432090259970776,10,volatility
lstm,GI,43,pid_cqr,mid,0.8506876227897839,0.5157251385251548,-0.05389546844220605,0.1717462594360932,10,volatility
lstm,GI,43,pid_cqr,stressed,0.8473684210526315,0.618785433976086,-0.025249638082151415,0.038365562329842146,10,volatility
lstm,GI,43,pid_local_cqr,calm,0.800524934383202,0.30981270828455776,0.0668439162076338,0.2367896964729945,10,volatility
lstm,GI,43,pid_local_cqr,mid,0.8349705304518664,0.5332843749607034,-0.0751623644661763,0.13226162393327154,10,volatility
lstm,GI,43,pid_local_cqr,stressed,0.8605263157894737,0.6365580096016413,-0.026518692337191396,0.13462443338412686,10,volatility
lstm,GI,43,pid_tan_cqr,calm,0.8320209973753281,0.36977338682651517,-0.15354851138867354,0.23741979211504563,10,volatility
lstm,GI,43,pid_tan_cqr,mid,0.862475442043222,0.5940528954775998,-0.20054304835504122,0.2125011220004534,10,volatility
lstm,GI,43,pid_tan_cqr,stressed,0.8210526315789474,0.7405242658737544,-0.2901894793945682,0.1921912977060799,10,volatility
lstm,GI,43,saocp_cqr,calm,0.968503937007874,0.6547133192065756,-0.3944535996773306,0.3631743276453057,10,volatility
lstm,GI,43,saocp_cqr,mid,0.9587426326129665,0.7396133010762145,-0.28200211818103926,0.20239103333451658,10,volatility
lstm,GI,43,saocp_cqr,stressed,0.9552631578947368,0.7795259348774688,-0.24538344813579016,0.10922623166065265,10,volatility
lstm,GI,43,sfogd_cqr,calm,0.7716535433070866,0.31003764418705415,0.05655740117584018,0.17800705398236913,10,volatility
lstm,GI,43,sfogd_cqr,mid,0.8231827111984283,0.5079259533297471,-0.01924127063479164,0.1431679609983706,10,volatility
lstm,GI,43,sfogd_cqr,stressed,0.8473684210526315,0.6430022062142887,-0.06865290599564,0.09636265224211787,10,volatility
lstm,GI,43,spci_cqr,calm,0.7322834645669292,0.30525112658747194,-0.05821086424360844,0.2869508904405482,10,volatility
lstm,GI,43,spci_cqr,mid,0.8055009823182712,0.5204051752871619,-0.02895214323698686,0.1760081709214309,10,volatility
lstm,GI,43,spci_cqr,stressed,0.8263157894736842,0.6139204906388307,-0.059111463479497806,0.11720837680589047,10,volatility
lstm,GI,44,aci_cqr,calm,0.8740157480314961,0.29352296895665736,0.10010274108796308,0.3670647600282169,10,volatility
lstm,GI,44,aci_cqr,mid,0.8074656188605108,0.4452418881821339,0.01265025171825529,0.2270859094298525,10,volatility
lstm,GI,44,aci_cqr,stressed,0.8657894736842106,0.5922736944639208,-0.01184939651350203,0.0919873511695975,10,volatility
lstm,GI,44,agaci_cqr,calm,0.8556430446194225,0.28523261995550353,0.10113110135353687,0.39631243709192476,10,volatility
lstm,GI,44,agaci_cqr,mid,0.7976424361493124,0.446735431115913,0.00030595267446026364,0.21819190453455356,10,volatility
lstm,GI,44,agaci_cqr,stressed,0.8605263157894737,0.587739901319517,0.0013284687131157602,0.1062628254043986,10,volatility
lstm,GI,44,cqr_rolling,calm,0.8818897637795275,0.3072737844326055,0.09333234627361148,0.30491044258550315,10,volatility
lstm,GI,44,cqr_rolling,mid,0.8212180746561886,0.4471448995596542,0.01775411765334539,0.24584712546475834,10,volatility
lstm,GI,44,cqr_rolling,stressed,0.8552631578947368,0.6068979730732368,-0.021154205628262757,0.10147083288010034,10,volatility
lstm,GI,44,cqr_static,calm,0.8740157480314961,0.6317629323015125,-0.1519029876861564,0.38711631024812876,10,volatility
lstm,GI,44,cqr_static,mid,0.8212180746561886,0.622242551672164,-0.03405599044583152,0.18684434188532761,10,volatility
lstm,GI,44,cqr_static,stressed,0.8052631578947368,0.7356848565140433,-0.060583107475245646,0.13259200327674392,10,volatility
lstm,GI,44,decay_ocp_cqr,calm,0.884514435695538,0.4090299058091103,-0.0004590762036467688,0.11253687328045991,10,volatility
lstm,GI,44,decay_ocp_cqr,mid,0.7996070726915521,0.5017708508947278,-0.00011180082165523908,0.0635818616788239,10,volatility
lstm,GI,44,decay_ocp_cqr,stressed,0.7868421052631579,0.5997383565265773,-0.024253100867231536,0.06539262113315636,10,volatility
lstm,GI,44,dtaci_cqr,calm,0.8608923884514436,0.2860299516765273,0.11136043973789944,0.37802292378674995,10,volatility
lstm,GI,44,dtaci_cqr,mid,0.8055009823182712,0.43965421819782785,0.01472137515782318,0.211476543131726,10,volatility
lstm,GI,44,dtaci_cqr,stressed,0.8789473684210526,0.58161102821626,-0.009202651362622438,0.10447062849183816,10,volatility
lstm,GI,44,mondrian_cqr,calm,0.863517060367454,0.2728262636916569,0.09251103096380486,0.35896817149670823,10,volatility
lstm,GI,44,mondrian_cqr,mid,0.8781925343811395,0.48886835848247945,-0.02368350294312077,0.17678968757477181,10,volatility
lstm,GI,44,mondrian_cqr,stressed,0.8947368421052632,0.6318924784269655,-0.022671188700525757,0.1591111711414334,10,volatility
lstm,GI,44,native,calm,0.7322834645669292,0.3294258239383973,0.10438742909708654,0.34998330047296267,10,volatility
lstm,GI,44,native,mid,0.5893909626719057,0.5107004297069321,-0.060230926373497806,0.15047604452504404,10,volatility
lstm,GI,44,native,stressed,0.5973684210526315,0.5917705457850163,-0.07656661831846512,0.1286887571485582,10,volatility
lstm,GI,44,pid_cqr,calm,0.8083989501312336,0.26085946908481056,0.13333108160266227,0.4169953345069309,10,volatility
lstm,GI,44,pid_cqr,mid,0.7917485265225933,0.44305520468928555,-0.00034086236715408225,0.15905444163491245,10,volatility
lstm,GI,44,pid_cqr,stressed,0.8631578947368421,0.5650794032903541,0.02962288160908083,0.12352851483336752,10,volatility
lstm,GI,44,pid_local_cqr,calm,0.7821522309711286,0.2788930493060582,0.12619833560581428,0.3712593681528833,10,volatility
lstm,GI,44,pid_local_cqr,mid,0.8055009823182712,0.4507644418060904,0.03943583591191707,0.10934461721012362,10,volatility
lstm,GI,44,pid_local_cqr,stressed,0.8631578947368421,0.5521151636531089,0.04717632563207347,0.08059944598134289,10,volatility
lstm,GI,44,pid_tan_cqr,calm,0.8792650918635171,0.31501195515045605,0.028154731792699006,0.4421138633342436,10,volatility
lstm,GI,44,pid_tan_cqr,mid,0.8015717092337917,0.5190325307664465,-0.09337546050982937,0.1831020937229225,10,volatility
lstm,GI,44,pid_tan_cqr,stressed,0.85,0.6602840680914892,-0.14665310047944236,0.15015010365380782,10,volatility
lstm,GI,44,saocp_cqr,calm,0.8372703412073491,0.3194630520946251,0.11364590286940995,0.2675898867236902,10,volatility
lstm,GI,44,saocp_cqr,mid,0.8349705304518664,0.4704084325259529,0.026216940774314024,0.0955962757703345,10,volatility
lstm,GI,44,saocp_cqr,stressed,0.8736842105263158,0.5924158105633854,-0.017151800132060524,0.11117910996862562,10,volatility
lstm,GI,44,sfogd_cqr,calm,0.7637795275590551,0.2722224551742254,0.11465497126461155,0.4011976714166162,10,volatility
lstm,GI,44,sfogd_cqr,mid,0.8172888015717092,0.4614953262178415,0.039885576644866194,0.09209357988653019,10,volatility
lstm,GI,44,sfogd_cqr,stressed,0.8631578947368421,0.5861812375792318,-0.011995727298183434,0.11350210217013335,10,volatility
lstm,GI,44,spci_cqr,calm,0.8057742782152231,0.2664110155676126,0.0873450963732939,0.4337123436677401,10,volatility
lstm,GI,44,spci_cqr,mid,0.7445972495088409,0.4805413236320926,-0.006068139978510412,0.23218577968492687,10,volatility
lstm,GI,44,spci_cqr,stressed,0.8631578947368421,0.5860410731064175,-0.04397394517544517,0.07175433603235609,10,volatility
lstm,L,42,aci_cqr,calm,0.7401574803149606,0.27864802084207707,0.0904842804646187,0.44763288375427074,10,volatility
lstm,L,42,aci_cqr,mid,0.8172888015717092,0.4697620992652566,0.043423459072406856,0.1089069869051667,10,volatility
lstm,L,42,aci_cqr,stressed,0.8289473684210527,0.533221507365285,0.018854693792134503,0.1912426340217862,10,volatility
lstm,L,42,agaci_cqr,calm,0.7664041994750657,0.26447248325250794,0.10259660135563203,0.44704342866329677,10,volatility
lstm,L,42,agaci_cqr,mid,0.8172888015717092,0.46773567029152724,0.04801727819777801,0.10394506236419859,10,volatility
lstm,L,42,agaci_cqr,stressed,0.8315789473684211,0.5321449866156885,0.021753327511038145,0.19817794707519026,10,volatility
lstm,L,42,cqr_rolling,calm,0.7611548556430446,0.278673766678079,0.10228567761863572,0.44706812490544223,10,volatility
lstm,L,42,cqr_rolling,mid,0.8212180746561886,0.47086416357183686,0.03540621073731004,0.10945737840833925,10,volatility
lstm,L,42,cqr_rolling,stressed,0.8210526315789474,0.555263165052538,0.018280538555653647,0.11782610143968855,10,volatility
lstm,L,42,cqr_static,calm,0.7559055118110236,0.47848099362865043,-0.0439880613944682,0.3226794661732212,10,volatility
lstm,L,42,cqr_static,mid,0.7996070726915521,0.6106472185968481,0.0188738503433859,0.08954356002637509,10,volatility
lstm,L,42,cqr_static,stressed,0.781578947368421,0.6807291959555103,-0.02028183290282559,0.09965478182842796,10,volatility
lstm,L,42,decay_ocp_cqr,calm,0.8267716535433071,0.30152867489070856,0.12467358148356028,0.3441345251932887,10,volatility
lstm,L,42,decay_ocp_cqr,mid,0.8565815324165029,0.47966386743212724,0.04553793423008812,0.13829713408709896,10,volatility
lstm,L,42,decay_ocp_cqr,stressed,0.8184210526315789,0.5693365238563873,0.01952782179158985,0.09763435613925817,10,volatility
lstm,L,42,dtaci_cqr,calm,0.7506561679790026,0.2669999828342657,0.11246936085178394,0.42846377653448886,10,volatility
lstm,L,42,dtaci_cqr,mid,0.831041257367387,0.46616917677610153,0.05740152183232067,0.11726909546833666,10,volatility
lstm,L,42,dtaci_cqr,stressed,0.8605263157894737,0.5263141352113739,0.03812442229130841,0.22367281361410477,10,volatility
lstm,L,42,mondrian_cqr,calm,0.8083989501312336,0.28309517848416577,0.061571729359758076,0.44852589758382133,10,volatility
lstm,L,42,mondrian_cqr,mid,0.8546168958742633,0.4756229995522384,0.02313249098513509,0.1665950501653262,10,volatility
lstm,L,42,mondrian_cqr,stressed,0.8710526315789474,0.6101763527989124,-0.11379871313839118,0.13801305617066395,10,volatility
lstm,L,42,native,calm,0.8792650918635171,0.3126459190102779,0.07317592055491762,0.33276259849548984,10,volatility
lstm,L,42,native,mid,0.9017681728880157,0.4650740929163575,0.04880145286548759,0.10660676792574753,10,volatility
lstm,L,42,native,stressed,0.8421052631578947,0.5380017481421219,0.03341481710554478,0.11158381743110218,10,volatility
lstm,L,42,pid_cqr,calm,0.7637795275590551,0.2674304781455798,0.1292524908780167,0.3877202976427197,10,volatility
lstm,L,42,pid_cqr,mid,0.8192534381139489,0.4552110967883044,0.07067199681381303,0.13259958182174383,10,volatility
lstm,L,42,pid_cqr,stressed,0.8447368421052631,0.5164321940243329,0.06629894670648878,0.2000385924573967,10,volatility
lstm,L,42,pid_local_cqr,calm,0.7559055118110236,0.287960154383875,0.12712620611998404,0.37055195620681913,10,volatility
lstm,L,42,pid_local_cqr,mid,0.8192534381139489,0.4783931234416635,0.028648007751330584,0.14973701260344408,10,volatility
lstm,L,42,pid_local_cqr,stressed,0.8473684210526315,0.535564217773355,0.03228538494702943,0.08991534393896594,10,volatility
lstm,L,42,pid_tan_cqr,calm,0.8136482939632546,0.3146722483416186,-0.02959466914596498,0.4980887827860114,10,volatility
lstm,L,42,pid_tan_cqr,mid,0.831041257367387,0.5469843272134027,-0.11369480463550818,0.07561678988417686,10,volatility
lstm,L,42,pid_tan_cqr,stressed,0.8236842105263158,0.6293160398781801,-0.1615540691710433,0.2767512511447196,10,volatility
lstm,L,42,saocp_cqr,calm,0.8976377952755905,0.317412366245046,0.05678737767402525,0.29124404382031155,10,volatility
lstm,L,42,saocp_cqr,mid,0.925343811394892,0.5042814304558414,-0.033931525206397306,0.10881475759592771,10,volatility
lstm,L,42,saocp_cqr,stressed,0.9263157894736842,0.5900893838641182,-0.03549005934662097,0.04808253994542894,10,volatility
lstm,L,42,sfogd_cqr,calm,0.7427821522309711,0.28555630618369815,0.08248995031187828,0.3306169794467063,10,volatility
lstm,L,42,sfogd_cqr,mid,0.8153241650294696,0.46057728479809157,-0.010355152285347335,0.22841119961410336,10,volatility
lstm,L,42,sfogd_cqr,stressed,0.85,0.565523544215347,-0.02860213817238899,0.08392717232523805,10,volatility
lstm,L,42,spci_cqr,calm,0.7296587926509186,0.2787992019777145,0.042917275620319606,0.4148979560734857,10,volatility
lstm,L,42,spci_cqr,mid,0.7662082514734774,0.47469069566365935,0.05360577638226777,0.19283240719261688,10,volatility
lstm,L,42,spci_cqr,stressed,0.8052631578947368,0.5360440604687766,0.03106987290911023,0.1577145001414381,10,volatility
lstm,L,43,aci_cqr,calm,0.7637795275590551,0.3006637363736183,0.09643565638452473,0.35615609942717397,10,volatility
lstm,L,43,aci_cqr,mid,0.8192534381139489,0.4711617418233722,0.04345941932790992,0.12424356501675815,10,volatility
lstm,L,43,aci_cqr,stressed,0.8315789473684211,0.5322788837091311,0.05665368849512842,0.23077341804589988,10,volatility
lstm,L,43,agaci_cqr,calm,0.7585301837270341,0.29482149852450673,0.09085496638636564,0.399922789391572,10,volatility
lstm,L,43,agaci_cqr,mid,0.8271119842829077,0.4580907632036596,0.051681598670587636,0.16573220462809293,10,volatility
lstm,L,43,agaci_cqr,stressed,0.8421052631578947,0.517765975224863,0.057922250537963904,0.28452706902522984,10,volatility
lstm,L,43,cqr_rolling,calm,0.7690288713910761,0.29871054675900754,0.09758807179411932,0.3638407701186459,10,volatility
lstm,L,43,cqr_rolling,mid,0.8231827111984283,0.47212987190302175,0.03364341594855874,0.12367406173507642,10,volatility
lstm,L,43,cqr_rolling,stressed,0.8315789473684211,0.5327261033370856,0.05665368849512842,0.21861351871846765,10,volatility
lstm,L,43,cqr_static,calm,0.8320209973753281,0.4761899286183688,-0.048495443926952486,0.37140636916322656,10,volatility
lstm,L,43,cqr_static,mid,0.8605108055009824,0.6134495960363484,-0.04810150262680235,0.09982363092580662,10,volatility
lstm,L,43,cqr_static,stressed,0.8631578947368421,0.6991583809958712,0.010349914672364013,0.14332547378709928,10,volatility
lstm,L,43,decay_ocp_cqr,calm,0.8162729658792651,0.3011740929143031,0.09010190102850912,0.3628590588013706,10,volatility
lstm,L,43,decay_ocp_cqr,mid,0.8664047151277013,0.47884431021066026,0.028689413548910303,0.10543055111594044,10,volatility
lstm,L,43,decay_ocp_cqr,stressed,0.8657894736842106,0.5771587279744025,0.05442744674757194,0.2029392523864966,10,volatility
lstm,L,43,dtaci_cqr,calm,0.7611548556430446,0.2966638249287419,0.08879247413837055,0.3748399347979007,10,volatility
lstm,L,43,dtaci_cqr,mid,0.8428290766208252,0.46200870320734655,0.03976779471133718,0.13106484331736648,10,volatility
lstm,L,43,dtaci_cqr,stressed,0.8421052631578947,0.5090723635856497,0.06664149908518446,0.27455627169318964,10,volatility
lstm,L,43,mondrian_cqr,calm,0.8320209973753281,0.3164083825895851,0.07771901077077348,0.453603900803032,10,volatility
lstm,L,43,mondrian_cqr,mid,0.8722986247544204,0.5289778164132829,-0.03884095637215612,0.15570238185088137,10,volatility
lstm,L,43,mondrian_cqr,stressed,0.8842105263157894,0.570628431200338,-0.05481413762236054,0.12498075875789016,10,volatility
lstm,L,43,native,calm,0.868766404199475,0.31451248222299094,0.11441774975626645,0.3392461803889919,10,volatility
lstm,L,43,native,mid,0.8821218074656189,0.4537401212731738,0.07084098681733314,0.1448007782086989,10,volatility
lstm,L,43,native,stressed,0.8736842105263158,0.5429155396357571,0.0561092366749365,0.11545671733084928,10,volatility
lstm,L,43,pid_cqr,calm,0.7585301837270341,0.2793118436028566,0.10294946752557965,0.3582707621181136,10,volatility
lstm,L,43,pid_cqr,mid,0.8369351669941061,0.45528205745896755,0.04736494635978816,0.14180300637274554,10,volatility
lstm,L,43,pid_cqr,stressed,0.8263157894736842,0.49920638873245704,0.10361779964268619,0.24097983688675248,10,volatility
lstm,L,43,pid_local_cqr,calm,0.7611548556430446,0.2953628492513487,0.10929449718637713,0.35730263083099917,10,volatility
lstm,L,43,pid_local_cqr,mid,0.8290766208251473,0.4800178984690778,0.01717545925969788,0.10947470586313199,10,volatility
lstm,L,43,pid_local_cqr,stressed,0.8368421052631579,0.5189928970802254,0.06755349425200746,0.19435273536688377,10,volatility
lstm,L,43,pid_tan_cqr,calm,0.7795275590551181,0.3115088098236362,-0.026503527433329732,0.4436353147999638,10,volatility
lstm,L,43,pid_tan_cqr,mid,0.8506876227897839,0.5534836484457631,-0.12019506907170385,0.10249884229611955,10,volatility
lstm,L,43,pid_tan_cqr,stressed,0.8447368421052631,0.5689658646886188,-0.1273070133511348,0.22295659868976922,10,volatility
lstm,L,43,saocp_cqr,calm,0.884514435695538,0.3310978833037801,0.0992767011586384,0.21379013395262775,10,volatility
lstm,L,43,saocp_cqr,mid,0.9155206286836935,0.5091691572018445,-0.02509532235613432,0.038892177618248536,10,volatility
lstm,L,43,saocp_cqr,stressed,0.9263157894736842,0.5682885626520886,0.012815568905367836,0.09548943492823847,10,volatility
lstm,L,43,sfogd_cqr,calm,0.7401574803149606,0.30804962220154297,0.0694017796685274,0.3008233533357226,10,volatility
lstm,L,43,sfogd_cqr,mid,0.8428290766208252,0.49406968458324696,-0.0011473497273627453,0.09527959054448443,10,volatility
lstm,L,43,sfogd_cqr,stressed,0.8342105263157895,0.5420949807059356,0.05754020595674464,0.14236681472507517,10,volatility
lstm,L,43,spci_cqr,calm,0.7559055118110236,0.2938825749234988,0.09407867159570199,0.4138267996744176,10,volatility
lstm,L,43,spci_cqr,mid,0.7799607072691552,0.47409462474932956,0.008326997764248223,0.16401299233376732,10,volatility
lstm,L,43,spci_cqr,stressed,0.8105263157894737,0.5211866620458349,0.02977378008199727,0.25156907917365257,10,volatility
lstm,L,44,aci_cqr,calm,0.7742782152230971,0.290838905197988,0.1254491220400244,0.47173051935409627,10,volatility
lstm,L,44,aci_cqr,mid,0.8330058939096268,0.482484504495201,0.03859983520628529,0.05331510617220256,10,volatility
lstm,L,44,aci_cqr,stressed,0.8131578947368421,0.6005689436146043,-0.05250452601813904,0.14040639964009566,10,volatility
lstm,L,44,agaci_cqr,calm,0.7664041994750657,0.28748289063619054,0.13019957102609708,0.46456881308169334,10,volatility
lstm,L,44,agaci_cqr,mid,0.8428290766208252,0.4776526500737119,0.04587418160692153,0.07518691475570119,10,volatility
lstm,L,44,agaci_cqr,stressed,0.8,0.5867295322593785,-0.019069070979997105,0.1423436136217599,10,volatility
lstm,L,44,cqr_rolling,calm,0.7664041994750657,0.2897676897083484,0.1291706219937102,0.45747959711377345,10,volatility
lstm,L,44,cqr_rolling,mid,0.8349705304518664,0.4888455623980706,0.025657104960440824,0.07740137403486455,10,volatility
lstm,L,44,cqr_rolling,stressed,0.8078947368421052,0.5952765316351046,-0.03874196047855294,0.1435351236751053,10,volatility
lstm,L,44,cqr_static,calm,0.8188976377952756,0.479097961412186,-0.005278517059798482,0.36597902342962585,10,volatility
lstm,L,44,cqr_static,mid,0.8192534381139489,0.6371803512744824,-0.0043586796281032125,0.1563012573821899,10,volatility
lstm,L,44,cqr_static,stressed,0.781578947368421,0.6911749514762405,-0.03765372550758661,0.10716093582984712,10,volatility
lstm,L,44,decay_ocp_cqr,calm,0.8346456692913385,0.3189082162806474,0.12416645247992247,0.3699243358855614,10,volatility
lstm,L,44,decay_ocp_cqr,mid,0.8565815324165029,0.5013431838644451,0.01609382261068576,0.13034016574925478,10,volatility
lstm,L,44,decay_ocp_cqr,stressed,0.7921052631578948,0.5701372678117571,-0.023329296062995386,0.08375951450623007,10,volatility
lstm,L,44,dtaci_cqr,calm,0.7690288713910761,0.28646656577205826,0.1399027978812843,0.470715976414028,10,volatility
lstm,L,44,dtaci_cqr,mid,0.8506876227897839,0.4819338274496196,0.0401989309511252,0.08765870069696913,10,volatility
lstm,L,44,dtaci_cqr,stressed,0.8184210526315789,0.5820098482623511,-0.013861047476479427,0.20408767314952658,10,volatility
lstm,L,44,mondrian_cqr,calm,0.8398950131233596,0.29202672725746487,0.08935556372246595,0.42768360830562785,10,volatility
lstm,L,44,mondrian_cqr,mid,0.8683693516699411,0.5214541074645455,-0.056284636196431426,0.16499501201006309,10,volatility
lstm,L,44,mondrian_cqr,stressed,0.8736842105263158,0.6145405108857287,-0.0979375687591103,0.1697870842503585,10,volatility
lstm,L,44,native,calm,0.8976377952755905,0.31821766511007066,0.09656170199821806,0.38192253553538974,10,volatility
lstm,L,44,native,mid,0.8821218074656189,0.49124453290001524,0.006343021394438431,0.052469708349627,10,volatility
lstm,L,44,native,stressed,0.8078947368421052,0.5815349566837258,-0.022782551446671184,0.07086844691152666,10,volatility
lstm,L,44,pid_cqr,calm,0.7637795275590551,0.29079923999599744,0.15538413116627087,0.4183734049251263,10,volatility
lstm,L,44,pid_cqr,mid,0.8546168958742633,0.48117503094770453,0.030881346197828896,0.09482583779356493,10,volatility
lstm,L,44,pid_cqr,stressed,0.8078947368421052,0.5491312696870737,0.026273705059293107,0.20327718815209003,10,volatility
lstm,L,44,pid_local_cqr,calm,0.7716535433070866,0.29516533600760764,0.16740261816729057,0.3936442474442319,10,volatility
lstm,L,44,pid_local_cqr,mid,0.831041257367387,0.4920593001627829,-0.0033871869328234716,0.12299320759168764,10,volatility
lstm,L,44,pid_local_cqr,stressed,0.8315789473684211,0.5645477027140471,0.00045507472347972033,0.1635690947400752,10,volatility
lstm,L,44,pid_tan_cqr,calm,0.800524934383202,0.33126856109891883,-0.023807670089094624,0.5341360410295102,10,volatility
lstm,L,44,pid_tan_cqr,mid,0.8762278978388998,0.6022708465155207,-0.1746048904303371,0.10791634690021895,10,volatility
lstm,L,44,pid_tan_cqr,stressed,0.8157894736842105,0.6469335538144355,-0.15759067642206104,0.21550122173676795,10,volatility
lstm,L,44,saocp_cqr,calm,0.905511811023622,0.3281333040223543,0.10859852967953382,0.326574786718068,10,volatility
lstm,L,44,saocp_cqr,mid,0.9233791748526523,0.5358165903426882,-0.049235638022416706,0.07427675446727044,10,volatility
lstm,L,44,saocp_cqr,stressed,0.9,0.6036396416091101,-0.07699977435412575,0.09922870382141458,10,volatility
lstm,L,44,sfogd_cqr,calm,0.7506561679790026,0.3055328983840696,0.15676377247618284,0.3702564655522691,10,volatility
lstm,L,44,sfogd_cqr,mid,0.8290766208251473,0.4787078619155405,-0.006682478154928506,0.16756692191030934,10,volatility
lstm,L,44,sfogd_cqr,stressed,0.8368421052631579,0.5783717762660083,-0.03958937819053476,0.09963252694884375,10,volatility
lstm,L,44,spci_cqr,calm,0.7296587926509186,0.30626291869445793,0.15897932834390027,0.49226539830971344,10,volatility
lstm,L,44,spci_cqr,mid,0.7956777996070727,0.49234559579501264,0.006006093322647066,0.1562604445306434,10,volatility
lstm,L,44,spci_cqr,stressed,0.8052631578947368,0.5444009738749388,-0.0019831715776535974,0.17871205332594461,10,volatility
lstm_const,G,42,aci_cqr,calm,0.7664041994750657,0.24931513056575838,0.16565877378874078,0.48502056410473876,10,volatility
lstm_const,G,42,aci_cqr,mid,0.8290766208251473,0.43353668714411664,0.09590590939009513,0.15640602340326412,10,volatility
lstm_const,G,42,aci_cqr,stressed,0.8342105263157895,0.5334863272203271,0.044152485661013485,0.13783526723865655,10,volatility
lstm_const,G,42,agaci_cqr,calm,0.7664041994750657,0.2482359807524586,0.15703084273088136,0.48115340929850187,10,volatility
lstm_const,G,42,agaci_cqr,mid,0.8113948919449901,0.43684384606817334,0.10612874190386518,0.15504330939318928,10,volatility
lstm_const,G,42,agaci_cqr,stressed,0.8421052631578947,0.500976278100225,0.08485254079123367,0.18081954597617422,10,volatility
lstm_const,G,42,cqr_rolling,calm,0.7952755905511811,0.24968359785398903,0.16807442077745705,0.49023152025925076,10,volatility
lstm_const,G,42,cqr_rolling,mid,0.8467583497053045,0.43531732083893276,0.09182943179280162,0.17561372842806894,10,volatility
lstm_const,G,42,cqr_rolling,stressed,0.8473684210526315,0.5485544435824788,0.051607059875898476,0.129408673675189,10,volatility
lstm_const,G,42,cqr_static,calm,0.94750656167979,0.6330786802394713,-0.095121206252481,0.45644538417814523,10,volatility
lstm_const,G,42,cqr_static,mid,0.9332023575638507,0.6961573069434036,-0.04130470501034755,0.3108605455680908,10,volatility
lstm_const,G,42,cqr_static,stressed,0.9052631578947369,0.7576451680881807,-0.01415619605864904,0.2881069064849974,10,volatility
lstm_const,G,42,decay_ocp_cqr,calm,0.9422572178477691,0.3839554233972258,-0.0014756429291002404,0.11183309711457615,10,volatility
lstm_const,G,42,decay_ocp_cqr,mid,0.9174852652259332,0.5392508446410137,-0.012263429515581237,0.12956080072954096,10,volatility
lstm_const,G,42,decay_ocp_cqr,stressed,0.8973684210526316,0.6288407841493272,-0.002036563198149821,0.11023017799793691,10,volatility
lstm_const,G,42,dtaci_cqr,calm,0.7795275590551181,0.24826081410005818,0.16391242234621944,0.49087721857556343,10,volatility
lstm_const,G,42,dtaci_cqr,mid,0.8330058939096268,0.4303936426805579,0.09987778826901395,0.15813312282857947,10,volatility
lstm_const,G,42,dtaci_cqr,stressed,0.8578947368421053,0.5169580632931075,0.07442834422628564,0.1431619541937709,10,volatility
lstm_const,G,42,mondrian_cqr,calm,0.7952755905511811,0.26927713603285036,0.13886938893750428,0.5557971957131168,10,volatility
lstm_const,G,42,mondrian_cqr,mid,0.8762278978388998,0.48617842502526,0.018532986329259038,0.11785758929894796,10,volatility
lstm_const,G,42,mondrian_cqr,stressed,0.9,0.6161257017142994,-0.03215947425838328,0.13874519404874122,10,volatility
lstm_const,G,42,native,calm,0.9396325459317585,0.3988526106332075,-0.011476325793498998,0.021379452982898395,10,volatility
lstm_const,G,42,native,mid,0.9076620825147348,0.5048353994747949,-0.0004083725414533723,0.0374594775196635,10,volatility
lstm_const,G,42,native,stressed,0.8789473684210526,0.5501950463419292,0.009843015410379019,0.03041372985260432,10,volatility
lstm_const,G,42,pid_cqr,calm,0.7769028871391076,0.26481850886733393,0.1535440899573658,0.3952054624088338,10,volatility
lstm_const,G,42,pid_cqr,mid,0.8192534381139489,0.4547285628047102,0.0854535392186952,0.07265614345378435,10,volatility
lstm_const,G,42,pid_cqr,stressed,0.8552631578947368,0.49880296480591413,0.07147212720737767,0.14738647982255682,10,volatility
lstm_const,G,42,pid_local_cqr,calm,0.7637795275590551,0.29240521668121383,0.16300438556743707,0.36365333830296176,10,volatility
lstm_const,G,42,pid_local_cqr,mid,0.8290766208251473,0.4720902052372177,0.053448903303860706,0.09285132713654529,10,volatility
lstm_const,G,42,pid_local_cqr,stressed,0.8578947368421053,0.5418492584712201,0.048785006325752,0.06470956766006516,10,volatility
lstm_const,G,42,pid_tan_cqr,calm,0.7926509186351706,0.2860197842588504,0.03473422330415482,0.47254176168901735,10,volatility
lstm_const,G,42,pid_tan_cqr,mid,0.8330058939096268,0.5105173901656875,-0.08064457668585234,0.1391174820846218,10,volatility
lstm_const,G,42,pid_tan_cqr,stressed,0.8315789473684211,0.5598409254863433,-0.08196220681360833,0.23372070312301438,10,volatility
lstm_const,G,42,saocp_cqr,calm,0.9448818897637795,0.4009507306974306,-0.014321183291271078,0.027519098369476303,10,volatility
lstm_const,G,42,saocp_cqr,mid,0.925343811394892,0.5214787597080148,-0.03317993741390579,0.04707157919162319,10,volatility
lstm_const,G,42,saocp_cqr,stressed,0.9236842105263158,0.630425841313462,-0.10745682869994488,0.11514638967676977,10,volatility
lstm_const,G,42,sfogd_cqr,calm,0.7637795275590551,0.2807147222261473,0.17939642778788767,0.35454271904963824,10,volatility
lstm_const,G,42,sfogd_cqr,mid,0.8035363457760314,0.48225413498245,0.012133533808435848,0.09677246530475517,10,volatility
lstm_const,G,42,sfogd_cqr,stressed,0.85,0.5615770280566736,-0.0037398282070082445,0.06671845703347815,10,volatility
lstm_const,G,42,spci_cqr,calm,0.7401574803149606,0.26334777977106383,0.12116670345403252,0.4812073839626594,10,volatility
lstm_const,G,42,spci_cqr,mid,0.7721021611001965,0.46241574325032947,0.08598925853067113,0.16425564686547844,10,volatility
lstm_const,G,42,spci_cqr,stressed,0.8157894736842105,0.513052838180482,-0.012519123750179273,0.17219310655078127,10,volatility
lstm_const,G,43,aci_cqr,calm,0.7847769028871391,0.25156274090486624,0.1992795421269032,0.4432582867147077,10,volatility
lstm_const,G,43,aci_cqr,mid,0.7996070726915521,0.4437757059605264,0.08030495172185165,0.10088383643942914,10,volatility
lstm_const,G,43,aci_cqr,stressed,0.8368421052631579,0.5319275367594128,0.04873909319056191,0.12265401268793996,10,volatility
lstm_const,G,43,agaci_cqr,calm,0.7900262467191601,0.2494548582993959,0.18936276383398165,0.42275131385759956,10,volatility
lstm_const,G,43,agaci_cqr,mid,0.7858546168958742,0.43812897793907696,0.10303984543755956,0.11742412115581913,10,volatility
lstm_const,G,43,agaci_cqr,stressed,0.8210526315789474,0.5207637240226183,0.07865645755507933,0.11560426018163453,10,volatility
lstm_const,G,43,cqr_rolling,calm,0.8057742782152231,0.2541461810007419,0.19734739052267503,0.440080924482206,10,volatility
lstm_const,G,43,cqr_rolling,mid,0.8212180746561886,0.44773439512068397,0.0800273992451071,0.09956151309766983,10,volatility
lstm_const,G,43,cqr_rolling,stressed,0.8447368421052631,0.5522177147536812,0.04340960160841112,0.13315946477307336,10,volatility
lstm_const,G,43,cqr_static,calm,0.868766404199475,0.6235027807456325,-0.06990006799497805,0.540177527023765,10,volatility
lstm_const,G,43,cqr_static,mid,0.8801571709233792,0.6836291132394283,-0.017957056689475226,0.40985301361226123,10,volatility
lstm_const,G,43,cqr_static,stressed,0.8578947368421053,0.7395236162113714,0.013621295943007261,0.3663968183615266,10,volatility
lstm_const,G,43,decay_ocp_cqr,calm,0.926509186351706,0.3810494283938684,0.02643193468650512,0.10074930630152307,10,volatility
lstm_const,G,43,decay_ocp_cqr,mid,0.9017681728880157,0.5335237311873626,-0.008716312169601226,0.12880684497826575,10,volatility
lstm_const,G,43,decay_ocp_cqr,stressed,0.8868421052631579,0.6196094920386604,0.017446400183315836,0.16061465507571887,10,volatility
lstm_const,G,43,dtaci_cqr,calm,0.7979002624671916,0.24982991448250497,0.1956311148783766,0.4384757248487452,10,volatility
lstm_const,G,43,dtaci_cqr,mid,0.8015717092337917,0.4368881110616089,0.08204427961789795,0.1115159628806239,10,volatility
lstm_const,G,43,dtaci_cqr,stressed,0.8578947368421053,0.5280552281621176,0.05523787027025695,0.10652914667272559,10,volatility
lstm_const,G,43,mondrian_cqr,calm,0.8346456692913385,0.2780476910954656,0.1443405435466893,0.5054786808336791,10,volatility
lstm_const,G,43,mondrian_cqr,mid,0.8408644400785854,0.47496320494262306,-0.02007371299810423,0.13456403417557675,10,volatility
lstm_const,G,43,mondrian_cqr,stressed,0.9,0.5775585108272496,-0.05829645094208291,0.18875415277901925,10,volatility
lstm_const,G,43,native,calm,0.94750656167979,0.3944240636084709,-0.004863056644228703,0.01328973057012367,10,volatility
lstm_const,G,43,native,mid,0.9096267190569745,0.509100269979294,-0.008273881368037528,0.03262449876532947,10,volatility
lstm_const,G,43,native,stressed,0.8842105263157894,0.5630373856343918,0.01729767741874355,0.016601071268940087,10,volatility
lstm_const,G,43,pid_cqr,calm,0.7900262467191601,0.2593450070565066,0.18457897522308608,0.3553614069527274,10,volatility
lstm_const,G,43,pid_cqr,mid,0.8094302554027505,0.4677640853204988,0.06504235434123401,0.06770476649746385,10,volatility
lstm_const,G,43,pid_cqr,stressed,0.8368421052631579,0.5104645186766461,0.05982264551667521,0.0766547338758817,10,volatility
lstm_const,G,43,pid_local_cqr,calm,0.7585301837270341,0.3066705286996634,0.1671004072947866,0.3011406715343582,10,volatility
lstm_const,G,43,pid_local_cqr,mid,0.8192534381139489,0.4875819491346659,0.032744938182532934,0.10065523408902449,10,volatility
lstm_const,G,43,pid_local_cqr,stressed,0.8578947368421053,0.5547082457755295,0.030583312677919805,0.08024118758651966,10,volatility
lstm_const,G,43,pid_tan_cqr,calm,0.800524934383202,0.2907059044077601,0.07186266899504956,0.43785074756161146,10,volatility
lstm_const,G,43,pid_tan_cqr,mid,0.8192534381139489,0.5169722162541718,-0.0739559571727364,0.11087930920574368,10,volatility
lstm_const,G,43,pid_tan_cqr,stressed,0.8368421052631579,0.5911824884294984,-0.07321047103822464,0.13910524078496833,10,volatility
lstm_const,G,43,saocp_cqr,calm,0.952755905511811,0.39591661964013786,-0.004863056644228703,0.03388131109125486,10,volatility
lstm_const,G,43,saocp_cqr,mid,0.9273084479371316,0.5388843427601016,-0.048709333702738666,0.04872322251079808,10,volatility
lstm_const,G,43,saocp_cqr,stressed,0.9289473684210526,0.6399547459920965,-0.060880544693239,0.12175337264903938,10,volatility
lstm_const,G,43,sfogd_cqr,calm,0.7637795275590551,0.3096111426587644,0.15870834695129166,0.29251577750357494,10,volatility
lstm_const,G,43,sfogd_cqr,mid,0.8094302554027505,0.49793920593223073,0.003550089982461868,0.04460216774617706,10,volatility
lstm_const,G,43,sfogd_cqr,stressed,0.8342105263157895,0.5823672038882889,-0.009226933754080069,0.11971260347190524,10,volatility
lstm_const,G,43,spci_cqr,calm,0.7349081364829396,0.257248164519742,0.17450378673899392,0.4237879658409818,10,volatility
lstm_const,G,43,spci_cqr,mid,0.7662082514734774,0.4764404759602424,0.01312133237320895,0.1537846746541698,10,volatility
lstm_const,G,43,spci_cqr,stressed,0.8131578947368421,0.5334459850360183,-0.019328336640108357,0.12198187637279603,10,volatility
lstm_const,G,44,aci_cqr,calm,0.7821522309711286,0.23750894540172468,0.1833734922235583,0.5204788338795105,10,volatility
lstm_const,G,44,aci_cqr,mid,0.8094302554027505,0.4253899220974507,0.07182160999707132,0.14970854510125042,10,volatility
lstm_const,G,44,aci_cqr,stressed,0.8342105263157895,0.541311869218008,0.039396931453549056,0.12454977961597108,10,volatility
lstm_const,G,44,agaci_cqr,calm,0.7716535433070866,0.23884867225814452,0.1748778341749912,0.51516490356458,10,volatility
lstm_const,G,44,agaci_cqr,mid,0.7917485265225933,0.4294219973827397,0.06544671604116098,0.12781406175547563,10,volatility
lstm_const,G,44,agaci_cqr,stressed,0.8289473684210527,0.5085169708165675,0.09759464529186457,0.14866960939484403,10,volatility
lstm_const,G,44,cqr_rolling,calm,0.800524934383202,0.23862577472656885,0.18583996109796264,0.5170740015605544,10,volatility
lstm_const,G,44,cqr_rolling,mid,0.8271119842829077,0.42904973970014115,0.0718252640634025,0.1444220071811207,10,volatility
lstm_const,G,44,cqr_rolling,stressed,0.8473684210526315,0.5521372295511744,0.03691518619602219,0.15372910770303605,10,volatility
lstm_const,G,44,cqr_static,calm,0.9028871391076115,0.5837006524029528,-0.06433915097117426,0.3072964476080778,10,volatility
lstm_const,G,44,cqr_static,mid,0.8840864440078585,0.6481558775101787,-0.030092065904048004,0.2055613394235197,10,volatility
lstm_const,G,44,cqr_static,stressed,0.8763157894736842,0.7167511670142537,-0.005123248982749462,0.2745633758983945,10,volatility
lstm_const,G,44,decay_ocp_cqr,calm,0.931758530183727,0.3688701839787158,0.04938381762416311,0.081113447028037,10,volatility
lstm_const,G,44,decay_ocp_cqr,mid,0.9056974459724951,0.5209411791967797,-0.007670542739552477,0.08947022439951668,10,volatility
lstm_const,G,44,decay_ocp_cqr,stressed,0.9,0.6143618906259396,-0.0012318540355431007,0.08007851173489663,10,volatility
lstm_const,G,44,dtaci_cqr,calm,0.7874015748031497,0.23581896470851405,0.18206075375644226,0.5169345400564693,10,volatility
lstm_const,G,44,dtaci_cqr,mid,0.8113948919449901,0.42101220572311454,0.07373856240731719,0.15637521669322502,10,volatility
lstm_const,G,44,dtaci_cqr,stressed,0.8578947368421053,0.5228192699432196,0.06855265784622594,0.1282248421526289,10,volatility
lstm_const,G,44,mondrian_cqr,calm,0.8031496062992126,0.25834068106182523,0.09319966448110256,0.6672120014930734,10,volatility
lstm_const,G,44,mondrian_cqr,mid,0.8703339882121808,0.47814920498025254,-0.008586207120484857,0.1251541079699949,10,volatility
lstm_const,G,44,mondrian_cqr,stressed,0.8578947368421053,0.5673213960853524,-0.01635262121840353,0.10618718977323727,10,volatility
lstm_const,G,44,native,calm,0.9396325459317585,0.39407371397382956,-0.009448616710203694,0.02668088150020445,10,volatility
lstm_const,G,44,native,mid,0.9115913555992141,0.4993981549827005,0.0033311966155722406,0.018076240380983655,10,volatility
lstm_const,G,44,native,stressed,0.8921052631578947,0.5533823201823196,0.008481346348721941,0.02804451786698811,10,volatility
lstm_const,G,44,pid_cqr,calm,0.7821522309711286,0.25730924231578944,0.16842511929926585,0.4351143580801142,10,volatility
lstm_const,G,44,pid_cqr,mid,0.8153241650294696,0.4412484587045638,0.0803915093159926,0.11333848183931572,10,volatility
lstm_const,G,44,pid_cqr,stressed,0.8342105263157895,0.5029636838966861,0.11549684487668338,0.14710003407776767,10,volatility
lstm_const,G,44,pid_local_cqr,calm,0.7637795275590551,0.28331215146126204,0.1908007394451881,0.4344041456036609,10,volatility
lstm_const,G,44,pid_local_cqr,mid,0.825147347740668,0.4810273279746523,0.05273727914825255,0.10053202540359954,10,volatility
lstm_const,G,44,pid_local_cqr,stressed,0.8473684210526315,0.5393656407116347,0.020913961779478463,0.09882773677248846,10,volatility
lstm_const,G,44,pid_tan_cqr,calm,0.8057742782152231,0.2767931165748534,0.03349766715268043,0.4910250664431949,10,volatility
lstm_const,G,44,pid_tan_cqr,mid,0.8172888015717092,0.5110672267821245,-0.09623387655363946,0.12661167393089837,10,volatility
lstm_const,G,44,pid_tan_cqr,stressed,0.8368421052631579,0.5529511969600317,-0.09530264833310376,0.26392092266113015,10,volatility
lstm_const,G,44,saocp_cqr,calm,0.9422572178477691,0.39623729768951405,-0.014544581583552096,0.04279075797219403,10,volatility
lstm_const,G,44,saocp_cqr,mid,0.9273084479371316,0.5301978000591357,-0.05114800192974467,0.060045769861789056,10,volatility
lstm_const,G,44,saocp_cqr,stressed,0.9263157894736842,0.6424446100806703,-0.07031244891120325,0.09478364652623322,10,volatility
lstm_const,G,44,sfogd_cqr,calm,0.7559055118110236,0.2954919977375212,0.1442573822242753,0.3766848629169131,10,volatility
lstm_const,G,44,sfogd_cqr,mid,0.8153241650294696,0.5024321935762209,0.006360967030958731,0.09854056839692318,10,volatility
lstm_const,G,44,sfogd_cqr,stressed,0.8368421052631579,0.5601852292963854,-0.0018118812489348324,0.08303579409873243,10,volatility
lstm_const,G,44,spci_cqr,calm,0.7296587926509186,0.25379522739513094,0.09695100641263793,0.5480566977588532,10,volatility
lstm_const,G,44,spci_cqr,mid,0.7603143418467584,0.4752649933779901,0.03999987078385864,0.11910923301111945,10,volatility
lstm_const,G,44,spci_cqr,stressed,0.8078947368421052,0.5232095272164223,0.04933088246650902,0.14194886453938102,10,volatility
lstm_const,GF,42,aci_cqr,calm,0.7664041994750657,0.24962987912781834,0.14673960328869556,0.4905594622860352,10,volatility
lstm_const,GF,42,aci_cqr,mid,0.8290766208251473,0.43046612078787966,0.09219738080482104,0.16806713376529947,10,volatility
lstm_const,GF,42,aci_cqr,stressed,0.8394736842105263,0.537969499868035,0.0372595717077453,0.13404245820155933,10,volatility
lstm_const,GF,42,agaci_cqr,calm,0.7637795275590551,0.24940925149364448,0.15035336322487503,0.4893681961001612,10,volatility
lstm_const,GF,42,agaci_cqr,mid,0.8133595284872298,0.4329227546977102,0.10490525120505884,0.14078552040100298,10,volatility
lstm_const,GF,42,agaci_cqr,stressed,0.8368421052631579,0.5047218646246772,0.07313403366808524,0.16628006128215161,10,volatility
lstm_const,GF,42,cqr_rolling,calm,0.800524934383202,0.24897000493467478,0.15778899576737015,0.49971843000073385,10,volatility
lstm_const,GF,42,cqr_rolling,mid,0.8506876227897839,0.4330500985438665,0.09417854607486392,0.17285822219452127,10,volatility
lstm_const,GF,42,cqr_rolling,stressed,0.8473684210526315,0.5506719462698867,0.04806395650324391,0.13217813090880765,10,volatility
lstm_const,GF,42,cqr_static,calm,0.94750656167979,0.6310519137724728,-0.08062100448068577,0.4576454629043524,10,volatility
lstm_const,GF,42,cqr_static,mid,0.9390962671905697,0.6935912081802922,-0.03480260290685766,0.334000375806928,10,volatility
lstm_const,GF,42,cqr_static,stressed,0.9078947368421053,0.7554680083458758,-0.010612929294376072,0.2890616704685609,10,volatility
lstm_const,GF,42,decay_ocp_cqr,calm,0.9422572178477691,0.38392195271786045,-0.0003717641787742143,0.0985674567113479,10,volatility
lstm_const,GF,42,decay_ocp_cqr,mid,0.9214145383104125,0.5389668961103211,-0.011417828966084509,0.11890515630323278,10,volatility
lstm_const,GF,42,decay_ocp_cqr,stressed,0.9,0.6291559318255436,-0.0015945288394784707,0.10247757134129773,10,volatility
lstm_const,GF,42,dtaci_cqr,calm,0.7742782152230971,0.24839691767568028,0.1505488079901765,0.49158998517023755,10,volatility
lstm_const,GF,42,dtaci_cqr,mid,0.8330058939096268,0.42575828519361053,0.09970192293850005,0.1659583220582078,10,volatility
lstm_const,GF,42,dtaci_cqr,stressed,0.8578947368421053,0.5202635812193632,0.06649070947810198,0.12852389569761885,10,volatility
lstm_const,GF,42,mondrian_cqr,calm,0.800524934383202,0.2752807580680774,0.10966097806959402,0.640799909151984,10,volatility
lstm_const,GF,42,mondrian_cqr,mid,0.8781925343811395,0.4970263697492657,-0.028586530598729287,0.07839031080955935,10,volatility
lstm_const,GF,42,mondrian_cqr,stressed,0.8947368421052632,0.6055623377326524,-0.05111377764270297,0.08857834436241538,10,volatility
lstm_const,GF,42,native,calm,0.937007874015748,0.3981098805866217,-0.00800990584482919,0.027155478994907473,10,volatility
lstm_const,GF,42,native,mid,0.9017681728880157,0.5038341665198488,0.0025327229459831124,0.04168721863525934,10,volatility
lstm_const,GF,42,native,stressed,0.8789473684210526,0.5496569539992827,0.011361219539873069,0.02527441961018856,10,volatility
lstm_const,GF,42,pid_cqr,calm,0.7742782152230971,0.2639196327605316,0.1379788456566533,0.4093524416836561,10,volatility
lstm_const,GF,42,pid_cqr,mid,0.8231827111984283,0.45105877865339106,0.09413056799761621,0.0865682281680554,10,volatility
lstm_const,GF,42,pid_cqr,stressed,0.85,0.5001025224637974,0.06413984620795338,0.14097693133745148,10,volatility
lstm_const,GF,42,pid_local_cqr,calm,0.7611548556430446,0.2942001346342416,0.13764952455064,0.3623469407993175,10,volatility
lstm_const,GF,42,pid_local_cqr,mid,0.831041257367387,0.4676027366918624,0.06834362131900734,0.07190637658742918,10,volatility
lstm_const,GF,42,pid_local_cqr,stressed,0.8605263157894737,0.5395713198478956,0.03869866087507057,0.07563875366530884,10,volatility
lstm_const,GF,42,pid_tan_cqr,calm,0.7952755905511811,0.28378488471886054,0.009307138936198556,0.46252961362686185,10,volatility
lstm_const,GF,42,pid_tan_cqr,mid,0.8388998035363457,0.5069756387640023,-0.08809111142663151,0.153194718518728,10,volatility
lstm_const,GF,42,pid_tan_cqr,stressed,0.8315789473684211,0.5625818428727627,-0.07386626953740294,0.2199316267801465,10,volatility
lstm_const,GF,42,saocp_cqr,calm,0.9422572178477691,0.4003310864784037,-0.014287357977456838,0.03507860101139337,10,volatility
lstm_const,GF,42,saocp_cqr,mid,0.9233791748526523,0.5244516710915536,-0.027228560323227735,0.03103134282819925,10,volatility
lstm_const,GF,42,saocp_cqr,stressed,0.9263157894736842,0.6402743624440178,-0.11163069956020177,0.09565214429994912,10,volatility
lstm_const,GF,42,sfogd_cqr,calm,0.7506561679790026,0.28297482169801,0.14105163709071733,0.35202003891027867,10,volatility
lstm_const,GF,42,sfogd_cqr,mid,0.8113948919449901,0.4768483992366004,0.02200233766562515,0.11006891595319426,10,volatility
lstm_const,GF,42,sfogd_cqr,stressed,0.8473684210526315,0.5608957499702296,-0.004815297756630643,0.08690496083460394,10,volatility
lstm_const,GF,42,spci_cqr,calm,0.7244094488188977,0.26257556317353237,0.09192526218137409,0.49367619406597757,10,volatility
lstm_const,GF,42,spci_cqr,mid,0.7819253438113949,0.46019436413848175,0.07654416561516453,0.14964006306799915,10,volatility
lstm_const,GF,42,spci_cqr,stressed,0.8184210526315789,0.5148637826146681,0.02329016023808239,0.14099451338885408,10,volatility
lstm_const,GF,43,aci_cqr,calm,0.8031496062992126,0.2505742307613871,0.20442564386394313,0.4583200607866633,10,volatility
lstm_const,GF,43,aci_cqr,mid,0.7996070726915521,0.44074694717251794,0.08055373655058595,0.1210786429100845,10,volatility
lstm_const,GF,43,aci_cqr,stressed,0.8289473684210527,0.5357283981812799,0.04345121930690293,0.12347529996536849,10,volatility
lstm_const,GF,43,agaci_cqr,calm,0.7952755905511811,0.24917634353686383,0.18303415380047489,0.4590156063982453,10,volatility
lstm_const,GF,43,agaci_cqr,mid,0.787819253438114,0.4363363187557929,0.09848371580108661,0.13491336939784715,10,volatility
lstm_const,GF,43,agaci_cqr,stressed,0.8236842105263158,0.5242950611765161,0.05605841680097767,0.11431449628440357,10,volatility
lstm_const,GF,43,cqr_rolling,calm,0.8162729658792651,0.2523342556558208,0.19414240058851218,0.4547572575467512,10,volatility
lstm_const,GF,43,cqr_rolling,mid,0.8192534381139489,0.44503392802350883,0.07836514097058683,0.11164874534613714,10,volatility
lstm_const,GF,43,cqr_rolling,stressed,0.8421052631578947,0.5563020732899084,0.03486947166943494,0.1278159417417249,10,volatility
lstm_const,GF,43,cqr_static,calm,0.8871391076115486,0.6123616869074886,-0.050978152359932194,0.5838536088953756,10,volatility
lstm_const,GF,43,cqr_static,mid,0.8899803536345776,0.6767799787979701,-0.023777363935530538,0.3932192758230437,10,volatility
lstm_const,GF,43,cqr_static,stressed,0.8736842105263158,0.7354782277113607,0.015426274328591949,0.37664564697338876,10,volatility
lstm_const,GF,43,decay_ocp_cqr,calm,0.9291338582677166,0.3768535484547003,0.03764535827502952,0.08551650516979042,10,volatility
lstm_const,GF,43,decay_ocp_cqr,mid,0.9056974459724951,0.5314984206704101,-0.012109858595686251,0.12301591350358212,10,volatility
lstm_const,GF,43,decay_ocp_cqr,stressed,0.8868421052631579,0.620034366250101,0.018931852830518126,0.16612983975770934,10,volatility
lstm_const,GF,43,dtaci_cqr,calm,0.800524934383202,0.249512900957038,0.19366937046824473,0.4616099948996807,10,volatility
lstm_const,GF,43,dtaci_cqr,mid,0.8113948919449901,0.43470865039091,0.07825636812698616,0.12407203313561635,10,volatility
lstm_const,GF,43,dtaci_cqr,stressed,0.8526315789473684,0.5310037459868621,0.042727046340355956,0.1093871983232485,10,volatility
lstm_const,GF,43,mondrian_cqr,calm,0.8057742782152231,0.25835118345003877,0.14319769958653272,0.47423683816774953,10,volatility
lstm_const,GF,43,mondrian_cqr,mid,0.8349705304518664,0.47763834645375386,0.001408887778512058,0.1172529714838331,10,volatility
lstm_const,GF,43,mondrian_cqr,stressed,0.8921052631578947,0.5920604440642045,-0.0830962284038047,0.1804433846479681,10,volatility
lstm_const,GF,43,native,calm,0.94750656167979,0.39322997654276104,0.0018340180974171227,0.026063034755465175,10,volatility
lstm_const,GF,43,native,mid,0.9096267190569745,0.5077508559672048,-0.005721666927664848,0.03566682808622329,10,volatility
lstm_const,GF,43,native,stressed,0.8736842105263158,0.5666156954441219,0.015865149285665847,0.02499210645111935,10,volatility
lstm_const,GF,43,pid_cqr,calm,0.7874015748031497,0.26463397800939154,0.18352731861875982,0.40128073492730004,10,volatility
lstm_const,GF,43,pid_cqr,mid,0.8094302554027505,0.4630797692200352,0.06650485506859505,0.057036379692204514,10,volatility
lstm_const,GF,43,pid_cqr,stressed,0.8394736842105263,0.5152683982226082,0.05303053199579216,0.0685861199468567,10,volatility
lstm_const,GF,43,pid_local_cqr,calm,0.7532808398950132,0.3035552483790297,0.19694192616982248,0.314145583987453,10,volatility
lstm_const,GF,43,pid_local_cqr,mid,0.831041257367387,0.48716930688552224,0.035956180352391065,0.09755316819296561,10,volatility
lstm_const,GF,43,pid_local_cqr,stressed,0.85,0.5642028500338994,0.023273602185908127,0.0844730036896714,10,volatility
lstm_const,GF,43,pid_tan_cqr,calm,0.8057742782152231,0.28724852625941233,0.06309222730067915,0.49935241438026357,10,volatility
lstm_const,GF,43,pid_tan_cqr,mid,0.8192534381139489,0.5158084988222745,-0.0779628083815127,0.13741906562390138,10,volatility
lstm_const,GF,43,pid_tan_cqr,stressed,0.8289473684210527,0.5934979197291126,-0.07295755783965252,0.16783800397667803,10,volatility
lstm_const,GF,43,saocp_cqr,calm,0.9501312335958005,0.39466871473074494,0.0018340180974171227,0.04126138710100355,10,volatility
lstm_const,GF,43,saocp_cqr,mid,0.9273084479371316,0.5352062711392567,-0.04093409448619967,0.04744489326306711,10,volatility
lstm_const,GF,43,saocp_cqr,stressed,0.9236842105263158,0.6431315135408736,-0.06351509621238627,0.12868724603431675,10,volatility
lstm_const,GF,43,sfogd_cqr,calm,0.7742782152230971,0.30792101742381184,0.156879810678482,0.32749476169618974,10,volatility
lstm_const,GF,43,sfogd_cqr,mid,0.8055009823182712,0.4959136100695103,0.00812960847371863,0.06618474566433996,10,volatility
lstm_const,GF,43,sfogd_cqr,stressed,0.8289473684210527,0.5880187424666097,-0.019381632626177092,0.13050064526980307,10,volatility
lstm_const,GF,43,spci_cqr,calm,0.7506561679790026,0.2583759846746278,0.16529258359689342,0.45803734553918185,10,volatility
lstm_const,GF,43,spci_cqr,mid,0.7367387033398821,0.4785963547130391,0.015429510056480467,0.13948249738341031,10,volatility
lstm_const,GF,43,spci_cqr,stressed,0.8157894736842105,0.5462225081107257,-0.014832222381556459,0.1121739192539063,10,volatility
lstm_const,GF,44,aci_cqr,calm,0.7611548556430446,0.23118737945118017,0.17722127050358366,0.5472599970701328,10,volatility
lstm_const,GF,44,aci_cqr,mid,0.8133595284872298,0.4229923394643988,0.08461791008921815,0.15631319486938655,10,volatility
lstm_const,GF,44,aci_cqr,stressed,0.8342105263157895,0.5429788240029453,0.03214623380750131,0.13464570883913685,10,volatility
lstm_const,GF,44,agaci_cqr,calm,0.7742782152230971,0.23113921600891107,0.1762787666651333,0.5397888232698725,10,volatility
lstm_const,GF,44,agaci_cqr,mid,0.793713163064833,0.4279786072337431,0.07448964355707793,0.14058500269969573,10,volatility
lstm_const,GF,44,agaci_cqr,stressed,0.8394736842105263,0.5085429810471632,0.096485042620931,0.14109058621831214,10,volatility
lstm_const,GF,44,cqr_rolling,calm,0.7979002624671916,0.2332412193534989,0.17452993629865393,0.5404238348735817,10,volatility
lstm_const,GF,44,cqr_rolling,mid,0.8271119842829077,0.42616485074479704,0.08237080019015702,0.15245756010775757,10,volatility
lstm_const,GF,44,cqr_rolling,stressed,0.8552631578947368,0.5518321934389505,0.03797355818845044,0.1498435939513084,10,volatility
lstm_const,GF,44,cqr_static,calm,0.9002624671916011,0.591474432084528,-0.06567581353932017,0.31162587880910114,10,volatility
lstm_const,GF,44,cqr_static,mid,0.8821218074656189,0.6552155004351358,-0.023367246575467293,0.19941853950295407,10,volatility
lstm_const,GF,44,cqr_static,stressed,0.881578947368421,0.7240619197729284,-0.0007683890311840913,0.27586655467881227,10,volatility
lstm_const,GF,44,decay_ocp_cqr,calm,0.9343832020997376,0.36876523390038773,0.04775835515262555,0.07538770333973063,10,volatility
lstm_const,GF,44,decay_ocp_cqr,mid,0.9037328094302554,0.5206163551083648,-0.013873541067185524,0.08313345548785506,10,volatility
lstm_const,GF,44,decay_ocp_cqr,stressed,0.8973684210526316,0.6126839976046657,0.002415962407020411,0.07874052591095504,10,volatility
lstm_const,GF,44,dtaci_cqr,calm,0.7847769028871391,0.2296424518399187,0.17415329640273497,0.5423027700284789,10,volatility
lstm_const,GF,44,dtaci_cqr,mid,0.8153241650294696,0.42032070366434077,0.08086368021686152,0.16363753065312864,10,volatility
lstm_const,GF,44,dtaci_cqr,stressed,0.8552631578947368,0.5247643673496094,0.059642537736421586,0.12725729858761786,10,volatility
lstm_const,GF,44,mondrian_cqr,calm,0.8057742782152231,0.2555192960244327,0.06772808111715517,0.6758323556638792,10,volatility
lstm_const,GF,44,mondrian_cqr,mid,0.8742632612966601,0.5016660187947689,-0.061809783793692175,0.13822795700469825,10,volatility
lstm_const,GF,44,mondrian_cqr,stressed,0.8842105263157894,0.5801935001314159,-0.012943486067755194,0.11673969011605134,10,volatility
lstm_const,GF,44,native,calm,0.9422572178477691,0.39383112401470277,-0.008530026948928349,0.025215028457592353,10,volatility
lstm_const,GF,44,native,mid,0.9096267190569745,0.4993512165293295,0.002604910049780751,0.019932546453878902,10,volatility
lstm_const,GF,44,native,stressed,0.881578947368421,0.554399186076322,0.010548896248109063,0.023856106231025742,10,volatility
lstm_const,GF,44,pid_cqr,calm,0.7769028871391076,0.24888238681181743,0.16359574250240583,0.4800533625788063,10,volatility
lstm_const,GF,44,pid_cqr,mid,0.8172888015717092,0.443369247661003,0.09004912294902762,0.10932791572210077,10,volatility
lstm_const,GF,44,pid_cqr,stressed,0.8342105263157895,0.5062171013644934,0.07998345677926944,0.14258456798930777,10,volatility
lstm_const,GF,44,pid_local_cqr,calm,0.7664041994750657,0.2786173089098441,0.18720711184150762,0.3969988354328574,10,volatility
lstm_const,GF,44,pid_local_cqr,mid,0.8271119842829077,0.46250077982212784,0.061842747829555345,0.08890307429391373,10,volatility
lstm_const,GF,44,pid_local_cqr,stressed,0.8447368421052631,0.5426709504210984,0.014716698489085744,0.08476609033650156,10,volatility
lstm_const,GF,44,pid_tan_cqr,calm,0.8057742782152231,0.27494466628983183,0.038958409084090206,0.5183691143105643,10,volatility
lstm_const,GF,44,pid_tan_cqr,mid,0.8212180746561886,0.5076446383490709,-0.09336005893431731,0.13759295020421622,10,volatility
lstm_const,GF,44,pid_tan_cqr,stressed,0.8342105263157895,0.5725347188075959,-0.0961727041991951,0.20363253367279058,10,volatility
lstm_const,GF,44,saocp_cqr,calm,0.9448818897637795,0.3954125944507384,-0.01442463856013576,0.04102264845808065,10,volatility
lstm_const,GF,44,saocp_cqr,mid,0.9273084479371316,0.5266602310667536,-0.040579839675104035,0.07038067413152274,10,volatility
lstm_const,GF,44,saocp_cqr,stressed,0.9236842105263158,0.6446421336513682,-0.08266055854499499,0.11370989932838943,10,volatility
lstm_const,GF,44,sfogd_cqr,calm,0.7664041994750657,0.28000418850921455,0.13518755741503446,0.4305989220843386,10,volatility
lstm_const,GF,44,sfogd_cqr,mid,0.8094302554027505,0.4946365544792604,0.022827142022265434,0.07421128701781582,10,volatility
lstm_const,GF,44,sfogd_cqr,stressed,0.8421052631578947,0.5590089742605912,-0.004231041322335927,0.08609760359621177,10,volatility
lstm_const,GF,44,spci_cqr,calm,0.7270341207349081,0.25307325007050374,0.10285421775387493,0.6065553394054651,10,volatility
lstm_const,GF,44,spci_cqr,mid,0.7524557956777996,0.4765227530419792,0.04817193033727535,0.11725135653878174,10,volatility
lstm_const,GF,44,spci_cqr,stressed,0.8052631578947368,0.5237263915473997,0.07442506505084545,0.18419463147791196,10,volatility
lstm_const,L,42,aci_cqr,calm,0.7821522309711286,0.2589093831577909,0.10915674614511628,0.5257992590391132,10,volatility
lstm_const,L,42,aci_cqr,mid,0.8113948919449901,0.45011389840422217,0.07727482250423584,0.1603184809260599,10,volatility
lstm_const,L,42,aci_cqr,stressed,0.8394736842105263,0.5747246515183356,0.01781895583137849,0.14138083145626804,10,volatility
lstm_const,L,42,agaci_cqr,calm,0.7795275590551181,0.25505892715851775,0.11569508367741882,0.5093409673162832,10,volatility
lstm_const,L,42,agaci_cqr,mid,0.7996070726915521,0.44996808064217775,0.06792791754393052,0.15219807044079423,10,volatility
lstm_const,L,42,agaci_cqr,stressed,0.8421052631578947,0.5422032729825857,0.03224809931091127,0.11280243771772519,10,volatility
lstm_const,L,42,cqr_rolling,calm,0.8031496062992126,0.25966910852140695,0.11707451188148776,0.515299832015581,10,volatility
lstm_const,L,42,cqr_rolling,mid,0.8290766208251473,0.44714623116543456,0.07983614885409157,0.1679874982684507,10,volatility
lstm_const,L,42,cqr_rolling,stressed,0.85,0.5879995078410198,0.0032701059244220065,0.16481565904956405,10,volatility
lstm_const,L,42,cqr_static,calm,0.9291338582677166,0.6291766862121332,-0.010226577825751981,0.3524375298858529,10,volatility
lstm_const,L,42,cqr_static,mid,0.9155206286836935,0.6919086858228485,-0.0627922027208786,0.27189079113719616,10,volatility
lstm_const,L,42,cqr_static,stressed,0.9,0.7675488422534514,-0.017839005057660784,0.19924703627869653,10,volatility
lstm_const,L,42,decay_ocp_cqr,calm,0.9238845144356955,0.38861197573460726,0.01569672450546311,0.11141903230910016,10,volatility
lstm_const,L,42,decay_ocp_cqr,mid,0.8919449901768173,0.5407107088165307,-0.017572590089698914,0.10860056462175682,10,volatility
lstm_const,L,42,decay_ocp_cqr,stressed,0.8894736842105263,0.6502923244409561,-0.01913954409394958,0.07237449248879183,10,volatility
lstm_const,L,42,dtaci_cqr,calm,0.7742782152230971,0.2565340296467521,0.12011370845981173,0.5213160766703862,10,volatility
lstm_const,L,42,dtaci_cqr,mid,0.8133595284872298,0.4436063545996806,0.06699750708403834,0.17482068446944893,10,volatility
lstm_const,L,42,dtaci_cqr,stressed,0.8657894736842106,0.5522872234214298,0.015547310075886833,0.11862308861328855,10,volatility
lstm_const,L,42,mondrian_cqr,calm,0.8057742782152231,0.28093975209716965,0.12580107642670213,0.6442757914182557,10,volatility
lstm_const,L,42,mondrian_cqr,mid,0.862475442043222,0.5271401684770904,-0.07183340042400821,0.12734595323493564,10,volatility
lstm_const,L,42,mondrian_cqr,stressed,0.8789473684210526,0.6087792497819476,-0.09334248581562266,0.07341189667372366,10,volatility
lstm_const,L,42,native,calm,0.9212598425196851,0.37795635061797844,0.034369709435807805,0.05927218139093979,10,volatility
lstm_const,L,42,native,mid,0.8821218074656189,0.5028743059920907,0.0028088948880263254,0.06346022200153895,10,volatility
lstm_const,L,42,native,stressed,0.8736842105263158,0.5604431464574937,-0.006540690186883302,0.04792685733716409,10,volatility
lstm_const,L,42,pid_cqr,calm,0.7795275590551181,0.2761802979295258,0.1114426842405688,0.44581410373005215,10,volatility
lstm_const,L,42,pid_cqr,mid,0.8153241650294696,0.4640071015608392,0.03940416162210347,0.1306608524979374,10,volatility
lstm_const,L,42,pid_cqr,stressed,0.8421052631578947,0.5287902858982455,0.012999611525980614,0.11673893362389318,10,volatility
lstm_const,L,42,pid_local_cqr,calm,0.7690288713910761,0.2958544654637352,0.10993301002425349,0.4058358062589529,10,volatility
lstm_const,L,42,pid_local_cqr,mid,0.8212180746561886,0.49864864938888764,-0.03250827055514971,0.13511645673811074,10,volatility
lstm_const,L,42,pid_local_cqr,stressed,0.8552631578947368,0.5678889645150583,0.00509285505738688,0.10534578538954015,10,volatility
lstm_const,L,42,pid_tan_cqr,calm,0.800524934383202,0.2930408129817265,-0.023477795117355316,0.5105731699868628,10,volatility
lstm_const,L,42,pid_tan_cqr,mid,0.8212180746561886,0.5173137675519413,-0.08348224829964557,0.14972074877407954,10,volatility
lstm_const,L,42,pid_tan_cqr,stressed,0.8315789473684211,0.5822224375809195,-0.13567487668665767,0.1908724010480251,10,volatility
lstm_const,L,42,saocp_cqr,calm,0.9291338582677166,0.3816081772253549,0.016484891553985803,0.0870586844822463,10,volatility
lstm_const,L,42,saocp_cqr,mid,0.9096267190569745,0.540995684844885,-0.047893611928898294,0.05300519761978584,10,volatility
lstm_const,L,42,saocp_cqr,stressed,0.9105263157894737,0.6312425668267903,-0.08270635942619797,0.14246500244691096,10,volatility
lstm_const,L,42,sfogd_cqr,calm,0.7611548556430446,0.3010786917280703,0.10281950054169814,0.40849318168889903,10,volatility
lstm_const,L,42,sfogd_cqr,mid,0.8055009823182712,0.49696009051895434,-0.005903256103392485,0.11655613236589529,10,volatility
lstm_const,L,42,sfogd_cqr,stressed,0.85,0.5909413045071586,-0.04243333817610495,0.1110392841007474,10,volatility
lstm_const,L,42,spci_cqr,calm,0.7165354330708661,0.2768934041632325,0.0736333317624433,0.5164783593697837,10,volatility
lstm_const,L,42,spci_cqr,mid,0.7465618860510805,0.4733316173726926,-0.017622194459621987,0.14370285273894268,10,volatility
lstm_const,L,42,spci_cqr,stressed,0.8184210526315789,0.5454619411010275,-0.019211943848768342,0.11443599719421496,10,volatility
lstm_const,L,43,aci_cqr,calm,0.7480314960629921,0.292039287436426,0.17424408147120718,0.3889839354702554,10,volatility
lstm_const,L,43,aci_cqr,mid,0.825147347740668,0.4408150916751597,0.05379829317503676,0.16451171263409614,10,volatility
lstm_const,L,43,aci_cqr,stressed,0.8236842105263158,0.5887087158462317,-0.028678952063614482,0.09133640958502107,10,volatility
lstm_const,L,43,agaci_cqr,calm,0.7690288713910761,0.2872857674194301,0.17248389119397362,0.4078208340702276,10,volatility
lstm_const,L,43,agaci_cqr,mid,0.8113948919449901,0.44041967571468954,0.058303795292570015,0.1475068431322231,10,volatility
lstm_const,L,43,agaci_cqr,stressed,0.8342105263157895,0.5570404880719974,-0.02510646927714766,0.08349645513219378,10,volatility
lstm_const,L,43,cqr_rolling,calm,0.7690288713910761,0.28784628958225544,0.1695734873455481,0.39593439194990776,10,volatility
lstm_const,L,43,cqr_rolling,mid,0.8428290766208252,0.4469926665022074,0.045566957347001724,0.14793097791838572,10,volatility
lstm_const,L,43,cqr_rolling,stressed,0.8368421052631579,0.6005632657912501,-0.031067626881520982,0.09100563735945563,10,volatility
lstm_const,L,43,cqr_static,calm,0.937007874015748,0.6493262747394006,-0.10394561189165163,0.46662063309164287,10,volatility
lstm_const,L,43,cqr_static,mid,0.9135559921414538,0.7161431446782636,-0.08657456149753451,0.32861026788360176,10,volatility
lstm_const,L,43,cqr_static,stressed,0.8894736842105263,0.7951513164606516,-0.062337811975439195,0.3124833297609948,10,volatility
lstm_const,L,43,decay_ocp_cqr,calm,0.9212598425196851,0.4066724625012658,-0.012898865924511616,0.05450948205546413,10,volatility
lstm_const,L,43,decay_ocp_cqr,mid,0.8939096267190569,0.5608463404905685,-0.01174925675335714,0.14374147595818942,10,volatility
lstm_const,L,43,decay_ocp_cqr,stressed,0.881578947368421,0.6723207911850275,-0.025026041808763333,0.1642901681946168,10,volatility
lstm_const,L,43,dtaci_cqr,calm,0.7559055118110236,0.28589836667116075,0.1796662920974399,0.4007365415354276,10,volatility
lstm_const,L,43,dtaci_cqr,mid,0.825147347740668,0.43686198412611515,0.061853650623429346,0.1479841714853205,10,volatility
lstm_const,L,43,dtaci_cqr,stressed,0.8473684210526315,0.5656166632929545,-0.013100617965908001,0.07804075793761917,10,volatility
lstm_const,L,43,mondrian_cqr,calm,0.8083989501312336,0.31096316677027547,0.15745043475002868,0.5329418921394815,10,volatility
lstm_const,L,43,mondrian_cqr,mid,0.8801571709233792,0.4811494014035653,-0.009900901893865666,0.21075905286291113,10,volatility
lstm_const,L,43,mondrian_cqr,stressed,0.9052631578947369,0.629357226826128,-0.14652198804005567,0.13599794091359702,10,volatility
lstm_const,L,43,native,calm,0.9238845144356955,0.3863913238981099,0.018927234338677157,0.03859732840103544,10,volatility
lstm_const,L,43,native,mid,0.8840864440078585,0.5153292755986288,0.006220390547114041,0.049002248181179126,10,volatility
lstm_const,L,43,native,stressed,0.8631578947368421,0.5872565928720722,-0.028265183516777315,0.04703982849519947,10,volatility
lstm_const,L,43,pid_cqr,calm,0.7585301837270341,0.30547050883598537,0.13481954917780542,0.335655896724851,10,volatility
lstm_const,L,43,pid_cqr,mid,0.8290766208251473,0.4616494776363593,0.02898119216664824,0.12234834455610999,10,volatility
lstm_const,L,43,pid_cqr,stressed,0.8421052631578947,0.5671877988618637,0.02543622365078263,0.07729029563538065,10,volatility
lstm_const,L,43,pid_local_cqr,calm,0.7664041994750657,0.3496028632891176,0.025452422618658932,0.3345895955812125,10,volatility
lstm_const,L,43,pid_local_cqr,mid,0.831041257367387,0.49612470032933,-0.01026022208477162,0.09587132572114843,10,volatility
lstm_const,L,43,pid_local_cqr,stressed,0.8552631578947368,0.5970411377703566,0.017459281977265984,0.09972133643739128,10,volatility
lstm_const,L,43,pid_tan_cqr,calm,0.7952755905511811,0.3224074478197904,0.043554549469797865,0.4348059387196835,10,volatility
lstm_const,L,43,pid_tan_cqr,mid,0.8349705304518664,0.49532016559840486,-0.092572879736189,0.19713219093471657,10,volatility
lstm_const,L,43,pid_tan_cqr,stressed,0.8342105263157895,0.6685708153929576,-0.2194045157344794,0.21853275333159072,10,volatility
lstm_const,L,43,saocp_cqr,calm,0.9291338582677166,0.3861384717486558,0.02092685765694463,0.05026464468415509,10,volatility
lstm_const,L,43,saocp_cqr,mid,0.9076620825147348,0.5453317159832721,-0.06965642425540564,0.0724046480077844,10,volatility
lstm_const,L,43,saocp_cqr,stressed,0.9105263157894737,0.6679962426078356,-0.12298934007733331,0.08679265427508331,10,volatility
lstm_const,L,43,sfogd_cqr,calm,0.7664041994750657,0.3278512601082324,0.07579546340851351,0.3274252304718585,10,volatility
lstm_const,L,43,sfogd_cqr,mid,0.8055009823182712,0.49692337268207465,-0.006464079649981913,0.0766974295064454,10,volatility
lstm_const,L,43,sfogd_cqr,stressed,0.8421052631578947,0.5959012980727673,0.0031675384379049043,0.10079934609142846,10,volatility
lstm_const,L,43,spci_cqr,calm,0.7270341207349081,0.3092739106646868,0.1318639149014752,0.3468094574593896,10,volatility
lstm_const,L,43,spci_cqr,mid,0.7740667976424361,0.4760627641147004,0.042268330543725086,0.1749170447947764,10,volatility
lstm_const,L,43,spci_cqr,stressed,0.7894736842105263,0.5821349434590721,-0.03370980110871974,0.13720749029544946,10,volatility
lstm_const,L,44,aci_cqr,calm,0.7664041994750657,0.2731858739748831,0.11355547119457554,0.32441821109663216,10,volatility
lstm_const,L,44,aci_cqr,mid,0.8271119842829077,0.4415589689606378,0.07519193822255649,0.11914301365358967,10,volatility
lstm_const,L,44,aci_cqr,stressed,0.8263157894736842,0.5644638291258885,0.014750762406292972,0.17431528565120408,10,volatility
lstm_const,L,44,agaci_cqr,calm,0.7585301837270341,0.26904186596086416,0.11705536567481456,0.3634605928871415,10,volatility
lstm_const,L,44,agaci_cqr,mid,0.8055009823182712,0.44506233828591824,0.05855429417868713,0.11276168176189844,10,volatility
lstm_const,L,44,agaci_cqr,stressed,0.8394736842105263,0.533364243371789,0.02194628656104175,0.18995694116343637,10,volatility
lstm_const,L,44,cqr_rolling,calm,0.7821522309711286,0.26808584336217667,0.11527501210470975,0.33480856458889124,10,volatility
lstm_const,L,44,cqr_rolling,mid,0.8369351669941061,0.452774903577408,0.06304237796251838,0.11443157356048536,10,volatility
lstm_const,L,44,cqr_rolling,stressed,0.8421052631578947,0.5895598447973665,-0.0034835873250457228,0.2163949716403122,10,volatility
lstm_const,L,44,cqr_static,calm,0.8818897637795275,0.6033263576241235,-0.03307085258881581,0.4828277480200811,10,volatility
lstm_const,L,44,cqr_static,mid,0.8821218074656189,0.6758538805388508,-0.07146801021129845,0.3283823725118169,10,volatility
lstm_const,L,44,cqr_static,stressed,0.868421052631579,0.7456575847191481,-0.012340330519563458,0.34776885651141753,10,volatility
lstm_const,L,44,decay_ocp_cqr,calm,0.8923884514435696,0.387317946964378,0.026313133324631865,0.09251225262751242,10,volatility
lstm_const,L,44,decay_ocp_cqr,mid,0.8919449901768173,0.5575121601620228,-0.031186175275441208,0.11840049434795655,10,volatility
lstm_const,L,44,decay_ocp_cqr,stressed,0.8894736842105263,0.6585462958966182,-0.013023464870564938,0.12120674698908213,10,volatility
lstm_const,L,44,dtaci_cqr,calm,0.7742782152230971,0.26682534501517247,0.11597780548035735,0.3502093767527828,10,volatility
lstm_const,L,44,dtaci_cqr,mid,0.8113948919449901,0.4388873506053488,0.07049673197575163,0.12534182258661714,10,volatility
lstm_const,L,44,dtaci_cqr,stressed,0.8447368421052631,0.549239169179603,0.009917484630731999,0.14152558332805562,10,volatility
lstm_const,L,44,mondrian_cqr,calm,0.7690288713910761,0.2871465012091683,0.07222173992736725,0.49464783806132523,10,volatility
lstm_const,L,44,mondrian_cqr,mid,0.8585461689587426,0.4969403737925263,0.0032103974281806336,0.14991115314805914,10,volatility
lstm_const,L,44,mondrian_cqr,stressed,0.9052631578947369,0.5975841560332742,-0.04967993787612812,0.07378140797542448,10,volatility
lstm_const,L,44,native,calm,0.916010498687664,0.3783896971899293,0.019763671428303542,0.044974051264025844,10,volatility
lstm_const,L,44,native,mid,0.8899803536345776,0.5133568107633977,-0.014513920044824324,0.057331814167175366,10,volatility
lstm_const,L,44,native,stressed,0.8789473684210526,0.5808676467614396,0.0029846082510742167,0.061303637411714906,10,volatility
lstm_const,L,44,pid_cqr,calm,0.7742782152230971,0.2879774837080607,0.1175192074074144,0.35295380614151495,10,volatility
lstm_const,L,44,pid_cqr,mid,0.8153241650294696,0.4537866244477778,0.05626460626483021,0.10086778183094336,10,volatility
lstm_const,L,44,pid_cqr,stressed,0.8315789473684211,0.5327093825210071,0.0430323080536657,0.16040749805505997,10,volatility
lstm_const,L,44,pid_local_cqr,calm,0.7506561679790026,0.3256234810724325,0.10435872069194829,0.23695020361925753,10,volatility
lstm_const,L,44,pid_local_cqr,mid,0.8231827111984283,0.47495950428953787,0.03682684420049637,0.1167604962372473,10,volatility
lstm_const,L,44,pid_local_cqr,stressed,0.8526315789473684,0.5569033168124632,0.023259450483704758,0.1686888276146417,10,volatility
lstm_const,L,44,pid_tan_cqr,calm,0.7900262467191601,0.3042525635648716,-0.02682042064089052,0.4174164488883206,10,volatility
lstm_const,L,44,pid_tan_cqr,mid,0.8172888015717092,0.5187233930136588,-0.06896874588432078,0.09014609197175966,10,volatility
lstm_const,L,44,pid_tan_cqr,stressed,0.8368421052631579,0.5712677161320289,-0.15220737629628212,0.2663552637286217,10,volatility
lstm_const,L,44,saocp_cqr,calm,0.9238845144356955,0.3816092252579036,0.013328605462024024,0.07077756868197496,10,volatility
lstm_const,L,44,saocp_cqr,mid,0.9115913555992141,0.5509524761751016,-0.0728015542376278,0.08842160426454182,10,volatility
lstm_const,L,44,saocp_cqr,stressed,0.9289473684210526,0.6515932906344309,-0.08203140487816796,0.10868894625106368,10,volatility
lstm_const,L,44,sfogd_cqr,calm,0.7611548556430446,0.32204087799772524,0.09826115710356503,0.23510046124106443,10,volatility
lstm_const,L,44,sfogd_cqr,mid,0.8153241650294696,0.4975027355487953,-0.01761334888109023,0.09076920854537432,10,volatility
lstm_const,L,44,sfogd_cqr,stressed,0.8473684210526315,0.5913486082697944,0.020661430072939135,0.1329742242581568,10,volatility
lstm_const,L,44,spci_cqr,calm,0.7191601049868767,0.2852194024889511,0.07143306520416376,0.3457986580310536,10,volatility
lstm_const,L,44,spci_cqr,mid,0.7721021611001965,0.4743948274343715,0.00898715324997984,0.14512663571238504,10,volatility
lstm_const,L,44,spci_cqr,stressed,0.8210526315789474,0.5523831680119675,0.061157716338080426,0.1954014813613471,10,volatility
rw,L,42,aci_cqr,calm,0.7926509186351706,0.2358903937007874,0.16582322487665857,0.4854750234380258,10,volatility
rw,L,42,aci_cqr,mid,0.8015717092337917,0.4324501768172886,0.0741583511467338,0.14079125269696835,10,volatility
rw,L,42,aci_cqr,stressed,0.8447368421052631,0.552888842105263,-0.006170983298684596,0.1437764399661017,10,volatility
rw,L,42,agaci_cqr,calm,0.7847769028871391,0.2399346529817567,0.16931103426892252,0.4865546927936311,10,volatility
rw,L,42,agaci_cqr,mid,0.7858546168958742,0.43188123493907754,0.05775973831607256,0.1587397777530225,10,volatility
rw,L,42,agaci_cqr,stressed,0.8421052631578947,0.529674483738293,0.043219460520495134,0.0911523990032504,10,volatility
rw,L,42,cqr_rolling,calm,0.8110236220472441,0.23981396325459298,0.1753556403874546,0.4960074825594988,10,volatility
rw,L,42,cqr_rolling,mid,0.8290766208251473,0.4340317878192533,0.059163834763805934,0.15205192732460882,10,volatility
rw,L,42,cqr_rolling,stressed,0.85,0.5637027368421055,0.03625744469623987,0.1507901662121561,10,volatility
rw,L,42,cqr_static,calm,0.9343832020997376,0.6174518635170602,-0.06228814786743164,0.5659524758393429,10,volatility
rw,L,42,cqr_static,mid,0.9076620825147348,0.6777724557956776,-0.03551870773645194,0.3812853402843138,10,volatility
rw,L,42,cqr_static,stressed,0.9052631578947369,0.7483919999999998,-0.009343611305768829,0.3605650159496988,10,volatility
rw,L,42,decay_ocp_cqr,calm,0.926509186351706,0.39216221174170546,0.012590585376685226,0.06317702985671203,10,volatility
rw,L,42,decay_ocp_cqr,mid,0.9017681728880157,0.5453090553266938,-0.01322245861203164,0.08304925525013593,10,volatility
rw,L,42,decay_ocp_cqr,stressed,0.9052631578947369,0.6460753188424515,-0.00017428918594492027,0.09421574015789064,10,volatility
rw,L,42,dtaci_cqr,calm,0.7926509186351706,0.23743332726332253,0.17154547441978074,0.4924537258749247,10,volatility
rw,L,42,dtaci_cqr,mid,0.8113948919449901,0.4251447431930648,0.06437337191671177,0.16816250449793263,10,volatility
rw,L,42,dtaci_cqr,stressed,0.8526315789473684,0.5413034310088907,0.00950676099182074,0.12244264183168527,10,volatility
rw,L,42,mondrian_cqr,calm,0.8188976377952756,0.25726845144356947,0.14669888364588385,0.5232581016404625,10,volatility
rw,L,42,mondrian_cqr,mid,0.8644400785854617,0.4889471512770136,-0.012158201270902835,0.12599267524351748,10,volatility
rw,L,42,mondrian_cqr,stressed,0.8973684210526316,0.6345136842105263,-0.037268027835897555,0.08019433135273135,10,volatility
rw,L,42,native,calm,0.937007874015748,0.3929414173228348,0.0,0.0,10,volatility
rw,L,42,native,mid,0.9037328094302554,0.5037638899803537,0.0,0.0,10,volatility
rw,L,42,native,stressed,0.8868421052631579,0.5707154736842107,0.0,0.0,10,volatility
rw,L,42,pid_cqr,calm,0.7716535433070866,0.26191276685865506,0.1645877601136484,0.4054829582732947,10,volatility
rw,L,42,pid_cqr,mid,0.8172888015717092,0.44969028698882174,0.057275120550760394,0.10286269466261463,10,volatility
rw,L,42,pid_cqr,stressed,0.8473684210526315,0.517755948282202,0.026997312321642486,0.07449477396888679,10,volatility
rw,L,42,pid_local_cqr,calm,0.7769028871391076,0.29669393385826776,0.2020627219451303,0.3137498455490305,10,volatility
rw,L,42,pid_local_cqr,mid,0.8172888015717092,0.4717934223968566,0.01157809406091237,0.10482738330546662,10,volatility
rw,L,42,pid_local_cqr,stressed,0.8552631578947368,0.5651666736842108,0.008097319418354787,0.10235439535367535,10,volatility
rw,L,42,pid_tan_cqr,calm,0.8083989501312336,0.2898866871371267,0.02517359790952023,0.5247186525897238,10,volatility
rw,L,42,pid_tan_cqr,mid,0.7996070726915521,0.5130823408386663,-0.09968444870960214,0.12123702834739483,10,volatility
rw,L,42,pid_tan_cqr,stressed,0.8368421052631579,0.6025261632753763,-0.12081753473969314,0.1699778921289084,10,volatility
rw,L,42,saocp_cqr,calm,0.9448818897637795,0.3956887011142244,-0.004507439086892329,0.017153177065461267,10,volatility
rw,L,42,saocp_cqr,mid,0.925343811394892,0.5259335417212962,-0.04417455001734005,0.04770760227498283,10,volatility
rw,L,42,saocp_cqr,stressed,0.9263157894736842,0.6704329466647955,-0.09711052205923987,0.07334660507562762,10,volatility
rw,L,42,sfogd_cqr,calm,0.7611548556430446,0.2955298126238768,0.12452873343799398,0.3651331694214734,10,volatility
rw,L,42,sfogd_cqr,mid,0.793713163064833,0.49990738060515955,0.0005718305949967695,0.11729164018938878,10,volatility
rw,L,42,sfogd_cqr,stressed,0.8473684210526315,0.565814668100775,-0.00442842633578272,0.05030493466866631,10,volatility
rw,L,42,spci_cqr,calm,0.7296587926509186,0.2539673490813648,0.13395634780100385,0.5257495089699709,10,volatility
rw,L,42,spci_cqr,mid,0.7603143418467584,0.4602525343811393,0.040334757656902254,0.0884979633532495,10,volatility
rw,L,42,spci_cqr,stressed,0.8131578947368421,0.538539157894737,0.03886796980422508,0.08133448234991783,10,volatility
tirex,ZS,42,aci_cqr,calm,0.7716535433070866,0.24644143785257044,0.14331832271699962,0.539916935919045,10,volatility
tirex,ZS,42,aci_cqr,mid,0.8133595284872298,0.4457209516625039,0.08897697109646763,0.13286897181593907,10,volatility
tirex,ZS,42,aci_cqr,stressed,0.8631578947368421,0.4640774089835191,0.08923732886249713,0.21506193962616893,10,volatility
tirex,ZS,42,agaci_cqr,calm,0.7664041994750657,0.24545745186840226,0.14410400913199678,0.5295331717862821,10,volatility
tirex,ZS,42,agaci_cqr,mid,0.8133595284872298,0.4445316075549779,0.08558246587350327,0.12975118274160646,10,volatility
tirex,ZS,42,agaci_cqr,stressed,0.8552631578947368,0.4591410439063476,0.113556045746384,0.19153309930550136,10,volatility
tirex,ZS,42,cqr_rolling,calm,0.7664041994750657,0.24535987233467935,0.1440102055474794,0.5306553844921228,10,volatility
tirex,ZS,42,cqr_rolling,mid,0.8113948919449901,0.4448190954876789,0.08257998440326925,0.125914158898358,10,volatility
tirex,ZS,42,cqr_rolling,stressed,0.85,0.4587519999140814,0.11766529966705014,0.19067333966347427,10,volatility
tirex,ZS,42,cqr_static,calm,0.6115485564304461,0.2736871282883205,-0.005730231565541977,0.3237523355852662,10,volatility
tirex,ZS,42,cqr_static,mid,0.7662082514734774,0.439982389571765,0.09450455742393926,0.181480927141354,10,volatility
tirex,ZS,42,cqr_static,stressed,0.8184210526315789,0.4577727173286989,0.14001548780266077,0.1716873046181181,10,volatility
tirex,ZS,42,decay_ocp_cqr,calm,0.7139107611548556,0.2448837514135175,0.1434170577861179,0.49559198107340363,10,volatility
tirex,ZS,42,decay_ocp_cqr,mid,0.7996070726915521,0.4361554811718182,0.10304422052642748,0.15424087766516634,10,volatility
tirex,ZS,42,decay_ocp_cqr,stressed,0.8263157894736842,0.4471042383263689,0.13134702165597023,0.16899088282307845,10,volatility
tirex,ZS,42,dtaci_cqr,calm,0.7611548556430446,0.2459528412111168,0.1510125196675816,0.5224334549783721,10,volatility
tirex,ZS,42,dtaci_cqr,mid,0.8172888015717092,0.44565949182807885,0.0941417638793971,0.1393532342735828,10,volatility
tirex,ZS,42,dtaci_cqr,stressed,0.8657894736842106,0.4667481301386041,0.1019872826285283,0.22060689860407548,10,volatility
tirex,ZS,42,mondrian_cqr,calm,0.84251968503937,0.262270572794923,0.08687340869973204,0.6046372052424733,10,volatility
tirex,ZS,42,mondrian_cqr,mid,0.862475442043222,0.46829376824384594,0.05068800842725685,0.0976764996086261,10,volatility
tirex,ZS,42,mondrian_cqr,stressed,0.8947368421052632,0.527512552679777,0.021802100303704053,0.24484284807873974,10,volatility
tirex,ZS,42,native,calm,0.7322834645669292,0.23840230192740763,0.15524899699195127,0.503062869559299,10,volatility
tirex,ZS,42,native,mid,0.8349705304518664,0.4295290140871449,0.10590413059504283,0.14594124581983017,10,volatility
tirex,ZS,42,native,stressed,0.8657894736842106,0.45807074989707847,0.12014899087047803,0.17579959804423606,10,volatility
tirex,ZS,42,pid_cqr,calm,0.7349081364829396,0.27277245728109717,0.09967536843948333,0.4846459933315957,10,volatility
tirex,ZS,42,pid_cqr,mid,0.8035363457760314,0.4574042101741669,0.06892844288430827,0.14900906572581807,10,volatility
tirex,ZS,42,pid_cqr,stressed,0.8578947368421053,0.4715456269848264,0.0856265717519572,0.17584461102037102,10,volatility
tirex,ZS,42,pid_local_cqr,calm,0.7480314960629921,0.3029524776925027,0.13152776810158467,0.3297028870823058,10,volatility
tirex,ZS,42,pid_local_cqr,mid,0.7956777996070727,0.47714329041908204,0.029214465119819122,0.15208381307496766,10,volatility
tirex,ZS,42,pid_local_cqr,stressed,0.8552631578947368,0.5041673844573874,0.01841535838746955,0.1453672214340437,10,volatility
tirex,ZS,42,pid_tan_cqr,calm,0.7716535433070866,0.2841798411651826,-0.05944148926471915,0.536870165646274,10,volatility
tirex,ZS,42,pid_tan_cqr,mid,0.7976424361493124,0.5107009427844498,-0.024584514158552895,0.1656045650635907,10,volatility
tirex,ZS,42,pid_tan_cqr,stressed,0.8473684210526315,0.531986742960478,-0.0038260955371189898,0.30124030001513935,10,volatility
tirex,ZS,42,saocp_cqr,calm,0.8320209973753281,0.32454946228831993,0.07136478779975841,0.2464727580120664,10,volatility
tirex,ZS,42,saocp_cqr,mid,0.8722986247544204,0.5107762512553369,-0.03455701653294274,0.165146365125084,10,volatility
tirex,ZS,42,saocp_cqr,stressed,0.9131578947368421,0.5432880079690472,-0.021262928095271305,0.1092189408363107,10,volatility
tirex,ZS,42,sfogd_cqr,calm,0.7349081364829396,0.28780365967270205,0.08719362784090073,0.35183599161761736,10,volatility
tirex,ZS,42,sfogd_cqr,mid,0.7976424361493124,0.49854847153511506,-0.017859506496883615,0.1566690935676235,10,volatility
tirex,ZS,42,sfogd_cqr,stressed,0.8736842105263158,0.5214207750162945,0.008125501789379819,0.12219170168207966,10,volatility
tirex,ZS,42,spci_cqr,calm,0.6771653543307087,0.26772607257600844,0.0674658906305245,0.5514342931729703,10,volatility
tirex,ZS,42,spci_cqr,mid,0.7544204322200393,0.4726499614049972,0.03860015081403395,0.1306877578158804,10,volatility
tirex,ZS,42,spci_cqr,stressed,0.8157894736842105,0.49015877892663595,0.0627387325014317,0.09534162093589321,10,volatility
tirex2,ZS,42,aci_cqr,calm,0.7191601049868767,0.24302244450711985,0.13308901309151844,0.5384438309512879,10,volatility
tirex2,ZS,42,aci_cqr,mid,0.8035363457760314,0.4282201141040311,0.09725516360090747,0.1642005012974866,10,volatility
tirex2,ZS,42,aci_cqr,stressed,0.8736842105263158,0.4770903186819742,0.15179409889908207,0.19349873322953987,10,volatility
tirex2,ZS,42,agaci_cqr,calm,0.7217847769028871,0.23985083160692436,0.13614024082646076,0.4968093742670676,10,volatility
tirex2,ZS,42,agaci_cqr,mid,0.8015717092337917,0.42781802161484317,0.10722227751307073,0.16135743949717654,10,volatility
tirex2,ZS,42,agaci_cqr,stressed,0.8657894736842106,0.4786497593549963,0.1599949163347072,0.19064034650384293,10,volatility
tirex2,ZS,42,cqr_rolling,calm,0.7165354330708661,0.24114126079974996,0.13738861434036842,0.5132834249492931,10,volatility
tirex2,ZS,42,cqr_rolling,mid,0.7976424361493124,0.42668748372893905,0.11579774520828012,0.16180462970006382,10,volatility
tirex2,ZS,42,cqr_rolling,stressed,0.868421052631579,0.4811250520341334,0.16662086060401776,0.18632477365694755,10,volatility
tirex2,ZS,42,cqr_static,calm,0.6535433070866141,0.25364727652029895,0.155445967587444,0.3849801102839801,10,volatility
tirex2,ZS,42,cqr_static,mid,0.7642436149312377,0.4106180536901553,0.1186055979023049,0.12238109872059674,10,volatility
tirex2,ZS,42,cqr_static,stressed,0.8263157894736842,0.4616023038887663,0.1820018983236753,0.12203144113386094,10,volatility
tirex2,ZS,42,decay_ocp_cqr,calm,0.7217847769028871,0.2395874622751781,0.1569482028430889,0.4979525490594068,10,volatility
tirex2,ZS,42,decay_ocp_cqr,mid,0.787819253438114,0.415902015958362,0.11288055431746158,0.15139627928549196,10,volatility
tirex2,ZS,42,decay_ocp_cqr,stressed,0.85,0.45800518011853386,0.18061537277012119,0.1465439334228047,10,volatility
tirex2,ZS,42,dtaci_cqr,calm,0.7191601049868767,0.2397131946711909,0.13528405749953815,0.5062027062682102,10,volatility
tirex2,ZS,42,dtaci_cqr,mid,0.8172888015717092,0.43066198255341603,0.09343455542306867,0.15586698060850993,10,volatility
tirex2,ZS,42,dtaci_cqr,stressed,0.8763157894736842,0.4807144883442389,0.14851534397695354,0.18270516069056228,10,volatility
tirex2,ZS,42,mondrian_cqr,calm,0.821522309711286,0.24563988262268655,0.08991651572912862,0.5803667214865169,10,volatility
tirex2,ZS,42,mondrian_cqr,mid,0.8546168958742633,0.4515429589448135,0.004327488226055887,0.15045971494319255,10,volatility
tirex2,ZS,42,mondrian_cqr,stressed,0.8921052631578947,0.5531366604495989,0.03545472807325667,0.11537080978108274,10,volatility
tirex2,ZS,42,native,calm,0.84251968503937,0.23610621109147242,0.157454279227704,0.5191934729074497,10,volatility
tirex2,ZS,42,native,mid,0.8546168958742633,0.4126502406234123,0.11434106082496487,0.1536051334631834,10,volatility
tirex2,ZS,42,native,stressed,0.868421052631579,0.490237847650208,0.16203348676175355,0.10474364042317405,10,volatility
tirex2,ZS,42,pid_cqr,calm,0.7427821522309711,0.25224310558255464,0.13221060038094595,0.5004341344177656,10,volatility
tirex2,ZS,42,pid_cqr,mid,0.8055009823182712,0.43498763478412833,0.0654536879954235,0.16174211988102813,10,volatility
tirex2,ZS,42,pid_cqr,stressed,0.85,0.48371718343767756,0.13966166153098042,0.14018368907678402,10,volatility
tirex2,ZS,42,pid_local_cqr,calm,0.7401574803149606,0.3097733839425419,0.1391328338232945,0.36728657646821605,10,volatility
tirex2,ZS,42,pid_local_cqr,mid,0.8094302554027505,0.4660414195713314,0.0444683780454061,0.17984804315804612,10,volatility
tirex2,ZS,42,pid_local_cqr,stressed,0.8526315789473684,0.5214311429515198,0.08915991586647243,0.07604294831791159,10,volatility
tirex2,ZS,42,pid_tan_cqr,calm,0.7585301837270341,0.26410019550985814,-0.08599645058524297,0.5801584458282774,10,volatility
tirex2,ZS,42,pid_tan_cqr,mid,0.8055009823182712,0.5006480831772853,-0.07919550656772811,0.10852586396719874,10,volatility
tirex2,ZS,42,pid_tan_cqr,stressed,0.868421052631579,0.5289640801273504,-0.006492919368084216,0.17278813535649337,10,volatility
tirex2,ZS,42,saocp_cqr,calm,0.8661417322834646,0.27314412386492515,0.0864428907308527,0.39070100581588263,10,volatility
tirex2,ZS,42,saocp_cqr,mid,0.8958742632612967,0.5084235476382719,0.0025267698981088493,0.16969809675572012,10,volatility
tirex2,ZS,42,saocp_cqr,stressed,0.9184210526315789,0.5736067643065353,-0.031784917390281886,0.06781500925599318,10,volatility
tirex2,ZS,42,sfogd_cqr,calm,0.7427821522309711,0.2867729197869558,0.08373289044023918,0.4159032218675702,10,volatility
tirex2,ZS,42,sfogd_cqr,mid,0.8035363457760314,0.4855606636933238,0.018933438243582512,0.10562338088832374,10,volatility
tirex2,ZS,42,sfogd_cqr,stressed,0.8552631578947368,0.5592799605002546,0.05805355620576785,0.10693729619855513,10,volatility
tirex2,ZS,42,spci_cqr,calm,0.6771653543307087,0.25734241694954285,0.0700177104978163,0.5573861196137084,10,volatility
tirex2,ZS,42,spci_cqr,mid,0.7779960707269156,0.449442978478087,0.05363600776106353,0.1239504208825454,10,volatility
tirex2,ZS,42,spci_cqr,stressed,0.8263157894736842,0.49893630108205894,0.09205645957224284,0.08003309424163171,10,volatility
tirex2_cov,ZS,42,aci_cqr,calm,0.7349081364829396,0.2407910550437184,0.1332869150076768,0.5503187407105532,10,volatility
tirex2_cov,ZS,42,aci_cqr,mid,0.8074656188605108,0.43233878668146186,0.09694418496454982,0.16193492607946042,10,volatility
tirex2_cov,ZS,42,aci_cqr,stressed,0.8657894736842106,0.4769408648028186,0.12931506837489132,0.19136067594189193,10,volatility
tirex2_cov,ZS,42,agaci_cqr,calm,0.7375328083989501,0.2397944668282431,0.14023366360422662,0.5330312643948572,10,volatility
tirex2_cov,ZS,42,agaci_cqr,mid,0.8015717092337917,0.42688791926892183,0.100416847087692,0.17042624093562983,10,volatility
tirex2_cov,ZS,42,agaci_cqr,stressed,0.8631578947368421,0.47683449358005403,0.1420063479772795,0.17855667401013262,10,volatility
tirex2_cov,ZS,42,cqr_rolling,calm,0.7375328083989501,0.2390238871016763,0.14305226589226333,0.5339570871736218,10,volatility
tirex2_cov,ZS,42,cqr_rolling,mid,0.7996070726915521,0.42669523066884174,0.10466048810970285,0.1690768425828335,10,volatility
tirex2_cov,ZS,42,cqr_rolling,stressed,0.8631578947368421,0.48129616067312264,0.14382418633729394,0.18126890138576263,10,volatility
tirex2_cov,ZS,42,cqr_static,calm,0.7139107611548556,0.2490921133277532,0.15243301602693815,0.445248808466732,10,volatility
tirex2_cov,ZS,42,cqr_static,mid,0.8055009823182712,0.4065591416566217,0.11402222817105578,0.1763062729204722,10,volatility
tirex2_cov,ZS,42,cqr_static,stressed,0.8342105263157895,0.4699490431496971,0.1729475213067157,0.07607109538516413,10,volatility
tirex2_cov,ZS,42,decay_ocp_cqr,calm,0.7322834645669292,0.2362861813649137,0.16223273897784202,0.5296214677479874,10,volatility
tirex2_cov,ZS,42,decay_ocp_cqr,mid,0.7996070726915521,0.41462884155830465,0.11420545479895627,0.15187806212508229,10,volatility
tirex2_cov,ZS,42,decay_ocp_cqr,stressed,0.85,0.4611701608774792,0.1706600289707827,0.11711011725403117,10,volatility
tirex2_cov,ZS,42,dtaci_cqr,calm,0.7401574803149606,0.23901897152428236,0.14089260869752018,0.5334777102261572,10,volatility
tirex2_cov,ZS,42,dtaci_cqr,mid,0.8113948919449901,0.4316447365281592,0.0932029434662563,0.14982465145875493,10,volatility
tirex2_cov,ZS,42,dtaci_cqr,stressed,0.8763157894736842,0.47941722672085346,0.13049404862142644,0.1790483572087131,10,volatility
tirex2_cov,ZS,42,mondrian_cqr,calm,0.8320209973753281,0.24224877461031508,0.09988240868754472,0.5756572460511917,10,volatility
tirex2_cov,ZS,42,mondrian_cqr,mid,0.8565815324165029,0.44986798454228,0.012630869394768984,0.14762285299470454,10,volatility
tirex2_cov,ZS,42,mondrian_cqr,stressed,0.8921052631578947,0.5588740823936462,0.004516031791425901,0.16433735252249407,10,volatility
tirex2_cov,ZS,42,native,calm,0.8162729658792651,0.23539144821050442,0.16753042842586008,0.5276157015368834,10,volatility
tirex2_cov,ZS,42,native,mid,0.8388998035363457,0.4091586179814076,0.10954352796900407,0.16238952137499382,10,volatility
tirex2_cov,ZS,42,native,stressed,0.8605263157894737,0.477240084165021,0.17017378241709663,0.09083279604114036,10,volatility
tirex2_cov,ZS,42,pid_cqr,calm,0.7270341207349081,0.2526739535328441,0.12583830438763044,0.47935198982221616,10,volatility
tirex2_cov,ZS,42,pid_cqr,mid,0.8094302554027505,0.4400584599169588,0.07767502131958803,0.1352317693711723,10,volatility
tirex2_cov,ZS,42,pid_cqr,stressed,0.8552631578947368,0.47819188621009495,0.10047628712680773,0.12778865361083327,10,volatility
tirex2_cov,ZS,42,pid_local_cqr,calm,0.7480314960629921,0.30982201665183046,0.15320578395012502,0.40703229177422023,10,volatility
tirex2_cov,ZS,42,pid_local_cqr,mid,0.8015717092337917,0.4783846687747688,0.04626121331098193,0.12394702666938254,10,volatility
tirex2_cov,ZS,42,pid_local_cqr,stressed,0.8605263157894737,0.5212753426625854,0.10106831499567487,0.15120063253676252,10,volatility
tirex2_cov,ZS,42,pid_tan_cqr,calm,0.7506561679790026,0.2754921596682698,-0.06731031431003642,0.5873353199910729,10,volatility
tirex2_cov,ZS,42,pid_tan_cqr,mid,0.8035363457760314,0.5128577369829639,-0.08726107439749564,0.09832302601863147,10,volatility
tirex2_cov,ZS,42,pid_tan_cqr,stressed,0.8763157894736842,0.5237269186713889,-0.013104185386756617,0.17585458577211238,10,volatility
tirex2_cov,ZS,42,saocp_cqr,calm,0.8556430446194225,0.2727898385425524,0.11505266530658514,0.38425919265688047,10,volatility
tirex2_cov,ZS,42,saocp_cqr,mid,0.8781925343811395,0.5269390996676453,-0.0397218634986668,0.15902861419522274,10,volatility
tirex2_cov,ZS,42,saocp_cqr,stressed,0.9052631578947369,0.5519313084320333,0.0008774905577896286,0.07799165751342865,10,volatility
tirex2_cov,ZS,42,sfogd_cqr,calm,0.7454068241469817,0.2935971042316622,0.09387615847502939,0.4157927055721592,10,volatility
tirex2_cov,ZS,42,sfogd_cqr,mid,0.8074656188605108,0.48343169264501357,0.029725478174502773,0.12773274954925118,10,volatility
tirex2_cov,ZS,42,sfogd_cqr,stressed,0.8526315789473684,0.5667756694826461,0.02383360944311891,0.11995528382811954,10,volatility
tirex2_cov,ZS,42,spci_cqr,calm,0.6850393700787402,0.2574489275188193,0.11352449969229045,0.5940449824012766,10,volatility
tirex2_cov,ZS,42,spci_cqr,mid,0.768172888015717,0.45380660076487983,0.057785362161722253,0.14994364827990625,10,volatility
tirex2_cov,ZS,42,spci_cqr,stressed,0.8184210526315789,0.5139903240946719,0.07227884011099622,0.10395642009680009,10,volatility
xlstm,G,42,aci_cqr,calm,0.8372703412073491,0.338900339962106,0.05371292164915331,0.16244380483720902,10,volatility
xlstm,G,42,aci_cqr,mid,0.7603143418467584,0.5331565385950952,-0.068625994356311,0.1098749455593154,10,volatility
xlstm,G,42,aci_cqr,stressed,0.8157894736842105,0.5291504833347987,0.05286804392088312,0.1556200457460862,10,volatility
xlstm,G,42,agaci_cqr,calm,0.847769028871391,0.3347989582996435,0.07535141718271471,0.20226922317649196,10,volatility
xlstm,G,42,agaci_cqr,mid,0.7819253438113949,0.5079308694114956,-0.028971027048668052,0.10872204802766391,10,volatility
xlstm,G,42,agaci_cqr,stressed,0.8026315789473685,0.5194504315283119,0.013294919670408079,0.1841659851992928,10,volatility
xlstm,G,42,cqr_rolling,calm,0.8346456692913385,0.33749746463288244,0.046271597640941575,0.1673074658273143,10,volatility
xlstm,G,42,cqr_rolling,mid,0.7603143418467584,0.5296957669436434,-0.06675386643862047,0.11650106708011013,10,volatility
xlstm,G,42,cqr_rolling,stressed,0.8105263157894737,0.5387663377165354,0.02681302794452206,0.1310721771051282,10,volatility
xlstm,G,42,cqr_static,calm,0.7821522309711286,0.553073099681037,0.03609137037862886,0.14222849894091982,10,volatility
xlstm,G,42,cqr_static,mid,0.7544204322200393,0.6600895582669376,-0.03434861748071949,0.15629171846718662,10,volatility
xlstm,G,42,cqr_static,stressed,0.7210526315789474,0.7031658529634194,-0.06145065918174675,0.046196217754621904,10,volatility
xlstm,G,42,decay_ocp_cqr,calm,0.8792650918635171,0.36821953197475216,0.038855871814127085,0.11436931941146683,10,volatility
xlstm,G,42,decay_ocp_cqr,mid,0.8349705304518664,0.5208087575058099,-0.04101369181400505,0.0833231712515155,10,volatility
xlstm,G,42,decay_ocp_cqr,stressed,0.8342105263157895,0.5563225933114847,-0.010599592196819052,0.08701435458632933,10,volatility
xlstm,G,42,dtaci_cqr,calm,0.8267716535433071,0.33393995787915864,0.07541495981410495,0.1899009578733998,10,volatility
xlstm,G,42,dtaci_cqr,mid,0.7858546168958742,0.5146805486316165,-0.04284465348373212,0.10093567237715614,10,volatility
xlstm,G,42,dtaci_cqr,stressed,0.8315789473684211,0.5142396109465115,0.04233702173369036,0.16429057323374666,10,volatility
xlstm,G,42,mondrian_cqr,calm,0.8766404199475065,0.3417479475478116,0.014895338244729939,0.38822726882641656,10,volatility
xlstm,G,42,mondrian_cqr,mid,0.8212180746561886,0.5449371458352343,-0.11895806797546937,0.22772453170988247,10,volatility
xlstm,G,42,mondrian_cqr,stressed,0.8868421052631579,0.6090009909584345,-0.04629727711312126,0.14971881972460727,10,volatility
xlstm,G,42,native,calm,0.8976377952755905,0.374127032755857,0.002093037725016289,0.10671634214246031,10,volatility
xlstm,G,42,native,mid,0.8703339882121808,0.5174700869017359,-0.032237470499941856,0.08705470091047474,10,volatility
xlstm,G,42,native,stressed,0.8368421052631579,0.5457166246254046,-0.010512008915486759,0.1409284218959814,10,volatility
xlstm,G,42,pid_cqr,calm,0.8031496062992126,0.3194174944534922,0.10507157910230136,0.24961523976779398,10,volatility
xlstm,G,42,pid_cqr,mid,0.7976424361493124,0.495951833858961,-0.04262847263556191,0.11422715502178071,10,volatility
xlstm,G,42,pid_cqr,stressed,0.8263157894736842,0.5114636454024393,0.03881299149462586,0.15800934032712544,10,volatility
xlstm,G,42,pid_local_cqr,calm,0.7769028871391076,0.3589483485259954,0.043557341833819485,0.1787607431361856,10,volatility
xlstm,G,42,pid_local_cqr,mid,0.8035363457760314,0.5047320569037127,-0.03299572760543812,0.09045446754167286,10,volatility
xlstm,G,42,pid_local_cqr,stressed,0.8447368421052631,0.5130466956993904,0.04462973039859386,0.1305110533246211,10,volatility
xlstm,G,42,pid_tan_cqr,calm,0.84251968503937,0.3478126787739445,-0.09739838003974288,0.2597807922065161,10,volatility
xlstm,G,42,pid_tan_cqr,mid,0.8074656188605108,0.5706868569518072,-0.17739782918684033,0.14175582175179996,10,volatility
xlstm,G,42,pid_tan_cqr,stressed,0.8210526315789474,0.5978469526168829,-0.09883352247042565,0.24745032967746095,10,volatility
xlstm,G,42,saocp_cqr,calm,0.9186351706036745,0.38422708755651497,-0.0075579116291122905,0.12387819016508056,10,volatility
xlstm,G,42,saocp_cqr,mid,0.9056974459724951,0.5419484439878111,-0.09214184359451638,0.1805989379914112,10,volatility
xlstm,G,42,saocp_cqr,stressed,0.9263157894736842,0.5889072063439227,-0.04003917609108765,0.12251970545023003,10,volatility
xlstm,G,42,sfogd_cqr,calm,0.7795275590551181,0.3397355122103466,0.13346306558780724,0.2813447193412616,10,volatility
xlstm,G,42,sfogd_cqr,mid,0.8015717092337917,0.538680570138396,-0.0872737563205418,0.14309334053188663,10,volatility
xlstm,G,42,sfogd_cqr,stressed,0.8394736842105263,0.5307320625086515,0.013487818364723958,0.07527818301955452,10,volatility
xlstm,G,42,spci_cqr,calm,0.7742782152230971,0.33347270757502,0.08815083119671757,0.3285697866965307,10,volatility
xlstm,G,42,spci_cqr,mid,0.7445972495088409,0.5325788972089386,-0.13409537638920743,0.1269558864223998,10,volatility
xlstm,G,42,spci_cqr,stressed,0.7736842105263158,0.5261631753081426,-0.012231742059553463,0.1816618720541134,10,volatility
xlstm,G,43,aci_cqr,calm,0.7506561679790026,0.3524732622515655,0.031005866067319865,0.18103426551627674,10,volatility
xlstm,G,43,aci_cqr,mid,0.8369351669941061,0.500346693351695,-0.03487439191713981,0.059370429617247866,10,volatility
xlstm,G,43,aci_cqr,stressed,0.7894736842105263,0.5502574244170164,-0.08793964383247832,0.203563813419856,10,volatility
xlstm,G,43,agaci_cqr,calm,0.7900262467191601,0.3284578306343299,0.03994705925252873,0.2116064739109666,10,volatility
xlstm,G,43,agaci_cqr,mid,0.8428290766208252,0.48927499816304093,-0.02767446679536345,0.09396435072510242,10,volatility
xlstm,G,43,agaci_cqr,stressed,0.7973684210526316,0.5477096578570376,-0.08809864406750212,0.19769207694604538,10,volatility
xlstm,G,43,cqr_rolling,calm,0.7480314960629921,0.3608086946767772,0.03164224461458054,0.17955962965399527,10,volatility
xlstm,G,43,cqr_rolling,mid,0.8408644400785854,0.5053467669386467,-0.04367320239457695,0.040770349193984035,10,volatility
xlstm,G,43,cqr_rolling,stressed,0.7947368421052632,0.5506583788769221,-0.08846743221908282,0.19410985882788534,10,volatility
xlstm,G,43,cqr_static,calm,0.8661417322834646,0.3735010709218037,-0.009226596678323096,0.24875503120466302,10,volatility
xlstm,G,43,cqr_static,mid,0.8958742632612967,0.5661078924847143,-0.08713104750808665,0.10600821587634462,10,volatility
xlstm,G,43,cqr_static,stressed,0.8552631578947368,0.5914882064594605,-0.056618115119418055,0.14161068546019487,10,volatility
xlstm,G,43,decay_ocp_cqr,calm,0.8503937007874016,0.3836833058207009,-0.012848847173817346,0.24079007631990243,10,volatility
xlstm,G,43,decay_ocp_cqr,mid,0.8958742632612967,0.6199380162180333,-0.08329977656558452,0.05314368585127249,10,volatility
xlstm,G,43,decay_ocp_cqr,stressed,0.8868421052631579,0.6499758281441855,-0.08523219083433786,0.11610790782135194,10,volatility
xlstm,G,43,dtaci_cqr,calm,0.7611548556430446,0.33132475829259517,0.045594435129667155,0.2080852820569623,10,volatility
xlstm,G,43,dtaci_cqr,mid,0.8447937131630648,0.49440093097727633,-0.023343451623982214,0.08559593291659523,10,volatility
xlstm,G,43,dtaci_cqr,stressed,0.7947368421052632,0.5412598192794925,-0.0922693610643327,0.2142868011346173,10,volatility
xlstm,G,43,mondrian_cqr,calm,0.8398950131233596,0.3467836279790898,-0.0011801283768451687,0.4442955100808921,10,volatility
xlstm,G,43,mondrian_cqr,mid,0.8585461689587426,0.5100985847515241,-0.059739698888390924,0.12382115901531007,10,volatility
xlstm,G,43,mondrian_cqr,stressed,0.8631578947368421,0.5355606336339093,-0.14990503278229683,0.31027968318245136,10,volatility
xlstm,G,43,native,calm,0.937007874015748,0.48534239950199226,-0.1895003482004889,0.1649946209850317,10,volatility
xlstm,G,43,native,mid,0.9430255402750491,0.6872326139456982,-0.15768384253971246,0.10573088024479016,10,volatility
xlstm,G,43,native,stressed,0.9131578947368421,0.7083813037794083,-0.13536592310900275,0.18131213614477443,10,volatility
xlstm,G,43,pid_cqr,calm,0.7716535433070866,0.3293471154971043,0.05530671951021071,0.23244472778139882,10,volatility
xlstm,G,43,pid_cqr,mid,0.8369351669941061,0.4833758568663883,-0.012590750231980197,0.08925642367017891,10,volatility
xlstm,G,43,pid_cqr,stressed,0.8184210526315789,0.5176510418202852,-0.049544129854697694,0.2283048490424654,10,volatility
xlstm,G,43,pid_local_cqr,calm,0.7821522309711286,0.352471154302061,0.060942414916762666,0.2373233826331086,10,volatility
xlstm,G,43,pid_local_cqr,mid,0.8290766208251473,0.4946614598973256,-0.03677799270333071,0.123647763418299,10,volatility
xlstm,G,43,pid_local_cqr,stressed,0.8315789473684211,0.5360038456887818,-0.05247770602939472,0.17912201606105635,10,volatility
xlstm,G,43,pid_tan_cqr,calm,0.8241469816272966,0.35878388611594497,-0.03667123055991439,0.36400595579926087,10,volatility
xlstm,G,43,pid_tan_cqr,mid,0.8428290766208252,0.5997634905348488,-0.170480007203063,0.04618169419708107,10,volatility
xlstm,G,43,pid_tan_cqr,stressed,0.8236842105263158,0.6206333708779945,-0.13980842043202169,0.23216430277925,10,volatility
xlstm,G,43,saocp_cqr,calm,0.9422572178477691,0.4940833029408069,-0.20541500954317404,0.15119074145053596,10,volatility
xlstm,G,43,saocp_cqr,mid,0.9489194499017681,0.7044951524011068,-0.2104039936126021,0.12399339982331797,10,volatility
xlstm,G,43,saocp_cqr,stressed,0.9368421052631579,0.7341255193315028,-0.24825854462161312,0.21331439890645748,10,volatility
xlstm,G,43,sfogd_cqr,calm,0.7585301837270341,0.36055857148942616,0.0014730939427829437,0.15653463756894181,10,volatility
xlstm,G,43,sfogd_cqr,mid,0.8330058939096268,0.5180856162598566,-0.057280388096410895,0.12164501277431616,10,volatility
xlstm,G,43,sfogd_cqr,stressed,0.8184210526315789,0.556656455470126,-0.1005014255078891,0.20086988405175396,10,volatility
xlstm,G,43,spci_cqr,calm,0.7086614173228346,0.34434876360916716,0.01356889707770953,0.3459729431321703,10,volatility
xlstm,G,43,spci_cqr,mid,0.7858546168958742,0.5101679150894401,-0.04691617138385429,0.1250273762932378,10,volatility
xlstm,G,43,spci_cqr,stressed,0.781578947368421,0.5324811235948809,-0.02635427378215871,0.26721523609878667,10,volatility
xlstm,G,44,aci_cqr,calm,0.8083989501312336,0.37079071505354666,-0.02301050192583831,0.16044412632338395,10,volatility
xlstm,G,44,aci_cqr,mid,0.8330058939096268,0.536677900829592,-0.0733615925367046,0.06168887534628198,10,volatility
xlstm,G,44,aci_cqr,stressed,0.8026315789473685,0.6505237181062604,-0.12659091475237383,0.13771677635431073,10,volatility
xlstm,G,44,agaci_cqr,calm,0.7900262467191601,0.36492332729824284,-0.0031334006289955862,0.17471142399246511,10,volatility
xlstm,G,44,agaci_cqr,mid,0.8192534381139489,0.5297339077297782,-0.07307130625015712,0.06547282462109222,10,volatility
xlstm,G,44,agaci_cqr,stressed,0.8105263157894737,0.6393693447049369,-0.13807780569485706,0.18296619770025419,10,volatility
xlstm,G,44,cqr_rolling,calm,0.8110236220472441,0.37352533946477096,-0.029381064278054314,0.15928802256111319,10,volatility
xlstm,G,44,cqr_rolling,mid,0.8271119842829077,0.5385265984461063,-0.07328722936593379,0.07023536620173809,10,volatility
xlstm,G,44,cqr_rolling,stressed,0.7973684210526316,0.6475257682672928,-0.13388951813194871,0.132922302587541,10,volatility
xlstm,G,44,cqr_static,calm,0.7926509186351706,0.5570148386616857,-0.10776420610571147,0.4054034079830373,10,volatility
xlstm,G,44,cqr_static,mid,0.768172888015717,0.6345381324651023,-0.10892162960555662,0.2682932712847435,10,volatility
xlstm,G,44,cqr_static,stressed,0.7605263157894737,0.7081045886211292,-0.17721213550441484,0.3121545244278609,10,volatility
xlstm,G,44,decay_ocp_cqr,calm,0.8740157480314961,0.4376773495250502,-0.021649967725039354,0.18222489282297405,10,volatility
xlstm,G,44,decay_ocp_cqr,mid,0.8683693516699411,0.5678150436435326,-0.07605668615143546,0.10761512563435843,10,volatility
xlstm,G,44,decay_ocp_cqr,stressed,0.8526315789473684,0.6510424556034601,-0.12154168571843693,0.16941143175433238,10,volatility
xlstm,G,44,dtaci_cqr,calm,0.7952755905511811,0.36013141887111844,0.009158965953996345,0.19342130554767023,10,volatility
xlstm,G,44,dtaci_cqr,mid,0.8290766208251473,0.5275368177393381,-0.05919331192193955,0.09299796887518308,10,volatility
xlstm,G,44,dtaci_cqr,stressed,0.8289473684210527,0.6294087293751791,-0.11031825725864353,0.11808983955594787,10,volatility
xlstm,G,44,mondrian_cqr,calm,0.8792650918635171,0.39748600318891203,-0.043221971873896425,0.23119015772385265,10,volatility
xlstm,G,44,mondrian_cqr,mid,0.8958742632612967,0.5325152572631046,-0.09235831340030298,0.13154840258975198,10,volatility
xlstm,G,44,mondrian_cqr,stressed,0.8526315789473684,0.6711625232202012,-0.1126492354159706,0.1108976273099262,10,volatility
xlstm,G,44,native,calm,0.9396325459317585,0.4681872347400199,-0.08691535831842767,0.12714489974968557,10,volatility
xlstm,G,44,native,mid,0.9096267190569745,0.574491899644301,-0.11237184752442364,0.08530081523070554,10,volatility
xlstm,G,44,native,stressed,0.8763157894736842,0.6496260909809878,-0.17103288174315678,0.1722940888893752,10,volatility
xlstm,G,44,pid_cqr,calm,0.7716535433070866,0.3534794651502743,0.03071931660196736,0.19545754299600304,10,volatility
xlstm,G,44,pid_cqr,mid,0.825147347740668,0.5216002293367777,-0.05180402088555458,0.08679150738661803,10,volatility
xlstm,G,44,pid_cqr,stressed,0.8289473684210527,0.610953864178001,-0.061765711778472454,0.08704149332428718,10,volatility
xlstm,G,44,pid_local_cqr,calm,0.7637795275590551,0.36219707076457885,0.0526226237298435,0.17131665399327747,10,volatility
xlstm,G,44,pid_local_cqr,mid,0.8290766208251473,0.5438261871477428,-0.057777945791440466,0.1464393195457544,10,volatility
xlstm,G,44,pid_local_cqr,stressed,0.8394736842105263,0.599199838050665,-0.04753727042569211,0.12794561220170247,10,volatility
xlstm,G,44,pid_tan_cqr,calm,0.8241469816272966,0.3982866932042331,-0.09170840679150793,0.23019847991000025,10,volatility
xlstm,G,44,pid_tan_cqr,mid,0.831041257367387,0.628100903682248,-0.1779975309572417,0.11494347595455451,10,volatility
xlstm,G,44,pid_tan_cqr,stressed,0.8157894736842105,0.7554830317474398,-0.22646931550729754,0.1411627248778639,10,volatility
xlstm,G,44,saocp_cqr,calm,0.9422572178477691,0.4709903931480754,-0.09716223701957027,0.14111465282424296,10,volatility
xlstm,G,44,saocp_cqr,mid,0.9390962671905697,0.5948040112266366,-0.15364630967722415,0.11129918348649354,10,volatility
xlstm,G,44,saocp_cqr,stressed,0.9342105263157895,0.6909710654607839,-0.24044745595793537,0.15210008938455266,10,volatility
xlstm,G,44,sfogd_cqr,calm,0.7506561679790026,0.3632359642094411,0.03571792990754924,0.18875020000310588,10,volatility
xlstm,G,44,sfogd_cqr,mid,0.831041257367387,0.5459306782599761,-0.10539996187244594,0.10582227119119836,10,volatility
xlstm,G,44,sfogd_cqr,stressed,0.8315789473684211,0.6229190420050201,-0.11544244467392872,0.07249912101504924,10,volatility
xlstm,G,44,spci_cqr,calm,0.7270341207349081,0.38116219245285543,-0.06285683384895846,0.2561135215971105,10,volatility
xlstm,G,44,spci_cqr,mid,0.7858546168958742,0.5271592019662203,-0.09549944661418963,0.06967820336969782,10,volatility
xlstm,G,44,spci_cqr,stressed,0.7657894736842106,0.6342883306077397,-0.0986760404233511,0.17262651047080418,10,volatility
xlstm,GF,42,aci_cqr,calm,0.8372703412073491,0.32611557238523586,0.05441145381839074,0.24492354101159197,10,volatility
xlstm,GF,42,aci_cqr,mid,0.7819253438113949,0.536044552316103,-0.039591385082652586,0.14069286984965293,10,volatility
xlstm,GF,42,aci_cqr,stressed,0.8184210526315789,0.5215748675053664,0.04058783366589774,0.16100653604566775,10,volatility
xlstm,GF,42,agaci_cqr,calm,0.8530183727034121,0.3195799155057136,0.06493454508833701,0.2605003776691655,10,volatility
xlstm,GF,42,agaci_cqr,mid,0.7956777996070727,0.5145979702492165,-0.03068318448042462,0.0891808273804193,10,volatility
xlstm,GF,42,agaci_cqr,stressed,0.8157894736842105,0.5190654515069273,0.02594742388977639,0.17184189988686166,10,volatility
xlstm,GF,42,cqr_rolling,calm,0.84251968503937,0.32436904126738564,0.05366740072748233,0.24287982268173647,10,volatility
xlstm,GF,42,cqr_rolling,mid,0.7799607072691552,0.536406715657892,-0.04472751295147648,0.1457249770662962,10,volatility
xlstm,GF,42,cqr_rolling,stressed,0.8131578947368421,0.534483820451747,0.03775956664871033,0.10179000160967405,10,volatility
xlstm,GF,42,cqr_static,calm,0.7821522309711286,0.5433955699316942,0.039667873154468125,0.18144541637834485,10,volatility
xlstm,GF,42,cqr_static,mid,0.7465618860510805,0.6645063086831126,-0.05851383941241839,0.12851402804801498,10,volatility
xlstm,GF,42,cqr_static,stressed,0.7368421052631579,0.6911993417399631,-0.06011673793784389,0.07841422243608231,10,volatility
xlstm,GF,42,decay_ocp_cqr,calm,0.868766404199475,0.3655426256381265,0.03327249354074424,0.17599363222676223,10,volatility
xlstm,GF,42,decay_ocp_cqr,mid,0.8192534381139489,0.5232833252330605,-0.036831863876505166,0.10671022922885434,10,volatility
xlstm,GF,42,decay_ocp_cqr,stressed,0.8184210526315789,0.5616065328307454,-0.013631509057500546,0.10733670725239569,10,volatility
xlstm,GF,42,dtaci_cqr,calm,0.8372703412073491,0.32009292037863013,0.09175326583331433,0.247107150080511,10,volatility
xlstm,GF,42,dtaci_cqr,mid,0.7996070726915521,0.5209150164107073,-0.045848995456122865,0.08942009310510257,10,volatility
xlstm,GF,42,dtaci_cqr,stressed,0.8368421052631579,0.5126861245199598,0.04105766581636616,0.15689320080455982,10,volatility
xlstm,GF,42,mondrian_cqr,calm,0.8556430446194225,0.3223952443242503,0.062442086202638136,0.314537167454155,10,volatility
xlstm,GF,42,mondrian_cqr,mid,0.8369351669941061,0.5520856908084214,-0.10423370513989472,0.1348437403236884,10,volatility
xlstm,GF,42,mondrian_cqr,stressed,0.8894736842105263,0.6130920119721502,-0.09287482224280752,0.08478187661788944,10,volatility
xlstm,GF,42,native,calm,0.910761154855643,0.36957067795891774,-0.0022621671201284443,0.09036271896591674,10,volatility
xlstm,GF,42,native,mid,0.8605108055009824,0.5161932618098629,-0.031197489106112197,0.10770978504045253,10,volatility
xlstm,GF,42,native,stressed,0.8368421052631579,0.5488079871984395,-0.005408140078136059,0.11918711497749901,10,volatility
xlstm,GF,42,pid_cqr,calm,0.800524934383202,0.29722231629017476,0.12066529187609526,0.3037203504654974,10,volatility
xlstm,GF,42,pid_cqr,mid,0.7996070726915521,0.5062796527778192,-0.01606223208631441,0.11238129406027125,10,volatility
xlstm,GF,42,pid_cqr,stressed,0.8315789473684211,0.5083306866517776,0.030393081779273856,0.1637163800884793,10,volatility
xlstm,GF,42,pid_local_cqr,calm,0.7874015748031497,0.2969450991098967,0.11518747592981893,0.3166206467068896,10,volatility
xlstm,GF,42,pid_local_cqr,mid,0.8094302554027505,0.5047729164179865,-0.03943663146364562,0.15183628383458692,10,volatility
xlstm,GF,42,pid_local_cqr,stressed,0.8368421052631579,0.5156895798868368,0.02747289911123929,0.11720447078924676,10,volatility
xlstm,GF,42,pid_tan_cqr,calm,0.8372703412073491,0.3419438905524759,-0.06570479006833796,0.2747408177310631,10,volatility
xlstm,GF,42,pid_tan_cqr,mid,0.8074656188605108,0.5751494747933912,-0.148470350664209,0.14959614962182027,10,volatility
xlstm,GF,42,pid_tan_cqr,stressed,0.8263157894736842,0.6040420460297871,-0.09760095116863876,0.21962522640420257,10,volatility
xlstm,GF,42,saocp_cqr,calm,0.9238845144356955,0.38130318737682384,-0.05200375833998283,0.1016161948829937,10,volatility
xlstm,GF,42,saocp_cqr,mid,0.9056974459724951,0.552281360040784,-0.08745748947349663,0.1898335559923381,10,volatility
xlstm,GF,42,saocp_cqr,stressed,0.9236842105263158,0.6022465426906708,-0.052347887500696966,0.07133970237002579,10,volatility
xlstm,GF,42,sfogd_cqr,calm,0.7821522309711286,0.3129018162989147,0.16257214106951595,0.3295570323665229,10,volatility
xlstm,GF,42,sfogd_cqr,mid,0.7838899803536346,0.5440008252861563,-0.06815016953140196,0.17482914290731336,10,volatility
xlstm,GF,42,sfogd_cqr,stressed,0.8552631578947368,0.5263207444876855,0.02198431178022653,0.05221860262243028,10,volatility
xlstm,GF,42,spci_cqr,calm,0.7716535433070866,0.3020867733283639,0.09705150723247508,0.37508178263318154,10,volatility
xlstm,GF,42,spci_cqr,mid,0.7524557956777996,0.5488493578385241,-0.0835845910769536,0.13715393755091065,10,volatility
xlstm,GF,42,spci_cqr,stressed,0.7578947368421053,0.5145339922491597,-0.005135587274720632,0.17741574485382933,10,volatility
xlstm,GF,43,aci_cqr,calm,0.7375328083989501,0.35948581474390556,0.0486976344723144,0.17256566775921683,10,volatility
xlstm,GF,43,aci_cqr,mid,0.8330058939096268,0.48918589697815396,-0.005489345050432304,0.10817912985053549,10,volatility
xlstm,GF,43,aci_cqr,stressed,0.8,0.5420796229998296,-0.031383022464217536,0.15947690531339911,10,volatility
xlstm,GF,43,agaci_cqr,calm,0.7637795275590551,0.33461181454378314,0.09059304706465315,0.21012553493618055,10,volatility
xlstm,GF,43,agaci_cqr,mid,0.831041257367387,0.4854371953147519,-0.007648461557141384,0.1196452919767394,10,volatility
xlstm,GF,43,agaci_cqr,stressed,0.7973684210526316,0.5305232216521136,-0.028224800743568146,0.1977549509361374,10,volatility
xlstm,GF,43,cqr_rolling,calm,0.7296587926509186,0.3727130630675733,0.03002365282279379,0.21857674862866333,10,volatility
xlstm,GF,43,cqr_rolling,mid,0.8349705304518664,0.4895841175787487,-0.0013543409209720303,0.09503735158939358,10,volatility
xlstm,GF,43,cqr_rolling,stressed,0.8026315789473685,0.5432645288167423,-0.0315166094418724,0.15153956632141577,10,volatility
xlstm,GF,43,cqr_static,calm,0.8346456692913385,0.379112712221305,-0.01018241982740048,0.24919756887002048,10,volatility
xlstm,GF,43,cqr_static,mid,0.8978388998035364,0.5396267045079405,-0.053220301755807276,0.05538107290169619,10,volatility
xlstm,GF,43,cqr_static,stressed,0.8578947368421053,0.5670070496655062,-0.015711514842098262,0.11907678578471109,10,volatility
xlstm,GF,43,decay_ocp_cqr,calm,0.84251968503937,0.3579922621367503,0.0646955101411249,0.23147534094541108,10,volatility
xlstm,GF,43,decay_ocp_cqr,mid,0.8978388998035364,0.5852159134838641,-0.05031135162786604,0.050493753287158216,10,volatility
xlstm,GF,43,decay_ocp_cqr,stressed,0.8789473684210526,0.6220581100841239,-0.05294454511882607,0.1120451037035835,10,volatility
xlstm,GF,43,dtaci_cqr,calm,0.7585301837270341,0.3392324686877393,0.09400986415556273,0.18172639813064628,10,volatility
xlstm,GF,43,dtaci_cqr,mid,0.8408644400785854,0.48414285671719764,0.0021105283427511057,0.0947393755773033,10,volatility
xlstm,GF,43,dtaci_cqr,stressed,0.8105263157894737,0.5299332060509467,-0.03413587378430483,0.19560753490106536,10,volatility
xlstm,GF,43,mondrian_cqr,calm,0.8451443569553806,0.3630312289410063,0.01473972068358409,0.3667875801542557,10,volatility
xlstm,GF,43,mondrian_cqr,mid,0.8585461689587426,0.48704278337645446,-0.037611084129389405,0.16257821513022033,10,volatility
xlstm,GF,43,mondrian_cqr,stressed,0.8605263157894737,0.5492097233944582,-0.08170236001544351,0.24752331145496048,10,volatility
xlstm,GF,43,native,calm,0.9448818897637795,0.4323339233022193,-0.13221203483264976,0.140064102113524,10,volatility
xlstm,GF,43,native,mid,0.93713163064833,0.6445733077833631,-0.12754315275237726,0.13744604428709312,10,volatility
xlstm,GF,43,native,stressed,0.9078947368421053,0.6691205382760026,-0.11235738869408785,0.17276158585314955,10,volatility
xlstm,GF,43,pid_cqr,calm,0.7611548556430446,0.34006186547643646,0.07512238694624918,0.19520392513579204,10,volatility
xlstm,GF,43,pid_cqr,mid,0.8330058939096268,0.4768331051963428,0.00846715294902567,0.09554381560332317,10,volatility
xlstm,GF,43,pid_cqr,stressed,0.8210526315789474,0.5158002401749224,-0.022463166260422884,0.2194884227786976,10,volatility
xlstm,GF,43,pid_local_cqr,calm,0.7637795275590551,0.34909324083532817,-0.000268342654941911,0.23923543603922506,10,volatility
xlstm,GF,43,pid_local_cqr,mid,0.8231827111984283,0.4884262501785381,-0.021700601950876308,0.0772154150097536,10,volatility
xlstm,GF,43,pid_local_cqr,stressed,0.8315789473684211,0.5084879811108441,-0.03650605477368185,0.0913446054185384,10,volatility
xlstm,GF,43,pid_tan_cqr,calm,0.8110236220472441,0.3542642911346085,0.021743632821225822,0.36720037604297057,10,volatility
xlstm,GF,43,pid_tan_cqr,mid,0.8467583497053045,0.5549996472998792,-0.11859206016023727,0.15640368655765224,10,volatility
xlstm,GF,43,pid_tan_cqr,stressed,0.8368421052631579,0.6068867360412841,-0.1638906405467515,0.24216695265981467,10,volatility
xlstm,GF,43,saocp_cqr,calm,0.9501312335958005,0.43746890426748275,-0.15097575681023678,0.15141085396791915,10,volatility
xlstm,GF,43,saocp_cqr,mid,0.9469548133595285,0.6639531985751417,-0.17474803621563828,0.21334217331003452,10,volatility
xlstm,GF,43,saocp_cqr,stressed,0.9342105263157895,0.6938548183018146,-0.18644780303061026,0.2164987450502618,10,volatility
xlstm,GF,43,sfogd_cqr,calm,0.7611548556430446,0.3663278000816959,0.026869365106253373,0.1075907151720123,10,volatility
xlstm,GF,43,sfogd_cqr,mid,0.8192534381139489,0.5124427302095911,-0.02750776388626286,0.10956282327980615,10,volatility
xlstm,GF,43,sfogd_cqr,stressed,0.8236842105263158,0.5524445857739104,-0.08589386421848566,0.18128032728994997,10,volatility
xlstm,GF,43,spci_cqr,calm,0.7086614173228346,0.3593162567818414,0.06741912898429675,0.3486059536561198,10,volatility
xlstm,GF,43,spci_cqr,mid,0.7819253438113949,0.4813684018766686,-0.025990849589989096,0.1413107355380904,10,volatility
xlstm,GF,43,spci_cqr,stressed,0.7789473684210526,0.5119962680595878,0.021854796547090993,0.27406428854837,10,volatility
xlstm,GF,44,aci_cqr,calm,0.8136482939632546,0.34655149172690947,0.03331296596037203,0.20772860758065856,10,volatility
xlstm,GF,44,aci_cqr,mid,0.8565815324165029,0.5191378109689311,-0.05012736512870364,0.10917269087448236,10,volatility
xlstm,GF,44,aci_cqr,stressed,0.7868421052631579,0.6294480304461031,-0.09809796293421358,0.15154984223117846,10,volatility
xlstm,GF,44,agaci_cqr,calm,0.7900262467191601,0.3445372008417017,0.03512331234695448,0.21269251305667877,10,volatility
xlstm,GF,44,agaci_cqr,mid,0.8447937131630648,0.5168549033521611,-0.05691266738741119,0.09225859623867583,10,volatility
xlstm,GF,44,agaci_cqr,stressed,0.8052631578947368,0.6259529769151788,-0.10813661449787948,0.12407920952445517,10,volatility
xlstm,GF,44,cqr_rolling,calm,0.8162729658792651,0.34828204501100146,0.03433790835195388,0.20445624199136658,10,volatility
xlstm,GF,44,cqr_rolling,mid,0.8467583497053045,0.5183630487167384,-0.04227836661352102,0.09744882884075495,10,volatility
xlstm,GF,44,cqr_rolling,stressed,0.781578947368421,0.6333059175086276,-0.10812187188600386,0.11356525738651918,10,volatility
xlstm,GF,44,cqr_static,calm,0.7979002624671916,0.5021697687217749,-0.08327313015477888,0.23570514694671224,10,volatility
xlstm,GF,44,cqr_static,mid,0.7760314341846758,0.6044861384867627,-0.10310438637314112,0.2059361759102863,10,volatility
xlstm,GF,44,cqr_static,stressed,0.7684210526315789,0.6726461641545458,-0.1075136883519826,0.18696501103382018,10,volatility
xlstm,GF,44,decay_ocp_cqr,calm,0.8766404199475065,0.389230660969638,-0.02325674185847093,0.2907268675964659,10,volatility
xlstm,GF,44,decay_ocp_cqr,mid,0.8605108055009824,0.5412069622712061,-0.037744778068697915,0.14228175254101644,10,volatility
xlstm,GF,44,decay_ocp_cqr,stressed,0.8315789473684211,0.6381253911544933,-0.08066606314701241,0.10367683046667941,10,volatility
xlstm,GF,44,dtaci_cqr,calm,0.8031496062992126,0.3413244858202442,0.04034215884481723,0.2146522628391543,10,volatility
xlstm,GF,44,dtaci_cqr,mid,0.8487229862475442,0.5128277714196187,-0.04267640176093257,0.08960403115641902,10,volatility
xlstm,GF,44,dtaci_cqr,stressed,0.8315789473684211,0.6123521778704636,-0.07889666689117525,0.1198967488709996,10,volatility
xlstm,GF,44,mondrian_cqr,calm,0.847769028871391,0.36992113077050154,0.05917882272265568,0.14899976282491403,10,volatility
xlstm,GF,44,mondrian_cqr,mid,0.8860510805500982,0.5103242547772078,0.0036015833527779373,0.10150972882611614,10,volatility
xlstm,GF,44,mondrian_cqr,stressed,0.8552631578947368,0.6356935407761152,-0.079763674848782,0.15057386703957268,10,volatility
xlstm,GF,44,native,calm,0.9343832020997376,0.43914138875742326,-0.05986215099999426,0.14247195147139086,10,volatility
xlstm,GF,44,native,mid,0.9115913555992141,0.5591294679897297,-0.10422012905103373,0.08124155596370858,10,volatility
xlstm,GF,44,native,stressed,0.8789473684210526,0.6292817869160618,-0.13628418373443096,0.12414606617678142,10,volatility
xlstm,GF,44,pid_cqr,calm,0.7506561679790026,0.34504716330333485,0.052016330187283855,0.18683393636469436,10,volatility
xlstm,GF,44,pid_cqr,mid,0.8369351669941061,0.5047906087954116,-0.01003506734227455,0.1003637765850047,10,volatility
xlstm,GF,44,pid_cqr,stressed,0.8210526315789474,0.5856517115266344,-0.013132219383717225,0.09566789319157298,10,volatility
xlstm,GF,44,pid_local_cqr,calm,0.7559055118110236,0.35574156141364077,0.055718208144192316,0.21524122935664264,10,volatility
xlstm,GF,44,pid_local_cqr,mid,0.831041257367387,0.5256249016311307,-0.04752641172559513,0.13851442068612602,10,volatility
xlstm,GF,44,pid_local_cqr,stressed,0.8289473684210527,0.5996973886910272,-0.06514767799771981,0.06329761595136474,10,volatility
xlstm,GF,44,pid_tan_cqr,calm,0.8057742782152231,0.39003786240095867,-0.09965705500389244,0.26042135460061455,10,volatility
xlstm,GF,44,pid_tan_cqr,mid,0.8467583497053045,0.6084150205890418,-0.1743246879124366,0.1088267351967191,10,volatility
xlstm,GF,44,pid_tan_cqr,stressed,0.8157894736842105,0.7458903628982577,-0.23698232443017875,0.13337769646385944,10,volatility
xlstm,GF,44,saocp_cqr,calm,0.937007874015748,0.44503580823182465,-0.0996061726043922,0.1315220082349347,10,volatility
xlstm,GF,44,saocp_cqr,mid,0.93713163064833,0.600296353960168,-0.17760688699117877,0.14620040858296374,10,volatility
xlstm,GF,44,saocp_cqr,stressed,0.9342105263157895,0.6745880203228045,-0.2049873621373166,0.15417350318751133,10,volatility
xlstm,GF,44,sfogd_cqr,calm,0.7454068241469817,0.35533322239632764,0.04983334699000869,0.2157530465428463,10,volatility
xlstm,GF,44,sfogd_cqr,mid,0.8290766208251473,0.5208814248976913,-0.07579588555403816,0.09778660128767153,10,volatility
xlstm,GF,44,sfogd_cqr,stressed,0.8315789473684211,0.5822278379050121,-0.0713958365811489,0.15470604010532507,10,volatility
xlstm,GF,44,spci_cqr,calm,0.7270341207349081,0.34817949619841737,-0.02070399109344745,0.27701323939215,10,volatility
xlstm,GF,44,spci_cqr,mid,0.7779960707269156,0.5176618218906677,-0.06261489073711168,0.12057294693705672,10,volatility
xlstm,GF,44,spci_cqr,stressed,0.7736842105263158,0.6090506119935509,-0.08287525959007802,0.14284241091416705,10,volatility
xlstm,GI,42,aci_cqr,calm,0.7821522309711286,0.34071825405894646,-0.07156895176958089,0.260002583811594,10,volatility
xlstm,GI,42,aci_cqr,mid,0.8015717092337917,0.4985458054286221,-0.07052863470282722,0.18063515475362713,10,volatility
xlstm,GI,42,aci_cqr,stressed,0.8210526315789474,0.5807362371609301,-0.07069468732485695,0.1250874753089917,10,volatility
xlstm,GI,42,agaci_cqr,calm,0.7874015748031497,0.3368207461621981,-0.06115720669245717,0.24764314156517786,10,volatility
xlstm,GI,42,agaci_cqr,mid,0.7996070726915521,0.49677969850621034,-0.061781585151772234,0.17131573056620383,10,volatility
xlstm,GI,42,agaci_cqr,stressed,0.8289473684210527,0.5590157951006001,-0.05942020585852481,0.07329026197995397,10,volatility
xlstm,GI,42,cqr_rolling,calm,0.7874015748031497,0.3365636889559356,-0.07102183607485157,0.24312548714874782,10,volatility
xlstm,GI,42,cqr_rolling,mid,0.8113948919449901,0.498198902400195,-0.06211959825237501,0.18228562444633856,10,volatility
xlstm,GI,42,cqr_rolling,stressed,0.8131578947368421,0.5852259919727908,-0.0695985695790956,0.09454929860138778,10,volatility
xlstm,GI,42,cqr_static,calm,0.7979002624671916,0.5466674286888655,-0.03680653870197559,0.15238131371846447,10,volatility
xlstm,GI,42,cqr_static,mid,0.8192534381139489,0.6425195653690677,-0.06737736688707874,0.20357518212652492,10,volatility
xlstm,GI,42,cqr_static,stressed,0.75,0.7018958843522418,-0.10875479735118898,0.18177701564437354,10,volatility
xlstm,GI,42,decay_ocp_cqr,calm,0.84251968503937,0.3679850113939073,-0.011535022981416843,0.14840044354030396,10,volatility
xlstm,GI,42,decay_ocp_cqr,mid,0.8467583497053045,0.5307553706264576,-0.06256305527397199,0.1357525413904572,10,volatility
xlstm,GI,42,decay_ocp_cqr,stressed,0.8184210526315789,0.5723783073588964,-0.060908502704800416,0.10909401664202445,10,volatility
xlstm,GI,42,dtaci_cqr,calm,0.7874015748031497,0.33577826825564583,-0.06464576014055534,0.24825398635445456,10,volatility
xlstm,GI,42,dtaci_cqr,mid,0.8074656188605108,0.493821708376559,-0.06569441540830578,0.1934620669793667,10,volatility
xlstm,GI,42,dtaci_cqr,stressed,0.8289473684210527,0.5519133589671502,-0.04913898266501504,0.12596678999616578,10,volatility
xlstm,GI,42,mondrian_cqr,calm,0.8372703412073491,0.34758698604507926,-0.05388524246674631,0.33550824488844533,10,volatility
xlstm,GI,42,mondrian_cqr,mid,0.8487229862475442,0.528793895996299,-0.11520590462956715,0.16469093669915963,10,volatility
xlstm,GI,42,mondrian_cqr,stressed,0.868421052631579,0.6513703638168407,-0.11731798925459258,0.12011412605368793,10,volatility
xlstm,GI,42,native,calm,0.863517060367454,0.37300071482901315,-0.028183466535543267,0.12563595944732586,10,volatility
xlstm,GI,42,native,mid,0.8565815324165029,0.5211613086029404,-0.05781455408354941,0.13553174198236057,10,volatility
xlstm,GI,42,native,stressed,0.8157894736842105,0.5522725758045862,-0.03366629655304065,0.147675294411358,10,volatility
xlstm,GI,42,pid_cqr,calm,0.7847769028871391,0.33770180501107266,-0.04840761480032052,0.22284838600711213,10,volatility
xlstm,GI,42,pid_cqr,mid,0.8172888015717092,0.48069121370734513,-0.05685948422983911,0.19675847506960797,10,volatility
xlstm,GI,42,pid_cqr,stressed,0.8157894736842105,0.5269636728091944,-0.04942747300499373,0.1343766707067754,10,volatility
xlstm,GI,42,pid_local_cqr,calm,0.7611548556430446,0.3546267170315385,0.029732209891017103,0.22858497993814395,10,volatility
xlstm,GI,42,pid_local_cqr,mid,0.8172888015717092,0.4862478029862174,-0.042506914393551476,0.19905120894558906,10,volatility
xlstm,GI,42,pid_local_cqr,stressed,0.8368421052631579,0.5350834499673527,-0.03173070990431737,0.09294855722617879,10,volatility
xlstm,GI,42,pid_tan_cqr,calm,0.8057742782152231,0.3667441996576514,-0.13842569655058146,0.20336808215839786,10,volatility
xlstm,GI,42,pid_tan_cqr,mid,0.8290766208251473,0.5738503522647139,-0.1747568248880691,0.16207644954103245,10,volatility
xlstm,GI,42,pid_tan_cqr,stressed,0.8157894736842105,0.6197720540834778,-0.16090998863684347,0.276723101203448,10,volatility
xlstm,GI,42,saocp_cqr,calm,0.89501312335958,0.38780105603835824,-0.057585184230804276,0.12793943105020855,10,volatility
xlstm,GI,42,saocp_cqr,mid,0.899803536345776,0.5381839640790764,-0.1420359688314422,0.22646904195015202,10,volatility
xlstm,GI,42,saocp_cqr,stressed,0.9131578947368421,0.5902652210570108,-0.09801704599786909,0.104303541113005,10,volatility
xlstm,GI,42,sfogd_cqr,calm,0.7637795275590551,0.35897318294020764,-0.0022132755090456535,0.1581671284073177,10,volatility
xlstm,GI,42,sfogd_cqr,mid,0.8055009823182712,0.5090871097984259,-0.06287045361999222,0.19993470355799078,10,volatility
xlstm,GI,42,sfogd_cqr,stressed,0.8421052631578947,0.540662915255409,-0.04668273209078522,0.09400731632440479,10,volatility
xlstm,GI,42,spci_cqr,calm,0.7611548556430446,0.33338642971883253,-0.027613428557810904,0.3250221833538214,10,volatility
xlstm,GI,42,spci_cqr,mid,0.7701375245579568,0.5235338569113356,-0.07790848334772371,0.22093954290316176,10,volatility
xlstm,GI,42,spci_cqr,stressed,0.7763157894736842,0.5407426476674104,-0.0438365888541028,0.26158001855309515,10,volatility
xlstm,GI,43,aci_cqr,calm,0.7506561679790026,0.4069910996777463,-0.08312820410627642,0.23682660458362215,10,volatility
xlstm,GI,43,aci_cqr,mid,0.8349705304518664,0.57347510110513,-0.09272764907688424,0.08166869575388752,10,volatility
xlstm,GI,43,aci_cqr,stressed,0.7947368421052632,0.5929295440442426,-0.07395812850269001,0.13686844844241883,10,volatility
xlstm,GI,43,agaci_cqr,calm,0.7454068241469817,0.3935879762886577,-0.045531782521521236,0.22313235250909477,10,volatility
xlstm,GI,43,agaci_cqr,mid,0.8388998035363457,0.5629785582179228,-0.08806964264452721,0.10235519708221658,10,volatility
xlstm,GI,43,agaci_cqr,stressed,0.8,0.5938421521941047,-0.06735931451723554,0.15190275181555885,10,volatility
xlstm,GI,43,cqr_rolling,calm,0.7532808398950132,0.4075739168099009,-0.09562077158510573,0.23995198531105985,10,volatility
xlstm,GI,43,cqr_rolling,mid,0.8408644400785854,0.5790953380743414,-0.09974775949289494,0.0893321749067788,10,volatility
xlstm,GI,43,cqr_rolling,stressed,0.8,0.5941550732101717,-0.07458545444529363,0.14682899274347602,10,volatility
xlstm,GI,43,cqr_static,calm,0.905511811023622,0.477002377506561,-0.1764920552625422,0.11159273129318187,10,volatility
xlstm,GI,43,cqr_static,mid,0.9155206286836935,0.6845433091267122,-0.18329916880973918,0.12724068398076033,10,volatility
xlstm,GI,43,cqr_static,stressed,0.9,0.6913316607424357,-0.08250040365910649,0.17752451992761742,10,volatility
xlstm,GI,43,decay_ocp_cqr,calm,0.8608923884514436,0.4127708813689514,-0.1009853677604775,0.22010215362237343,10,volatility
xlstm,GI,43,decay_ocp_cqr,mid,0.9056974459724951,0.6319486399984817,-0.16759868414787582,0.13288452067962797,10,volatility
xlstm,GI,43,decay_ocp_cqr,stressed,0.9,0.6478478354648379,-0.10623380002134852,0.12174224867047823,10,volatility
xlstm,GI,43,dtaci_cqr,calm,0.7664041994750657,0.37082444536905,0.03031491867178593,0.2283277983310259,10,volatility
xlstm,GI,43,dtaci_cqr,mid,0.8428290766208252,0.5618853346226838,-0.0829167934287135,0.09458383268697967,10,volatility
xlstm,GI,43,dtaci_cqr,stressed,0.7973684210526316,0.5810262472707822,-0.0621283367058878,0.12436557379710672,10,volatility
xlstm,GI,43,mondrian_cqr,calm,0.8293963254593176,0.3823855358622391,-0.07349433267786343,0.4521958838624568,10,volatility
xlstm,GI,43,mondrian_cqr,mid,0.8565815324165029,0.5708010437894226,-0.15510750493874026,0.14078178664275076,10,volatility
xlstm,GI,43,mondrian_cqr,stressed,0.8605263157894737,0.5983519590851196,-0.06023628495212641,0.16225212564735828,10,volatility
xlstm,GI,43,native,calm,0.926509186351706,0.48847708300668563,-0.17323994814883525,0.18839675462284639,10,volatility
xlstm,GI,43,native,mid,0.9332023575638507,0.698212594838736,-0.21015876280699597,0.10853273364842275,10,volatility
xlstm,GI,43,native,stressed,0.9105263157894737,0.7058773078438999,-0.1389433340091547,0.16580048703920636,10,volatility
xlstm,GI,43,pid_cqr,calm,0.7847769028871391,0.37663716047975315,0.0023835011337619005,0.19927162771685494,10,volatility
xlstm,GI,43,pid_cqr,mid,0.8408644400785854,0.5480496101255127,-0.08149342759071154,0.07338044289142148,10,volatility
xlstm,GI,43,pid_cqr,stressed,0.8210526315789474,0.561237104024983,-0.0452527534650945,0.13520515774466513,10,volatility
xlstm,GI,43,pid_local_cqr,calm,0.7847769028871391,0.38299047925259205,0.002282998492813104,0.20069888002117556,10,volatility
xlstm,GI,43,pid_local_cqr,mid,0.8349705304518664,0.5448766312598148,-0.08215477675871641,0.07640562062945139,10,volatility
xlstm,GI,43,pid_local_cqr,stressed,0.8342105263157895,0.5717870865712085,-0.03647559526528932,0.18335106658194347,10,volatility
xlstm,GI,43,pid_tan_cqr,calm,0.800524934383202,0.3854949886096391,-0.09447908764146024,0.3752187663355453,10,volatility
xlstm,GI,43,pid_tan_cqr,mid,0.8388998035363457,0.62032032526524,-0.23525055122952154,0.0833729304939273,10,volatility
xlstm,GI,43,pid_tan_cqr,stressed,0.8315789473684211,0.6255348834183143,-0.13404601721198284,0.2447699849704847,10,volatility
xlstm,GI,43,saocp_cqr,calm,0.9396325459317585,0.49527695339150835,-0.2135760876117635,0.19205783956972122,10,volatility
xlstm,GI,43,saocp_cqr,mid,0.9449901768172888,0.7143411244310751,-0.24924030525260055,0.12073766415827664,10,volatility
xlstm,GI,43,saocp_cqr,stressed,0.9447368421052632,0.7304565187211268,-0.22198473755631376,0.1484994846403378,10,volatility
xlstm,GI,43,sfogd_cqr,calm,0.7716535433070866,0.38233330560883644,0.005055085164339834,0.20396714372805524,10,volatility
xlstm,GI,43,sfogd_cqr,mid,0.825147347740668,0.5373905415876963,-0.08991906787381132,0.08083700518324621,10,volatility
xlstm,GI,43,sfogd_cqr,stressed,0.8263157894736842,0.5908886786683667,-0.0755029012740992,0.11314356393768676,10,volatility
xlstm,GI,43,spci_cqr,calm,0.7086614173228346,0.4003051536478146,-0.0863742928783966,0.3343313016307931,10,volatility
xlstm,GI,43,spci_cqr,mid,0.7897838899803536,0.5595462705862417,-0.13225793562174837,0.10844734151657554,10,volatility
xlstm,GI,43,spci_cqr,stressed,0.7921052631578948,0.5843681862407359,-0.040296496555845884,0.09131159706658568,10,volatility
xlstm,GI,44,aci_cqr,calm,0.8162729658792651,0.3877710009092163,-0.04407429942738328,0.16931216944506056,10,volatility
xlstm,GI,44,aci_cqr,mid,0.831041257367387,0.5739211717930746,-0.13204497174341479,0.12886612310301232,10,volatility
xlstm,GI,44,aci_cqr,stressed,0.8,0.6938318104086106,-0.20714168304753222,0.1554204650621146,10,volatility
xlstm,GI,44,agaci_cqr,calm,0.8031496062992126,0.3774004304304345,-0.023931519311252147,0.15689967670648053,10,volatility
xlstm,GI,44,agaci_cqr,mid,0.8290766208251473,0.5658747823728918,-0.12975483389303388,0.12978913010973714,10,volatility
xlstm,GI,44,agaci_cqr,stressed,0.8184210526315789,0.6718947520098862,-0.1579266548329601,0.10447891606931592,10,volatility
xlstm,GI,44,cqr_rolling,calm,0.821522309711286,0.3907898890058495,-0.043764576928572274,0.16640969684670193,10,volatility
xlstm,GI,44,cqr_rolling,mid,0.8349705304518664,0.5801321154892928,-0.12833375980759354,0.130747676693711,10,volatility
xlstm,GI,44,cqr_rolling,stressed,0.7921052631578948,0.6943060759380839,-0.2072640864672961,0.1205227099789376,10,volatility
xlstm,GI,44,cqr_static,calm,0.7821522309711286,0.6827762297740062,-0.240459982726845,0.5321192160530488,10,volatility
xlstm,GI,44,cqr_static,mid,0.7662082514734774,0.7852876426492078,-0.29070992301594456,0.41847119256398563,10,volatility
xlstm,GI,44,cqr_static,stressed,0.7552631578947369,0.8452624669002216,-0.2193461616077158,0.371163040336298,10,volatility
xlstm,GI,44,decay_ocp_cqr,calm,0.884514435695538,0.49013187584540113,-0.13155039135286695,0.14057743834783337,10,volatility
xlstm,GI,44,decay_ocp_cqr,mid,0.8762278978388998,0.6280348068944706,-0.15668024759000332,0.15329178642850289,10,volatility
xlstm,GI,44,decay_ocp_cqr,stressed,0.8552631578947368,0.718226944140494,-0.1408655542705819,0.24028188900641984,10,volatility
xlstm,GI,44,dtaci_cqr,calm,0.8162729658792651,0.37377681400882384,-0.020508602990568836,0.20507213575805078,10,volatility
xlstm,GI,44,dtaci_cqr,mid,0.831041257367387,0.5638010988553429,-0.12738227914726863,0.11923362004452831,10,volatility
xlstm,GI,44,dtaci_cqr,stressed,0.8315789473684211,0.673829684552628,-0.15888890481592077,0.12445168278598367,10,volatility
xlstm,GI,44,mondrian_cqr,calm,0.868766404199475,0.4217542038252056,-0.10505681157379332,0.28068280775906923,10,volatility
xlstm,GI,44,mondrian_cqr,mid,0.8801571709233792,0.58480941936998,-0.1583618037663218,0.09766216623891105,10,volatility
xlstm,GI,44,mondrian_cqr,stressed,0.8710526315789474,0.676465862298057,-0.14426948947638407,0.08990660476553447,10,volatility
xlstm,GI,44,native,calm,0.926509186351706,0.4720007994159509,-0.10320499137806505,0.11962713820752652,10,volatility
xlstm,GI,44,native,mid,0.8899803536345776,0.5910356328251912,-0.16473557480032575,0.13590791822068998,10,volatility
xlstm,GI,44,native,stressed,0.8368421052631579,0.6668931364158145,-0.17303085874580593,0.14567945091937284,10,volatility
xlstm,GI,44,pid_cqr,calm,0.7742782152230971,0.35947238625652134,0.0036378775845825606,0.24632130441345065,10,volatility
xlstm,GI,44,pid_cqr,mid,0.825147347740668,0.5585664010536332,-0.11255085919186669,0.08515643400686679,10,volatility
xlstm,GI,44,pid_cqr,stressed,0.8394736842105263,0.6573735927127804,-0.13079460897351736,0.1017654651417107,10,volatility
xlstm,GI,44,pid_local_cqr,calm,0.7637795275590551,0.3781221721717041,-0.023788803500516098,0.2515420020828303,10,volatility
xlstm,GI,44,pid_local_cqr,mid,0.8271119842829077,0.5678538961453405,-0.11737357852048391,0.10812644799697474,10,volatility
xlstm,GI,44,pid_local_cqr,stressed,0.8473684210526315,0.6511828774938753,-0.12433157684605678,0.13049487929900117,10,volatility
xlstm,GI,44,pid_tan_cqr,calm,0.8372703412073491,0.41293626592343763,-0.12503895806062026,0.21048130192945544,10,volatility
xlstm,GI,44,pid_tan_cqr,mid,0.825147347740668,0.6328464179561948,-0.2899185710497485,0.15903262933291445,10,volatility
xlstm,GI,44,pid_tan_cqr,stressed,0.8315789473684211,0.7710288587764584,-0.35567749277471317,0.16340576486131997,10,volatility
xlstm,GI,44,saocp_cqr,calm,0.931758530183727,0.4760913270573836,-0.11868829019219662,0.1331247650496769,10,volatility
xlstm,GI,44,saocp_cqr,mid,0.925343811394892,0.6217375547991532,-0.25577558713692405,0.17224526724957906,10,volatility
xlstm,GI,44,saocp_cqr,stressed,0.9263157894736842,0.7157733451528332,-0.2500006239642939,0.08465338104581349,10,volatility
xlstm,GI,44,sfogd_cqr,calm,0.7532808398950132,0.3725784585951927,-0.023165810979544954,0.2677847567073778,10,volatility
xlstm,GI,44,sfogd_cqr,mid,0.831041257367387,0.5982156031463778,-0.13679144031273727,0.1258199114793433,10,volatility
xlstm,GI,44,sfogd_cqr,stressed,0.8342105263157895,0.6611589188088757,-0.15643382721872523,0.0535349633065193,10,volatility
xlstm,GI,44,spci_cqr,calm,0.7611548556430446,0.3878977751579844,-0.08863838430543847,0.24437459130819728,10,volatility
xlstm,GI,44,spci_cqr,mid,0.7858546168958742,0.5626920611072038,-0.1371832038537686,0.08540426940218115,10,volatility
xlstm,GI,44,spci_cqr,stressed,0.781578947368421,0.657285657929712,-0.15297352280026932,0.07258432682662463,10,volatility
xlstm,L,42,aci_cqr,calm,0.7900262467191601,0.28360383240441184,0.11625187196697145,0.4464637370869668,10,volatility
xlstm,L,42,aci_cqr,mid,0.8113948919449901,0.49392443735360847,0.005653573921420796,0.16672352134693322,10,volatility
xlstm,L,42,aci_cqr,stressed,0.8447368421052631,0.5735188829255026,-0.058465455543791456,0.11705076920208324,10,volatility
xlstm,L,42,agaci_cqr,calm,0.7847769028871391,0.28155008866035386,0.12361431661954725,0.45108343426601355,10,volatility
xlstm,L,42,agaci_cqr,mid,0.8094302554027505,0.49777616252821294,0.0027713418488360397,0.15003231213974402,10,volatility
xlstm,L,42,agaci_cqr,stressed,0.8421052631578947,0.5728305693232326,-0.044639635054948834,0.11915626365042761,10,volatility
xlstm,L,42,cqr_rolling,calm,0.7952755905511811,0.2826396432001863,0.11655964750121844,0.44559686316676106,10,volatility
xlstm,L,42,cqr_rolling,mid,0.7976424361493124,0.4953643071285033,0.004479485587891907,0.16214486450059412,10,volatility
xlstm,L,42,cqr_rolling,stressed,0.8263157894736842,0.5894280672361271,-0.0432195331684726,0.0928915434277279,10,volatility
xlstm,L,42,cqr_static,calm,0.7874015748031497,0.4212198037417176,-0.06414374470072448,0.31171456239871287,10,volatility
xlstm,L,42,cqr_static,mid,0.7858546168958742,0.6018341734308699,-0.038578056194033206,0.2562998425858742,10,volatility
xlstm,L,42,cqr_static,stressed,0.7447368421052631,0.7099324550063497,-0.17483118437303313,0.22889449370334897,10,volatility
xlstm,L,42,decay_ocp_cqr,calm,0.7926509186351706,0.28197045405139637,0.12874565788261227,0.3678854613774294,10,volatility
xlstm,L,42,decay_ocp_cqr,mid,0.7996070726915521,0.47099105257525226,0.07010250306671811,0.19022044309291022,10,volatility
xlstm,L,42,decay_ocp_cqr,stressed,0.7578947368421053,0.5952313756638844,-0.06767534949592824,0.04961111201646562,10,volatility
xlstm,L,42,dtaci_cqr,calm,0.7847769028871391,0.27916842147429005,0.12425698582985456,0.4362272005089702,10,volatility
xlstm,L,42,dtaci_cqr,mid,0.825147347740668,0.49276279321687894,0.017614584982771964,0.13852304619479286,10,volatility
xlstm,L,42,dtaci_cqr,stressed,0.8605263157894737,0.5747204475737437,-0.06607094871646468,0.12096311823713118,10,volatility
xlstm,L,42,mondrian_cqr,calm,0.84251968503937,0.29786803985616617,0.08534954366126163,0.5531573632962886,10,volatility
xlstm,L,42,mondrian_cqr,mid,0.8487229862475442,0.5232978129614335,-0.05559666225665705,0.17029899941242033,10,volatility
xlstm,L,42,mondrian_cqr,stressed,0.868421052631579,0.652051232426498,-0.15423914100822644,0.13672786013981963,10,volatility
xlstm,L,42,native,calm,0.7322834645669292,0.28252038778792193,0.08957592596655856,0.4212068835842095,10,volatility
xlstm,L,42,native,mid,0.7583497053045186,0.453839119207081,0.09614788986249828,0.21546161222070992,10,volatility
xlstm,L,42,native,stressed,0.7368421052631579,0.5663411641054836,-0.036661873349249086,0.1372590592633747,10,volatility
xlstm,L,42,pid_cqr,calm,0.7664041994750657,0.2874378795573181,0.1328746796765089,0.38025899726855955,10,volatility
xlstm,L,42,pid_cqr,mid,0.8212180746561886,0.4933800893464142,0.011189716271839956,0.17305365067945153,10,volatility
xlstm,L,42,pid_cqr,stressed,0.8421052631578947,0.5621700395743103,-0.03398382767835706,0.07265549442755037,10,volatility
xlstm,L,42,pid_local_cqr,calm,0.7742782152230971,0.29353825607103845,0.18548526653210118,0.41258043949974854,10,volatility
xlstm,L,42,pid_local_cqr,mid,0.8113948919449901,0.4883714046950291,0.0017225481414503974,0.14071030005512758,10,volatility
xlstm,L,42,pid_local_cqr,stressed,0.8368421052631579,0.5697429206441633,-0.07015134148113611,0.11149812341005838,10,volatility
xlstm,L,42,pid_tan_cqr,calm,0.7926509186351706,0.30892026407200773,0.04738200392960784,0.540267823827232,10,volatility
xlstm,L,42,pid_tan_cqr,mid,0.831041257367387,0.5436996789244642,-0.07826457315849422,0.23789148821235712,10,volatility
xlstm,L,42,pid_tan_cqr,stressed,0.8263157894736842,0.6649625879391405,-0.1705566483842712,0.14615414494313617,10,volatility
xlstm,L,42,saocp_cqr,calm,0.84251968503937,0.3102381571387391,0.12326494112689773,0.2598303374343024,10,volatility
xlstm,L,42,saocp_cqr,mid,0.8722986247544204,0.5109533786631894,-0.007611781035085197,0.10086281201805544,10,volatility
xlstm,L,42,saocp_cqr,stressed,0.8894736842105263,0.6192741964505017,-0.15364715271476792,0.12325248821013562,10,volatility
xlstm,L,42,sfogd_cqr,calm,0.7664041994750657,0.29996685930569233,0.12541913121821563,0.3708050115256462,10,volatility
xlstm,L,42,sfogd_cqr,mid,0.8113948919449901,0.5165585032492271,-0.04106854366862911,0.18365278204677427,10,volatility
xlstm,L,42,sfogd_cqr,stressed,0.8447368421052631,0.5983143777634446,-0.1176475470740832,0.14811887605994037,10,volatility
xlstm,L,42,spci_cqr,calm,0.7322834645669292,0.29596944231557326,0.09503646675619326,0.45314947963430885,10,volatility
xlstm,L,42,spci_cqr,mid,0.756385068762279,0.5052098199102163,-0.011806438396731456,0.19233120289408542,10,volatility
xlstm,L,42,spci_cqr,stressed,0.8263157894736842,0.5726179567550759,0.027960947712530215,0.19342133151430768,10,volatility
xlstm,L,43,aci_cqr,calm,0.8083989501312336,0.3068197518367745,0.04750216591652773,0.3480421559561313,10,volatility
xlstm,L,43,aci_cqr,mid,0.8330058939096268,0.5687995563706182,-0.06606826318570003,0.136621040723641,10,volatility
xlstm,L,43,aci_cqr,stressed,0.8447368421052631,0.6257005305117576,-0.01202839353345131,0.1642962849358363,10,volatility
xlstm,L,43,agaci_cqr,calm,0.7979002624671916,0.29700571250157015,0.04554509983915622,0.3895918303042587,10,volatility
xlstm,L,43,agaci_cqr,mid,0.8369351669941061,0.5417024313957248,-0.06721110885622583,0.10261155809964106,10,volatility
xlstm,L,43,agaci_cqr,stressed,0.8342105263157895,0.6028074728434599,-0.019048664325054143,0.09923515161530694,10,volatility
xlstm,L,43,cqr_rolling,calm,0.8031496062992126,0.30750925249476374,0.03340355134816514,0.33577702983846586,10,volatility
xlstm,L,43,cqr_rolling,mid,0.8212180746561886,0.5728181638001868,-0.049530056211128715,0.10628154409208962,10,volatility
xlstm,L,43,cqr_rolling,stressed,0.8368421052631579,0.6254297237257835,-0.024985898761275216,0.1573269065325338,10,volatility
xlstm,L,43,cqr_static,calm,0.8267716535433071,0.5186169166501826,-0.015422555956100648,0.29898560698024257,10,volatility
xlstm,L,43,cqr_static,mid,0.825147347740668,0.6946730715284167,-0.10913826896894063,0.17500865395018655,10,volatility
xlstm,L,43,cqr_static,stressed,0.8,0.7962250039704265,-0.03901795194913238,0.051954791198983497,10,volatility
xlstm,L,43,decay_ocp_cqr,calm,0.7952755905511811,0.31062358525732275,0.08925291715845646,0.25338507497158597,10,volatility
xlstm,L,43,decay_ocp_cqr,mid,0.8055009823182712,0.545256088493155,-0.041633606394306355,0.1723322015007234,10,volatility
xlstm,L,43,decay_ocp_cqr,stressed,0.7973684210526316,0.646066920122988,-0.025190328403676854,0.09096304704165215,10,volatility
xlstm,L,43,dtaci_cqr,calm,0.8031496062992126,0.30060333813171763,0.06500839611966969,0.36112149672442234,10,volatility
xlstm,L,43,dtaci_cqr,mid,0.8330058939096268,0.5426678033362741,-0.06560648784216117,0.11810405124748921,10,volatility
xlstm,L,43,dtaci_cqr,stressed,0.8421052631578947,0.5866809938862496,-0.014254686026313856,0.0516337398263135,10,volatility
xlstm,L,43,mondrian_cqr,calm,0.863517060367454,0.29499915225042417,0.0902649388352556,0.4585137276975756,10,volatility
xlstm,L,43,mondrian_cqr,mid,0.8605108055009824,0.567551346999723,-0.13126941023193273,0.14984772696817633,10,volatility
xlstm,L,43,mondrian_cqr,stressed,0.8736842105263158,0.6419533575131647,-0.12303443566975181,0.051944011690821135,10,volatility
xlstm,L,43,native,calm,0.7795275590551181,0.30741435991880045,0.08947152672236763,0.2914766289750925,10,volatility
xlstm,L,43,native,mid,0.7858546168958742,0.5276459830881028,-0.03900655905794592,0.15808833208969292,10,volatility
xlstm,L,43,native,stressed,0.7736842105263158,0.6181023919552172,-0.014624287618065002,0.06449090989195877,10,volatility
xlstm,L,43,pid_cqr,calm,0.7690288713910761,0.2946177994456901,0.10556128529697678,0.39891562719985635,10,volatility
xlstm,L,43,pid_cqr,mid,0.8271119842829077,0.5622854056663757,-0.044755087988288644,0.12477173637370065,10,volatility
xlstm,L,43,pid_cqr,stressed,0.8263157894736842,0.6140201725865004,-0.04414963087326085,0.1692465308975514,10,volatility
xlstm,L,43,pid_local_cqr,calm,0.7611548556430446,0.30163669814373306,0.09212626795401979,0.2995400296502136,10,volatility
xlstm,L,43,pid_local_cqr,mid,0.8172888015717092,0.5589803869950677,-0.037239458101056444,0.1706765333068999,10,volatility
xlstm,L,43,pid_local_cqr,stressed,0.8289473684210527,0.5784634711886695,-0.032436520090620924,0.11570977327116866,10,volatility
xlstm,L,43,pid_tan_cqr,calm,0.800524934383202,0.3287558681222255,0.01227637169349266,0.3454200480356833,10,volatility
xlstm,L,43,pid_tan_cqr,mid,0.8467583497053045,0.6702490574887786,-0.1799850981588227,0.16843885446522527,10,volatility
xlstm,L,43,pid_tan_cqr,stressed,0.8210526315789474,0.7145363000899332,-0.12480793703484594,0.26257848309872095,10,volatility
xlstm,L,43,saocp_cqr,calm,0.8530183727034121,0.3271487068953304,0.05261757171046383,0.2812367777445949,10,volatility
xlstm,L,43,saocp_cqr,mid,0.8762278978388998,0.5694545048342367,-0.04900077467742159,0.17061150656516855,10,volatility
xlstm,L,43,saocp_cqr,stressed,0.9026315789473685,0.6589641854793608,-0.07858598027654506,0.16965887350446462,10,volatility
xlstm,L,43,sfogd_cqr,calm,0.7585301837270341,0.3151563281001491,0.043666950197690346,0.38050622367903514,10,volatility
xlstm,L,43,sfogd_cqr,mid,0.8192534381139489,0.5135871789351085,-0.0768201457198896,0.16411199877372112,10,volatility
xlstm,L,43,sfogd_cqr,stressed,0.8342105263157895,0.6009788015922715,-0.07097915474228222,0.17083955730618688,10,volatility
xlstm,L,43,spci_cqr,calm,0.7480314960629921,0.31139649462558755,0.06990112007962224,0.4458333799009763,10,volatility
xlstm,L,43,spci_cqr,mid,0.7779960707269156,0.5446597110486093,-0.11389369010752204,0.1944818742300326,10,volatility
xlstm,L,43,spci_cqr,stressed,0.7894736842105263,0.6054498231722708,-0.036676223440404665,0.11143255804854671,10,volatility
xlstm,L,44,aci_cqr,calm,0.7874015748031497,0.2775456240734829,0.14333250854042245,0.2687628948823162,10,volatility
xlstm,L,44,aci_cqr,mid,0.8094302554027505,0.46455802739189983,0.03486025841001633,0.12051991921038216,10,volatility
xlstm,L,44,aci_cqr,stressed,0.8421052631578947,0.5676592694271905,-0.014749721352767198,0.10617764983847047,10,volatility
xlstm,L,44,agaci_cqr,calm,0.7795275590551181,0.27924932278356857,0.14671166538624353,0.2722843105784604,10,volatility
xlstm,L,44,agaci_cqr,mid,0.8153241650294696,0.4580596554889646,0.0440922701238497,0.14110419522209489,10,volatility
xlstm,L,44,agaci_cqr,stressed,0.8263157894736842,0.5686911769387488,-0.012274097306006482,0.11019714660608027,10,volatility
xlstm,L,44,cqr_rolling,calm,0.7795275590551181,0.27964950093747004,0.14789490050253418,0.2731030356164119,10,volatility
xlstm,L,44,cqr_rolling,mid,0.8074656188605108,0.46237407754330606,0.04881995297100167,0.12225311393435814,10,volatility
xlstm,L,44,cqr_rolling,stressed,0.8289473684210527,0.5709174686222681,-0.012960288246077645,0.10975265796595568,10,volatility
xlstm,L,44,cqr_static,calm,0.7637795275590551,0.3592156222483456,0.03805963198203194,0.21937591472969314,10,volatility
xlstm,L,44,cqr_static,mid,0.7799607072691552,0.5232001668550147,-0.007151798304204204,0.2001904986808018,10,volatility
xlstm,L,44,cqr_static,stressed,0.7973684210526316,0.6424106347166589,-0.04422344398658229,0.04144994986654671,10,volatility
xlstm,L,44,decay_ocp_cqr,calm,0.7742782152230971,0.2751355575039956,0.0938877463636707,0.284225100195147,10,volatility
xlstm,L,44,decay_ocp_cqr,mid,0.8094302554027505,0.4620226662108008,0.07912091824842193,0.13196727053777377,10,volatility
xlstm,L,44,decay_ocp_cqr,stressed,0.8026315789473685,0.5882561513171657,0.003616400049188895,0.10130804433773344,10,volatility
xlstm,L,44,dtaci_cqr,calm,0.7821522309711286,0.275616129181801,0.15676348600312584,0.2639784496101204,10,volatility
xlstm,L,44,dtaci_cqr,mid,0.825147347740668,0.4598214208884155,0.04260999400710874,0.13329885802751928,10,volatility
xlstm,L,44,dtaci_cqr,stressed,0.8447368421052631,0.5663503104822605,-0.013883912382362529,0.11470040050562402,10,volatility
xlstm,L,44,mondrian_cqr,calm,0.8057742782152231,0.29323236033477107,0.12658180785737044,0.420444004611724,10,volatility
xlstm,L,44,mondrian_cqr,mid,0.8664047151277013,0.4699752513072287,-0.009372537393379787,0.2589399571862425,10,volatility
xlstm,L,44,mondrian_cqr,stressed,0.8842105263157894,0.6477159557694159,-0.11392130776819687,0.23539277889482674,10,volatility
xlstm,L,44,native,calm,0.8031496062992126,0.27139730406473117,0.16022288988135436,0.272642612929094,10,volatility
xlstm,L,44,native,mid,0.8231827111984283,0.4461175770276978,0.10816656480131132,0.135226849139035,10,volatility
xlstm,L,44,native,stressed,0.8210526315789474,0.5698498838126856,0.01636075766001488,0.10274729849866254,10,volatility
xlstm,L,44,pid_cqr,calm,0.7506561679790026,0.278320551625987,0.1310190983255814,0.3349366634020463,10,volatility
xlstm,L,44,pid_cqr,mid,0.8271119842829077,0.4628768966138314,0.04214516436986049,0.11248581496202975,10,volatility
xlstm,L,44,pid_cqr,stressed,0.8368421052631579,0.5611944960317936,-0.00020625795218520704,0.09050513412788763,10,volatility
xlstm,L,44,pid_local_cqr,calm,0.7690288713910761,0.28607934233544896,0.16170407891681915,0.23722866099681986,10,volatility
xlstm,L,44,pid_local_cqr,mid,0.8055009823182712,0.4759489879304586,-0.003224187726333816,0.09417350908021807,10,volatility
xlstm,L,44,pid_local_cqr,stressed,0.8421052631578947,0.5872047492367555,-0.0024066948355125906,0.15974640869518064,10,volatility
xlstm,L,44,pid_tan_cqr,calm,0.7742782152230971,0.28970254746692164,0.09685295765457702,0.41747862141924424,10,volatility
xlstm,L,44,pid_tan_cqr,mid,0.8447937131630648,0.544541923535956,-0.06100458053482738,0.14987125224036285,10,volatility
xlstm,L,44,pid_tan_cqr,stressed,0.8315789473684211,0.6373248354018141,-0.13702316870136377,0.1436030759888171,10,volatility
xlstm,L,44,saocp_cqr,calm,0.868766404199475,0.2906592207776998,0.11209943575667042,0.22283839524387053,10,volatility
xlstm,L,44,saocp_cqr,mid,0.8978388998035364,0.4992745935201641,-0.03155298780716276,0.12567886938960554,10,volatility
xlstm,L,44,saocp_cqr,stressed,0.9131578947368421,0.6356236259335258,-0.10548620176507073,0.0917636209494429,10,volatility
xlstm,L,44,sfogd_cqr,calm,0.7611548556430446,0.2854050806481919,0.13382363405794462,0.26597362216642106,10,volatility
xlstm,L,44,sfogd_cqr,mid,0.8172888015717092,0.4908391711823402,-0.00561450078832082,0.10609432370339805,10,volatility
xlstm,L,44,sfogd_cqr,stressed,0.8447368421052631,0.613984866863632,-0.029300277471387748,0.12569123608266525,10,volatility
xlstm,L,44,spci_cqr,calm,0.7296587926509186,0.2875098339167074,0.08143777925920276,0.3263381240608924,10,volatility
xlstm,L,44,spci_cqr,mid,0.7701375245579568,0.49144852580597925,0.03400422618521426,0.11715860886464144,10,volatility
xlstm,L,44,spci_cqr,stressed,0.781578947368421,0.5865324713009948,-0.01845254969527005,0.12685591405354354,10,volatility
xlstm_const,G,42,aci_cqr,calm,0.8083989501312336,0.3229901056948938,0.008444081197187536,0.22539727731744716,10,volatility
xlstm_const,G,42,aci_cqr,mid,0.8231827111984283,0.5200078410626043,-0.013657174715561937,0.09210495812647579,10,volatility
xlstm_const,G,42,aci_cqr,stressed,0.7868421052631579,0.6675057525813815,-0.06185599152512922,0.20159261602626863,10,volatility
xlstm_const,G,42,agaci_cqr,calm,0.8083989501312336,0.3219455043131863,7.820696153937323e-05,0.2612650155046736,10,volatility
xlstm_const,G,42,agaci_cqr,mid,0.8212180746561886,0.5163597033333502,-0.016456636157412996,0.08472283458422261,10,volatility
xlstm_const,G,42,agaci_cqr,stressed,0.8026315789473685,0.6517930403113208,-0.0472554256450749,0.21337471237719904,10,volatility
xlstm_const,G,42,cqr_rolling,calm,0.8162729658792651,0.32377987626095334,0.00998032533149118,0.21385377897110425,10,volatility
xlstm_const,G,42,cqr_rolling,mid,0.8349705304518664,0.5227209270318401,-0.019018123335851955,0.083455076566051,10,volatility
xlstm_const,G,42,cqr_rolling,stressed,0.8,0.6720403891041934,-0.04895752326158953,0.2047048292462769,10,volatility
xlstm_const,G,42,cqr_static,calm,0.821522309711286,0.5999969758099936,-0.10901987618206943,0.36363741696320384,10,volatility
xlstm_const,G,42,cqr_static,mid,0.8330058939096268,0.6901885852949786,-0.08212433270248065,0.2792297154745313,10,volatility
xlstm_const,G,42,cqr_static,stressed,0.7894736842105263,0.7729799153030511,-0.03678053115168001,0.24007507614977888,10,volatility
xlstm_const,G,42,decay_ocp_cqr,calm,0.8871391076115486,0.41596164184722195,0.00987891964184312,0.11918695862823703,10,volatility
xlstm_const,G,42,decay_ocp_cqr,mid,0.8978388998035364,0.5735315014200221,-0.04294204105350807,0.0682936353150255,10,volatility
xlstm_const,G,42,decay_ocp_cqr,stressed,0.8342105263157895,0.6956050211119276,-0.0491616753149976,0.17972184880168668,10,volatility
xlstm_const,G,42,dtaci_cqr,calm,0.8083989501312336,0.3225318678878841,0.011985981851265537,0.2289278850221137,10,volatility
xlstm_const,G,42,dtaci_cqr,mid,0.831041257367387,0.5156504986185731,-0.019615909920594143,0.058744177304183076,10,volatility
xlstm_const,G,42,dtaci_cqr,stressed,0.8105263157894737,0.6546812820440082,-0.06525619400812366,0.19381256417110201,10,volatility
xlstm_const,G,42,mondrian_cqr,calm,0.8188976377952756,0.3519081949328012,0.00014697556044690474,0.22661673634690055,10,volatility
xlstm_const,G,42,mondrian_cqr,mid,0.8526522593320236,0.5614652602991144,-0.061704006418799806,0.1747619259400945,10,volatility
xlstm_const,G,42,mondrian_cqr,stressed,0.868421052631579,0.6730697162240548,-0.12169702087844025,0.10630794135578142,10,volatility
xlstm_const,G,42,native,calm,0.926509186351706,0.44040595766285,-0.0925494373015382,0.05574249573735185,10,volatility
xlstm_const,G,42,native,mid,0.9076620825147348,0.5770867297268949,-0.08862326528088593,0.09588156274990628,10,volatility
xlstm_const,G,42,native,stressed,0.8657894736842106,0.6804135540407102,-0.09896253578320591,0.15628409008067498,10,volatility
xlstm_const,G,42,pid_cqr,calm,0.7874015748031497,0.3205351137694464,0.03392532253487823,0.21752077223880328,10,volatility
xlstm_const,G,42,pid_cqr,mid,0.8113948919449901,0.5211620494730407,0.004163620770299248,0.09469715287354119,10,volatility
xlstm_const,G,42,pid_cqr,stressed,0.8131578947368421,0.6263458248079097,-0.03819589978652349,0.19394458315551777,10,volatility
xlstm_const,G,42,pid_local_cqr,calm,0.7795275590551181,0.347434208668697,0.02543847144027167,0.12472807926461296,10,volatility
xlstm_const,G,42,pid_local_cqr,mid,0.8212180746561886,0.5276226818020037,-0.005777399369534475,0.13590924879123165,10,volatility
xlstm_const,G,42,pid_local_cqr,stressed,0.8210526315789474,0.6575146821640446,-0.07301759010099151,0.1426052084781866,10,volatility
xlstm_const,G,42,pid_tan_cqr,calm,0.84251968503937,0.36038043955636184,-0.0746826808017872,0.32477288882772276,10,volatility
xlstm_const,G,42,pid_tan_cqr,mid,0.8074656188605108,0.5837111042672285,-0.13859469756651888,0.11996379645276273,10,volatility
xlstm_const,G,42,pid_tan_cqr,stressed,0.7973684210526316,0.7444868247125168,-0.20724783537868596,0.3014432519242263,10,volatility
xlstm_const,G,42,saocp_cqr,calm,0.9291338582677166,0.44451769306459993,-0.10452770874247741,0.03385727693414864,10,volatility
xlstm_const,G,42,saocp_cqr,mid,0.931237721021611,0.6248762620143814,-0.139285149322256,0.1094807737981704,10,volatility
xlstm_const,G,42,saocp_cqr,stressed,0.9289473684210526,0.7295579584195401,-0.16227816612138035,0.12004670520329358,10,volatility
xlstm_const,G,42,sfogd_cqr,calm,0.7769028871391076,0.34603719965329705,-0.02527364214669947,0.21879662372777112,10,volatility
xlstm_const,G,42,sfogd_cqr,mid,0.8015717092337917,0.5480193314259145,-0.0029811631709005804,0.11032810540188417,10,volatility
xlstm_const,G,42,sfogd_cqr,stressed,0.8289473684210527,0.6408031157823615,-0.07827689396985393,0.11526469036678433,10,volatility
xlstm_const,G,42,spci_cqr,calm,0.7742782152230971,0.3366530007707576,-0.07807023309896954,0.24334520829440984,10,volatility
xlstm_const,G,42,spci_cqr,mid,0.7544204322200393,0.5259249773571331,-0.02415431502471399,0.0654311041390668,10,volatility
xlstm_const,G,42,spci_cqr,stressed,0.781578947368421,0.6520667225793475,-0.10113522028970334,0.2120033423927559,10,volatility
xlstm_const,G,43,aci_cqr,calm,0.7979002624671916,0.3150955301545281,0.10263717404567146,0.27618352712793426,10,volatility
xlstm_const,G,43,aci_cqr,mid,0.8153241650294696,0.49630514030391554,0.044647633810098286,0.11367278747937618,10,volatility
xlstm_const,G,43,aci_cqr,stressed,0.8105263157894737,0.6263326049441532,-0.08321549257593497,0.06561048229256583,10,volatility
xlstm_const,G,43,agaci_cqr,calm,0.8110236220472441,0.3119823573731657,0.08746026192801692,0.3047537369768996,10,volatility
xlstm_const,G,43,agaci_cqr,mid,0.7996070726915521,0.5010742717029214,0.03706322836496723,0.11611096088411182,10,volatility
xlstm_const,G,43,agaci_cqr,stressed,0.8315789473684211,0.5936995040134873,-0.07408154823180313,0.034611461253895026,10,volatility
xlstm_const,G,43,cqr_rolling,calm,0.821522309711286,0.31483894889872877,0.09565936549606624,0.2718649842954758,10,volatility
xlstm_const,G,43,cqr_rolling,mid,0.825147347740668,0.502773669263176,0.035804396829840046,0.1261933899360819,10,volatility
xlstm_const,G,43,cqr_rolling,stressed,0.8078947368421052,0.6373778085577431,-0.09052848293917981,0.07593034715324376,10,volatility
xlstm_const,G,43,cqr_static,calm,0.8293963254593176,0.6398212752465334,-0.15165673142207792,0.2123916385728023,10,volatility
xlstm_const,G,43,cqr_static,mid,0.8408644400785854,0.7179285465575368,-0.07420071302633491,0.2802377406161019,10,volatility
xlstm_const,G,43,cqr_static,stressed,0.8289473684210527,0.8185476141897259,-0.08429852394505388,0.2903657108235804,10,volatility
xlstm_const,G,43,decay_ocp_cqr,calm,0.9081364829396326,0.4179797530079084,-0.022014366182894984,0.1316402398701663,10,volatility
xlstm_const,G,43,decay_ocp_cqr,mid,0.8821218074656189,0.5985292604092691,-0.015159601698239433,0.0842283072018504,10,volatility
xlstm_const,G,43,decay_ocp_cqr,stressed,0.868421052631579,0.7299251989912707,-0.09396963017099658,0.16076548405895252,10,volatility
xlstm_const,G,43,dtaci_cqr,calm,0.8083989501312336,0.3097878787621427,0.10676635114618471,0.2837273570028712,10,volatility
xlstm_const,G,43,dtaci_cqr,mid,0.8113948919449901,0.4950504873829013,0.03942204809403621,0.13283006321220658,10,volatility
xlstm_const,G,43,dtaci_cqr,stressed,0.8342105263157895,0.6020536777045523,-0.08039426173701147,0.03988747350850552,10,volatility
xlstm_const,G,43,mondrian_cqr,calm,0.821522309711286,0.33178169137411495,0.0793523983390525,0.4144179017017561,10,volatility
xlstm_const,G,43,mondrian_cqr,mid,0.8428290766208252,0.5564537340515555,-0.07513053156661809,0.20380236606236962,10,volatility
xlstm_const,G,43,mondrian_cqr,stressed,0.8710526315789474,0.6736362646594488,-0.15233638022957685,0.23529931686024685,10,volatility
xlstm_const,G,43,native,calm,0.926509186351706,0.43127292933550926,-0.05485049682300036,0.0748687220102397,10,volatility
xlstm_const,G,43,native,mid,0.8899803536345776,0.5735596347028253,-0.048408200192964546,0.037406450923902546,10,volatility
xlstm_const,G,43,native,stressed,0.8710526315789474,0.642579166348705,-0.08399065211955392,0.12150892670925845,10,volatility
xlstm_const,G,43,pid_cqr,calm,0.7847769028871391,0.3170860933252704,0.13050251472286362,0.2049562500316159,10,volatility
xlstm_const,G,43,pid_cqr,mid,0.7996070726915521,0.5040030257213365,0.02255234337919948,0.11136663145249048,10,volatility
xlstm_const,G,43,pid_cqr,stressed,0.8368421052631579,0.5948827191316918,-0.08212339078009956,0.10810409652799277,10,volatility
xlstm_const,G,43,pid_local_cqr,calm,0.7847769028871391,0.3425285638595664,0.08188122050935359,0.19317798638056682,10,volatility
xlstm_const,G,43,pid_local_cqr,mid,0.8113948919449901,0.5485791266625634,0.018389708100735702,0.12285978653492094,10,volatility
xlstm_const,G,43,pid_local_cqr,stressed,0.8342105263157895,0.6157334517996798,-0.08710710100458552,0.13226076445368043,10,volatility
xlstm_const,G,43,pid_tan_cqr,calm,0.8057742782152231,0.34575838011367255,-0.027709820293712828,0.3349063907830645,10,volatility
xlstm_const,G,43,pid_tan_cqr,mid,0.8094302554027505,0.5881020567716964,-0.14175335027204616,0.14776267890017347,10,volatility
xlstm_const,G,43,pid_tan_cqr,stressed,0.8210526315789474,0.66495357978249,-0.2785527540683388,0.2140517457289236,10,volatility
xlstm_const,G,43,saocp_cqr,calm,0.9343832020997376,0.4339538074231182,-0.08602989396932648,0.10290645940351428,10,volatility
xlstm_const,G,43,saocp_cqr,mid,0.9155206286836935,0.6205651913430529,-0.13100497881188022,0.10459895936331731,10,volatility
xlstm_const,G,43,saocp_cqr,stressed,0.9315789473684211,0.6821645950670218,-0.1971933714642773,0.12087262924322306,10,volatility
xlstm_const,G,43,sfogd_cqr,calm,0.7532808398950132,0.33546653350343375,0.12674023597383471,0.19500549770442113,10,volatility
xlstm_const,G,43,sfogd_cqr,mid,0.8113948919449901,0.5580825838681522,-0.026388202251172332,0.14003052083571574,10,volatility
xlstm_const,G,43,sfogd_cqr,stressed,0.8394736842105263,0.6574411206350033,-0.10553631609508518,0.11540393136080929,10,volatility
xlstm_const,G,43,spci_cqr,calm,0.7296587926509186,0.3283544272802121,0.03850385437066367,0.26699491170800993,10,volatility
xlstm_const,G,43,spci_cqr,mid,0.7347740667976425,0.5356818157064746,-0.05261696936996918,0.18032892458438554,10,volatility
xlstm_const,G,43,spci_cqr,stressed,0.7973684210526316,0.6212535759940606,-0.10010356690113253,0.09802435612529198,10,volatility
xlstm_const,G,44,aci_cqr,calm,0.800524934383202,0.28081606205719034,0.18595105503158893,0.2930385496701787,10,volatility
xlstm_const,G,44,aci_cqr,mid,0.8212180746561886,0.45441040942322286,0.028543633643678512,0.25714092435155256,10,volatility
xlstm_const,G,44,aci_cqr,stressed,0.8473684210526315,0.5669803417818459,-0.03703513300080996,0.13601293827109895,10,volatility
xlstm_const,G,44,agaci_cqr,calm,0.8083989501312336,0.2816986544855477,0.18225453737129954,0.28159661890111387,10,volatility
xlstm_const,G,44,agaci_cqr,mid,0.7976424361493124,0.45512550618421455,0.029101039905590875,0.22568909696454284,10,volatility
xlstm_const,G,44,agaci_cqr,stressed,0.8526315789473684,0.5381480333151665,-0.012787508931405234,0.16020823044724514,10,volatility
xlstm_const,G,44,cqr_rolling,calm,0.8188976377952756,0.2813818365034303,0.1739116159298178,0.28310222232975557,10,volatility
xlstm_const,G,44,cqr_rolling,mid,0.8408644400785854,0.45873847193991685,0.028939806784737676,0.2582168302935799,10,volatility
xlstm_const,G,44,cqr_rolling,stressed,0.8605263157894737,0.5850266139562393,-0.024279582608502492,0.09096624494638983,10,volatility
xlstm_const,G,44,cqr_static,calm,0.905511811023622,0.6059823525454027,-0.02734404392633699,0.4618015156743003,10,volatility
xlstm_const,G,44,cqr_static,mid,0.8664047151277013,0.7018370297961171,-0.18528858489146505,0.1487320161927138,10,volatility
xlstm_const,G,44,cqr_static,stressed,0.8710526315789474,0.7703482945224598,-0.136953031949129,0.21820791217999264,10,volatility
xlstm_const,G,44,decay_ocp_cqr,calm,0.9133858267716536,0.3661144134164655,0.08470075118671894,0.10418467406113979,10,volatility
xlstm_const,G,44,decay_ocp_cqr,mid,0.8899803536345776,0.5403358219724639,-0.09515894068339736,0.05751625671616317,10,volatility
xlstm_const,G,44,decay_ocp_cqr,stressed,0.8894736842105263,0.6385959728213442,-0.07772997324307229,0.1723649857651266,10,volatility
xlstm_const,G,44,dtaci_cqr,calm,0.8031496062992126,0.2797053398055859,0.1883046996001389,0.2971581451292138,10,volatility
xlstm_const,G,44,dtaci_cqr,mid,0.831041257367387,0.4517314362807721,0.029946765446580204,0.2631956992553238,10,volatility
xlstm_const,G,44,dtaci_cqr,stressed,0.8578947368421053,0.5518195293796703,-0.015866742313044024,0.14662211606303696,10,volatility
xlstm_const,G,44,mondrian_cqr,calm,0.8451443569553806,0.28714273569384724,0.12727349106596508,0.42334403962858647,10,volatility
xlstm_const,G,44,mondrian_cqr,mid,0.8565815324165029,0.5202138100150892,-0.13571415019769795,0.17744975768491367,10,volatility
xlstm_const,G,44,mondrian_cqr,stressed,0.881578947368421,0.569504973005602,-0.023999576679366863,0.12204788054471172,10,volatility
xlstm_const,G,44,native,calm,0.9396325459317585,0.41904329575445226,-0.026666597239294487,0.12401402097361344,10,volatility
xlstm_const,G,44,native,mid,0.8958742632612967,0.540121760523759,-0.06476327909866342,0.08688832550971787,10,volatility
xlstm_const,G,44,native,stressed,0.8921052631578947,0.5977219685295966,-0.03949047081833357,0.03539426541085566,10,volatility
xlstm_const,G,44,pid_cqr,calm,0.7690288713910761,0.2885700968395044,0.1743224336869964,0.21877760555395778,10,volatility
xlstm_const,G,44,pid_cqr,mid,0.8133595284872298,0.4674222884564476,0.03316888909665222,0.18232005695758333,10,volatility
xlstm_const,G,44,pid_cqr,stressed,0.8526315789473684,0.5420139147695786,0.011514831622835509,0.10564751478772388,10,volatility
xlstm_const,G,44,pid_local_cqr,calm,0.7664041994750657,0.3129352411367409,0.17601353595867747,0.19838729650744696,10,volatility
xlstm_const,G,44,pid_local_cqr,mid,0.8231827111984283,0.4884857297030826,0.025965288399537267,0.16024175201378374,10,volatility
xlstm_const,G,44,pid_local_cqr,stressed,0.8526315789473684,0.5659444391642051,-0.0013732511431357453,0.0980697582853162,10,volatility
xlstm_const,G,44,pid_tan_cqr,calm,0.8057742782152231,0.30460757589364035,0.09172622186082124,0.3309572395860002,10,volatility
xlstm_const,G,44,pid_tan_cqr,mid,0.8290766208251473,0.5520777817676963,-0.13590986101607394,0.21813788768125275,10,volatility
xlstm_const,G,44,pid_tan_cqr,stressed,0.8289473684210527,0.6283591064497962,-0.17196004897105177,0.24326801792223857,10,volatility
xlstm_const,G,44,saocp_cqr,calm,0.9448818897637795,0.42021715028950324,-0.037458211070871106,0.11188808112345139,10,volatility
xlstm_const,G,44,saocp_cqr,mid,0.9214145383104125,0.5880170955892572,-0.17402981354132507,0.1227230777045859,10,volatility
xlstm_const,G,44,saocp_cqr,stressed,0.9289473684210526,0.6348920376543893,-0.18689337761416358,0.17934812704810998,10,volatility
xlstm_const,G,44,sfogd_cqr,calm,0.7532808398950132,0.3115918630002717,0.12622771198824823,0.2685793858641675,10,volatility
xlstm_const,G,44,sfogd_cqr,mid,0.8035363457760314,0.5027978026830501,0.01764614876362519,0.13892939234871654,10,volatility
xlstm_const,G,44,sfogd_cqr,stressed,0.85,0.589824543583653,-0.04823408723736,0.08882342549857292,10,volatility
xlstm_const,G,44,spci_cqr,calm,0.7664041994750657,0.2870354624896245,0.17378983374344487,0.36444673625990853,10,volatility
xlstm_const,G,44,spci_cqr,mid,0.768172888015717,0.4896889241691907,0.006532867019526378,0.2469152706921633,10,volatility
xlstm_const,G,44,spci_cqr,stressed,0.781578947368421,0.5624467313067718,-0.04335450471484159,0.10212319151656243,10,volatility
xlstm_const,GF,42,aci_cqr,calm,0.8136482939632546,0.3102398648337894,0.026053695040862634,0.2211340438061572,10,volatility
xlstm_const,GF,42,aci_cqr,mid,0.8133595284872298,0.5166181946425298,-0.02882535639955297,0.08565483785792796,10,volatility
xlstm_const,GF,42,aci_cqr,stressed,0.7947368421052632,0.6655069839232092,-0.020468486733521418,0.24404721051119402,10,volatility
xlstm_const,GF,42,agaci_cqr,calm,0.8136482939632546,0.30768878468291383,0.02625640366523746,0.2851164570308852,10,volatility
xlstm_const,GF,42,agaci_cqr,mid,0.8015717092337917,0.5242565224277284,-0.015266800701834116,0.1032997023257955,10,volatility
xlstm_const,GF,42,agaci_cqr,stressed,0.8,0.65146350048001,-0.02222260520217134,0.22409946183641083,10,volatility
xlstm_const,GF,42,cqr_rolling,calm,0.821522309711286,0.3127149654793155,0.0283401928981154,0.22667422201409038,10,volatility
xlstm_const,GF,42,cqr_rolling,mid,0.8172888015717092,0.5204518386446806,-0.02701548738636439,0.0945272654870572,10,volatility
xlstm_const,GF,42,cqr_rolling,stressed,0.8026315789473685,0.6739895347408245,-0.0283366468451981,0.23094447005272373,10,volatility
xlstm_const,GF,42,cqr_static,calm,0.8110236220472441,0.5380362351519277,-0.09545382075384146,0.21481465076173148,10,volatility
xlstm_const,GF,42,cqr_static,mid,0.8192534381139489,0.6472730941822091,-0.09610720120734817,0.2634532332670628,10,volatility
xlstm_const,GF,42,cqr_static,stressed,0.7868421052631579,0.723640564417227,-0.07883728797858602,0.2539962473937918,10,volatility
xlstm_const,GF,42,decay_ocp_cqr,calm,0.889763779527559,0.3981421106931281,0.00719978564673146,0.10881488480560816,10,volatility
xlstm_const,GF,42,decay_ocp_cqr,mid,0.8860510805500982,0.5612722196084644,-0.04138070084406331,0.07832557236628818,10,volatility
xlstm_const,GF,42,decay_ocp_cqr,stressed,0.8473684210526315,0.681276103264337,-0.05220422763970156,0.12892992184778146,10,volatility
xlstm_const,GF,42,dtaci_cqr,calm,0.8162729658792651,0.3075160928533622,0.02316004651016479,0.22117254433034678,10,volatility
xlstm_const,GF,42,dtaci_cqr,mid,0.8055009823182712,0.5194428807596357,-0.0331014733167907,0.11171640835463839,10,volatility
xlstm_const,GF,42,dtaci_cqr,stressed,0.8263157894736842,0.6513169966697719,-0.03068414637975425,0.20314237234106955,10,volatility
xlstm_const,GF,42,mondrian_cqr,calm,0.8241469816272966,0.3301063374247118,-0.05193437718894012,0.2830426120392907,10,volatility
xlstm_const,GF,42,mondrian_cqr,mid,0.831041257367387,0.574006993689167,-0.06475545588118103,0.19964487950983265,10,volatility
xlstm_const,GF,42,mondrian_cqr,stressed,0.8736842105263158,0.6605981925220866,-0.095299341159653,0.12524398027169792,10,volatility
xlstm_const,GF,42,native,calm,0.9238845144356955,0.4303005475498066,-0.05892671099966118,0.08151076909506855,10,volatility
xlstm_const,GF,42,native,mid,0.899803536345776,0.5717131673894486,-0.08371002763639868,0.10723903242101912,10,volatility
xlstm_const,GF,42,native,stressed,0.8578947368421053,0.673348097041808,-0.09190724160022101,0.14151954837945743,10,volatility
xlstm_const,GF,42,pid_cqr,calm,0.7926509186351706,0.3122851669839265,0.058730787321625344,0.2483780943005119,10,volatility
xlstm_const,GF,42,pid_cqr,mid,0.8094302554027505,0.5260297556962172,0.0003516104168218015,0.09999811778700984,10,volatility
xlstm_const,GF,42,pid_cqr,stressed,0.8210526315789474,0.638003070533535,-0.03267762687352371,0.20532699844013544,10,volatility
xlstm_const,GF,42,pid_local_cqr,calm,0.7664041994750657,0.3432567169261238,0.03494854823408089,0.19761755574689546,10,volatility
xlstm_const,GF,42,pid_local_cqr,mid,0.825147347740668,0.5272602636263748,-0.0068234361191761295,0.10658640032856184,10,volatility
xlstm_const,GF,42,pid_local_cqr,stressed,0.8263157894736842,0.6232765756189882,-0.05755103240962289,0.1521096797124142,10,volatility
xlstm_const,GF,42,pid_tan_cqr,calm,0.8398950131233596,0.34796324653935967,-0.046598256007027605,0.3876584585533226,10,volatility
xlstm_const,GF,42,pid_tan_cqr,mid,0.8055009823182712,0.5873976985543209,-0.1444322190250351,0.08186070302701753,10,volatility
xlstm_const,GF,42,pid_tan_cqr,stressed,0.8,0.7310883598661877,-0.18878760489076463,0.27634967764444907,10,volatility
xlstm_const,GF,42,saocp_cqr,calm,0.931758530183727,0.4326490112286527,-0.07505603732446653,0.0631173780989791,10,volatility
xlstm_const,GF,42,saocp_cqr,mid,0.925343811394892,0.6060824267911438,-0.14974393975097855,0.10847711293317669,10,volatility
xlstm_const,GF,42,saocp_cqr,stressed,0.9263157894736842,0.7212695880788015,-0.1521040846732582,0.16035140119517388,10,volatility
xlstm_const,GF,42,sfogd_cqr,calm,0.7690288713910761,0.3414898971979776,0.05093120973439086,0.2174681193348046,10,volatility
xlstm_const,GF,42,sfogd_cqr,mid,0.8055009823182712,0.5631635725269992,-0.03261976723650306,0.12264351712254323,10,volatility
xlstm_const,GF,42,sfogd_cqr,stressed,0.8368421052631579,0.6371096872786561,-0.06008991137606712,0.09909884071352235,10,volatility
xlstm_const,GF,42,spci_cqr,calm,0.7821522309711286,0.3196968196442706,0.05219760956210867,0.2491660425431221,10,volatility
xlstm_const,GF,42,spci_cqr,mid,0.7524557956777996,0.5366112476966451,-0.05763999236289041,0.12960038188043568,10,volatility
xlstm_const,GF,42,spci_cqr,stressed,0.7710526315789473,0.6391868447025718,-0.018243722904754178,0.23256541717281448,10,volatility
xlstm_const,GF,43,aci_cqr,calm,0.7847769028871391,0.29254546312510704,0.17210806721421068,0.2649135075211697,10,volatility
xlstm_const,GF,43,aci_cqr,mid,0.8271119842829077,0.46795525581816066,0.06020138593351004,0.09773918525884207,10,volatility
xlstm_const,GF,43,aci_cqr,stressed,0.8236842105263158,0.607012538500639,-0.09377997138064853,0.08035572062729363,10,volatility
xlstm_const,GF,43,agaci_cqr,calm,0.7874015748031497,0.2871519500549128,0.15960926621656163,0.2871705587486343,10,volatility
xlstm_const,GF,43,agaci_cqr,mid,0.8153241650294696,0.47445247375104427,0.04654788839746843,0.09814328351574497,10,volatility
xlstm_const,GF,43,agaci_cqr,stressed,0.8289473684210527,0.5756679758739044,-0.08464557073477874,0.10039621832555981,10,volatility
xlstm_const,GF,43,cqr_rolling,calm,0.800524934383202,0.29734477545569776,0.15774570259140874,0.2864062415249841,10,volatility
xlstm_const,GF,43,cqr_rolling,mid,0.8388998035363457,0.4719677650556942,0.060359896628951415,0.09283260399805793,10,volatility
xlstm_const,GF,43,cqr_rolling,stressed,0.8210526315789474,0.6211376297046156,-0.08688939254993411,0.07159142118221495,10,volatility
xlstm_const,GF,43,cqr_static,calm,0.8661417322834646,0.599607529467026,-0.059820553915222896,0.2672071193999974,10,volatility
xlstm_const,GF,43,cqr_static,mid,0.8664047151277013,0.6816373992540998,-0.08828374066388123,0.22408637782012727,10,volatility
xlstm_const,GF,43,cqr_static,stressed,0.8421052631578947,0.7790924768111036,-0.09396617199780966,0.18588556485175667,10,volatility
xlstm_const,GF,43,decay_ocp_cqr,calm,0.89501312335958,0.4048601003775795,0.0215108683797387,0.11481859257635924,10,volatility
xlstm_const,GF,43,decay_ocp_cqr,mid,0.8939096267190569,0.5743653584744209,-0.013940600679786419,0.07995447625424137,10,volatility
xlstm_const,GF,43,decay_ocp_cqr,stressed,0.8657894736842106,0.7065790886285395,-0.09584395256962541,0.12439448889315835,10,volatility
xlstm_const,GF,43,dtaci_cqr,calm,0.7926509186351706,0.2889569642877272,0.17236734733594022,0.2661652873811021,10,volatility
xlstm_const,GF,43,dtaci_cqr,mid,0.8290766208251473,0.4672217275044688,0.06460551254854974,0.10258788109728537,10,volatility
xlstm_const,GF,43,dtaci_cqr,stressed,0.8368421052631579,0.5846882762768145,-0.07391840800779159,0.08573593496300658,10,volatility
xlstm_const,GF,43,mondrian_cqr,calm,0.7900262467191601,0.32158483020428835,0.11600014641925577,0.39012164628181295,10,volatility
xlstm_const,GF,43,mondrian_cqr,mid,0.8526522593320236,0.5263595524867823,-0.02778754285213103,0.1013384882165872,10,volatility
xlstm_const,GF,43,mondrian_cqr,stressed,0.8789473684210526,0.6506056066531295,-0.09704841413891341,0.245991493645435,10,volatility
xlstm_const,GF,43,native,calm,0.9238845144356955,0.4141448204409714,-0.023375528770704146,0.08673021252271915,10,volatility
xlstm_const,GF,43,native,mid,0.9056974459724951,0.5500715132840454,-0.009703332248353291,0.06487178954363804,10,volatility
xlstm_const,GF,43,native,stressed,0.868421052631579,0.6220350078921961,-0.0944758518087192,0.05651927265398071,10,volatility
xlstm_const,GF,43,pid_cqr,calm,0.7559055118110236,0.3082575957485669,0.17798649644961928,0.22401841165703198,10,volatility
xlstm_const,GF,43,pid_cqr,mid,0.8192534381139489,0.48463141064292403,0.03781367309888478,0.10044969010740729,10,volatility
xlstm_const,GF,43,pid_cqr,stressed,0.8447368421052631,0.5755344137208036,-0.041117231958199274,0.10350238729186323,10,volatility
xlstm_const,GF,43,pid_local_cqr,calm,0.7637795275590551,0.33253886999662285,0.11680069569490376,0.16927667145620828,10,volatility
xlstm_const,GF,43,pid_local_cqr,mid,0.8212180746561886,0.4951160207470402,0.03304142090950252,0.11719612486909367,10,volatility
xlstm_const,GF,43,pid_local_cqr,stressed,0.8447368421052631,0.6139755287976846,-0.06033915888520558,0.10486657416282372,10,volatility
xlstm_const,GF,43,pid_tan_cqr,calm,0.8110236220472441,0.3156713499408435,0.08648393457965858,0.3409752970624469,10,volatility
xlstm_const,GF,43,pid_tan_cqr,mid,0.8212180746561886,0.5573743040135836,-0.08461057221628376,0.18025859265564959,10,volatility
xlstm_const,GF,43,pid_tan_cqr,stressed,0.8157894736842105,0.6420487965069799,-0.2583716541715275,0.2958786169493484,10,volatility
xlstm_const,GF,43,saocp_cqr,calm,0.9343832020997376,0.41638953772078074,-0.051125549402602055,0.08052922713861158,10,volatility
xlstm_const,GF,43,saocp_cqr,mid,0.9292730844793713,0.5852957201232534,-0.09547823333298078,0.0741354845810947,10,volatility
xlstm_const,GF,43,saocp_cqr,stressed,0.9289473684210526,0.6604763547896324,-0.1901353167786587,0.0750453329677579,10,volatility
xlstm_const,GF,43,sfogd_cqr,calm,0.7532808398950132,0.32475404091102217,0.12836119658185374,0.20506569015910386,10,volatility
xlstm_const,GF,43,sfogd_cqr,mid,0.8153241650294696,0.5418142849071019,-0.013776800981296744,0.11774466433094999,10,volatility
xlstm_const,GF,43,sfogd_cqr,stressed,0.8368421052631579,0.6405182796093777,-0.0839916456167975,0.07016466731678322,10,volatility
xlstm_const,GF,43,spci_cqr,calm,0.7034120734908137,0.30903446940049595,0.1404051945717691,0.27795127411111537,10,volatility
xlstm_const,GF,43,spci_cqr,mid,0.7426326129666012,0.5036848722541427,-0.026379853299978828,0.13795448379789038,10,volatility
xlstm_const,GF,43,spci_cqr,stressed,0.7868421052631579,0.5979572896290365,-0.06131450076927236,0.13178611989229094,10,volatility
xlstm_const,GF,44,aci_cqr,calm,0.8110236220472441,0.2693490999837077,0.19439156156682724,0.3322877005099205,10,volatility
xlstm_const,GF,44,aci_cqr,mid,0.8231827111984283,0.4511458841066371,0.04508296271094947,0.19631996831640347,10,volatility
xlstm_const,GF,44,aci_cqr,stressed,0.8394736842105263,0.5576024963337863,0.007699188625809594,0.14619894936677164,10,volatility
xlstm_const,GF,44,agaci_cqr,calm,0.8031496062992126,0.2666475337854808,0.1931769683473586,0.32488880776944973,10,volatility
xlstm_const,GF,44,agaci_cqr,mid,0.8113948919449901,0.44718285636354654,0.04506214447999363,0.21566057814659262,10,volatility
xlstm_const,GF,44,agaci_cqr,stressed,0.8447368421052631,0.5302910444975389,0.030095208788710803,0.17962711613037738,10,volatility
xlstm_const,GF,44,cqr_rolling,calm,0.8267716535433071,0.27080512060454104,0.1990010400997707,0.32751558616228565,10,volatility
xlstm_const,GF,44,cqr_rolling,mid,0.8330058939096268,0.45336978683087475,0.04754322939015504,0.17631809215313388,10,volatility
xlstm_const,GF,44,cqr_rolling,stressed,0.85,0.572132808052352,-0.023561796579792738,0.14469043136652648,10,volatility
xlstm_const,GF,44,cqr_static,calm,0.9238845144356955,0.5945723820401083,-0.01941117296236028,0.6091561076929682,10,volatility
xlstm_const,GF,44,cqr_static,mid,0.8899803536345776,0.679786646725508,-0.10237713677546234,0.271612614223558,10,volatility
xlstm_const,GF,44,cqr_static,stressed,0.8921052631578947,0.7552462589715134,-0.09075611783939685,0.29175386114484375,10,volatility
xlstm_const,GF,44,decay_ocp_cqr,calm,0.9212598425196851,0.36016036112942457,0.06828093664112356,0.14865786602658415,10,volatility
xlstm_const,GF,44,decay_ocp_cqr,mid,0.8939096267190569,0.5323456201614148,-0.050950550129041816,0.09829125933545763,10,volatility
xlstm_const,GF,44,decay_ocp_cqr,stressed,0.9,0.6390569555492456,-0.08422932253864024,0.16760001488175574,10,volatility
xlstm_const,GF,44,dtaci_cqr,calm,0.8136482939632546,0.2684054264117688,0.1960417535267578,0.3387111927309511,10,volatility
xlstm_const,GF,44,dtaci_cqr,mid,0.825147347740668,0.44655601073278794,0.045885038337901474,0.20731394625804797,10,volatility
xlstm_const,GF,44,dtaci_cqr,stressed,0.8578947368421053,0.5356474071363663,0.03201201676938825,0.17740314614876934,10,volatility
xlstm_const,GF,44,mondrian_cqr,calm,0.8372703412073491,0.2834003329103538,0.14827424069614387,0.34097158036639313,10,volatility
xlstm_const,GF,44,mondrian_cqr,mid,0.8781925343811395,0.5190379765906691,-0.0899330354577037,0.18734014800778545,10,volatility
xlstm_const,GF,44,mondrian_cqr,stressed,0.8973684210526316,0.5744563308947015,-0.04120002318288585,0.16129533681340213,10,volatility
xlstm_const,GF,44,native,calm,0.937007874015748,0.41109432434319987,-0.010338732375917536,0.10602763319264605,10,volatility
xlstm_const,GF,44,native,mid,0.8899803536345776,0.5297825278200937,-0.05159354989777143,0.0781082496088821,10,volatility
xlstm_const,GF,44,native,stressed,0.9,0.5916269247484198,-0.023625156808697034,0.03640937462431809,10,volatility
xlstm_const,GF,44,pid_cqr,calm,0.7769028871391076,0.2869781557578126,0.1725166923868638,0.2831120819903142,10,volatility
xlstm_const,GF,44,pid_cqr,mid,0.8192534381139489,0.45946588016320616,0.03168511203975499,0.17221917638395018,10,volatility
xlstm_const,GF,44,pid_cqr,stressed,0.8473684210526315,0.5175244110058184,0.03824445580809699,0.11521238103031062,10,volatility
xlstm_const,GF,44,pid_local_cqr,calm,0.7664041994750657,0.31123545343487874,0.17428660629764575,0.29021112001251514,10,volatility
xlstm_const,GF,44,pid_local_cqr,mid,0.8133595284872298,0.484967846077871,0.014720196593667412,0.13777829494606442,10,volatility
xlstm_const,GF,44,pid_local_cqr,stressed,0.8605263157894737,0.5461903134207778,0.029979227250048923,0.0945607090984378,10,volatility
xlstm_const,GF,44,pid_tan_cqr,calm,0.8136482939632546,0.2973806122522762,0.07141359854468138,0.40149516146289943,10,volatility
xlstm_const,GF,44,pid_tan_cqr,mid,0.8271119842829077,0.533867331770848,-0.0829226253977624,0.1689786108925432,10,volatility
xlstm_const,GF,44,pid_tan_cqr,stressed,0.8315789473684211,0.6243994674325827,-0.13865832088122954,0.20692321074072184,10,volatility
xlstm_const,GF,44,saocp_cqr,calm,0.9422572178477691,0.4141138541989859,-0.013567729893393499,0.10212882568910056,10,volatility
xlstm_const,GF,44,saocp_cqr,mid,0.9233791748526523,0.5735289293468974,-0.13708995943762714,0.09761137214689614,10,volatility
xlstm_const,GF,44,saocp_cqr,stressed,0.9368421052631579,0.6426421278592788,-0.17146624451844195,0.1456050781648509,10,volatility
xlstm_const,GF,44,sfogd_cqr,calm,0.7637795275590551,0.30774436573065156,0.14248573461999886,0.2731994227431539,10,volatility
xlstm_const,GF,44,sfogd_cqr,mid,0.8015717092337917,0.4977032825482291,0.015539161572876381,0.12162475945261197,10,volatility
xlstm_const,GF,44,sfogd_cqr,stressed,0.8473684210526315,0.5912098313876984,-0.04629689664754977,0.0901029665476974,10,volatility
xlstm_const,GF,44,spci_cqr,calm,0.7532808398950132,0.2759106828517958,0.1837624766413592,0.35870243607205365,10,volatility
xlstm_const,GF,44,spci_cqr,mid,0.7406679764243614,0.49178445454214365,0.010283019007569394,0.21658415459909677,10,volatility
xlstm_const,GF,44,spci_cqr,stressed,0.7973684210526316,0.540648217783692,0.008577881753707883,0.06124238480772956,10,volatility
xlstm_const,L,42,aci_cqr,calm,0.7979002624671916,0.26075688715177814,0.14078876987687544,0.3812208084670109,10,volatility
xlstm_const,L,42,aci_cqr,mid,0.8192534381139489,0.4454586316043584,0.05198739524440121,0.15676813952289936,10,volatility
xlstm_const,L,42,aci_cqr,stressed,0.8315789473684211,0.549840996054853,0.0169001498758663,0.08107610820154088,10,volatility
xlstm_const,L,42,agaci_cqr,calm,0.7979002624671916,0.2604902845047609,0.14210312855843227,0.38861056211831724,10,volatility
xlstm_const,L,42,agaci_cqr,mid,0.8035363457760314,0.4467215051016715,0.018712291753215093,0.16462526190224705,10,volatility
xlstm_const,L,42,agaci_cqr,stressed,0.8421052631578947,0.5151711037195393,0.02988480286883355,0.12223536595535717,10,volatility
xlstm_const,L,42,cqr_rolling,calm,0.8188976377952756,0.26173090550368094,0.1365628679254549,0.37903371577272693,10,volatility
xlstm_const,L,42,cqr_rolling,mid,0.8447937131630648,0.4470811960015093,0.051839534343631255,0.16437807954807507,10,volatility
xlstm_const,L,42,cqr_rolling,stressed,0.8447368421052631,0.5665176419592383,-0.0024552168784179873,0.10256013637276079,10,volatility
xlstm_const,L,42,cqr_static,calm,0.9212598425196851,0.6575402809706559,-0.1085609853247258,0.5144381127097363,10,volatility
xlstm_const,L,42,cqr_static,mid,0.9233791748526523,0.7204260599948784,-0.10732328001466362,0.28931806581950653,10,volatility
xlstm_const,L,42,cqr_static,stressed,0.9,0.8045775486026269,-0.07420194072142927,0.3639254736302548,10,volatility
xlstm_const,L,42,decay_ocp_cqr,calm,0.905511811023622,0.36113762549011935,0.031489255438231833,0.06412509495820964,10,volatility
xlstm_const,L,42,decay_ocp_cqr,mid,0.9135559921414538,0.5212680249488137,-0.035797750774719805,0.09808722283766247,10,volatility
xlstm_const,L,42,decay_ocp_cqr,stressed,0.881578947368421,0.6225400449968209,-0.0201901155174119,0.15750611684925603,10,volatility
xlstm_const,L,42,dtaci_cqr,calm,0.7979002624671916,0.26049874034875165,0.14843614739124472,0.38211670463748504,10,volatility
xlstm_const,L,42,dtaci_cqr,mid,0.825147347740668,0.44047737496003025,0.049864000964774,0.17989472121306568,10,volatility
xlstm_const,L,42,dtaci_cqr,stressed,0.8473684210526315,0.52763629043489,0.021796669326329787,0.1210181545539755,10,volatility
xlstm_const,L,42,mondrian_cqr,calm,0.8267716535433071,0.2688829794112495,0.11501616654066127,0.3641809917383325,10,volatility
xlstm_const,L,42,mondrian_cqr,mid,0.8683693516699411,0.492443393790465,-0.07779136338459458,0.164267205522111,10,volatility
xlstm_const,L,42,mondrian_cqr,stressed,0.8973684210526316,0.6081334454296952,-0.02213316947829247,0.09304689941229352,10,volatility
xlstm_const,L,42,native,calm,0.9081364829396326,0.3612426893091626,0.05516847280348963,0.10463286972590585,10,volatility
xlstm_const,L,42,native,mid,0.8683693516699411,0.49498060028168434,0.008812452604305854,0.07863250630079346,10,volatility
xlstm_const,L,42,native,stressed,0.8605263157894737,0.5414873396271938,0.008766919144644947,0.061540985490025624,10,volatility
xlstm_const,L,42,pid_cqr,calm,0.8057742782152231,0.27797391857922454,0.1475780117727476,0.3579971864145456,10,volatility
xlstm_const,L,42,pid_cqr,mid,0.8231827111984283,0.45714504696021,0.05480437510357744,0.13497622525271202,10,volatility
xlstm_const,L,42,pid_cqr,stressed,0.8210526315789474,0.4920078895140325,0.07028517907179804,0.11834544531585087,10,volatility
xlstm_const,L,42,pid_local_cqr,calm,0.7795275590551181,0.3122751686183146,0.10387558233032523,0.3270109585424748,10,volatility
xlstm_const,L,42,pid_local_cqr,mid,0.8192534381139489,0.48680230700987587,-0.005299759641907986,0.07625794527623142,10,volatility
xlstm_const,L,42,pid_local_cqr,stressed,0.8526315789473684,0.5277941726780212,0.06915104266378214,0.1192955047020065,10,volatility
xlstm_const,L,42,pid_tan_cqr,calm,0.8110236220472441,0.2986525198930638,0.013508540346921727,0.349251123275447,10,volatility
xlstm_const,L,42,pid_tan_cqr,mid,0.8330058939096268,0.5085213599288526,-0.0782640942152536,0.1872950909633296,10,volatility
xlstm_const,L,42,pid_tan_cqr,stressed,0.8236842105263158,0.6064625338845858,-0.10606214486618737,0.2719642103526425,10,volatility
xlstm_const,L,42,saocp_cqr,calm,0.9238845144356955,0.3631061532319592,0.027653128190474885,0.1093933494679721,10,volatility
xlstm_const,L,42,saocp_cqr,mid,0.9115913555992141,0.5192013144723652,-0.02969077902307171,0.09406163592604522,10,volatility
xlstm_const,L,42,saocp_cqr,stressed,0.9157894736842105,0.5820509012927161,-0.0673659530964904,0.08752328609538079,10,volatility
xlstm_const,L,42,sfogd_cqr,calm,0.7795275590551181,0.31432430705018927,0.09652559184240439,0.3177095072951821,10,volatility
xlstm_const,L,42,sfogd_cqr,mid,0.8094302554027505,0.5016859635888857,-0.029237220130660768,0.08931168719583463,10,volatility
xlstm_const,L,42,sfogd_cqr,stressed,0.8473684210526315,0.5388621808437136,-0.004910224501569249,0.12121066606465139,10,volatility
xlstm_const,L,42,spci_cqr,calm,0.7532808398950132,0.2819569858169247,0.17505611241961683,0.3369706996939184,10,volatility
xlstm_const,L,42,spci_cqr,mid,0.7288801571709234,0.45789996480512224,0.025055673571952375,0.12035072024488952,10,volatility
xlstm_const,L,42,spci_cqr,stressed,0.7947368421052632,0.5103130093563363,0.020321162624704292,0.1671193440692345,10,volatility
xlstm_const,L,43,aci_cqr,calm,0.7480314960629921,0.31965618858078304,0.05139791162809887,0.38820650141902135,10,volatility
xlstm_const,L,43,aci_cqr,mid,0.8330058939096268,0.4868912998026884,0.04266307403850439,0.07783864492395945,10,volatility
xlstm_const,L,43,aci_cqr,stressed,0.8315789473684211,0.586220001197945,-0.008723127032382427,0.06701559942868177,10,volatility
xlstm_const,L,43,agaci_cqr,calm,0.7716535433070866,0.3190011206119536,0.06408996579556514,0.3842777539755896,10,volatility
xlstm_const,L,43,agaci_cqr,mid,0.8192534381139489,0.48852714073590875,0.03577891143965056,0.09446166713458046,10,volatility
xlstm_const,L,43,agaci_cqr,stressed,0.8315789473684211,0.563900603892702,-0.019418752609975387,0.02506108160593301,10,volatility
xlstm_const,L,43,cqr_rolling,calm,0.7874015748031497,0.31515997194612105,0.06769138339790343,0.39033824649986903,10,volatility
xlstm_const,L,43,cqr_rolling,mid,0.8565815324165029,0.4889839163643613,0.03353444168501041,0.08682772268644065,10,volatility
xlstm_const,L,43,cqr_rolling,stressed,0.8421052631578947,0.6006476174523034,-0.00806723618319749,0.1149715413805705,10,volatility
xlstm_const,L,43,cqr_static,calm,0.9501312335958005,0.644510869744563,-0.2102240334248049,0.3679861302308879,10,volatility
xlstm_const,L,43,cqr_static,mid,0.9351669941060904,0.737403624100013,-0.1900485394073408,0.2876968323537742,10,volatility
xlstm_const,L,43,cqr_static,stressed,0.9184210526315789,0.7865221467925841,-0.1592714877066327,0.26534996712362935,10,volatility
xlstm_const,L,43,decay_ocp_cqr,calm,0.9186351706036745,0.4075880700193844,-0.01737422721985904,0.20048450825300293,10,volatility
xlstm_const,L,43,decay_ocp_cqr,mid,0.9115913555992141,0.5793126924125426,-0.0452764419855608,0.15748210390656248,10,volatility
xlstm_const,L,43,decay_ocp_cqr,stressed,0.8947368421052632,0.6362090957861879,-0.03220762246571651,0.032922530694924124,10,volatility
xlstm_const,L,43,dtaci_cqr,calm,0.7769028871391076,0.31694516050854143,0.057856184800705646,0.37432945420189767,10,volatility
xlstm_const,L,43,dtaci_cqr,mid,0.831041257367387,0.4849558889597333,0.0293069706771808,0.07745959850449041,10,volatility
xlstm_const,L,43,dtaci_cqr,stressed,0.8473684210526315,0.5638331400611695,-0.013677417166618633,0.07387225991350749,10,volatility
xlstm_const,L,43,mondrian_cqr,calm,0.800524934383202,0.33482599564785,0.029430993278891926,0.3881791275593741,10,volatility
xlstm_const,L,43,mondrian_cqr,mid,0.8978388998035364,0.5469463830547199,-0.12557075160395903,0.1269210242750929,10,volatility
xlstm_const,L,43,mondrian_cqr,stressed,0.9052631578947369,0.671032317025537,-0.08635426225940801,0.061289517628940915,10,volatility
xlstm_const,L,43,native,calm,0.8976377952755905,0.37089187396998496,0.027326944675254095,0.14564085202118804,10,volatility
xlstm_const,L,43,native,mid,0.8644400785854617,0.5215259114946541,0.009250765412270656,0.09210562839887748,10,volatility
xlstm_const,L,43,native,stressed,0.8526315789473684,0.5429905709347639,0.003138386731197429,0.07636636123174406,10,volatility
xlstm_const,L,43,pid_cqr,calm,0.7716535433070866,0.32390076431795667,0.052106432692722804,0.3158450049751426,10,volatility
xlstm_const,L,43,pid_cqr,mid,0.8231827111984283,0.4887533146454758,0.03435500255667501,0.04625785339292762,10,volatility
xlstm_const,L,43,pid_cqr,stressed,0.8447368421052631,0.5375579420787698,0.014516373349251821,0.11287473144253066,10,volatility
xlstm_const,L,43,pid_local_cqr,calm,0.7637795275590551,0.36255618367886716,-0.03780749892510482,0.32057660303399627,10,volatility
xlstm_const,L,43,pid_local_cqr,mid,0.831041257367387,0.5164770228651547,0.0038870640330474493,0.08281473749592486,10,volatility
xlstm_const,L,43,pid_local_cqr,stressed,0.8526315789473684,0.5684498535983122,-0.020088715457198036,0.14442087405419027,10,volatility
xlstm_const,L,43,pid_tan_cqr,calm,0.7952755905511811,0.36333234686295024,-0.08099065914944709,0.4526427447260656,10,volatility
xlstm_const,L,43,pid_tan_cqr,mid,0.8231827111984283,0.552041176907105,-0.0639536220351089,0.1537234131610951,10,volatility
xlstm_const,L,43,pid_tan_cqr,stressed,0.8342105263157895,0.67259123601807,-0.2036436632290718,0.33160063431720876,10,volatility
xlstm_const,L,43,saocp_cqr,calm,0.9133858267716536,0.37200483999787726,0.011503191599864793,0.15355310175501782,10,volatility
xlstm_const,L,43,saocp_cqr,mid,0.899803536345776,0.554477447436428,-0.09940289065823149,0.09654290780647456,10,volatility
xlstm_const,L,43,saocp_cqr,stressed,0.9184210526315789,0.600292457359682,-0.07700201599738565,0.14528620366526915,10,volatility
xlstm_const,L,43,sfogd_cqr,calm,0.7506561679790026,0.3475419971252306,-0.007109516709291996,0.28581767274282666,10,volatility
xlstm_const,L,43,sfogd_cqr,mid,0.8113948919449901,0.5290628084297393,-0.043138995717618034,0.13704333306739155,10,volatility
xlstm_const,L,43,sfogd_cqr,stressed,0.85,0.5834206318190495,-0.05191304499836824,0.13529403959465341,10,volatility
xlstm_const,L,43,spci_cqr,calm,0.7375328083989501,0.3226077589233995,0.0640756750532509,0.3541363964486512,10,volatility
xlstm_const,L,43,spci_cqr,mid,0.7740667976424361,0.4994084407400857,0.014691474195632104,0.15079419130004812,10,volatility
xlstm_const,L,43,spci_cqr,stressed,0.7842105263157895,0.5736690514112812,-0.04119594468532928,0.13301070618165076,10,volatility
xlstm_const,L,44,aci_cqr,calm,0.7742782152230971,0.27072864709286554,0.13331632605308702,0.3670026049661629,10,volatility
xlstm_const,L,44,aci_cqr,mid,0.8330058939096268,0.459390209677322,0.09421615271021416,0.15560517222967205,10,volatility
xlstm_const,L,44,aci_cqr,stressed,0.8184210526315789,0.6285847213196323,-0.047455990628290645,0.08539031879492609,10,volatility
xlstm_const,L,44,agaci_cqr,calm,0.7742782152230971,0.26553115900325325,0.1291563443065062,0.40722582357244796,10,volatility
xlstm_const,L,44,agaci_cqr,mid,0.8212180746561886,0.45272032544286567,0.0791761675662957,0.16879493957651923,10,volatility
xlstm_const,L,44,agaci_cqr,stressed,0.8131578947368421,0.6239038678948522,-0.06544347494991176,0.10052164018699294,10,volatility
xlstm_const,L,44,cqr_rolling,calm,0.7979002624671916,0.27033981846476013,0.13155379875267714,0.36149794725766576,10,volatility
xlstm_const,L,44,cqr_rolling,mid,0.8546168958742633,0.47064501626821403,0.07411376592083635,0.1447881475544955,10,volatility
xlstm_const,L,44,cqr_rolling,stressed,0.8263157894736842,0.6451570719386694,-0.07214578409948769,0.08402950696736522,10,volatility
xlstm_const,L,44,cqr_static,calm,0.9396325459317585,0.6315409650691507,-0.10866877192871793,0.3189783235458194,10,volatility
xlstm_const,L,44,cqr_static,mid,0.931237721021611,0.6966941209856616,-0.14453213106031793,0.09619275255284865,10,volatility
xlstm_const,L,44,cqr_static,stressed,0.8868421052631579,0.7773172035201129,-0.07879566306226704,0.22391577635497384,10,volatility
xlstm_const,L,44,decay_ocp_cqr,calm,0.9186351706036745,0.44420247476494096,-0.005879739949153584,0.14164484816278058,10,volatility
xlstm_const,L,44,decay_ocp_cqr,mid,0.8939096267190569,0.5893046003594355,-0.02953340796813031,0.10293876519315592,10,volatility
xlstm_const,L,44,decay_ocp_cqr,stressed,0.868421052631579,0.6803041612504359,-0.05151962045266545,0.072723251708734,10,volatility
xlstm_const,L,44,dtaci_cqr,calm,0.7769028871391076,0.26776684891272584,0.13184291775216317,0.3821025869507439,10,volatility
xlstm_const,L,44,dtaci_cqr,mid,0.8369351669941061,0.4528218703843731,0.08162693839368196,0.16863739560445595,10,volatility
xlstm_const,L,44,dtaci_cqr,stressed,0.8263157894736842,0.6164459013047155,-0.07880230776611352,0.08779437999152928,10,volatility
xlstm_const,L,44,mondrian_cqr,calm,0.7874015748031497,0.2875392483787818,0.08132702960877802,0.40997066370154034,10,volatility
xlstm_const,L,44,mondrian_cqr,mid,0.8781925343811395,0.5143607046248787,-0.05279039142196562,0.14743882661822158,10,volatility
xlstm_const,L,44,mondrian_cqr,stressed,0.8763157894736842,0.6452995693603462,-0.10471450169096275,0.06811405720392871,10,volatility
xlstm_const,L,44,native,calm,0.9028871391076115,0.3763691055850698,0.00807491317304182,0.06554196939265164,10,volatility
xlstm_const,L,44,native,mid,0.8664047151277013,0.5163059617748413,-0.003278717592781366,0.056982281852190175,10,volatility
xlstm_const,L,44,native,stressed,0.8368421052631579,0.6026537684159894,-0.03666565727279192,0.03539217480073692,10,volatility
xlstm_const,L,44,pid_cqr,calm,0.7716535433070866,0.27853316236718273,0.11087035970654352,0.433640561646067,10,volatility
xlstm_const,L,44,pid_cqr,mid,0.8330058939096268,0.4621232970952364,0.06243882599648798,0.14257134730612867,10,volatility
xlstm_const,L,44,pid_cqr,stressed,0.8289473684210527,0.602888954155319,-0.0442857193579097,0.07751962876150661,10,volatility
xlstm_const,L,44,pid_local_cqr,calm,0.7664041994750657,0.29468597408036107,0.13258289712253624,0.3635266487937131,10,volatility
xlstm_const,L,44,pid_local_cqr,mid,0.8271119842829077,0.48473528592970105,0.008753084111240816,0.13539351790489537,10,volatility
xlstm_const,L,44,pid_local_cqr,stressed,0.85,0.6105160541046317,-0.046066682110619595,0.10342919594403285,10,volatility
xlstm_const,L,44,pid_tan_cqr,calm,0.8136482939632546,0.2950068223655943,-0.03471489737782546,0.46623241161793283,10,volatility
xlstm_const,L,44,pid_tan_cqr,mid,0.8330058939096268,0.515530626464906,-0.08725951722298442,0.19315790606417962,10,volatility
xlstm_const,L,44,pid_tan_cqr,stressed,0.8105263157894737,0.689057679605095,-0.262084013938655,0.1142550434371053,10,volatility
xlstm_const,L,44,saocp_cqr,calm,0.9186351706036745,0.3820503373875126,-0.00039897829621698966,0.12250682095361673,10,volatility
xlstm_const,L,44,saocp_cqr,mid,0.9017681728880157,0.537694537619633,-0.040372947887554744,0.10108479330271303,10,volatility
xlstm_const,L,44,saocp_cqr,stressed,0.9078947368421053,0.6549779323260754,-0.12028887599909299,0.06014432671654735,10,volatility
xlstm_const,L,44,sfogd_cqr,calm,0.7637795275590551,0.30445096228870244,0.09007571970799755,0.3912873142516767,10,volatility
xlstm_const,L,44,sfogd_cqr,mid,0.8192534381139489,0.5073699164266438,-0.01142705912245029,0.1412303611677482,10,volatility
xlstm_const,L,44,sfogd_cqr,stressed,0.8394736842105263,0.6092380049791463,-0.06667227725751024,0.08875740680273836,10,volatility
xlstm_const,L,44,spci_cqr,calm,0.7375328083989501,0.2834672538092372,0.1309594398348224,0.34998676526765965,10,volatility
xlstm_const,L,44,spci_cqr,mid,0.7819253438113949,0.4906603655610372,0.0160429415191502,0.17196354551628792,10,volatility
xlstm_const,L,44,spci_cqr,stressed,0.8,0.6444150013600799,-0.1051699584102529,0.2127056329309943,10,volatility
arma,L,42,aci_cqr,high_vix,0.7472222222222222,0.4620311447809453,0.048638451471171296,0.2424837400925742,10,vix
arma,L,42,aci_cqr,low_vix,0.8296703296703297,0.4105521751729365,0.05616399741485034,0.1973544918653997,10,vix
arma,L,42,agaci_cqr,high_vix,0.7305555555555555,0.47756269183369754,0.022982611674894127,0.19292886173080764,10,vix
arma,L,42,agaci_cqr,low_vix,0.8186813186813187,0.40005293705728223,0.05087826870739154,0.21233413258591252,10,vix
arma,L,42,cqr_rolling,high_vix,0.7638888888888888,0.46029133188736876,0.04853006714244312,0.2383361664997237,10,vix
arma,L,42,cqr_rolling,low_vix,0.8516483516483516,0.4230673948237564,0.04084885008597666,0.1705266307685043,10,vix
arma,L,42,cqr_static,high_vix,0.9138888888888889,0.9565196095289524,-0.18029584764930584,0.5333225508423942,10,vix
arma,L,42,cqr_static,low_vix,0.9384615384615385,0.9340167557895777,-0.21852729090388934,0.8389614041837714,10,vix
arma,L,42,decay_ocp_cqr,high_vix,0.8972222222222223,0.6307043223680279,-0.07159210743559474,0.11536190394205831,10,vix
arma,L,42,decay_ocp_cqr,low_vix,0.9318681318681319,0.6245961879127786,-0.087803128222113,0.2543867431213978,10,vix
arma,L,42,dtaci_cqr,high_vix,0.7472222222222222,0.46245119229899134,0.054026470338008836,0.21758010797219213,10,vix
arma,L,42,dtaci_cqr,low_vix,0.8384615384615385,0.4014303420184874,0.04852049271333242,0.21142200139873457,10,vix
arma,L,42,mondrian_cqr,high_vix,0.8027777777777778,0.5376893841832899,-0.0731926055427139,0.09357974642302408,10,vix
arma,L,42,mondrian_cqr,low_vix,0.8758241758241758,0.44656341008533895,-0.026940220109254343,0.13813673274198635,10,vix
arma,L,42,native,high_vix,0.875,0.5537446238657081,-0.041943507405943325,0.10745876714121616,10,vix
arma,L,42,native,low_vix,0.9153846153846154,0.5073613496514191,-0.046502175873955,0.040148058825195065,10,vix
arma,L,42,pid_cqr,high_vix,0.775,0.4649011486487755,0.03607985000558622,0.15397565242854397,10,vix
arma,L,42,pid_cqr,low_vix,0.8307692307692308,0.42745833486762475,0.03876903253334968,0.12683853617063642,10,vix
arma,L,42,pid_local_cqr,high_vix,0.7833333333333333,0.5042418445510382,0.004553027600837922,0.1024354896202595,10,vix
arma,L,42,pid_local_cqr,low_vix,0.8318681318681319,0.4747458975795769,-0.00401523068656684,0.13772273888367775,10,vix
arma,L,42,pid_tan_cqr,high_vix,0.75,0.514025860376554,-0.06561819019239012,0.23054424932453843,10,vix
arma,L,42,pid_tan_cqr,low_vix,0.843956043956044,0.44362709498574604,-0.0496465232139065,0.2617885226277923,10,vix
arma,L,42,saocp_cqr,high_vix,0.9111111111111111,0.5707310269505796,-0.06779274653791523,0.08897226669121999,10,vix
arma,L,42,saocp_cqr,low_vix,0.9362637362637363,0.5607980542134906,-0.10024164781338529,0.0878012017430212,10,vix
arma,L,42,sfogd_cqr,high_vix,0.7555555555555555,0.5292649460920718,-0.04477117850375745,0.08132072853237488,10,vix
arma,L,42,sfogd_cqr,low_vix,0.8208791208791208,0.4824271624324666,-0.02065024594757192,0.15692563244952557,10,vix
arma,L,42,spci_cqr,high_vix,0.675,0.4971979858486473,0.016536748645636368,0.207017255285471,10,vix
arma,L,42,spci_cqr,low_vix,0.7879120879120879,0.4280178560068329,0.049585687668268486,0.11344987207005311,10,vix
arma_monthly,L,42,aci_cqr,high_vix,0.7305555555555555,0.46500145061806814,0.047497470631600425,0.20404793380441189,10,vix
arma_monthly,L,42,aci_cqr,low_vix,0.8307692307692308,0.40383946988613645,0.05960953455475482,0.22107527155327283,10,vix
arma_monthly,L,42,agaci_cqr,high_vix,0.7361111111111112,0.4831306850910145,0.008017639067568416,0.15570683045678665,10,vix
arma_monthly,L,42,agaci_cqr,low_vix,0.8252747252747252,0.3974009585435843,0.07255229618098974,0.24145654338361267,10,vix
arma_monthly,L,42,cqr_rolling,high_vix,0.7583333333333333,0.46238529061957695,0.041938353237572334,0.21329206456271863,10,vix
arma_monthly,L,42,cqr_rolling,low_vix,0.8483516483516483,0.41478217047737,0.07291101543854267,0.2002853481162247,10,vix
arma_monthly,L,42,cqr_static,high_vix,0.8861111111111111,0.8106813212768746,-0.12376192776244754,0.10445390211237748,10,vix
arma_monthly,L,42,cqr_static,low_vix,0.9406593406593406,0.783810797838617,-0.1012306790361287,0.2618240772036503,10,vix
arma_monthly,L,42,decay_ocp_cqr,high_vix,0.8694444444444445,0.5885754278528589,-0.04064340105456321,0.10935154803634994,10,vix
arma_monthly,L,42,decay_ocp_cqr,low_vix,0.9263736263736264,0.5654118083698163,-0.03450543846528209,0.0988858297666037,10,vix
arma_monthly,L,42,dtaci_cqr,high_vix,0.75,0.46353561868721843,0.04844815956223958,0.1698685142523604,10,vix
arma_monthly,L,42,dtaci_cqr,low_vix,0.832967032967033,0.3985668440693491,0.06206743040758589,0.22471965441629901,10,vix
arma_monthly,L,42,mondrian_cqr,high_vix,0.7972222222222223,0.502629095480185,-0.03701995130398761,0.1530758854620435,10,vix
arma_monthly,L,42,mondrian_cqr,low_vix,0.8857142857142857,0.46207457952088615,-0.041161878118779416,0.23759834653522124,10,vix
arma_monthly,L,42,native,high_vix,0.8666666666666667,0.5494441509310637,-0.04445490844010558,0.06872265405762551,10,vix
arma_monthly,L,42,native,low_vix,0.9142857142857143,0.4996391724158859,-0.03555921023053754,0.03762423586194319,10,vix
arma_monthly,L,42,pid_cqr,high_vix,0.7666666666666667,0.4853309797847545,0.037479975603903815,0.1184799367497616,10,vix
arma_monthly,L,42,pid_cqr,low_vix,0.8318681318681319,0.4148264875840778,0.06275622605988262,0.16982202661809595,10,vix
arma_monthly,L,42,pid_local_cqr,high_vix,0.7722222222222223,0.5082437915114607,-0.005389914746594171,0.11024552636048146,10,vix
arma_monthly,L,42,pid_local_cqr,low_vix,0.8318681318681319,0.447859263559329,-0.004425153694861628,0.16505255246139697,10,vix
arma_monthly,L,42,pid_tan_cqr,high_vix,0.7527777777777778,0.52712518026625,-0.09924539595500026,0.1930702909416356,10,vix
arma_monthly,L,42,pid_tan_cqr,low_vix,0.8461538461538461,0.44582798924366696,-0.08061839518839398,0.2603192095372314,10,vix
arma_monthly,L,42,saocp_cqr,high_vix,0.9027777777777778,0.5773591608152173,-0.06182486358682726,0.08184843999359487,10,vix
arma_monthly,L,42,saocp_cqr,low_vix,0.9351648351648352,0.5448385195318155,-0.09047928229687852,0.08504311708583068,10,vix
arma_monthly,L,42,sfogd_cqr,high_vix,0.75,0.49421901241379224,-0.031164434679595843,0.1279981724523713,10,vix
arma_monthly,L,42,sfogd_cqr,low_vix,0.8241758241758241,0.46464816293790095,-0.023786352819281986,0.1285023053954348,10,vix
arma_monthly,L,42,spci_cqr,high_vix,0.6944444444444444,0.4943419375112243,0.026586352000271596,0.21146533848977786,10,vix
arma_monthly,L,42,spci_cqr,low_vix,0.7967032967032966,0.42640963523098624,0.05067815103586959,0.10732147343376039,10,vix
lgbm,G,42,aci_cqr,high_vix,0.7861111111111111,0.4679017072322397,0.044766318717643305,0.20167347050868303,10,vix
lgbm,G,42,aci_cqr,low_vix,0.8472527472527472,0.40889479178049,0.14658005751263037,0.20859234992888426,10,vix
lgbm,G,42,agaci_cqr,high_vix,0.7888888888888889,0.46646339159785855,0.03563124146276103,0.1998007742665239,10,vix
lgbm,G,42,agaci_cqr,low_vix,0.8395604395604396,0.40731974782998515,0.15593343198116427,0.20960685201038776,10,vix
lgbm,G,42,cqr_rolling,high_vix,0.7888888888888889,0.46704215361395457,0.03801247300355137,0.20016585166941406,10,vix
lgbm,G,42,cqr_rolling,low_vix,0.8395604395604396,0.4077053675705163,0.15660912976995872,0.20331936146338062,10,vix
lgbm,G,42,cqr_static,high_vix,0.8194444444444444,0.5069909161843633,0.02621888051550375,0.050937781835080465,10,vix
lgbm,G,42,cqr_static,low_vix,0.8791208791208791,0.4743034079050674,0.01845865352506365,0.16510208322777556,10,vix
lgbm,G,42,decay_ocp_cqr,high_vix,0.7888888888888889,0.453731589574738,0.07972229059317104,0.12690648023613393,10,vix
lgbm,G,42,decay_ocp_cqr,low_vix,0.8373626373626374,0.3972934420991397,0.16092714961807314,0.18306358624444324,10,vix
lgbm,G,42,dtaci_cqr,high_vix,0.7861111111111111,0.4684026519481386,0.022101974148306724,0.20009660901301246,10,vix
lgbm,G,42,dtaci_cqr,low_vix,0.8406593406593407,0.40484664630090267,0.1637324305472126,0.19420940880997933,10,vix
lgbm,G,42,mondrian_cqr,high_vix,0.8055555555555556,0.5150638674829008,-0.04048489839248204,0.1639952746044066,10,vix
lgbm,G,42,mondrian_cqr,low_vix,0.889010989010989,0.432304277481534,0.08307511453204619,0.23972000421165807,10,vix
lgbm,G,42,native,high_vix,0.8361111111111111,0.47237316612882235,0.07145924693780992,0.08752496523498185,10,vix
lgbm,G,42,native,low_vix,0.8813186813186813,0.4201610939305396,0.11622568752610096,0.12988848846680554,10,vix
lgbm,G,42,pid_cqr,high_vix,0.7722222222222223,0.4689120207032052,0.04224444936853805,0.1512805651381297,10,vix
lgbm,G,42,pid_cqr,low_vix,0.8175824175824176,0.40327605110855835,0.14599296444509663,0.18936791638838604,10,vix
lgbm,G,42,pid_local_cqr,high_vix,0.7944444444444444,0.46658709454811953,0.05396180633743963,0.08935908288734018,10,vix
lgbm,G,42,pid_local_cqr,low_vix,0.8153846153846154,0.4334109424766559,0.09448490290181799,0.1450108744696454,10,vix
lgbm,G,42,pid_tan_cqr,high_vix,0.7638888888888888,0.5198789945914697,-0.07603947205809825,0.18450144669130958,10,vix
lgbm,G,42,pid_tan_cqr,low_vix,0.8362637362637363,0.4904463878170796,-0.010383356185958814,0.19989612862305192,10,vix
lgbm,G,42,saocp_cqr,high_vix,0.8833333333333333,0.5092223899923384,-0.003508263390789579,0.08059778115414701,10,vix
lgbm,G,42,saocp_cqr,low_vix,0.9153846153846154,0.45146842667226117,0.04146309823176636,0.10829931848508717,10,vix
lgbm,G,42,sfogd_cqr,high_vix,0.7888888888888889,0.49590768079030056,0.02265692803871938,0.07611076722863724,10,vix
lgbm,G,42,sfogd_cqr,low_vix,0.8054945054945055,0.4309081903796383,0.09361924938111371,0.1279938810439002,10,vix
lgbm,G,42,spci_cqr,high_vix,0.7138888888888889,0.476846118164788,0.030344259762970838,0.1803120667051209,10,vix
lgbm,G,42,spci_cqr,low_vix,0.789010989010989,0.4175129032880975,0.10167344344879503,0.14497971129346401,10,vix
lgbm,GI,42,aci_cqr,high_vix,0.7916666666666666,0.4737938553075,0.0119345127791885,0.17436065612042567,10,vix
lgbm,GI,42,aci_cqr,low_vix,0.8274725274725274,0.4128739419145887,0.09419938297854241,0.1939027083744285,10,vix
lgbm,GI,42,agaci_cqr,high_vix,0.7777777777777778,0.48344236856963196,0.00844966121336932,0.13510854910350212,10,vix
lgbm,GI,42,agaci_cqr,low_vix,0.823076923076923,0.4100285897289113,0.09199277186508187,0.17476837573318188,10,vix
lgbm,GI,42,cqr_rolling,high_vix,0.7833333333333333,0.47582458094285096,0.012146548144729152,0.17850150189345343,10,vix
lgbm,GI,42,cqr_rolling,low_vix,0.823076923076923,0.4110900431281603,0.09440325553592094,0.17839118740319035,10,vix
lgbm,GI,42,cqr_static,high_vix,0.8222222222222222,0.5205383441877779,0.02388372420264534,0.08705354383051653,10,vix
lgbm,GI,42,cqr_static,low_vix,0.8318681318681319,0.5015461902371153,0.018689017175697542,0.09751137531090692,10,vix
lgbm,GI,42,decay_ocp_cqr,high_vix,0.7805555555555556,0.4582808813529796,0.047851757980684695,0.12754387700905123,10,vix
lgbm,GI,42,decay_ocp_cqr,low_vix,0.8252747252747252,0.40315235230973034,0.08851632989748182,0.18329332374059154,10,vix
lgbm,GI,42,dtaci_cqr,high_vix,0.7861111111111111,0.4736374860301052,0.003973182777470274,0.17014233114153204,10,vix
lgbm,GI,42,dtaci_cqr,low_vix,0.8296703296703297,0.41350140134226043,0.09339544515708081,0.18973297045407747,10,vix
lgbm,GI,42,mondrian_cqr,high_vix,0.8027777777777778,0.5156943180372223,-0.049473661921020096,0.11286636375352171,10,vix
lgbm,GI,42,mondrian_cqr,low_vix,0.8813186813186813,0.43880994135272666,0.03144720173319565,0.20137914909604535,10,vix
lgbm,GI,42,native,high_vix,0.8166666666666667,0.47290385114675604,0.06451535594758229,0.09463387310027657,10,vix
lgbm,GI,42,native,low_vix,0.8670329670329671,0.4266069350067977,0.08192312536677898,0.10477472857091535,10,vix
lgbm,GI,42,pid_cqr,high_vix,0.775,0.4753517749471443,0.02217231678394388,0.14487035370379753,10,vix
lgbm,GI,42,pid_cqr,low_vix,0.8186813186813187,0.4169251827692679,0.06610065743815996,0.14937062171338775,10,vix
lgbm,GI,42,pid_local_cqr,high_vix,0.7861111111111111,0.4797967119202272,0.03379658527567636,0.106351389008532,10,vix
lgbm,GI,42,pid_local_cqr,low_vix,0.810989010989011,0.4225971871683304,0.054220534869176384,0.14667297628143816,10,vix
lgbm,GI,42,pid_tan_cqr,high_vix,0.7805555555555556,0.5263949820228392,-0.0759570208919026,0.19738386303442668,10,vix
lgbm,GI,42,pid_tan_cqr,low_vix,0.8263736263736263,0.49831934501542086,-0.050196866265778795,0.15444228329784743,10,vix
lgbm,GI,42,saocp_cqr,high_vix,0.8777777777777778,0.49796817898960444,0.0031775421331490805,0.08540232325252173,10,vix
lgbm,GI,42,saocp_cqr,low_vix,0.9065934065934066,0.46892474396733874,-0.01588966800453928,0.06532449104446839,10,vix
lgbm,GI,42,sfogd_cqr,high_vix,0.7694444444444445,0.49941524239473883,-0.010949818867534988,0.09258100825155133,10,vix
lgbm,GI,42,sfogd_cqr,low_vix,0.8142857142857143,0.439719747974542,0.01804953188321079,0.11014232005159996,10,vix
lgbm,GI,42,spci_cqr,high_vix,0.7027777777777777,0.5101663950563118,-0.020666590888516412,0.12662297778492074,10,vix
lgbm,GI,42,spci_cqr,low_vix,0.7835164835164835,0.425722233196836,0.0755559911986467,0.15297478004183476,10,vix
lgbm,L,42,aci_cqr,high_vix,0.7722222222222223,0.47017221795153646,0.06268954048159336,0.19573241113526554,10,vix
lgbm,L,42,aci_cqr,low_vix,0.8340659340659341,0.41053644997142635,0.08338762431413688,0.24348549992439983,10,vix
lgbm,L,42,agaci_cqr,high_vix,0.7638888888888888,0.4630726592564206,0.06766196902705984,0.17527939335415013,10,vix
lgbm,L,42,agaci_cqr,low_vix,0.8351648351648352,0.40600429619689915,0.0875739037448316,0.22685987041029473,10,vix
lgbm,L,42,cqr_rolling,high_vix,0.7805555555555556,0.463918376574724,0.07399503666012386,0.1784024921293803,10,vix
lgbm,L,42,cqr_rolling,low_vix,0.8417582417582418,0.41245406056717376,0.07941262731371357,0.2193470740182975,10,vix
lgbm,L,42,cqr_static,high_vix,0.8444444444444444,0.5835415928645253,0.022841686513989157,0.1492697972684761,10,vix
lgbm,L,42,cqr_static,low_vix,0.8758241758241758,0.5441022089182922,0.03108408685605696,0.2426104782325401,10,vix
lgbm,L,42,decay_ocp_cqr,high_vix,0.825,0.4744253078229794,0.03666267919381788,0.144933981734881,10,vix
lgbm,L,42,decay_ocp_cqr,low_vix,0.8538461538461538,0.4260090224175667,0.04627893009232065,0.19471549186761775,10,vix
lgbm,L,42,dtaci_cqr,high_vix,0.7722222222222223,0.4649710844184098,0.054672525156365115,0.20844393351920185,10,vix
lgbm,L,42,dtaci_cqr,low_vix,0.845054945054945,0.4082915679115715,0.08353936692981251,0.22097516070094284,10,vix
lgbm,L,42,mondrian_cqr,high_vix,0.825,0.5031357253127676,-0.03608898321583409,0.14585452614079794,10,vix
lgbm,L,42,mondrian_cqr,low_vix,0.8912087912087913,0.4485035836724983,-0.013893831197965945,0.23327637142486068,10,vix
lgbm,L,42,native,high_vix,0.8027777777777778,0.45201895919686563,0.09947346134943325,0.15278237284584253,10,vix
lgbm,L,42,native,low_vix,0.8351648351648352,0.40529007308018605,0.08895215259385486,0.20781972112223496,10,vix
lgbm,L,42,pid_cqr,high_vix,0.7722222222222223,0.46441010083159007,0.05133140757288024,0.16245314281967302,10,vix
lgbm,L,42,pid_cqr,low_vix,0.8274725274725274,0.41760874344610666,0.0712040599596453,0.21098705133418805,10,vix
lgbm,L,42,pid_local_cqr,high_vix,0.775,0.47799304376897467,0.05849983162635647,0.1485224950496955,10,vix
lgbm,L,42,pid_local_cqr,low_vix,0.8263736263736263,0.4336279468217609,0.04150181629871608,0.15688395257232676,10,vix
lgbm,L,42,pid_tan_cqr,high_vix,0.7833333333333333,0.5195129665139295,-0.06728930102446207,0.2271148465353212,10,vix
lgbm,L,42,pid_tan_cqr,low_vix,0.8362637362637363,0.4962817094485363,-0.09036751625644435,0.2169579963495688,10,vix
lgbm,L,42,saocp_cqr,high_vix,0.8694444444444445,0.4835861968088766,0.03686260871858804,0.14499191526304972,10,vix
lgbm,L,42,saocp_cqr,low_vix,0.8989010989010989,0.443061269004217,0.009418381072142157,0.11242750620300782,10,vix
lgbm,L,42,sfogd_cqr,high_vix,0.7638888888888888,0.48694505039326685,0.037074637152621825,0.14529423016397328,10,vix
lgbm,L,42,sfogd_cqr,low_vix,0.8186813186813187,0.43541315983765816,0.0408823428083846,0.15171458949315605,10,vix
lgbm,L,42,spci_cqr,high_vix,0.7166666666666667,0.48583265879565457,0.019456193697888702,0.20501011355917406,10,vix
lgbm,L,42,spci_cqr,low_vix,0.7846153846153846,0.4177546578029494,0.11489374012780734,0.25770987917217486,10,vix
lgbm_const,G,42,aci_cqr,high_vix,0.7694444444444445,0.4369541458623333,0.053908995725679476,0.20511398398002717,10,vix
lgbm_const,G,42,aci_cqr,low_vix,0.8362637362637363,0.4277883667882183,0.10365738323477541,0.16478610783950315,10,vix
lgbm_const,G,42,agaci_cqr,high_vix,0.75,0.44308061455250153,0.05233643448138403,0.1697695618962352,10,vix
lgbm_const,G,42,agaci_cqr,low_vix,0.832967032967033,0.4168492734900491,0.1083242736538057,0.17152945042340345,10,vix
lgbm_const,G,42,cqr_rolling,high_vix,0.7805555555555556,0.43996215351758955,0.06258933503709302,0.21334027970053746,10,vix
lgbm_const,G,42,cqr_rolling,low_vix,0.8483516483516483,0.43396869459118503,0.09428656216009179,0.1507791710938116,10,vix
lgbm_const,G,42,cqr_static,high_vix,0.8694444444444445,0.6709671425827852,-0.016744973351556225,0.0996660351201561,10,vix
lgbm_const,G,42,cqr_static,low_vix,0.9164835164835164,0.6440516181465654,-0.0065143179268609686,0.25877699620371825,10,vix
lgbm_const,G,42,decay_ocp_cqr,high_vix,0.8444444444444444,0.5029893458175204,0.0011316140964032217,0.06048296770917877,10,vix
lgbm_const,G,42,decay_ocp_cqr,low_vix,0.889010989010989,0.48583890381822475,0.01352777200933486,0.09718052545801967,10,vix
lgbm_const,G,42,dtaci_cqr,high_vix,0.7805555555555556,0.4381667393373837,0.047923787088002656,0.2080172176416928,10,vix
lgbm_const,G,42,dtaci_cqr,low_vix,0.8472527472527472,0.4172949964043832,0.10920746301341777,0.179142477078257,10,vix
lgbm_const,G,42,mondrian_cqr,high_vix,0.8277777777777777,0.5035606543330612,-0.061539594372860495,0.2195626097678255,10,vix
lgbm_const,G,42,mondrian_cqr,low_vix,0.8615384615384616,0.4544668390826999,0.04732090444143616,0.1404686383312275,10,vix
lgbm_const,G,42,native,high_vix,0.8194444444444444,0.4997451240664821,0.028132543517703057,0.062229985442919106,10,vix
lgbm_const,G,42,native,low_vix,0.8747252747252747,0.4451393485395497,0.08945738805157327,0.07376213659157044,10,vix
lgbm_const,G,42,pid_cqr,high_vix,0.7611111111111111,0.4449097602412584,0.056318765532030246,0.18465746970140468,10,vix
lgbm_const,G,42,pid_cqr,low_vix,0.8351648351648352,0.4180412709102639,0.1051192773615775,0.14960146240887803,10,vix
lgbm_const,G,42,pid_local_cqr,high_vix,0.7583333333333333,0.4790488765678741,0.04008863349428132,0.12334702435933723,10,vix
lgbm_const,G,42,pid_local_cqr,low_vix,0.8351648351648352,0.4354388619386647,0.08207193107421745,0.14342106581612865,10,vix
lgbm_const,G,42,pid_tan_cqr,high_vix,0.7666666666666667,0.49461486973819024,-0.1199090144934567,0.20792299728596841,10,vix
lgbm_const,G,42,pid_tan_cqr,low_vix,0.8406593406593407,0.48444062476627947,-0.09642005281107757,0.19510423546207928,10,vix
lgbm_const,G,42,saocp_cqr,high_vix,0.8833333333333333,0.49716170911361585,0.018666071043946963,0.05951963791835496,10,vix
lgbm_const,G,42,saocp_cqr,low_vix,0.9142857142857143,0.4642671773090256,0.031985504335174275,0.07530164009843099,10,vix
lgbm_const,G,42,sfogd_cqr,high_vix,0.7527777777777778,0.47241121105092526,0.023863441852623513,0.12253460866791915,10,vix
lgbm_const,G,42,sfogd_cqr,low_vix,0.8241758241758241,0.44813027536866,0.0670453447458858,0.18217868267093063,10,vix
lgbm_const,G,42,spci_cqr,high_vix,0.7111111111111111,0.4561171869808089,0.0038221828187229856,0.18386548646775916,10,vix
lgbm_const,G,42,spci_cqr,low_vix,0.7857142857142857,0.4316590031981856,0.08332931663790233,0.13161830145994233,10,vix
lgbm_const,L,42,aci_cqr,high_vix,0.7361111111111112,0.49932764136683205,-0.007413931514573535,0.15409540929636562,10,vix
lgbm_const,L,42,aci_cqr,low_vix,0.8516483516483516,0.4201192503983267,0.057896856148195563,0.1216972845428799,10,vix
lgbm_const,L,42,agaci_cqr,high_vix,0.7305555555555555,0.4989455788687116,-0.0326252046649127,0.12233814028501236,10,vix
lgbm_const,L,42,agaci_cqr,low_vix,0.8395604395604396,0.40343060755672105,0.05822312806483526,0.173378911800763,10,vix
lgbm_const,L,42,cqr_rolling,high_vix,0.7555555555555555,0.4943946313770629,-0.005902078896784568,0.1791764138283666,10,vix
lgbm_const,L,42,cqr_rolling,low_vix,0.8670329670329671,0.43026795033292586,0.051337049306870386,0.11071183742760685,10,vix
lgbm_const,L,42,cqr_static,high_vix,0.8722222222222222,0.7200310290146231,-0.1508141723910842,0.10827020673186971,10,vix
lgbm_const,L,42,cqr_static,low_vix,0.9395604395604396,0.6603481842353379,-0.15062130441152488,0.30810206637868626,10,vix
lgbm_const,L,42,decay_ocp_cqr,high_vix,0.8388888888888889,0.5800756033733933,-0.0767468772339468,0.10884373275229298,10,vix
lgbm_const,L,42,decay_ocp_cqr,low_vix,0.9010989010989011,0.5059701842782067,-0.005975159671699537,0.09962122224462663,10,vix
lgbm_const,L,42,dtaci_cqr,high_vix,0.7555555555555555,0.4933504756808425,-0.02259735242203731,0.15046518763544992,10,vix
lgbm_const,L,42,dtaci_cqr,low_vix,0.8549450549450549,0.4057531896921341,0.06184349801995742,0.16956791384472053,10,vix
lgbm_const,L,42,mondrian_cqr,high_vix,0.8333333333333334,0.5229587011399892,-0.021634859473847134,0.17217029279028456,10,vix
lgbm_const,L,42,mondrian_cqr,low_vix,0.8758241758241758,0.45055347822375186,-0.01711991589208861,0.10499853722269914,10,vix
lgbm_const,L,42,native,high_vix,0.8,0.5607532938246208,-0.030001757021228648,0.11835971572241688,10,vix
lgbm_const,L,42,native,low_vix,0.8516483516483516,0.4490805279799545,0.05617525795214251,0.05380960907539259,10,vix
lgbm_const,L,42,pid_cqr,high_vix,0.7444444444444445,0.5061275735241209,-0.0380956781526135,0.10449276306195424,10,vix
lgbm_const,L,42,pid_cqr,low_vix,0.8483516483516483,0.39693977101606176,0.06703762835811428,0.1996398820734936,10,vix
lgbm_const,L,42,pid_local_cqr,high_vix,0.7638888888888888,0.5312202590191338,-0.05348173512994603,0.09035228453178284,10,vix
lgbm_const,L,42,pid_local_cqr,low_vix,0.843956043956044,0.43349295402991384,0.056088287958168004,0.13025067353438163,10,vix
lgbm_const,L,42,pid_tan_cqr,high_vix,0.7444444444444445,0.5641782816234187,-0.17272783476705267,0.19136860827694435,10,vix
lgbm_const,L,42,pid_tan_cqr,low_vix,0.8516483516483516,0.4646658463395642,-0.11495160742527455,0.2115454719175784,10,vix
lgbm_const,L,42,saocp_cqr,high_vix,0.875,0.5269511167786146,-0.03662246411237591,0.12574513534795126,10,vix
lgbm_const,L,42,saocp_cqr,low_vix,0.9043956043956044,0.48269359904416664,-0.0225577238093988,0.04371113385708064,10,vix
lgbm_const,L,42,sfogd_cqr,high_vix,0.7638888888888888,0.5116627182606941,-0.04619959006674523,0.11839155293456813,10,vix
lgbm_const,L,42,sfogd_cqr,low_vix,0.8274725274725274,0.4449323642892801,0.027360253228867648,0.09531596148702051,10,vix
lgbm_const,L,42,spci_cqr,high_vix,0.6833333333333333,0.5307369652030578,-0.11870451143596261,0.16918946475960878,10,vix
lgbm_const,L,42,spci_cqr,low_vix,0.8153846153846154,0.4155891727913953,0.01863602350368121,0.17837159532930016,10,vix
lstm,G,42,aci_cqr,high_vix,0.7416666666666667,0.4857084661098322,-0.020204698864420778,0.13211201719667726,10,vix
lstm,G,42,aci_cqr,low_vix,0.8681318681318682,0.4513792002629416,0.03099900869587957,0.13181738366501847,10,vix
lstm,G,42,agaci_cqr,high_vix,0.7361111111111112,0.4877471580101771,-0.012355808761709386,0.13023860491220848,10,vix
lstm,G,42,agaci_cqr,low_vix,0.8582417582417582,0.43762160007925704,0.0499413606293273,0.11336404305938855,10,vix
lstm,G,42,cqr_rolling,high_vix,0.7722222222222223,0.48821352269123,-0.00993720047102864,0.11372712457889259,10,vix
lstm,G,42,cqr_rolling,low_vix,0.8769230769230769,0.46397265367384466,0.02167344223779516,0.08387614174233601,10,vix
lstm,G,42,cqr_static,high_vix,0.8972222222222223,0.7766706516086062,-0.12137983823932907,0.3492717542182361,10,vix
lstm,G,42,cqr_static,low_vix,0.9615384615384616,0.7745021706507854,-0.14165295843178516,0.3583029672574876,10,vix
lstm,G,42,decay_ocp_cqr,high_vix,0.875,0.6055202503231863,-0.06931294753811046,0.044596643432173455,10,vix
lstm,G,42,decay_ocp_cqr,low_vix,0.9505494505494505,0.5952489140607388,-0.08097461336550815,0.08894434873886697,10,vix
lstm,G,42,dtaci_cqr,high_vix,0.75,0.4873522289705273,-0.03702579863103839,0.1303201203379527,10,vix
lstm,G,42,dtaci_cqr,low_vix,0.8648351648351649,0.43808192859451456,0.05549551709137113,0.1427398442399938,10,vix
lstm,G,42,mondrian_cqr,high_vix,0.85,0.5367778169104789,-0.05313606202554211,0.13795142851112235,10,vix
lstm,G,42,mondrian_cqr,low_vix,0.8978021978021978,0.46952005097910277,0.017574615233337143,0.16556325569876731,10,vix
lstm,G,42,native,high_vix,0.8638888888888889,0.6286026959521903,-0.07719376119575683,0.09661106193021674,10,vix
lstm,G,42,native,low_vix,0.9472527472527472,0.5957143352717326,-0.10236050740888691,0.15348400801351847,10,vix
lstm,G,42,pid_cqr,high_vix,0.7611111111111111,0.498274536860911,-0.027472393262303774,0.1180771610793854,10,vix
lstm,G,42,pid_cqr,low_vix,0.8549450549450549,0.4218338272626648,0.08119326915649205,0.12346357657429763,10,vix
lstm,G,42,pid_local_cqr,high_vix,0.7944444444444444,0.506474400766076,-0.024319785280835338,0.084898250071136,10,vix
lstm,G,42,pid_local_cqr,low_vix,0.8527472527472527,0.4321660394753859,0.08197931803547809,0.11938232708325147,10,vix
lstm,G,42,pid_tan_cqr,high_vix,0.7805555555555556,0.5296597749495372,-0.15495978128805143,0.1741331744898215,10,vix
lstm,G,42,pid_tan_cqr,low_vix,0.8802197802197802,0.5235853639255954,-0.15805911335856548,0.14394158479284758,10,vix
lstm,G,42,saocp_cqr,high_vix,0.8944444444444445,0.62805867280424,-0.08383757946812054,0.07990865839478534,10,vix
lstm,G,42,saocp_cqr,low_vix,0.9571428571428572,0.6190529584050262,-0.13389613487107555,0.1587607229625157,10,vix
lstm,G,42,sfogd_cqr,high_vix,0.7555555555555555,0.5116387460259182,-0.059835815772166234,0.10247443419775445,10,vix
lstm,G,42,sfogd_cqr,low_vix,0.8351648351648352,0.4372775024481325,0.02422421652430029,0.15081396243585554,10,vix
lstm,G,42,spci_cqr,high_vix,0.7194444444444444,0.5028683357116249,-0.045541130719726985,0.18845195911758988,10,vix
lstm,G,42,spci_cqr,low_vix,0.8197802197802198,0.44287831430958197,0.0811373485200706,0.17092724742598053,10,vix
lstm,G,43,aci_cqr,high_vix,0.825,0.4885701794167526,0.06063684125212204,0.15892730655672094,10,vix
lstm,G,43,aci_cqr,low_vix,0.8428571428571429,0.45606570033797855,0.03039491887157547,0.1348178755138357,10,vix
lstm,G,43,agaci_cqr,high_vix,0.8111111111111111,0.4909673041320046,0.046295217215508944,0.1529745565185341,10,vix
lstm,G,43,agaci_cqr,low_vix,0.8285714285714286,0.4505350123869797,0.04045837262323465,0.1239025582131088,10,vix
lstm,G,43,cqr_rolling,high_vix,0.825,0.4926976027678285,0.06036902549457074,0.13112025654611806,10,vix
lstm,G,43,cqr_rolling,low_vix,0.8483516483516483,0.45973401776435613,0.023520722736059596,0.1119186739357036,10,vix
lstm,G,43,cqr_static,high_vix,0.8777777777777778,0.6859213110521274,-0.04016021010694826,0.343256064169285,10,vix
lstm,G,43,cqr_static,low_vix,0.8769230769230769,0.648023017486164,-0.0932176950244662,0.25934929826245284,10,vix
lstm,G,43,decay_ocp_cqr,high_vix,0.9166666666666666,0.6439160793032712,-0.0492187330830709,0.1322207922081199,10,vix
lstm,G,43,decay_ocp_cqr,low_vix,0.9351648351648352,0.612267042641456,-0.06602855188819179,0.12618411720957962,10,vix
lstm,G,43,dtaci_cqr,high_vix,0.8305555555555556,0.4860556915334573,0.05416928092207557,0.14670355239830024,10,vix
lstm,G,43,dtaci_cqr,low_vix,0.845054945054945,0.44924227266936057,0.043934593379178044,0.10678119643432366,10,vix
lstm,G,43,mondrian_cqr,high_vix,0.8277777777777777,0.5283984095706377,0.004352774340121379,0.09493632915477568,10,vix
lstm,G,43,mondrian_cqr,low_vix,0.8703296703296703,0.46665768026320487,-0.002113586923409849,0.10473435936761333,10,vix
lstm,G,43,native,high_vix,0.95,0.7428150881402196,-0.18136372865056494,0.19525639857892851,10,vix
lstm,G,43,native,low_vix,0.9626373626373627,0.7020653400478782,-0.266432237598068,0.20651681466880017,10,vix
lstm,G,43,pid_cqr,high_vix,0.8111111111111111,0.47506922585746947,0.03489486732123759,0.07623009237685274,10,vix
lstm,G,43,pid_cqr,low_vix,0.8351648351648352,0.4369986916594336,0.07324036989345922,0.09313258351650167,10,vix
lstm,G,43,pid_local_cqr,high_vix,0.825,0.5018872548427509,0.019520449640235582,0.05194225948109757,10,vix
lstm,G,43,pid_local_cqr,low_vix,0.8285714285714286,0.4550719234955766,0.04597690982563585,0.054517194387326384,10,vix
lstm,G,43,pid_tan_cqr,high_vix,0.8277777777777777,0.5789531849195905,-0.1402802275639875,0.19275641368780466,10,vix
lstm,G,43,pid_tan_cqr,low_vix,0.843956043956044,0.5302602365328166,-0.1819605714021093,0.09701600855486503,10,vix
lstm,G,43,saocp_cqr,high_vix,0.9611111111111111,0.7538681363432004,-0.2306597033928286,0.21661095913460082,10,vix
lstm,G,43,saocp_cqr,low_vix,0.9681318681318681,0.7116083089879522,-0.2930872834105369,0.17831938004339248,10,vix
lstm,G,43,sfogd_cqr,high_vix,0.8111111111111111,0.5183898291871928,-0.01944758469972918,0.08889308660422002,10,vix
lstm,G,43,sfogd_cqr,low_vix,0.8120879120879121,0.4639108695206855,-3.7179087135408295e-05,0.06425053112207096,10,vix
lstm,G,43,spci_cqr,high_vix,0.7583333333333333,0.48902475836652853,0.024346248445073604,0.056387198178250025,10,vix
lstm,G,43,spci_cqr,low_vix,0.789010989010989,0.45289333933374387,0.021130454775868612,0.171822185743053,10,vix
lstm,G,44,aci_cqr,high_vix,0.7555555555555555,0.5197230176690089,-0.08107710744093077,0.14717970304417516,10,vix
lstm,G,44,aci_cqr,low_vix,0.8714285714285714,0.4202927645258096,0.06045656260305987,0.192740269367889,10,vix
lstm,G,44,agaci_cqr,high_vix,0.7444444444444445,0.5354687207854818,-0.07880668955543146,0.1368707839502143,10,vix
lstm,G,44,agaci_cqr,low_vix,0.8626373626373627,0.4066074379481771,0.06464228856161569,0.1973366102391723,10,vix
lstm,G,44,cqr_rolling,high_vix,0.7611111111111111,0.5175395841280155,-0.07723735756894501,0.1660333297854285,10,vix
lstm,G,44,cqr_rolling,low_vix,0.8791208791208791,0.4318017979034534,0.048771475057740876,0.15825023699372756,10,vix
lstm,G,44,cqr_static,high_vix,0.8361111111111111,0.6482085200941102,-0.11563892309794255,0.12750790213908209,10,vix
lstm,G,44,cqr_static,low_vix,0.9131868131868132,0.5992487974692967,-0.07227543385983759,0.07207362157534913,10,vix
lstm,G,44,decay_ocp_cqr,high_vix,0.7722222222222223,0.5410829991286076,-0.07604833268848366,0.07015051790291404,10,vix
lstm,G,44,decay_ocp_cqr,low_vix,0.8791208791208791,0.46524777409947027,0.027410988229137512,0.05530637815029599,10,vix
lstm,G,44,dtaci_cqr,high_vix,0.7611111111111111,0.519837906224028,-0.08312243636021399,0.1535881154168544,10,vix
lstm,G,44,dtaci_cqr,low_vix,0.8714285714285714,0.4102304259119527,0.06773202734312483,0.185855220428587,10,vix
lstm,G,44,mondrian_cqr,high_vix,0.8111111111111111,0.5489393991620044,-0.12288915162153158,0.12263924021967215,10,vix
lstm,G,44,mondrian_cqr,low_vix,0.8967032967032967,0.43930053712257594,0.03365817046050895,0.16654408802148338,10,vix
lstm,G,44,native,high_vix,0.5972222222222222,0.598266116355392,-0.2173311849740488,0.19361238271148629,10,vix
lstm,G,44,native,low_vix,0.6758241758241759,0.4290063990634405,0.03218587361156422,0.17711293915884072,10,vix
lstm,G,44,pid_cqr,high_vix,0.7416666666666667,0.5393921445303633,-0.07990979802781362,0.1086375515593343,10,vix
lstm,G,44,pid_cqr,low_vix,0.8483516483516483,0.3857206744399414,0.10255614831349086,0.2172078033540921,10,vix
lstm,G,44,pid_local_cqr,high_vix,0.7527777777777778,0.5074573819732313,-0.0477995320912048,0.06564901961825503,10,vix
lstm,G,44,pid_local_cqr,low_vix,0.8406593406593407,0.41613233474485056,0.10006158651618374,0.1283853916992213,10,vix
lstm,G,44,pid_tan_cqr,high_vix,0.7722222222222223,0.5934046128962032,-0.20818646826835152,0.2014734615981819,10,vix
lstm,G,44,pid_tan_cqr,low_vix,0.8582417582417582,0.47001538454945657,-0.101245835932538,0.2830580249165181,10,vix
lstm,G,44,saocp_cqr,high_vix,0.7805555555555556,0.5445324072948694,-0.08509203918839425,0.04387285353326992,10,vix
lstm,G,44,saocp_cqr,low_vix,0.8824175824175824,0.45128592760825104,0.05136006363718576,0.0969659539205098,10,vix
lstm,G,44,sfogd_cqr,high_vix,0.7472222222222222,0.5570992860182178,-0.09554678871390443,0.05258075864765949,10,vix
lstm,G,44,sfogd_cqr,low_vix,0.8351648351648352,0.4268613079309291,0.07797134455019872,0.1588373567232885,10,vix
lstm,G,44,spci_cqr,high_vix,0.6805555555555556,0.5551944414084029,-0.1766758257761969,0.1564497672824715,10,vix
lstm,G,44,spci_cqr,low_vix,0.8175824175824176,0.3973338059221757,0.07437893220912051,0.1816929962836626,10,vix
lstm,GF,42,aci_cqr,high_vix,0.7527777777777778,0.48503102929464653,-0.011449503524307292,0.13950555904092551,10,vix
lstm,GF,42,aci_cqr,low_vix,0.8670329670329671,0.4504307523489686,0.03140871909528098,0.1306748883199968,10,vix
lstm,GF,42,agaci_cqr,high_vix,0.7361111111111112,0.4941920115722035,-0.010113148633996039,0.11424634438775122,10,vix
lstm,GF,42,agaci_cqr,low_vix,0.8648351648351649,0.42864088311493165,0.04842287390129474,0.11424744114420876,10,vix
lstm,GF,42,cqr_rolling,high_vix,0.7666666666666667,0.48705108603455954,-0.011683948997612492,0.1373981077623188,10,vix
lstm,GF,42,cqr_rolling,low_vix,0.8791208791208791,0.4636371705993748,0.019770528882627203,0.07259343218551667,10,vix
lstm,GF,42,cqr_static,high_vix,0.9,0.7672023936548829,-0.1445945978293658,0.289435106276668,10,vix
lstm,GF,42,cqr_static,low_vix,0.9626373626373627,0.7764711172969884,-0.16818027963207938,0.35944284364131945,10,vix
lstm,GF,42,decay_ocp_cqr,high_vix,0.8666666666666667,0.6014085716256724,-0.06805706295329905,0.025771050351023284,10,vix
lstm,GF,42,decay_ocp_cqr,low_vix,0.9516483516483516,0.5975845819613395,-0.10586228666354514,0.08240636500312626,10,vix
lstm,GF,42,dtaci_cqr,high_vix,0.75,0.4854076055687502,-0.031455674447498305,0.14015651846156565,10,vix
lstm,GF,42,dtaci_cqr,low_vix,0.8692307692307693,0.4320311212515735,0.06285868230700942,0.1425288043956787,10,vix
lstm,GF,42,mondrian_cqr,high_vix,0.8388888888888889,0.5175142168699702,-0.03590870934009538,0.15593938834335955,10,vix
lstm,GF,42,mondrian_cqr,low_vix,0.8934065934065935,0.45438724454911533,-0.00830179490217009,0.12608490504135333,10,vix
lstm,GF,42,native,high_vix,0.8555555555555555,0.6191428044118815,-0.07427668035533519,0.07679074148291676,10,vix
lstm,GF,42,native,low_vix,0.9461538461538461,0.5898947871373086,-0.098381828955043,0.16169893051609063,10,vix
lstm,GF,42,pid_cqr,high_vix,0.7527777777777778,0.49955391922355535,-0.029895350610298577,0.09092372100739918,10,vix
lstm,GF,42,pid_cqr,low_vix,0.8593406593406593,0.4200985000285003,0.08844730943301332,0.1444577167976546,10,vix
lstm,GF,42,pid_local_cqr,high_vix,0.7833333333333333,0.4968301446038994,-0.017025447820427586,0.10605733144426294,10,vix
lstm,GF,42,pid_local_cqr,low_vix,0.8593406593406593,0.4387495594930529,0.05601098612740474,0.13113237780158393,10,vix
lstm,GF,42,pid_tan_cqr,high_vix,0.7916666666666666,0.5385542721011034,-0.1828422532615337,0.14295776837380447,10,vix
lstm,GF,42,pid_tan_cqr,low_vix,0.8747252747252747,0.5241095236328019,-0.12946388869988223,0.14990798555012658,10,vix
lstm,GF,42,saocp_cqr,high_vix,0.8916666666666667,0.6320791298182427,-0.09324814793327951,0.0632010469147557,10,vix
lstm,GF,42,saocp_cqr,low_vix,0.9571428571428572,0.6156296626173149,-0.15043879233966728,0.14806264352640708,10,vix
lstm,GF,42,sfogd_cqr,high_vix,0.7694444444444445,0.5092889454388151,-0.04981511149051143,0.08030183566285559,10,vix
lstm,GF,42,sfogd_cqr,low_vix,0.832967032967033,0.43195503192313983,0.03334970480801425,0.16078520792797132,10,vix
lstm,GF,42,spci_cqr,high_vix,0.7138888888888889,0.4989266830191016,-0.04009762968795472,0.13161549540918155,10,vix
lstm,GF,42,spci_cqr,low_vix,0.823076923076923,0.43659359732050484,0.06526632235035557,0.16275476394539157,10,vix
lstm,GF,43,aci_cqr,high_vix,0.8194444444444444,0.4820108205952744,0.0673806082211833,0.16332710992082156,10,vix
lstm,GF,43,aci_cqr,low_vix,0.845054945054945,0.4540327445809592,0.050665537871946775,0.1098256075406869,10,vix
lstm,GF,43,agaci_cqr,high_vix,0.8055555555555556,0.48191571115546894,0.06572308121091963,0.15152370378993488,10,vix
lstm,GF,43,agaci_cqr,low_vix,0.8274725274725274,0.44941304204256294,0.05939535169021731,0.11411592624434938,10,vix
lstm,GF,43,cqr_rolling,high_vix,0.825,0.48296986486181614,0.07470298929146252,0.15942054497142688,10,vix
lstm,GF,43,cqr_rolling,low_vix,0.8505494505494505,0.45805806858466874,0.047115259298322276,0.10779367240357582,10,vix
lstm,GF,43,cqr_static,high_vix,0.8694444444444445,0.692628195477443,-0.05649792872065129,0.3853909706959292,10,vix
lstm,GF,43,cqr_static,low_vix,0.8769230769230769,0.6648356903265141,-0.0984308978104802,0.26300912280703853,10,vix
lstm,GF,43,decay_ocp_cqr,high_vix,0.9138888888888889,0.63635731975965,-0.06847590753970201,0.14494899689364277,10,vix
lstm,GF,43,decay_ocp_cqr,low_vix,0.9384615384615385,0.6163884955173281,-0.06753719436906647,0.179548137363708,10,vix
lstm,GF,43,dtaci_cqr,high_vix,0.8222222222222222,0.48068587904318116,0.05789186208788716,0.13214471288489443,10,vix
lstm,GF,43,dtaci_cqr,low_vix,0.8516483516483516,0.4477983444177533,0.06286608991115639,0.09572472957421052,10,vix
lstm,GF,43,mondrian_cqr,high_vix,0.8305555555555556,0.5072208680440154,0.010948395859161963,0.11302689940727503,10,vix
lstm,GF,43,mondrian_cqr,low_vix,0.8835164835164835,0.45705059358116684,0.03868288173779855,0.18771390131637328,10,vix
lstm,GF,43,native,high_vix,0.9444444444444444,0.7295435519133177,-0.189512614658771,0.18823331253825865,10,vix
lstm,GF,43,native,low_vix,0.9626373626373627,0.6988981337141532,-0.26478741547708884,0.17834286606638033,10,vix
lstm,GF,43,pid_cqr,high_vix,0.8111111111111111,0.47798947905990596,0.04284270909290455,0.07700118081559218,10,vix
lstm,GF,43,pid_cqr,low_vix,0.8395604395604396,0.43939368503308573,0.07741913677590295,0.10961332062474771,10,vix
lstm,GF,43,pid_local_cqr,high_vix,0.8333333333333334,0.4808528050079803,0.06125404473871271,0.09861671090171026,10,vix
lstm,GF,43,pid_local_cqr,low_vix,0.8285714285714286,0.4626933058618999,0.02563893123161265,0.055583326281169826,10,vix
lstm,GF,43,pid_tan_cqr,high_vix,0.8305555555555556,0.5750026524206796,-0.11723465070864181,0.2352987227275808,10,vix
lstm,GF,43,pid_tan_cqr,low_vix,0.845054945054945,0.5376290665886171,-0.18180571064138262,0.12632574861925777,10,vix
lstm,GF,43,saocp_cqr,high_vix,0.9555555555555556,0.7426563889753877,-0.2391149558285226,0.205175472864443,10,vix
lstm,GF,43,saocp_cqr,low_vix,0.9681318681318681,0.7085317304197954,-0.3100949694731865,0.16295105856962117,10,vix
lstm,GF,43,sfogd_cqr,high_vix,0.8055555555555556,0.5158568515467281,-0.02649013554177926,0.07396314386299432,10,vix
lstm,GF,43,sfogd_cqr,low_vix,0.8142857142857143,0.45675873114106214,0.025268916349314385,0.06176367130856436,10,vix
lstm,GF,43,spci_cqr,high_vix,0.775,0.4848299626798928,0.035863800055590866,0.03586301308630663,10,vix
lstm,GF,43,spci_cqr,low_vix,0.789010989010989,0.4509988202386571,0.05410283995951537,0.16076530016814347,10,vix
lstm,GF,44,aci_cqr,high_vix,0.7583333333333333,0.5051906139552318,-0.09616316562869753,0.2121897912867896,10,vix
lstm,GF,44,aci_cqr,low_vix,0.8725274725274725,0.4112685031393491,0.0532661849397888,0.21873998576806383,10,vix
lstm,GF,44,agaci_cqr,high_vix,0.7527777777777778,0.5224928856807498,-0.09367956777870179,0.14196536437343338,10,vix
lstm,GF,44,agaci_cqr,low_vix,0.8593406593406593,0.3999390280722656,0.05687973437614141,0.22112099157427226,10,vix
lstm,GF,44,cqr_rolling,high_vix,0.7666666666666667,0.5057693312783204,-0.08792024560764744,0.20355688607998595,10,vix
lstm,GF,44,cqr_rolling,low_vix,0.8791208791208791,0.4244338585978555,0.036877781436475354,0.17436337804452112,10,vix
lstm,GF,44,cqr_static,high_vix,0.8333333333333334,0.6538890189814152,-0.11680100200208776,0.16486867356661805,10,vix
lstm,GF,44,cqr_static,low_vix,0.9142857142857143,0.6083531709007,-0.0632383146427068,0.11860227504901993,10,vix
lstm,GF,44,decay_ocp_cqr,high_vix,0.7694444444444445,0.539472849414152,-0.07573568543057041,0.10312932299096012,10,vix
lstm,GF,44,decay_ocp_cqr,low_vix,0.878021978021978,0.47040872916455134,0.043087639748785045,0.048210771036688915,10,vix
lstm,GF,44,dtaci_cqr,high_vix,0.7722222222222223,0.5076432114550452,-0.10120177153083665,0.21081327987764698,10,vix
lstm,GF,44,dtaci_cqr,low_vix,0.8769230769230769,0.40388773010928053,0.0576042280644678,0.20661536720309406,10,vix
lstm,GF,44,mondrian_cqr,high_vix,0.8194444444444444,0.5260322791211002,-0.10507936227011028,0.1818907158441839,10,vix
lstm,GF,44,mondrian_cqr,low_vix,0.9043956043956044,0.44196955845341745,0.019033859358113858,0.16840879347234688,10,vix
lstm,GF,44,native,high_vix,0.5694444444444444,0.5947247387619456,-0.23194328635226946,0.20230412215028626,10,vix
lstm,GF,44,native,low_vix,0.654945054945055,0.42664438578976766,0.006839275000189826,0.2099259673284754,10,vix
lstm,GF,44,pid_cqr,high_vix,0.7388888888888889,0.5356501542199814,-0.09550758628508738,0.09619386059915519,10,vix
lstm,GF,44,pid_cqr,low_vix,0.8527472527472527,0.3860797139739539,0.09308045153504685,0.22666549668767877,10,vix
lstm,GF,44,pid_local_cqr,high_vix,0.7527777777777778,0.5317242149152396,-0.06620868493696608,0.05457410427906623,10,vix
lstm,GF,44,pid_local_cqr,low_vix,0.8428571428571429,0.41688206957936735,0.08086898665143655,0.1312992726324624,10,vix
lstm,GF,44,pid_tan_cqr,high_vix,0.7611111111111111,0.5944349014280063,-0.21953225448491176,0.1284998131433493,10,vix
lstm,GF,44,pid_tan_cqr,low_vix,0.856043956043956,0.47054175838494056,-0.10588491834137082,0.27593909848423703,10,vix
lstm,GF,44,saocp_cqr,high_vix,0.7944444444444444,0.5422792884715875,-0.09041917156247059,0.0758689176387467,10,vix
lstm,GF,44,saocp_cqr,low_vix,0.8747252747252747,0.4534341077699254,0.048439227660206474,0.1433551510955017,10,vix
lstm,GF,44,sfogd_cqr,high_vix,0.7416666666666667,0.558491708040038,-0.09411503959081946,0.0456686152114969,10,vix
lstm,GF,44,sfogd_cqr,low_vix,0.8384615384615385,0.42628028163645365,0.07961659030530621,0.16701922091270605,10,vix
lstm,GF,44,spci_cqr,high_vix,0.6833333333333333,0.5567996270105946,-0.14962969722064512,0.12050468710394813,10,vix
lstm,GF,44,spci_cqr,low_vix,0.8197802197802198,0.3965278765522908,0.08302535709766784,0.169829769723197,10,vix
lstm,GI,42,aci_cqr,high_vix,0.7611111111111111,0.4851156331901218,0.010075114395548312,0.10155019960480538,10,vix
lstm,GI,42,aci_cqr,low_vix,0.8417582417582418,0.5293920594923245,-0.06849342465124575,0.080329712786405,10,vix
lstm,GI,42,agaci_cqr,high_vix,0.7472222222222222,0.49575369521658325,0.0010100782942158992,0.08659539695889756,10,vix
lstm,GI,42,agaci_cqr,low_vix,0.8307692307692308,0.5060255497537186,-0.06067751108683306,0.06407154523584402,10,vix
lstm,GI,42,cqr_rolling,high_vix,0.7777777777777778,0.4915906589891116,0.005067962021081507,0.10273675585060982,10,vix
lstm,GI,42,cqr_rolling,low_vix,0.8604395604395605,0.5367202066942593,-0.0692975607236529,0.08683076683185631,10,vix
lstm,GI,42,cqr_static,high_vix,0.9111111111111111,0.923012340797616,-0.27377993906297104,0.5174484069429635,10,vix
lstm,GI,42,cqr_static,low_vix,0.9648351648351648,0.9324168599867607,-0.2884175324169346,0.6627911116530637,10,vix
lstm,GI,42,decay_ocp_cqr,high_vix,0.8777777777777778,0.7033128598328532,-0.1067485326455494,0.25305796218469445,10,vix
lstm,GI,42,decay_ocp_cqr,low_vix,0.9494505494505494,0.7024113089850522,-0.1448278613401105,0.3118277700237292,10,vix
lstm,GI,42,dtaci_cqr,high_vix,0.7777777777777778,0.4835996855739652,0.013384910094432934,0.10185827022262081,10,vix
lstm,GI,42,dtaci_cqr,low_vix,0.8417582417582418,0.506258118103695,-0.061177237832315434,0.05992675529241037,10,vix
lstm,GI,42,mondrian_cqr,high_vix,0.8611111111111112,0.5575809712731785,-0.06249953299473043,0.06671172948728987,10,vix
lstm,GI,42,mondrian_cqr,low_vix,0.8857142857142857,0.5163013410174367,-0.07360120661548475,0.06952744121815424,10,vix
lstm,GI,42,native,high_vix,0.8555555555555555,0.6499459695742466,-0.10883800508845787,0.1900521620213651,10,vix
lstm,GI,42,native,low_vix,0.9340659340659341,0.6008127092191345,-0.11954142269364876,0.1429980792257488,10,vix
lstm,GI,42,pid_cqr,high_vix,0.7777777777777778,0.491754387835215,-0.0014106873023817523,0.10268717942471939,10,vix
lstm,GI,42,pid_cqr,low_vix,0.8505494505494505,0.4880553959642156,-0.036554368095550016,0.05650795405383671,10,vix
lstm,GI,42,pid_local_cqr,high_vix,0.7916666666666666,0.5131789961791594,-0.02888277392871108,0.06947204013835065,10,vix
lstm,GI,42,pid_local_cqr,low_vix,0.8505494505494505,0.484737259213707,-0.02986447305292539,0.07885377294888848,10,vix
lstm,GI,42,pid_tan_cqr,high_vix,0.7861111111111111,0.5410825490545912,-0.1262310709413168,0.12068523949075266,10,vix
lstm,GI,42,pid_tan_cqr,low_vix,0.878021978021978,0.5773417609658338,-0.24992604743263036,0.09070836817897937,10,vix
lstm,GI,42,saocp_cqr,high_vix,0.8972222222222223,0.6356578467735027,-0.13112731336582428,0.09404237326406445,10,vix
lstm,GI,42,saocp_cqr,low_vix,0.9494505494505494,0.6315106070374645,-0.19268846110415438,0.11558225449574683,10,vix
lstm,GI,42,sfogd_cqr,high_vix,0.7722222222222223,0.49700231877061246,-0.013593433121646292,0.11183286427920255,10,vix
lstm,GI,42,sfogd_cqr,low_vix,0.8252747252747252,0.49053147978587575,-0.06263309707250342,0.06433793187727949,10,vix
lstm,GI,42,spci_cqr,high_vix,0.7527777777777778,0.51412027891751,-0.04986846297231562,0.11465330938444351,10,vix
lstm,GI,42,spci_cqr,low_vix,0.8131868131868132,0.4825072197177125,-0.06582153201814289,0.16944919520774782,10,vix
lstm,GI,43,aci_cqr,high_vix,0.8333333333333334,0.48978033224551965,-0.002361257184694876,0.12422701081709203,10,vix
lstm,GI,43,aci_cqr,low_vix,0.8318681318681319,0.4930335899473514,-0.05844535357064917,0.14430547249153597,10,vix
lstm,GI,43,agaci_cqr,high_vix,0.8277777777777777,0.48986702853557956,0.0065255657476878115,0.13867250531334263,10,vix
lstm,GI,43,agaci_cqr,low_vix,0.8208791208791208,0.4850202024333486,-0.04347143486749272,0.13560110502770553,10,vix
lstm,GI,43,cqr_rolling,high_vix,0.8388888888888889,0.4934051937491467,0.013614153686882458,0.13098441565374555,10,vix
lstm,GI,43,cqr_rolling,low_vix,0.8340659340659341,0.49634228398716257,-0.0598505690409189,0.11558914326992581,10,vix
lstm,GI,43,cqr_static,high_vix,0.8361111111111111,0.723039923821225,-0.04900028572741233,0.16701789705944176,10,vix
lstm,GI,43,cqr_static,low_vix,0.8296703296703297,0.7013295489923156,-0.18553454887639653,0.23978115416642354,10,vix
lstm,GI,43,decay_ocp_cqr,high_vix,0.9277777777777778,0.6552081207617683,-0.06521773486811899,0.21924670188110496,10,vix
lstm,GI,43,decay_ocp_cqr,low_vix,0.9208791208791208,0.6303539716524132,-0.127878022452531,0.18805197586099315,10,vix
lstm,GI,43,dtaci_cqr,high_vix,0.8361111111111111,0.4878013257751708,0.011399693962195423,0.12308903817898248,10,vix
lstm,GI,43,dtaci_cqr,low_vix,0.8384615384615385,0.48481792186817785,-0.03382525203709308,0.13262964159572488,10,vix
lstm,GI,43,mondrian_cqr,high_vix,0.875,0.5490092450800941,-0.038087533666099405,0.09005253103118813,10,vix
lstm,GI,43,mondrian_cqr,low_vix,0.8604395604395605,0.5134231422979488,-0.052197218079836016,0.11528040041006879,10,vix
lstm,GI,43,native,high_vix,0.9444444444444444,0.7414862231841958,-0.1818107416794753,0.1965490063372311,10,vix
lstm,GI,43,native,low_vix,0.9516483516483516,0.7065739175918624,-0.2945105557413087,0.20121837277252508,10,vix
lstm,GI,43,pid_cqr,high_vix,0.8361111111111111,0.49639891175448675,0.009071976222484512,0.0973610273786262,10,vix
lstm,GI,43,pid_cqr,low_vix,0.8307692307692308,0.4759844517988253,-0.03249201492023024,0.11225482943048873,10,vix
lstm,GI,43,pid_local_cqr,high_vix,0.8388888888888889,0.502757637020819,0.0010473163327548995,0.11055267159241472,10,vix
lstm,GI,43,pid_local_cqr,low_vix,0.8296703296703297,0.49492272860719055,-0.033795158447090135,0.1033845097324001,10,vix
lstm,GI,43,pid_tan_cqr,high_vix,0.8444444444444444,0.5881934389400705,-0.1396362710215685,0.20651707845044587,10,vix
lstm,GI,43,pid_tan_cqr,low_vix,0.8395604395604396,0.563633150761101,-0.22124365163414172,0.0893240229393849,10,vix
lstm,GI,43,saocp_cqr,high_vix,0.9583333333333334,0.7473421386374053,-0.21312120364295284,0.204261839168684,10,vix
lstm,GI,43,saocp_cqr,low_vix,0.9615384615384616,0.717676516713704,-0.34540815125423097,0.19290263284817533,10,vix
lstm,GI,43,sfogd_cqr,high_vix,0.8222222222222222,0.4929899092971583,0.0020510757179150185,0.10605859145746774,10,vix
lstm,GI,43,sfogd_cqr,low_vix,0.8120879120879121,0.4873880480160018,-0.05736552804094741,0.11925761549585415,10,vix
lstm,GI,43,spci_cqr,high_vix,0.7833333333333333,0.48772392441564755,0.0005853607049792209,0.08560192203090694,10,vix
lstm,GI,43,spci_cqr,low_vix,0.7923076923076923,0.4823033924221042,-0.0499357959478669,0.10445325482046897,10,vix
lstm,GI,44,aci_cqr,high_vix,0.7444444444444445,0.4962637666014921,-0.005810428139426671,0.1806170592079201,10,vix
lstm,GI,44,aci_cqr,low_vix,0.8846153846153846,0.42293342876587403,0.0653956742391395,0.19099243743747096,10,vix
lstm,GI,44,agaci_cqr,high_vix,0.7416666666666667,0.5020385555734087,-0.0215109893407901,0.1659487025839301,10,vix
lstm,GI,44,agaci_cqr,low_vix,0.8703296703296703,0.41612004960003945,0.056414036981983495,0.18106225080564353,10,vix
lstm,GI,44,cqr_rolling,high_vix,0.7555555555555555,0.4965986227943901,-0.009226505855205791,0.18253607982324546,10,vix
lstm,GI,44,cqr_rolling,low_vix,0.8868131868131868,0.43572944099619365,0.050987240335250705,0.15787601915427357,10,vix
lstm,GI,44,cqr_static,high_vix,0.7722222222222223,0.6974464817063127,-0.1642577442029617,0.2544592948265344,10,vix
lstm,GI,44,cqr_static,low_vix,0.856043956043956,0.6438490638121666,-0.06897762215617576,0.14354523668680752,10,vix
lstm,GI,44,decay_ocp_cqr,high_vix,0.7416666666666667,0.5685354290440949,-0.08755772929763117,0.15284315989907424,10,vix
lstm,GI,44,decay_ocp_cqr,low_vix,0.8527472527472527,0.47743909697023373,0.01575933979126304,0.11974315595094226,10,vix
lstm,GI,44,dtaci_cqr,high_vix,0.7555555555555555,0.4947580919688402,-0.01830256480205672,0.20241041696661718,10,vix
lstm,GI,44,dtaci_cqr,low_vix,0.8791208791208791,0.41281394095038204,0.0791934803276968,0.18612523724229632,10,vix
lstm,GI,44,mondrian_cqr,high_vix,0.825,0.5478987317111444,-0.08934310170412929,0.17559314606849782,10,vix
lstm,GI,44,mondrian_cqr,low_vix,0.9,0.43478725200037166,0.058823332185325594,0.14223671108855285,10,vix
lstm,GI,44,native,high_vix,0.5555555555555556,0.5885313624946673,-0.18067063575509323,0.19079224403585876,10,vix
lstm,GI,44,native,low_vix,0.6659340659340659,0.437867334661081,0.06662479148829875,0.1423485988051528,10,vix
lstm,GI,44,pid_cqr,high_vix,0.7388888888888889,0.50311443456202,-0.02977085881687802,0.1364329387539935,10,vix
lstm,GI,44,pid_cqr,low_vix,0.8494505494505494,0.39396871836941383,0.1035436459378073,0.16522502232294015,10,vix
lstm,GI,44,pid_local_cqr,high_vix,0.7694444444444445,0.515822554722041,-0.021761414347935104,0.11766379734663268,10,vix
lstm,GI,44,pid_local_cqr,low_vix,0.8340659340659341,0.39539010456390633,0.11904227936993844,0.18632083969867988,10,vix
lstm,GI,44,pid_tan_cqr,high_vix,0.7444444444444445,0.576371229502793,-0.151555230102294,0.10022994514060568,10,vix
lstm,GI,44,pid_tan_cqr,low_vix,0.8769230769230769,0.4699136443145115,-0.02908134126317663,0.21877603338595192,10,vix
lstm,GI,44,saocp_cqr,high_vix,0.7861111111111111,0.5117774656968247,-0.06204751560100752,0.1469046129275316,10,vix
lstm,GI,44,saocp_cqr,low_vix,0.8714285714285714,0.44179278611757333,0.041209539256051364,0.16969668300139898,10,vix
lstm,GI,44,sfogd_cqr,high_vix,0.7611111111111111,0.5173464421915472,-0.027837173430422246,0.10983381945210058,10,vix
lstm,GI,44,sfogd_cqr,low_vix,0.8362637362637363,0.4122220083048486,0.08175688593100239,0.203748369144665,10,vix
lstm,GI,44,spci_cqr,high_vix,0.7333333333333333,0.5476265492104648,-0.1745557949623573,0.19873108721878685,10,vix
lstm,GI,44,spci_cqr,low_vix,0.8241758241758241,0.4084045942029306,0.07246442676161147,0.2060064927428631,10,vix
lstm,L,42,aci_cqr,high_vix,0.7638888888888888,0.49133614173980533,-0.017298460049752218,0.1243344633434337,10,vix
lstm,L,42,aci_cqr,low_vix,0.810989010989011,0.4077109519113465,0.09345022456162794,0.26112535017358296,10,vix
lstm,L,42,agaci_cqr,high_vix,0.7777777777777778,0.4878944218320626,-0.009367856977524514,0.10326972355453681,10,vix
lstm,L,42,agaci_cqr,low_vix,0.8175824175824176,0.40155447840880437,0.0887536501087543,0.2606905260198012,10,vix
lstm,L,42,cqr_rolling,high_vix,0.7666666666666667,0.49622050254815464,-0.00633091104358835,0.12441695516542145,10,vix
lstm,L,42,cqr_rolling,low_vix,0.8175824175824176,0.41561009468685917,0.09430074326005772,0.24166002837405456,10,vix
lstm,L,42,cqr_static,high_vix,0.7444444444444445,0.6500460467092889,-0.05467729061894977,0.09228931797894596,10,vix
lstm,L,42,cqr_static,low_vix,0.7956043956043956,0.5689903411934741,0.010526601867513419,0.20095558211616882,10,vix
lstm,L,42,decay_ocp_cqr,high_vix,0.7805555555555556,0.5174097711169341,-0.004983717805368215,0.12324953334465671,10,vix
lstm,L,42,decay_ocp_cqr,low_vix,0.8582417582417582,0.4275952693622458,0.07682511598859915,0.1871790314453047,10,vix
lstm,L,42,dtaci_cqr,high_vix,0.7916666666666666,0.48773129528332165,-0.01436747070807054,0.10277266103129923,10,vix
lstm,L,42,dtaci_cqr,low_vix,0.8252747252747252,0.39936616430463434,0.09954765739438637,0.2516863347634136,10,vix
lstm,L,42,mondrian_cqr,high_vix,0.8055555555555556,0.5230250187704164,-0.015330103087987323,0.15294016896924095,10,vix
lstm,L,42,mondrian_cqr,low_vix,0.8615384615384616,0.4324498649239487,0.0003054131603460464,0.24974580509943586,10,vix
lstm,L,42,native,high_vix,0.8138888888888889,0.5048670359162355,0.009943359062959123,0.07905089605218077,10,vix
lstm,L,42,native,low_vix,0.9021978021978022,0.4159663074741795,0.0727585387693121,0.1900541763791521,10,vix
lstm,L,42,pid_cqr,high_vix,0.7722222222222223,0.49729587482106835,-0.042339975039151545,0.11268809239057295,10,vix
lstm,L,42,pid_cqr,low_vix,0.8252747252747252,0.385506790365247,0.1247823262562417,0.2528661537234246,10,vix
lstm,L,42,pid_local_cqr,high_vix,0.7777777777777778,0.5086265343663625,-0.03360363200654559,0.07625657159433058,10,vix
lstm,L,42,pid_local_cqr,low_vix,0.8208791208791208,0.41057557036708514,0.09690947273674605,0.17535354304292608,10,vix
lstm,L,42,pid_tan_cqr,high_vix,0.775,0.5797212242683227,-0.16306482044461768,0.12949286673366944,10,vix
lstm,L,42,pid_tan_cqr,low_vix,0.8428571428571429,0.4711490149306494,-0.04324928700372088,0.2099169117485902,10,vix
lstm,L,42,saocp_cqr,high_vix,0.8833333333333333,0.535856484822101,-0.038748084020647666,0.07975533993663494,10,vix
lstm,L,42,saocp_cqr,low_vix,0.9307692307692308,0.4493835065646092,0.001056480801739701,0.18063021954364245,10,vix
lstm,L,42,sfogd_cqr,high_vix,0.7611111111111111,0.5002985084945029,-0.030006314156514113,0.13994809042254103,10,vix
lstm,L,42,sfogd_cqr,low_vix,0.8208791208791208,0.4154090927055258,0.05182812154013405,0.18379746504571362,10,vix
lstm,L,42,spci_cqr,high_vix,0.7166666666666667,0.4986715995504366,-0.044327639295183796,0.13583355151012153,10,vix
lstm,L,42,spci_cqr,low_vix,0.7868131868131868,0.40880772218273603,0.10674418404127134,0.2827860859677683,10,vix
lstm,L,43,aci_cqr,high_vix,0.7472222222222222,0.4962896702163337,-0.005900317082299711,0.18580602568274934,10,vix
lstm,L,43,aci_cqr,low_vix,0.8296703296703297,0.4153581370088294,0.05953366522226494,0.20130510810718552,10,vix
lstm,L,43,agaci_cqr,high_vix,0.7666666666666667,0.4958305282460671,-0.007110450689688852,0.18563321818449,10,vix
lstm,L,43,agaci_cqr,low_vix,0.8285714285714286,0.3997222745333666,0.058981218034299954,0.24104926740349883,10,vix
lstm,L,43,cqr_rolling,high_vix,0.75,0.490269220342098,-0.011334223374134589,0.20132981423716786,10,vix
lstm,L,43,cqr_rolling,low_vix,0.832967032967033,0.4176503550096233,0.05705119236751155,0.19385557068814105,10,vix
lstm,L,43,cqr_static,high_vix,0.8111111111111111,0.6346292241977404,-0.06418581378370114,0.12175412914152162,10,vix
lstm,L,43,cqr_static,low_vix,0.8692307692307693,0.5833932651135653,-0.0024556773441175572,0.16189424257210472,10,vix
lstm,L,43,decay_ocp_cqr,high_vix,0.7916666666666666,0.49058866317600197,0.019344750598858873,0.084035503453782,10,vix
lstm,L,43,decay_ocp_cqr,low_vix,0.8747252747252747,0.44086536393899756,0.037891369839824884,0.2000823823680217,10,vix
lstm,L,43,dtaci_cqr,high_vix,0.7666666666666667,0.4899048005726179,-0.019059441868080396,0.20896845269299985,10,vix
lstm,L,43,dtaci_cqr,low_vix,0.8384615384615385,0.40139902987559833,0.06583516788442279,0.22176240081041937,10,vix
lstm,L,43,mondrian_cqr,high_vix,0.8,0.5316290996412436,-0.04330202685233986,0.13546475056617288,10,vix
lstm,L,43,mondrian_cqr,low_vix,0.889010989010989,0.4563226706662348,0.005718946242318501,0.20698101359168652,10,vix
lstm,L,43,native,high_vix,0.8111111111111111,0.485178580583425,0.019201262550676335,0.1407393961437473,10,vix
lstm,L,43,native,low_vix,0.9010989010989011,0.4202490038533623,0.08133277777034509,0.16468748150973822,10,vix
lstm,L,43,pid_cqr,high_vix,0.7694444444444445,0.48603197360066264,-0.013123072630194854,0.17002411376310422,10,vix
lstm,L,43,pid_cqr,low_vix,0.8263736263736263,0.387783842726811,0.07964482262580552,0.22940787654267464,10,vix
lstm,L,43,pid_local_cqr,high_vix,0.7777777777777778,0.4885662903848308,-0.04195087758598448,0.1823963293805223,10,vix
lstm,L,43,pid_local_cqr,low_vix,0.8241758241758241,0.4155997716895286,0.07183669602805659,0.1898095835318347,10,vix
lstm,L,43,pid_tan_cqr,high_vix,0.7944444444444444,0.5462914085230287,-0.17681308071797008,0.21009840263220486,10,vix
lstm,L,43,pid_tan_cqr,low_vix,0.8406593406593407,0.4614836869396523,-0.08081682751368424,0.22417533592350192,10,vix
lstm,L,43,saocp_cqr,high_vix,0.8722222222222222,0.5060575659566111,-0.009711850884995765,0.10681563288563808,10,vix
lstm,L,43,saocp_cqr,low_vix,0.9241758241758242,0.46053222485482714,-0.005543759198014642,0.10818257681990237,10,vix
lstm,L,43,sfogd_cqr,high_vix,0.7777777777777778,0.514149846595602,-0.03550042037097978,0.11513998334500464,10,vix
lstm,L,43,sfogd_cqr,low_vix,0.8219780219780219,0.4282972784675818,0.060530448914262514,0.17246509124730394,10,vix
lstm,L,43,spci_cqr,high_vix,0.7416666666666667,0.4889410089910445,-0.06052777640140117,0.2522998179459986,10,vix
lstm,L,43,spci_cqr,low_vix,0.7978021978021979,0.41243471800428905,0.0881038469588421,0.27975023187085835,10,vix
lstm,L,44,aci_cqr,high_vix,0.7722222222222223,0.5457319986567233,-0.059543840594775355,0.05936947701121753,10,vix
lstm,L,44,aci_cqr,low_vix,0.8241758241758241,0.4265350711270549,0.025310387150699387,0.25029727433351484,10,vix
lstm,L,44,agaci_cqr,high_vix,0.7722222222222223,0.540479364968212,-0.05348304086918598,0.05576537469083259,10,vix
lstm,L,44,agaci_cqr,low_vix,0.8208791208791208,0.4187261880108961,0.020208559928069525,0.25769577877401006,10,vix
lstm,L,44,cqr_rolling,high_vix,0.7694444444444445,0.5369633709649742,-0.044213900747915647,0.06354172441195494,10,vix
lstm,L,44,cqr_rolling,low_vix,0.8208791208791208,0.4309034610037887,0.019976786197933027,0.23794588644233533,10,vix
lstm,L,44,cqr_static,high_vix,0.7888888888888889,0.6606602855770164,-0.02705351374093201,0.07842381707956436,10,vix
lstm,L,44,cqr_static,low_vix,0.8153846153846154,0.5842526382967032,-0.0006165346805309113,0.2064806742799475,10,vix
lstm,L,44,decay_ocp_cqr,high_vix,0.8083333333333333,0.5204222726366973,-0.023549687984326773,0.05889462966684378,10,vix
lstm,L,44,decay_ocp_cqr,low_vix,0.8395604395604396,0.4461404995705339,0.02217219861936809,0.17518939774655912,10,vix
lstm,L,44,dtaci_cqr,high_vix,0.775,0.5414178560763302,-0.058319223923643415,0.07062734255268005,10,vix
lstm,L,44,dtaci_cqr,low_vix,0.832967032967033,0.4183531800914561,0.02369466466600817,0.24439572121444336,10,vix
lstm,L,44,mondrian_cqr,high_vix,0.7916666666666666,0.5753760794954369,-0.12182640470646033,0.15119670247380174,10,vix
lstm,L,44,mondrian_cqr,low_vix,0.889010989010989,0.44293662560743663,-0.03236915304060073,0.13816126501383674,10,vix
lstm,L,44,native,high_vix,0.8361111111111111,0.5151770729687273,-0.01981527711621156,0.0578632375092521,10,vix
lstm,L,44,native,low_vix,0.8758241758241758,0.44703729112540513,0.03819869967733042,0.11957343507196677,10,vix
lstm,L,44,pid_cqr,high_vix,0.7916666666666666,0.5392450507668777,-0.061980353906782804,0.07817521322813575,10,vix
lstm,L,44,pid_cqr,low_vix,0.8219780219780219,0.4068728191163392,0.05023494832715303,0.2166460838875026,10,vix
lstm,L,44,pid_local_cqr,high_vix,0.7944444444444444,0.5437153812492197,-0.0771011311510551,0.1249956067091707,10,vix
lstm,L,44,pid_local_cqr,low_vix,0.8208791208791208,0.41945798525645467,0.05836880287203006,0.20913652509772332,10,vix
lstm,L,44,pid_tan_cqr,high_vix,0.8,0.6020539918981966,-0.15962239262937572,0.08866029233336897,10,vix
lstm,L,44,pid_tan_cqr,low_vix,0.8494505494505494,0.5075434022211239,-0.17252062493785547,0.13284095505608445,10,vix
lstm,L,44,saocp_cqr,high_vix,0.8777777777777778,0.5523651605136461,-0.06845545413202858,0.06247815753378866,10,vix
lstm,L,44,saocp_cqr,low_vix,0.9241758241758242,0.47063850477307095,-0.029148348695639315,0.12128317905928532,10,vix
lstm,L,44,sfogd_cqr,high_vix,0.7666666666666667,0.5636564193766967,-0.09492747050664507,0.09392997841514839,10,vix
lstm,L,44,sfogd_cqr,low_vix,0.8241758241758241,0.41421461538990445,0.03563111697242122,0.2231812961023065,10,vix
lstm,L,44,spci_cqr,high_vix,0.7138888888888889,0.5572102567487474,-0.06834635404774148,0.09879372710366746,10,vix
lstm,L,44,spci_cqr,low_vix,0.8043956043956044,0.4105129207968985,0.05174777157011423,0.264042071483355,10,vix
lstm_const,G,42,aci_cqr,high_vix,0.7111111111111111,0.4808366963866352,-0.02421713859369279,0.1522133815705905,10,vix
lstm_const,G,42,aci_cqr,low_vix,0.8516483516483516,0.37943168367741203,0.14811487467085738,0.23003932638049435,10,vix
lstm_const,G,42,agaci_cqr,high_vix,0.7138888888888889,0.4903488367191906,-0.02836689797888814,0.08033927614414885,10,vix
lstm_const,G,42,agaci_cqr,low_vix,0.843956043956044,0.36349102282919105,0.16147406953043186,0.27338321602280424,10,vix
lstm_const,G,42,cqr_rolling,high_vix,0.7361111111111112,0.47323995407655517,-0.006426234163901479,0.17353135403596587,10,vix
lstm_const,G,42,cqr_rolling,low_vix,0.8692307692307693,0.38987941998150405,0.1524334703533744,0.2081519971813894,10,vix
lstm_const,G,42,cqr_static,high_vix,0.8833333333333333,0.727030590510472,-0.06637537117823133,0.1885141370205961,10,vix
lstm_const,G,42,cqr_static,low_vix,0.9472527472527472,0.6832101073573293,-0.049335181802726336,0.3701295877103049,10,vix
lstm_const,G,42,decay_ocp_cqr,high_vix,0.8638888888888889,0.5494555830292153,-0.034111758928190516,0.05209970446374934,10,vix
lstm_const,G,42,decay_ocp_cqr,low_vix,0.9406593406593406,0.5076056970580723,-0.00520863960434037,0.08815880966106276,10,vix
lstm_const,G,42,dtaci_cqr,high_vix,0.7388888888888889,0.4822739590154692,-0.016061469770668024,0.13619172628154377,10,vix
lstm_const,G,42,dtaci_cqr,low_vix,0.8582417582417582,0.3697617286838879,0.1504353703611604,0.24344572415292678,10,vix
lstm_const,G,42,mondrian_cqr,high_vix,0.8194444444444444,0.526945570445336,-0.0710544977558889,0.1938285800577489,10,vix
lstm_const,G,42,mondrian_cqr,low_vix,0.8747252747252747,0.4335019433598749,0.05325362042456733,0.25333105914231335,10,vix
lstm_const,G,42,native,high_vix,0.8444444444444444,0.5423572783429382,-0.0257697078834086,0.050264579053297676,10,vix
lstm_const,G,42,native,low_vix,0.9340659340659341,0.4645599564729648,0.011655224094516414,0.02402432968196616,10,vix
lstm_const,G,42,pid_cqr,high_vix,0.7444444444444445,0.4912681649495974,-0.03348368396856094,0.10393926925975569,10,vix
lstm_const,G,42,pid_cqr,low_vix,0.8461538461538461,0.379166239110378,0.15331427183822194,0.20150270078952462,10,vix
lstm_const,G,42,pid_local_cqr,high_vix,0.7611111111111111,0.5133691550424093,-0.025000263298430303,0.07079961934161116,10,vix
lstm_const,G,42,pid_local_cqr,low_vix,0.8406593406593407,0.4096594773902006,0.12915699497060945,0.16446561303409668,10,vix
lstm_const,G,42,pid_tan_cqr,high_vix,0.7277777777777777,0.5388618612941193,-0.1491768106245155,0.174584820688938,10,vix
lstm_const,G,42,pid_tan_cqr,low_vix,0.8571428571428571,0.4259078802372357,0.0071953305608534746,0.2881286268518962,10,vix
lstm_const,G,42,saocp_cqr,high_vix,0.8888888888888888,0.5526107617653353,-0.06338702092893345,0.037302970480223296,10,vix
lstm_const,G,42,saocp_cqr,low_vix,0.9472527472527472,0.5041943544513137,-0.04481660947719657,0.05470646999900797,10,vix
lstm_const,G,42,sfogd_cqr,high_vix,0.7333333333333333,0.5148902710904828,-0.018979337677024866,0.08587530083785855,10,vix
lstm_const,G,42,sfogd_cqr,low_vix,0.8340659340659341,0.41808619444306744,0.09890244698721057,0.14960429011004756,10,vix
lstm_const,G,42,spci_cqr,high_vix,0.6722222222222223,0.5237685685037201,-0.06296223533585543,0.15987421102450053,10,vix
lstm_const,G,42,spci_cqr,low_vix,0.8164835164835165,0.37594341896091965,0.1332164738410923,0.23997751597152875,10,vix
lstm_const,G,43,aci_cqr,high_vix,0.7194444444444444,0.45637759399545835,0.016195164433686904,0.1799402759700714,10,vix
lstm_const,G,43,aci_cqr,low_vix,0.8406593406593407,0.3951250206031581,0.13209175855908273,0.22944263678905674,10,vix
lstm_const,G,43,agaci_cqr,high_vix,0.7111111111111111,0.46350536272212733,0.013477582882697514,0.10524862423909803,10,vix
lstm_const,G,43,agaci_cqr,low_vix,0.8318681318681319,0.3836024564084496,0.14429530753292696,0.24273561547060263,10,vix
lstm_const,G,43,cqr_rolling,high_vix,0.7527777777777778,0.457059096486009,0.0364290442170197,0.17996961753269555,10,vix
lstm_const,G,43,cqr_rolling,low_vix,0.8516483516483516,0.40662413071334763,0.13702973152845505,0.19372051198770993,10,vix
lstm_const,G,43,cqr_static,high_vix,0.8333333333333334,0.7110241813851316,-0.05367471734643825,0.22313384718515344,10,vix
lstm_const,G,43,cqr_static,low_vix,0.8846153846153846,0.670958293367724,-0.04191035080542427,0.5269326143293551,10,vix
lstm_const,G,43,decay_ocp_cqr,high_vix,0.8472222222222222,0.5411101748783228,-0.019538858163705042,0.06367813998533772,10,vix
lstm_const,G,43,decay_ocp_cqr,low_vix,0.9274725274725275,0.5026322586933255,0.0030972414102606316,0.13772625972836972,10,vix
lstm_const,G,43,dtaci_cqr,high_vix,0.7416666666666667,0.4562624744680383,0.013752829008325806,0.18182287702351,10,vix
lstm_const,G,43,dtaci_cqr,low_vix,0.8472527472527472,0.3889755404849497,0.1325673337782638,0.23218793717920705,10,vix
lstm_const,G,43,mondrian_cqr,high_vix,0.8138888888888889,0.507988222909769,-0.05981430752609085,0.20007311018851429,10,vix
lstm_const,G,43,mondrian_cqr,low_vix,0.8736263736263736,0.4222955115274787,0.028618774151016546,0.21590339922623056,10,vix
lstm_const,G,43,native,high_vix,0.8638888888888889,0.5358822832753002,-0.020618941891129672,0.035756380899996276,10,vix
lstm_const,G,43,native,low_vix,0.932967032967033,0.47301559364422957,0.014415888066741211,0.020962217157733942,10,vix
lstm_const,G,43,pid_cqr,high_vix,0.7333333333333333,0.4677124527503908,0.008918545245947596,0.13038406899521945,10,vix
lstm_const,G,43,pid_cqr,low_vix,0.8428571428571429,0.3983542870589536,0.1359806633682396,0.18057454141466442,10,vix
lstm_const,G,43,pid_local_cqr,high_vix,0.7527777777777778,0.5134983995076706,-0.01901310708593751,0.02996112695874814,10,vix
lstm_const,G,43,pid_local_cqr,low_vix,0.8362637362637363,0.4296158166110511,0.09537953598271587,0.1377103605926876,10,vix
lstm_const,G,43,pid_tan_cqr,high_vix,0.7527777777777778,0.5116574626851161,-0.12606888582344722,0.17317863079162574,10,vix
lstm_const,G,43,pid_tan_cqr,low_vix,0.845054945054945,0.45533018317505236,0.008722067671436129,0.20275526382919162,10,vix
lstm_const,G,43,saocp_cqr,high_vix,0.9055555555555556,0.5392114830927602,-0.03801103078766743,0.046512071398844446,10,vix
lstm_const,G,43,saocp_cqr,low_vix,0.9472527472527472,0.5211022330894364,-0.05887982458738861,0.07225036772583793,10,vix
lstm_const,G,43,sfogd_cqr,high_vix,0.7444444444444445,0.5075389046708935,0.0024955007251539763,0.08954025709063831,10,vix
lstm_const,G,43,sfogd_cqr,low_vix,0.8263736263736263,0.4505477285368383,0.031096520304615682,0.1320188945534007,10,vix
lstm_const,G,43,spci_cqr,high_vix,0.6805555555555556,0.4971279150358144,-0.05502449555502775,0.15358569048131748,10,vix
lstm_const,G,43,spci_cqr,low_vix,0.8065934065934066,0.4002892064248119,0.12034555109208772,0.24019001877088872,10,vix
lstm_const,G,44,aci_cqr,high_vix,0.7194444444444444,0.44591228086172235,0.027946081590678407,0.16803421254386947,10,vix
lstm_const,G,44,aci_cqr,low_vix,0.843956043956044,0.3870158986134972,0.12829191684516833,0.24285240139392814,10,vix
lstm_const,G,44,agaci_cqr,high_vix,0.7194444444444444,0.4593937667763142,0.0029688982596475233,0.06556028775127845,10,vix
lstm_const,G,44,agaci_cqr,low_vix,0.8274725274725274,0.370804212823066,0.12133388660878924,0.246310584635687,10,vix
lstm_const,G,44,cqr_rolling,high_vix,0.75,0.44504832274978523,0.037124672917817736,0.1713075769740748,10,vix
lstm_const,G,44,cqr_rolling,low_vix,0.8549450549450549,0.3943928447447453,0.1270189055421969,0.21311420910660947,10,vix
lstm_const,G,44,cqr_static,high_vix,0.8388888888888889,0.6785736472194,-0.04357150820245448,0.1317353172508618,10,vix
lstm_const,G,44,cqr_static,low_vix,0.9065934065934066,0.6377804622908113,-0.03512142773254334,0.35717606073878405,10,vix
lstm_const,G,44,decay_ocp_cqr,high_vix,0.8611111111111112,0.5247263631974791,-0.0068052098343511225,0.05291975381992789,10,vix
lstm_const,G,44,decay_ocp_cqr,low_vix,0.9318681318681319,0.49478530548771,0.009088355094419631,0.09115749712254981,10,vix
lstm_const,G,44,dtaci_cqr,high_vix,0.7444444444444445,0.44669981941136166,0.022734768057988186,0.15404728899514197,10,vix
lstm_const,G,44,dtaci_cqr,low_vix,0.8472527472527472,0.375825962480596,0.12945325882796527,0.25007743056161913,10,vix
lstm_const,G,44,mondrian_cqr,high_vix,0.8166666666666667,0.4843406717153556,-0.02672455069131796,0.17064881643599017,10,vix
lstm_const,G,44,mondrian_cqr,low_vix,0.8582417582417582,0.42090685001583494,0.04628322461402473,0.22534922527861104,10,vix
lstm_const,G,44,native,high_vix,0.8694444444444445,0.5191501761989462,-0.0019616790400998063,0.021178477856786504,10,vix
lstm_const,G,44,native,low_vix,0.9318681318681319,0.47002963093174116,0.0074067674844452425,0.008500925868977355,10,vix
lstm_const,G,44,pid_cqr,high_vix,0.7416666666666667,0.45421295283590524,-0.00044077412648274583,0.18331634776058398,10,vix
lstm_const,G,44,pid_cqr,low_vix,0.8384615384615385,0.384878927101927,0.13582681743825437,0.21393289654429845,10,vix
lstm_const,G,44,pid_local_cqr,high_vix,0.7444444444444445,0.4877027961281779,-0.004936200640053512,0.12312246113255776,10,vix
lstm_const,G,44,pid_local_cqr,low_vix,0.8406593406593407,0.41996788627485276,0.0862347599522913,0.11952129958585556,10,vix
lstm_const,G,44,pid_tan_cqr,high_vix,0.7444444444444445,0.4968869832908522,-0.13787011262332105,0.20054695793110358,10,vix
lstm_const,G,44,pid_tan_cqr,low_vix,0.8494505494505494,0.4360808095683799,-0.048158779450584555,0.2429901225368653,10,vix
lstm_const,G,44,saocp_cqr,high_vix,0.9,0.5512807443391158,-0.054344277092185256,0.051465158635812136,10,vix
lstm_const,G,44,saocp_cqr,low_vix,0.9439560439560439,0.5126428291410747,-0.048033357428371115,0.03590450066341516,10,vix
lstm_const,G,44,sfogd_cqr,high_vix,0.7361111111111112,0.5160088384897004,-0.03632315555232979,0.07873058509134895,10,vix
lstm_const,G,44,sfogd_cqr,low_vix,0.8307692307692308,0.4345358713677212,0.07428147234785054,0.13788613317716247,10,vix
lstm_const,G,44,spci_cqr,high_vix,0.6805555555555556,0.4879077773259079,-0.04860021195913522,0.11262339547214298,10,vix
lstm_const,G,44,spci_cqr,low_vix,0.798901098901099,0.3975589931558852,0.11015762196748674,0.2077315982104947,10,vix
lstm_const,GF,42,aci_cqr,high_vix,0.7166666666666667,0.4831704549548319,-0.02215954097327144,0.12395645809395875,10,vix
lstm_const,GF,42,aci_cqr,low_vix,0.8516483516483516,0.3787948193349927,0.14698578120077638,0.23214708818820123,10,vix
lstm_const,GF,42,agaci_cqr,high_vix,0.7111111111111111,0.491957616933381,-0.029401217589032358,0.05565145685094941,10,vix
lstm_const,GF,42,agaci_cqr,low_vix,0.8428571428571429,0.36271667408964087,0.16020437055414583,0.276026992693608,10,vix
lstm_const,GF,42,cqr_rolling,high_vix,0.7388888888888889,0.47602080557467313,-0.005574628504241674,0.15428427445126908,10,vix
lstm_const,GF,42,cqr_rolling,low_vix,0.8725274725274725,0.38809661715891625,0.1518587444195339,0.21436805954281732,10,vix
lstm_const,GF,42,cqr_static,high_vix,0.8888888888888888,0.7242175307084086,-0.05851962147642964,0.19136654497051453,10,vix
lstm_const,GF,42,cqr_static,low_vix,0.9494505494505494,0.681129929920315,-0.04050145455168419,0.3951418685711262,10,vix
lstm_const,GF,42,decay_ocp_cqr,high_vix,0.8638888888888889,0.5488498296449532,-0.03477452520508728,0.05039579124969415,10,vix
lstm_const,GF,42,decay_ocp_cqr,low_vix,0.9439560439560439,0.5078040983815183,-0.0018916336470197748,0.07603065520940394,10,vix
lstm_const,GF,42,dtaci_cqr,high_vix,0.7305555555555555,0.4827274833334422,-0.016739137615466526,0.10716768267506191,10,vix
lstm_const,GF,42,dtaci_cqr,low_vix,0.8593406593406593,0.36842687874868224,0.1521307799588011,0.24880280061907967,10,vix
lstm_const,GF,42,mondrian_cqr,high_vix,0.8083333333333333,0.5477750949801397,-0.08571688233812091,0.10729315062810602,10,vix
lstm_const,GF,42,mondrian_cqr,low_vix,0.8802197802197802,0.42943191777128725,0.03138207001082133,0.2371880565316272,10,vix
lstm_const,GF,42,native,high_vix,0.8444444444444444,0.5394094084193516,-0.023097242956627295,0.0415324070992632,10,vix
lstm_const,GF,42,native,low_vix,0.9296703296703297,0.4646304513745788,0.012166950222347706,0.021989594938155638,10,vix
lstm_const,GF,42,pid_cqr,high_vix,0.7361111111111112,0.4932890333719404,-0.04491064676368306,0.07444057593379888,10,vix
lstm_const,GF,42,pid_cqr,low_vix,0.8483516483516483,0.3764804449875638,0.1525465892713893,0.2134987554562874,10,vix
lstm_const,GF,42,pid_local_cqr,high_vix,0.7611111111111111,0.5120511661961911,-0.0372426150964128,0.049858291444720926,10,vix
lstm_const,GF,42,pid_local_cqr,low_vix,0.8417582417582418,0.40747112745425884,0.11838978303105169,0.16044669108641924,10,vix
lstm_const,GF,42,pid_tan_cqr,high_vix,0.7333333333333333,0.5413512137354819,-0.1716386076345049,0.15088789841223893,10,vix
lstm_const,GF,42,pid_tan_cqr,low_vix,0.8593406593406593,0.42315088412707624,0.0053156587990640936,0.29697905427367355,10,vix
lstm_const,GF,42,saocp_cqr,high_vix,0.8888888888888888,0.5601254150178893,-0.0651122824003404,0.04194280599817318,10,vix
lstm_const,GF,42,saocp_cqr,low_vix,0.9461538461538461,0.506737530611164,-0.05745899055167902,0.05331244124534529,10,vix
lstm_const,GF,42,sfogd_cqr,high_vix,0.7305555555555555,0.5138482136298238,-0.04493183573755066,0.08243437095156134,10,vix
lstm_const,GF,42,sfogd_cqr,low_vix,0.832967032967033,0.4161365608355188,0.10222296156050542,0.16661929242303103,10,vix
lstm_const,GF,42,spci_cqr,high_vix,0.6638888888888889,0.5349843691734795,-0.07150567055094514,0.11738078294699134,10,vix
lstm_const,GF,42,spci_cqr,low_vix,0.8197802197802198,0.3706967971502465,0.13916029413743075,0.21959393791051215,10,vix
lstm_const,GF,43,aci_cqr,high_vix,0.7194444444444444,0.4535901475929252,0.011384692454203316,0.17960280821547447,10,vix
lstm_const,GF,43,aci_cqr,low_vix,0.845054945054945,0.39570694088608066,0.12479262578720551,0.22622831332390433,10,vix
lstm_const,GF,43,agaci_cqr,high_vix,0.7055555555555556,0.46201251386934655,0.011686890483501411,0.11031320762405813,10,vix
lstm_const,GF,43,agaci_cqr,low_vix,0.8384615384615385,0.38454834218500555,0.1369617318444426,0.24241009128993207,10,vix
lstm_const,GF,43,cqr_rolling,high_vix,0.7444444444444445,0.4575590718891053,0.03311339368363592,0.18432505282703326,10,vix
lstm_const,GF,43,cqr_rolling,low_vix,0.8571428571428571,0.40586279421859456,0.1279331294518205,0.19541094965588843,10,vix
lstm_const,GF,43,cqr_static,high_vix,0.8472222222222222,0.7034794517090904,-0.03526845015745339,0.23103456315727616,10,vix
lstm_const,GF,43,cqr_static,low_vix,0.8989010989010989,0.6637581712472137,-0.03309477677194039,0.4805770351950671,10,vix
lstm_const,GF,43,decay_ocp_cqr,high_vix,0.8555555555555555,0.5367438394781956,-0.01777525839579308,0.06283418182398726,10,vix
lstm_const,GF,43,decay_ocp_cqr,low_vix,0.9274725274725275,0.5016474451047995,-0.007219064197297842,0.12781176332778055,10,vix
lstm_const,GF,43,dtaci_cqr,high_vix,0.7472222222222222,0.45473541950857943,0.015282514073223397,0.18095781645251371,10,vix
lstm_const,GF,43,dtaci_cqr,low_vix,0.8494505494505494,0.3894591107313447,0.12499189173929709,0.22703764062223725,10,vix
lstm_const,GF,43,mondrian_cqr,high_vix,0.7833333333333333,0.5077331419693198,-0.030364826601756212,0.17743077221908196,10,vix
lstm_const,GF,43,mondrian_cqr,low_vix,0.8670329670329671,0.4217019306317232,0.019795695336823738,0.1691477345447793,10,vix
lstm_const,GF,43,native,high_vix,0.8611111111111112,0.532934794459686,-0.01934053175218653,0.030800942385899754,10,vix
lstm_const,GF,43,native,low_vix,0.9296703296703297,0.47442114836635013,0.012057416416503153,0.01842006208150132,10,vix
lstm_const,GF,43,pid_cqr,high_vix,0.7361111111111112,0.468227359523396,0.008514803746588473,0.14103872194860118,10,vix
lstm_const,GF,43,pid_cqr,low_vix,0.8417582417582418,0.39975086818763145,0.1284882669592195,0.18482280462513057,10,vix
lstm_const,GF,43,pid_local_cqr,high_vix,0.7527777777777778,0.5105488854068908,-0.02394773244564341,0.0480769471994858,10,vix
lstm_const,GF,43,pid_local_cqr,low_vix,0.8373626373626374,0.43321231989400244,0.09441016140699665,0.15275075820703451,10,vix
lstm_const,GF,43,pid_tan_cqr,high_vix,0.7416666666666667,0.5095510101439542,-0.11618883081254039,0.1924988226356061,10,vix
lstm_const,GF,43,pid_tan_cqr,low_vix,0.8483516483516483,0.45503193434133304,0.012792649254773858,0.2185081601536689,10,vix
lstm_const,GF,43,saocp_cqr,high_vix,0.9055555555555556,0.536114544518557,-0.0247724783569514,0.05601562557363393,10,vix
lstm_const,GF,43,saocp_cqr,low_vix,0.9439560439560439,0.5210741883968648,-0.06114937694064171,0.06935849294732749,10,vix
lstm_const,GF,43,sfogd_cqr,high_vix,0.7277777777777777,0.5063233118128271,-0.028679779508485992,0.09613069933181942,10,vix
lstm_const,GF,43,sfogd_cqr,low_vix,0.832967032967033,0.4515479835698318,0.032199012824739526,0.13448028678210328,10,vix
lstm_const,GF,43,spci_cqr,high_vix,0.6722222222222223,0.509002119994697,-0.0846944641738051,0.17084234382369495,10,vix
lstm_const,GF,43,spci_cqr,low_vix,0.8010989010989011,0.40260503801533504,0.11516544823805053,0.23471358223554978,10,vix
lstm_const,GF,44,aci_cqr,high_vix,0.7166666666666667,0.4463517020204876,0.014862415688667363,0.18697179070356,10,vix
lstm_const,GF,44,aci_cqr,low_vix,0.8384615384615385,0.383550365661563,0.1396386205210532,0.24077221958833858,10,vix
lstm_const,GF,44,agaci_cqr,high_vix,0.7138888888888889,0.4589668855552956,0.004396582714010111,0.0826678914246356,10,vix
lstm_const,GF,44,agaci_cqr,low_vix,0.8362637362637363,0.36694879821910553,0.1257761082659149,0.2393752979483937,10,vix
lstm_const,GF,44,cqr_rolling,high_vix,0.7416666666666667,0.4443925194931874,0.03205430115334745,0.19024027894255618,10,vix
lstm_const,GF,44,cqr_rolling,low_vix,0.8604395604395605,0.39065685724399835,0.1335577979292329,0.21150275872881416,10,vix
lstm_const,GF,44,cqr_static,high_vix,0.8416666666666667,0.6865044028402523,-0.04135803787815928,0.13344628996217534,10,vix
lstm_const,GF,44,cqr_static,low_vix,0.9054945054945055,0.6448993327878146,-0.02921412550148006,0.3733281517994077,10,vix
lstm_const,GF,44,decay_ocp_cqr,high_vix,0.8611111111111112,0.5236964563596345,-0.012564623462692048,0.05929299724467299,10,vix
lstm_const,GF,44,decay_ocp_cqr,low_vix,0.9307692307692308,0.4942664545785824,-0.0007094220857866151,0.08894528090721798,10,vix
lstm_const,GF,44,dtaci_cqr,high_vix,0.7361111111111112,0.44691099323235384,0.008804672581383843,0.15430521242888526,10,vix
lstm_const,GF,44,dtaci_cqr,low_vix,0.8505494505494505,0.37358188389600294,0.1332429182286478,0.2444439206183244,10,vix
lstm_const,GF,44,mondrian_cqr,high_vix,0.8222222222222222,0.5037706157362016,-0.029521340369761173,0.18034104385596098,10,vix
lstm_const,GF,44,mondrian_cqr,low_vix,0.8703296703296703,0.43056809201840845,0.03030348881035938,0.2147524396317039,10,vix
lstm_const,GF,44,native,high_vix,0.8611111111111112,0.5192004060471171,-0.005606765814895831,0.023458359930421974,10,vix
lstm_const,GF,44,native,low_vix,0.9307692307692308,0.47030656263194576,0.009373946287606905,0.013811423213926921,10,vix
lstm_const,GF,44,pid_cqr,high_vix,0.7472222222222222,0.45753670439947164,0.009484452242620178,0.1221937486036837,10,vix
lstm_const,GF,44,pid_cqr,low_vix,0.8351648351648352,0.38258068282357216,0.14300220334250507,0.19355851237931376,10,vix
lstm_const,GF,44,pid_local_cqr,high_vix,0.7388888888888889,0.4892323608412293,-0.00981239997863026,0.12325226459275598,10,vix
lstm_const,GF,44,pid_local_cqr,low_vix,0.843956043956044,0.4084147284409764,0.11461149526446945,0.12060021610071223,10,vix
lstm_const,GF,44,pid_tan_cqr,high_vix,0.7416666666666667,0.5067347480451191,-0.13718348169750982,0.20489770008083902,10,vix
lstm_const,GF,44,pid_tan_cqr,low_vix,0.8516483516483516,0.43767442046895233,-0.029413405086629207,0.22340813413338775,10,vix
lstm_const,GF,44,saocp_cqr,high_vix,0.9027777777777778,0.5537458477859311,-0.04779256246174879,0.052761646123922534,10,vix
lstm_const,GF,44,saocp_cqr,low_vix,0.9428571428571428,0.510261276575048,-0.043702027008759026,0.036547403705883164,10,vix
lstm_const,GF,44,sfogd_cqr,high_vix,0.7277777777777777,0.5032258723649884,-0.021699752522707838,0.0743808043690189,10,vix
lstm_const,GF,44,sfogd_cqr,low_vix,0.8373626373626374,0.42825681123031106,0.08513739053719344,0.1407108580527317,10,vix
lstm_const,GF,44,spci_cqr,high_vix,0.6638888888888889,0.4904032750152501,-0.03834112751458385,0.1809216994545562,10,vix
lstm_const,GF,44,spci_cqr,low_vix,0.798901098901099,0.3971888344590673,0.13127669911600226,0.22284354652316032,10,vix
lstm_const,L,42,aci_cqr,high_vix,0.7194444444444444,0.48795012777174107,0.0291467247496619,0.15403322827110327,10,vix
lstm_const,L,42,aci_cqr,low_vix,0.8472527472527472,0.40712722071429464,0.1071324791057578,0.2164826468898215,10,vix
lstm_const,L,42,agaci_cqr,high_vix,0.7305555555555555,0.48429716464296146,-0.004515907910285,0.14008516641259813,10,vix
lstm_const,L,42,agaci_cqr,low_vix,0.8362637362637363,0.3932983173144837,0.10390016604454311,0.2460180949760178,10,vix
lstm_const,L,42,cqr_rolling,high_vix,0.7444444444444445,0.47760803240141114,0.04381082137055087,0.15004849414644958,10,vix
lstm_const,L,42,cqr_rolling,low_vix,0.8604395604395605,0.41542009156587006,0.10834725578095877,0.18841385941891317,10,vix
lstm_const,L,42,cqr_static,high_vix,0.8833333333333333,0.7188967282154469,-0.04935709335524108,0.21234803304061506,10,vix
lstm_const,L,42,cqr_static,low_vix,0.9274725274725275,0.6865533806916518,-0.026565462472159518,0.2570066432666915,10,vix
lstm_const,L,42,decay_ocp_cqr,high_vix,0.8638888888888889,0.5465485451868012,-0.02500667938658485,0.0773217469121606,10,vix
lstm_const,L,42,decay_ocp_cqr,low_vix,0.9153846153846154,0.5204796929261697,-0.00645344604745296,0.11299040306794084,10,vix
lstm_const,L,42,dtaci_cqr,high_vix,0.7305555555555555,0.48073665535581256,0.013109754341374347,0.13402804743951074,10,vix
lstm_const,L,42,dtaci_cqr,low_vix,0.8516483516483516,0.3959769766579129,0.09871132365898921,0.2366535343679823,10,vix
lstm_const,L,42,mondrian_cqr,high_vix,0.8055555555555556,0.5776097376135789,-0.08294293874765557,0.09548915784402007,10,vix
lstm_const,L,42,mondrian_cqr,low_vix,0.8681318681318682,0.43818571503309056,-0.00873700774890962,0.20387914738885352,10,vix
lstm_const,L,42,native,high_vix,0.8527777777777777,0.5215941461643048,-0.010644724719781284,0.062033131401100144,10,vix
lstm_const,L,42,native,low_vix,0.9065934065934066,0.46720757623090314,0.03217432922052049,0.08013965213913263,10,vix
lstm_const,L,42,pid_cqr,high_vix,0.7388888888888889,0.4910508871485172,-0.003416101167102892,0.1301699080741581,10,vix
lstm_const,L,42,pid_cqr,low_vix,0.8417582417582418,0.40172120601481714,0.08887011962377256,0.22051746906696487,10,vix
lstm_const,L,42,pid_local_cqr,high_vix,0.7694444444444445,0.5165300030030899,-0.03265386524210856,0.0973022134487403,10,vix
lstm_const,L,42,pid_local_cqr,low_vix,0.8340659340659341,0.43558210913762274,0.08151281578660236,0.12223594262481491,10,vix
lstm_const,L,42,pid_tan_cqr,high_vix,0.7444444444444445,0.5287815842472544,-0.16881828368261342,0.18903280322867744,10,vix
lstm_const,L,42,pid_tan_cqr,low_vix,0.8472527472527472,0.44598287184803703,-0.06575427140090107,0.28783289101072074,10,vix
lstm_const,L,42,saocp_cqr,high_vix,0.8888888888888888,0.5515862077491906,-0.04239159101815859,0.07468706232553557,10,vix
lstm_const,L,42,saocp_cqr,low_vix,0.9263736263736264,0.5077589667179983,-0.053566364358820895,0.05682845850968793,10,vix
lstm_const,L,42,sfogd_cqr,high_vix,0.7472222222222222,0.5086078835319169,-0.03252575561758664,0.10017978496658664,10,vix
lstm_const,L,42,sfogd_cqr,low_vix,0.8285714285714286,0.4495851925975525,0.03542964479076416,0.11422254457297187,10,vix
lstm_const,L,42,spci_cqr,high_vix,0.6722222222222223,0.51955905745302,-0.06161467214992988,0.16546411885143272,10,vix
lstm_const,L,42,spci_cqr,low_vix,0.7934065934065934,0.4029191836969179,0.05365898752234255,0.32099925499689586,10,vix
lstm_const,L,43,aci_cqr,high_vix,0.7222222222222222,0.5100861230575552,-0.010770624713390187,0.12626429912013193,10,vix
lstm_const,L,43,aci_cqr,low_vix,0.832967032967033,0.412879294392069,0.11060624902628324,0.15783151940087747,10,vix
lstm_const,L,43,agaci_cqr,high_vix,0.7416666666666667,0.5113562498960275,-0.01399999383203221,0.10696359530519431,10,vix
lstm_const,L,43,agaci_cqr,low_vix,0.8307692307692308,0.39694134926414165,0.12020166537323895,0.19012088362696153,10,vix
lstm_const,L,43,cqr_rolling,high_vix,0.7444444444444445,0.4999842419212622,-0.008035642460143655,0.13858678910542496,10,vix
lstm_const,L,43,cqr_rolling,low_vix,0.8483516483516483,0.423525733504927,0.08714835664131743,0.14881106703626903,10,vix
lstm_const,L,43,cqr_static,high_vix,0.8694444444444445,0.7516424951582034,-0.07962654147486559,0.2950492934627229,10,vix
lstm_const,L,43,cqr_static,low_vix,0.9307692307692308,0.7071168937527936,-0.07701828541401512,0.33616488648290443,10,vix
lstm_const,L,43,decay_ocp_cqr,high_vix,0.8472222222222222,0.5755948464320672,-0.05181260387846276,0.0604474841837882,10,vix
lstm_const,L,43,decay_ocp_cqr,low_vix,0.9186813186813186,0.5370118147884043,0.002609068236122114,0.14797422075978509,10,vix
lstm_const,L,43,dtaci_cqr,high_vix,0.7333333333333333,0.5053210674624727,-0.014174437940822071,0.09809540041436482,10,vix
lstm_const,L,43,dtaci_cqr,low_vix,0.8417582417582418,0.40033931361179936,0.12226970782013108,0.17014828479734437,10,vix
lstm_const,L,43,mondrian_cqr,high_vix,0.8333333333333334,0.5594838518811245,-0.08798044012817885,0.1542538594313621,10,vix
lstm_const,L,43,mondrian_cqr,low_vix,0.8791208791208791,0.44079513337430065,-0.007534735786057234,0.19971915004268254,10,vix
lstm_const,L,43,native,high_vix,0.8361111111111111,0.5469561491004865,-0.045093702214865194,0.058667924106898306,10,vix
lstm_const,L,43,native,low_vix,0.910989010989011,0.4788692168132903,0.00824193231693926,0.03062725104374167,10,vix
lstm_const,L,43,pid_cqr,high_vix,0.7444444444444445,0.5410780406702999,-0.05031143338207156,0.09922400915843466,10,vix
lstm_const,L,43,pid_cqr,low_vix,0.8384615384615385,0.4089089196808984,0.11542064519008155,0.15195753073088486,10,vix
lstm_const,L,43,pid_local_cqr,high_vix,0.7666666666666667,0.5480722379411204,-0.037808993869027474,0.10077502764926047,10,vix
lstm_const,L,43,pid_local_cqr,low_vix,0.8395604395604396,0.45636900008210435,0.062309746046777026,0.17641713404515913,10,vix
lstm_const,L,43,pid_tan_cqr,high_vix,0.75,0.5949742784490398,-0.14632732395943715,0.15603503946348146,10,vix
lstm_const,L,43,pid_tan_cqr,low_vix,0.8516483516483516,0.45584766100725027,-0.02737203252481668,0.18861124610644847,10,vix
lstm_const,L,43,saocp_cqr,high_vix,0.8722222222222222,0.5800823859527057,-0.081102496220683,0.03633840218600387,10,vix
lstm_const,L,43,saocp_cqr,low_vix,0.9318681318681319,0.5161555103513482,-0.05731558927698022,0.09495484491664746,10,vix
lstm_const,L,43,sfogd_cqr,high_vix,0.7416666666666667,0.5324201122574469,-0.021950657613181157,0.09850938652801516,10,vix
lstm_const,L,43,sfogd_cqr,low_vix,0.8296703296703297,0.4534248128037178,0.04118978796589756,0.147668184447827,10,vix
lstm_const,L,43,spci_cqr,high_vix,0.7,0.5465323661272797,-0.10023832939871757,0.07017780371439125,10,vix
lstm_const,L,43,spci_cqr,low_vix,0.7901098901098901,0.4226471797870933,0.10513485958725965,0.18010245524046314,10,vix
lstm_const,L,44,aci_cqr,high_vix,0.7333333333333333,0.47533638023469127,0.05464814917701133,0.15583215546246076,10,vix
lstm_const,L,44,aci_cqr,low_vix,0.8384615384615385,0.4090247157898285,0.07840401053366258,0.18819399561745875,10,vix
lstm_const,L,44,agaci_cqr,high_vix,0.7361111111111112,0.4817612752670104,0.06387412989231966,0.1497754065689196,10,vix
lstm_const,L,44,agaci_cqr,low_vix,0.8274725274725274,0.39372091703711837,0.0795153812983937,0.23147004077516914,10,vix
lstm_const,L,44,cqr_rolling,high_vix,0.7444444444444445,0.4808958164249226,0.06152713057219761,0.1411945550758,10,vix
lstm_const,L,44,cqr_rolling,low_vix,0.8527472527472527,0.42144327401309567,0.08371251430939958,0.134942378851216,10,vix
lstm_const,L,44,cqr_static,high_vix,0.8361111111111111,0.7047959815747499,-0.058202874582381714,0.2202386484266021,10,vix
lstm_const,L,44,cqr_static,low_vix,0.8945054945054945,0.6631871387642114,-0.0146839896292138,0.3953473969185892,10,vix
lstm_const,L,44,decay_ocp_cqr,high_vix,0.85,0.5588562378085173,-0.005764454108172279,0.07681945091451342,10,vix
lstm_const,L,44,decay_ocp_cqr,low_vix,0.9076923076923077,0.527913378181919,0.0074505928271238475,0.132454870586382,10,vix
lstm_const,L,44,dtaci_cqr,high_vix,0.75,0.47594367999554893,0.058304005313958684,0.15838599617745813,10,vix
lstm_const,L,44,dtaci_cqr,low_vix,0.8340659340659341,0.3982695356030272,0.08637242931173705,0.22184332766848197,10,vix
lstm_const,L,44,mondrian_cqr,high_vix,0.8111111111111111,0.54186856274147,-0.04097148985677568,0.0758765910781578,10,vix
lstm_const,L,44,mondrian_cqr,low_vix,0.8593406593406593,0.4333568834360484,-0.015522937604131926,0.22300863988232097,10,vix
lstm_const,L,44,native,high_vix,0.8722222222222222,0.540323723451607,0.012727104037818682,0.10078094378844266,10,vix
lstm_const,L,44,native,low_vix,0.9032967032967033,0.4743717105875836,0.016277890326851285,0.0592918637576198,10,vix
lstm_const,L,44,pid_cqr,high_vix,0.7666666666666667,0.48301666605264854,0.029108308108235947,0.14197039860774432,10,vix
lstm_const,L,44,pid_cqr,low_vix,0.8241758241758241,0.4057586579293618,0.0715715586071679,0.18649258267915034,10,vix
lstm_const,L,44,pid_local_cqr,high_vix,0.775,0.4897109974011633,0.014592621149627838,0.11730685743855113,10,vix
lstm_const,L,44,pid_local_cqr,low_vix,0.8241758241758241,0.44081784098493276,0.058061305592146784,0.10816573618418862,10,vix
lstm_const,L,44,pid_tan_cqr,high_vix,0.7611111111111111,0.5155848406240044,-0.05551158856983063,0.20518321702688738,10,vix
lstm_const,L,44,pid_tan_cqr,low_vix,0.8362637362637363,0.452111673920547,-0.10903564491555606,0.22918947450882438,10,vix
lstm_const,L,44,saocp_cqr,high_vix,0.9111111111111111,0.5300591051582704,-0.012507099485472573,0.09264148873035072,10,vix
lstm_const,L,44,saocp_cqr,low_vix,0.9241758241758242,0.5303429645939499,-0.07847475329148756,0.07754605254685032,10,vix
lstm_const,L,44,sfogd_cqr,high_vix,0.7694444444444445,0.5133584705671471,0.016097427698148592,0.09252731985245385,10,vix
lstm_const,L,44,sfogd_cqr,low_vix,0.8241758241758241,0.4569559215932077,-0.002537706422316155,0.0931165785572384,10,vix
lstm_const,L,44,spci_cqr,high_vix,0.725,0.5087769182245216,-0.01854141644714946,0.2254488127210896,10,vix
lstm_const,L,44,spci_cqr,low_vix,0.789010989010989,0.4141554646111048,0.02826827093523787,0.26940951513078837,10,vix
rw,L,42,aci_cqr,high_vix,0.7333333333333333,0.447980111111111,-0.003764188365176113,0.19832065043873004,10,vix
rw,L,42,aci_cqr,low_vix,0.8428571428571429,0.39430362637362626,0.0995398008468889,0.24077333510809004,10,vix
rw,L,42,agaci_cqr,high_vix,0.7277777777777777,0.4594222561708014,-0.012371877429834255,0.15593813101640996,10,vix
rw,L,42,agaci_cqr,low_vix,0.8318681318681319,0.3814581790869259,0.0915098108488957,0.23615520519363395,10,vix
rw,L,42,cqr_rolling,high_vix,0.7583333333333333,0.4420639999999999,0.022186894914534905,0.19386706188509495,10,vix
rw,L,42,cqr_rolling,low_vix,0.8582417582417582,0.4036871428571428,0.09296979667815064,0.21252336757464005,10,vix
rw,L,42,cqr_static,high_vix,0.8833333333333333,0.7001277777777776,-0.02201403677882674,0.24301788277125802,10,vix
rw,L,42,cqr_static,low_vix,0.9274725274725275,0.6731629670329669,-0.03877607920715598,0.5052644419016512,10,vix
rw,L,42,decay_ocp_cqr,high_vix,0.875,0.5437524403714379,-0.006569097013261804,0.023444998022518926,10,vix
rw,L,42,decay_ocp_cqr,low_vix,0.9241758241758242,0.5238833565508692,-0.008584780192323227,0.11247681162092021,10,vix
rw,L,42,dtaci_cqr,high_vix,0.75,0.44433474515438204,0.0054145194579636735,0.18613852611177734,10,vix
rw,L,42,dtaci_cqr,low_vix,0.845054945054945,0.38746765659384264,0.09350766656721476,0.24096973715326017,10,vix
rw,L,42,mondrian_cqr,high_vix,0.8222222222222222,0.5025088888888887,-0.011414669295109259,0.12637159331586587,10,vix
rw,L,42,mondrian_cqr,low_vix,0.8758241758241758,0.44736854945054944,0.024399951835918587,0.09387095052854025,10,vix
rw,L,42,native,high_vix,0.8694444444444445,0.5153751111111111,0.0,0.0,10,vix
rw,L,42,native,low_vix,0.9241758241758242,0.4807289450549452,0.0,0.0,10,vix
rw,L,42,pid_cqr,high_vix,0.75,0.46253622583477266,-0.007770237310041173,0.17671402276238385,10,vix
rw,L,42,pid_cqr,low_vix,0.8373626373626374,0.39441246076612796,0.09700200804749315,0.19191677231859158,10,vix
rw,L,42,pid_local_cqr,high_vix,0.775,0.49567521777777784,-0.011333590574244323,0.13975364480617467,10,vix
rw,L,42,pid_local_cqr,low_vix,0.832967032967033,0.4280258224175826,0.04844125408291944,0.15769957338113139,10,vix
rw,L,42,pid_tan_cqr,high_vix,0.75,0.5098494862240056,-0.0999050204125912,0.20162869533804934,10,vix
rw,L,42,pid_tan_cqr,low_vix,0.8384615384615385,0.4582635893298103,-0.0754521763782009,0.23917135635263592,10,vix
rw,L,42,saocp_cqr,high_vix,0.9,0.5536853012833326,-0.06324081777479085,0.055020836132755435,10,vix
rw,L,42,saocp_cqr,low_vix,0.9439560439560439,0.5207641528915186,-0.04929560723091708,0.03477608032124446,10,vix
rw,L,42,sfogd_cqr,high_vix,0.75,0.5044685273213318,-0.020535977909494796,0.11169266799704292,10,vix
rw,L,42,sfogd_cqr,low_vix,0.8197802197802198,0.4400556256926794,0.0385493400267099,0.13057594813766857,10,vix
rw,L,42,spci_cqr,high_vix,0.6916666666666667,0.47832555555555545,0.003949318070530783,0.10318151871262712,10,vix
rw,L,42,spci_cqr,low_vix,0.7967032967032966,0.39942613186813186,0.13186562827605686,0.20874245340044287,10,vix
tirex,ZS,42,aci_cqr,high_vix,0.7694444444444445,0.46405006662944953,0.02142781381747333,0.20211123473681403,10,vix
tirex,ZS,42,aci_cqr,low_vix,0.8340659340659341,0.3627005974122849,0.17440454078956885,0.2998956215503745,10,vix
tirex,ZS,42,agaci_cqr,high_vix,0.7638888888888888,0.4599377910551043,0.0364755965382314,0.18616501499277266,10,vix
tirex,ZS,42,agaci_cqr,low_vix,0.8307692307692308,0.3611888673757358,0.17528964362784077,0.2971119191036095,10,vix
tirex,ZS,42,cqr_rolling,high_vix,0.7611111111111111,0.4598203975953658,0.03625011474862172,0.19060408015104166,10,vix
tirex,ZS,42,cqr_rolling,low_vix,0.8285714285714286,0.3611927997755611,0.17581526229051814,0.29790718927477894,10,vix
tirex,ZS,42,cqr_static,high_vix,0.7194444444444444,0.4721742485359642,0.0227026315315354,0.20628549273810148,10,vix
tirex,ZS,42,cqr_static,low_vix,0.7417582417582418,0.3650513574525681,0.11737017711389958,0.25602569819446674,10,vix
tirex,ZS,42,decay_ocp_cqr,high_vix,0.7472222222222222,0.4558966090932599,0.02818621098897839,0.18408230271420933,10,vix
tirex,ZS,42,decay_ocp_cqr,low_vix,0.7956043956043956,0.3528359126323651,0.19378324664081759,0.2630469499126906,10,vix
tirex,ZS,42,dtaci_cqr,high_vix,0.7805555555555556,0.46284605474286855,0.041177489913539256,0.19688712250472726,10,vix
tirex,ZS,42,dtaci_cqr,low_vix,0.8285714285714286,0.36405321273314784,0.1695501873858281,0.29985558145357627,10,vix
tirex,ZS,42,mondrian_cqr,high_vix,0.8027777777777778,0.4853707698951165,0.007435367828653561,0.31983021865857,10,vix
tirex,ZS,42,mondrian_cqr,low_vix,0.8912087912087913,0.4000086913484139,0.11588424155463345,0.24922489487486704,10,vix
tirex,ZS,42,native,high_vix,0.7833333333333333,0.4531934439920717,0.05451772329594484,0.20920777934969206,10,vix
tirex,ZS,42,native,low_vix,0.8252747252747252,0.35206460475653084,0.19753190857153358,0.26069310538300283,10,vix
tirex,ZS,42,pid_cqr,high_vix,0.7583333333333333,0.47111198366610546,0.020849081141362136,0.11839852985223709,10,vix
tirex,ZS,42,pid_cqr,low_vix,0.8153846153846154,0.3805846959749286,0.1306961533257795,0.26105429759769205,10,vix
tirex,ZS,42,pid_local_cqr,high_vix,0.7694444444444445,0.48191655065486966,-0.03480713406633862,0.2028558403911403,10,vix
tirex,ZS,42,pid_local_cqr,low_vix,0.810989010989011,0.4136093150353961,0.07350239748817439,0.2127129807862283,10,vix
tirex,ZS,42,pid_tan_cqr,high_vix,0.7583333333333333,0.5125922677426898,-0.08041982434712847,0.26034477988650717,10,vix
tirex,ZS,42,pid_tan_cqr,low_vix,0.823076923076923,0.42400114868003597,0.04856036554625465,0.27213277189355567,10,vix
tirex,ZS,42,saocp_cqr,high_vix,0.8416666666666667,0.4979423221209012,-0.03927182536226537,0.19845478898293795,10,vix
tirex,ZS,42,saocp_cqr,low_vix,0.8846153846153846,0.4514600704236591,-0.002796760951845889,0.1745446458883702,10,vix
tirex,ZS,42,sfogd_cqr,high_vix,0.7861111111111111,0.487392943444587,-0.03685450197773266,0.19459866874158457,10,vix
tirex,ZS,42,sfogd_cqr,low_vix,0.8076923076923077,0.42427780353056443,0.01624018462002519,0.21666054961635267,10,vix
tirex,ZS,42,spci_cqr,high_vix,0.7,0.47959045703881314,0.01516257136284127,0.1473621561526607,10,vix
tirex,ZS,42,spci_cqr,low_vix,0.7692307692307693,0.39141784117005685,0.15478793753850395,0.2659966067453001,10,vix
tirex2,ZS,42,aci_cqr,high_vix,0.7472222222222222,0.47281500052189657,0.03911724613189571,0.16482641167378992,10,vix
tirex2,ZS,42,aci_cqr,low_vix,0.8197802197802198,0.35344671466750766,0.15354603364181446,0.3014480241390406,10,vix
tirex2,ZS,42,agaci_cqr,high_vix,0.7416666666666667,0.47401085640736024,0.03529491358470793,0.16973995986037446,10,vix
tirex2,ZS,42,agaci_cqr,low_vix,0.8186813186813187,0.3520720220796069,0.15470795761959527,0.29477552280125824,10,vix
tirex2,ZS,42,cqr_rolling,high_vix,0.7416666666666667,0.4760274317627731,0.03553537162871312,0.17461593962396446,10,vix
tirex2,ZS,42,cqr_rolling,low_vix,0.8153846153846154,0.3522158174957221,0.16103737516035582,0.2911948813344222,10,vix
tirex2,ZS,42,cqr_static,high_vix,0.7111111111111111,0.46906555038702985,0.019114972823728205,0.17831931711235338,10,vix
tirex2,ZS,42,cqr_static,low_vix,0.7648351648351648,0.3430653615614543,0.17540143890109,0.24396753641633598,10,vix
tirex2,ZS,42,decay_ocp_cqr,high_vix,0.7388888888888889,0.4647265237075338,0.021910670842621438,0.18762773198000932,10,vix
tirex2,ZS,42,decay_ocp_cqr,low_vix,0.8054945054945055,0.34034875731865916,0.1757714069361042,0.273613454709545,10,vix
tirex2,ZS,42,dtaci_cqr,high_vix,0.7583333333333333,0.4778992775162131,0.03296201923307812,0.14745957305295163,10,vix
tirex2,ZS,42,dtaci_cqr,low_vix,0.8241758241758241,0.3529290570927325,0.15343297626229102,0.293501786709767,10,vix
tirex2,ZS,42,mondrian_cqr,high_vix,0.7666666666666667,0.4995919667952507,-0.012151290225156042,0.2178124888347799,10,vix
tirex2,ZS,42,mondrian_cqr,low_vix,0.8912087912087913,0.38875053220517686,0.09216696324111179,0.27587834279960965,10,vix
tirex2,ZS,42,native,high_vix,0.7944444444444444,0.4510205719843093,0.05405091468095652,0.2230637415928023,10,vix
tirex2,ZS,42,native,low_vix,0.8791208791208791,0.3559543023031819,0.17319443908412807,0.222358270602533,10,vix
tirex2,ZS,42,pid_cqr,high_vix,0.7416666666666667,0.46725327944450573,0.02543516592570305,0.13774900688357536,10,vix
tirex2,ZS,42,pid_cqr,low_vix,0.823076923076923,0.366060086196011,0.14994105985748257,0.24603566200188856,10,vix
tirex2,ZS,42,pid_local_cqr,high_vix,0.7666666666666667,0.5200466895208647,-0.020982339024994134,0.0951468909258133,10,vix
tirex2,ZS,42,pid_local_cqr,low_vix,0.8153846153846154,0.4023799647670136,0.10973051100527159,0.1948777783748761,10,vix
tirex2,ZS,42,pid_tan_cqr,high_vix,0.7694444444444445,0.5231791028539304,-0.15461986052615173,0.25527925040185995,10,vix
tirex2,ZS,42,pid_tan_cqr,low_vix,0.8263736263736263,0.40452079367854094,-0.006149177323410915,0.23607121852799265,10,vix
tirex2,ZS,42,saocp_cqr,high_vix,0.8527777777777777,0.5112601005029984,-0.03634970225654266,0.172898283518283,10,vix
tirex2,ZS,42,saocp_cqr,low_vix,0.9098901098901099,0.4360136606547482,0.047596161021068006,0.2002344629888909,10,vix
tirex2,ZS,42,sfogd_cqr,high_vix,0.7611111111111111,0.5161065600303091,-0.010910020617899585,0.07460527658934493,10,vix
tirex2,ZS,42,sfogd_cqr,low_vix,0.8164835164835165,0.4210317402614477,0.04216995638885551,0.1478267652686599,10,vix
tirex2,ZS,42,spci_cqr,high_vix,0.7083333333333334,0.5095912222432014,-0.01201803896320841,0.15230765685654166,10,vix
tirex2,ZS,42,spci_cqr,low_vix,0.7835164835164835,0.36588669374368354,0.15353756138204816,0.25132647693520627,10,vix
tirex2_cov,ZS,42,aci_cqr,high_vix,0.7472222222222222,0.4686231657576147,0.0571117879383406,0.16462202948447113,10,vix
tirex2_cov,ZS,42,aci_cqr,low_vix,0.8252747252747252,0.35641211356576985,0.14332194433138978,0.29540725883580615,10,vix
tirex2_cov,ZS,42,agaci_cqr,high_vix,0.7472222222222222,0.46858776831832644,0.045157494615453875,0.16460973356688127,10,vix
tirex2_cov,ZS,42,agaci_cqr,low_vix,0.8219780219780219,0.3529155535552361,0.14625890966378507,0.2950964519545579,10,vix
tirex2_cov,ZS,42,cqr_rolling,high_vix,0.7444444444444445,0.4709769711162895,0.045496905231562634,0.1670307171441554,10,vix
tirex2_cov,ZS,42,cqr_rolling,low_vix,0.8219780219780219,0.3534030822528588,0.14651524336718397,0.2912658204155992,10,vix
tirex2_cov,ZS,42,cqr_static,high_vix,0.7444444444444445,0.4532948101205544,0.05693118334414499,0.18607949183620284,10,vix
tirex2_cov,ZS,42,cqr_static,low_vix,0.8032967032967033,0.3486123110270106,0.1674532665309102,0.2609886484723323,10,vix
tirex2_cov,ZS,42,decay_ocp_cqr,high_vix,0.7472222222222222,0.45910356103002764,0.042466074767610884,0.18787031072834023,10,vix
tirex2_cov,ZS,42,decay_ocp_cqr,low_vix,0.8131868131868132,0.34180054353389155,0.1687810070369818,0.270109254940995,10,vix
tirex2_cov,ZS,42,dtaci_cqr,high_vix,0.7611111111111111,0.47243200022559956,0.04511767402205247,0.1459490037589187,10,vix
tirex2_cov,ZS,42,dtaci_cqr,low_vix,0.8285714285714286,0.35480925836955285,0.14813036355692827,0.28400328449484713,10,vix
tirex2_cov,ZS,42,mondrian_cqr,high_vix,0.7833333333333333,0.4987871103358848,-0.03583047296938002,0.2285779245146513,10,vix
tirex2_cov,ZS,42,mondrian_cqr,low_vix,0.8901098901098901,0.389108108623316,0.07348864157623214,0.2771551921924452,10,vix
tirex2_cov,ZS,42,native,high_vix,0.7861111111111111,0.4473014162894338,0.05867047011884008,0.22258108769819188,10,vix
tirex2_cov,ZS,42,native,low_vix,0.8593406593406593,0.3497457147684071,0.17240769235120762,0.2339266536098457,10,vix
tirex2_cov,ZS,42,pid_cqr,high_vix,0.7583333333333333,0.46830260015021824,0.021339339011908987,0.1287464570281445,10,vix
tirex2_cov,ZS,42,pid_cqr,low_vix,0.8142857142857143,0.36635440999945396,0.14725663504290148,0.2406813269555357,10,vix
tirex2_cov,ZS,42,pid_local_cqr,high_vix,0.7777777777777778,0.5115800034831455,-0.028714459573704,0.14820461975294902,10,vix
tirex2_cov,ZS,42,pid_local_cqr,low_vix,0.8131868131868132,0.41258880627313715,0.1103568720878379,0.17182741651900416,10,vix
tirex2_cov,ZS,42,pid_tan_cqr,high_vix,0.7555555555555555,0.5201410227837346,-0.14145885722669094,0.27999778771072387,10,vix
tirex2_cov,ZS,42,pid_tan_cqr,low_vix,0.8307692307692308,0.41513468335266235,-0.017930165300766077,0.20910805628765897,10,vix
tirex2_cov,ZS,42,saocp_cqr,high_vix,0.8361111111111111,0.5156448504337757,-0.014945032009912373,0.15452368183764723,10,vix
tirex2_cov,ZS,42,saocp_cqr,low_vix,0.8967032967032967,0.43543591347643656,0.046434367631496,0.16851912500962946,10,vix
tirex2_cov,ZS,42,sfogd_cqr,high_vix,0.7583333333333333,0.516665520504879,-0.0064799701174461655,0.0933978922553507,10,vix
tirex2_cov,ZS,42,sfogd_cqr,low_vix,0.8197802197802198,0.42560702779145526,0.057398060335218604,0.15897570049839554,10,vix
tirex2_cov,ZS,42,spci_cqr,high_vix,0.7027777777777777,0.5117057236484603,0.011157562933184262,0.16226701645317454,10,vix
tirex2_cov,ZS,42,spci_cqr,low_vix,0.7802197802197802,0.37382182836980615,0.1608385284408051,0.21626759765303033,10,vix
xlstm,G,42,aci_cqr,high_vix,0.75,0.517685707840485,-0.04269121672707765,0.12041697514953839,10,vix
xlstm,G,42,aci_cqr,low_vix,0.8197802197802198,0.4562725675990273,0.003004640958563398,0.1143224595994308,10,vix
xlstm,G,42,agaci_cqr,high_vix,0.7527777777777778,0.5036917735588392,-0.06538788618559532,0.14506681139235614,10,vix
xlstm,G,42,agaci_cqr,low_vix,0.8296703296703297,0.4419311441122987,0.00829991900968513,0.14123841307898277,10,vix
xlstm,G,42,cqr_rolling,high_vix,0.7444444444444445,0.5148133416674722,-0.059762234477452325,0.13301639216850436,10,vix
xlstm,G,42,cqr_rolling,low_vix,0.8186813186813187,0.4589011920125672,0.0038877610832283027,0.10376701729942331,10,vix
xlstm,G,42,cqr_static,high_vix,0.7,0.6964832839727506,-0.08799547885317427,0.14068305740862408,10,vix
xlstm,G,42,cqr_static,low_vix,0.7736263736263737,0.6188741516837972,-0.004136360031474884,0.09916476929140261,10,vix
xlstm,G,42,decay_ocp_cqr,high_vix,0.8055555555555556,0.5352964993121931,-0.07001847770492453,0.1116506301101679,10,vix
xlstm,G,42,decay_ocp_cqr,low_vix,0.8648351648351649,0.46602103841627746,0.0019882790148334495,0.05646134218523133,10,vix
xlstm,G,42,dtaci_cqr,high_vix,0.7638888888888888,0.5067016974229808,-0.05878231457107008,0.10657767592314882,10,vix
xlstm,G,42,dtaci_cqr,low_vix,0.8307692307692308,0.4419801805415973,0.020568335609582655,0.13009329848974077,10,vix
xlstm,G,42,mondrian_cqr,high_vix,0.7888888888888889,0.5665741443327524,-0.11226823817224907,0.18140913769852124,10,vix
xlstm,G,42,mondrian_cqr,low_vix,0.8846153846153846,0.47805786796732397,-0.06989507112964588,0.15172139627389286,10,vix
xlstm,G,42,native,high_vix,0.8472222222222222,0.5318046987098021,-0.04549438330652111,0.07297232075234403,10,vix
xlstm,G,42,native,low_vix,0.8769230769230769,0.46357945003856055,-0.009617130951544262,0.13070594621618473,10,vix
xlstm,G,42,pid_cqr,high_vix,0.7583333333333333,0.4974214299714813,-0.05073331638571843,0.08585165394862262,10,vix
xlstm,G,42,pid_cqr,low_vix,0.8274725274725274,0.4279362849276762,0.019003518969650357,0.14854752669641894,10,vix
xlstm,G,42,pid_local_cqr,high_vix,0.7777777777777778,0.5128055961924098,-0.05358362883741008,0.07432351452153318,10,vix
xlstm,G,42,pid_local_cqr,low_vix,0.8197802197802198,0.44397326097680745,0.03685613748862332,0.12075548450604559,10,vix
xlstm,G,42,pid_tan_cqr,high_vix,0.7694444444444445,0.548823902792142,-0.1447593880254895,0.11469926149589638,10,vix
xlstm,G,42,pid_tan_cqr,low_vix,0.8428571428571429,0.49736426130833744,-0.14477530213822754,0.14468650167218955,10,vix
xlstm,G,42,saocp_cqr,high_vix,0.8861111111111111,0.5301974937680218,-0.06765587443763732,0.11797924596489218,10,vix
xlstm,G,42,saocp_cqr,low_vix,0.9274725274725275,0.50017133956377,-0.07010145867819928,0.12435959661264889,10,vix
xlstm,G,42,sfogd_cqr,high_vix,0.775,0.5149598314175063,-0.05161607814018698,0.09356613020142279,10,vix
xlstm,G,42,sfogd_cqr,low_vix,0.8186813186813187,0.4614508624127153,0.00849624740704169,0.13998416376081396,10,vix
xlstm,G,42,spci_cqr,high_vix,0.6944444444444444,0.5362531925256572,-0.1329586740455745,0.18280792369667614,10,vix
xlstm,G,42,spci_cqr,low_vix,0.789010989010989,0.4450841951354835,0.006253962748217767,0.1875370192023775,10,vix
xlstm,G,43,aci_cqr,high_vix,0.7388888888888889,0.5298686884534546,-0.10439022719532409,0.11136910369600017,10,vix
xlstm,G,43,aci_cqr,low_vix,0.8197802197802198,0.447597662933057,0.008199125158548204,0.1899415295807288,10,vix
xlstm,G,43,agaci_cqr,high_vix,0.7444444444444445,0.5386413661364058,-0.1026633228589886,0.06686570803950936,10,vix
xlstm,G,43,agaci_cqr,low_vix,0.8406593406593407,0.42681558869586345,0.03806436440949268,0.22940591876176183,10,vix
xlstm,G,43,cqr_rolling,high_vix,0.75,0.5287846359224224,-0.10222026844418985,0.10648837704661163,10,vix
xlstm,G,43,cqr_rolling,low_vix,0.8186813186813187,0.45448058470855124,0.012535747510175499,0.17776164856174623,10,vix
xlstm,G,43,cqr_static,high_vix,0.8194444444444444,0.5678479803426337,-0.10508891301899836,0.13714997899839482,10,vix
xlstm,G,43,cqr_static,low_vix,0.8967032967032967,0.495377000908982,-0.026426138065408056,0.11953965105350095,10,vix
xlstm,G,43,decay_ocp_cqr,high_vix,0.8222222222222222,0.596285756411357,-0.0696513466183456,0.11610859236894577,10,vix
xlstm,G,43,decay_ocp_cqr,low_vix,0.9021978021978022,0.5429227825927122,-0.07296223152690351,0.10837942110755283,10,vix
xlstm,G,43,dtaci_cqr,high_vix,0.7416666666666667,0.5288710489924003,-0.0982682159882099,0.0712127329212296,10,vix
xlstm,G,43,dtaci_cqr,low_vix,0.8296703296703297,0.4320549016108302,0.030061436231000993,0.21960587415260868,10,vix
xlstm,G,43,mondrian_cqr,high_vix,0.8277777777777777,0.5127908540796012,-0.06047790845981127,0.1503056650139925,10,vix
xlstm,G,43,mondrian_cqr,low_vix,0.8648351648351649,0.4512890936382286,-0.06861158301905901,0.2612473060419742,10,vix
xlstm,G,43,native,high_vix,0.9,0.6663749257358516,-0.12965490711273064,0.029770496303004157,10,vix
xlstm,G,43,native,low_vix,0.945054945054945,0.6197876669009758,-0.15721994476871526,0.09588290851623837,10,vix
xlstm,G,43,pid_cqr,high_vix,0.7555555555555555,0.5177657850320364,-0.04952709333184602,0.09902995037714973,10,vix
xlstm,G,43,pid_cqr,low_vix,0.8340659340659341,0.4195948081643557,0.040585348763148454,0.20965577951101677,10,vix
xlstm,G,43,pid_local_cqr,high_vix,0.775,0.5538850457043983,-0.11165520226749082,0.11215281724919679,10,vix
xlstm,G,43,pid_local_cqr,low_vix,0.8318681318681319,0.4289637777856897,0.03845252961009077,0.15390571954303178,10,vix
xlstm,G,43,pid_tan_cqr,high_vix,0.7805555555555556,0.5875344278080916,-0.15604221945933883,0.21954536838931332,10,vix
xlstm,G,43,pid_tan_cqr,low_vix,0.8516483516483516,0.5124225980386131,-0.12183271798572481,0.22175021467874095,10,vix
xlstm,G,43,saocp_cqr,high_vix,0.9166666666666666,0.6840214176679318,-0.1578140936163397,0.10020090945231186,10,vix
xlstm,G,43,saocp_cqr,low_vix,0.9538461538461539,0.6368722615144247,-0.21141893526982158,0.08451416177199622,10,vix
xlstm,G,43,sfogd_cqr,high_vix,0.7638888888888888,0.5559064207693319,-0.133872802408169,0.09370181809827205,10,vix
xlstm,G,43,sfogd_cqr,low_vix,0.823076923076923,0.4532764132037657,-0.0012630053788806883,0.15709318161409727,10,vix
xlstm,G,43,spci_cqr,high_vix,0.6972222222222222,0.5192912710909235,-0.13589440276336395,0.16177635907298635,10,vix
xlstm,G,43,spci_cqr,low_vix,0.7868131868131868,0.44645089789993403,0.009889212634294986,0.28622398712122293,10,vix
xlstm,G,44,aci_cqr,high_vix,0.7444444444444445,0.5943004309385478,-0.15144250800644576,0.1401182454148051,10,vix
xlstm,G,44,aci_cqr,low_vix,0.845054945054945,0.4919683205496323,-0.02769815905188433,0.11047000730627987,10,vix
xlstm,G,44,agaci_cqr,high_vix,0.7472222222222222,0.596455024048358,-0.15361339414981312,0.1660138615472891,10,vix
xlstm,G,44,agaci_cqr,low_vix,0.8318681318681319,0.48011746051159865,-0.019156530895405144,0.12038323594104144,10,vix
xlstm,G,44,cqr_rolling,high_vix,0.7388888888888889,0.588992958453277,-0.14546117277557757,0.1427828577619028,10,vix
xlstm,G,44,cqr_rolling,low_vix,0.8428571428571429,0.49499507675113996,-0.017469451381370127,0.11990668255842046,10,vix
xlstm,G,44,cqr_static,high_vix,0.7111111111111111,0.6686012354246238,-0.17797403235321863,0.11168242794779559,10,vix
xlstm,G,44,cqr_static,low_vix,0.7978021978021979,0.6193251229428614,-0.0614247963898521,0.39541499424622983,10,vix
xlstm,G,44,decay_ocp_cqr,high_vix,0.8,0.5843459490746051,-0.1243976274951144,0.1169405565407467,10,vix
xlstm,G,44,decay_ocp_cqr,low_vix,0.8912087912087913,0.5415434273033618,-0.04707678175213548,0.17481009319423316,10,vix
xlstm,G,44,dtaci_cqr,high_vix,0.7611111111111111,0.5890886216363767,-0.12869222203802522,0.12982034348476917,10,vix
xlstm,G,44,dtaci_cqr,low_vix,0.8417582417582418,0.4756370595524084,-0.020043336668637557,0.09598618054599473,10,vix
xlstm,G,44,mondrian_cqr,high_vix,0.8444444444444444,0.5840293531115891,-0.11756122943584524,0.17879832225150646,10,vix
xlstm,G,44,mondrian_cqr,low_vix,0.8912087912087913,0.5134984888630769,-0.08549675750406105,0.15577267990143445,10,vix
xlstm,G,44,native,high_vix,0.8527777777777777,0.5941827920712324,-0.13354903510698268,0.10715422728920326,10,vix
xlstm,G,44,native,low_vix,0.9307692307692308,0.5535690360242072,-0.13279816827748636,0.1588755865304562,10,vix
xlstm,G,44,pid_cqr,high_vix,0.7555555555555555,0.5821998663077687,-0.10234413342628912,0.16159465116459437,10,vix
xlstm,G,44,pid_cqr,low_vix,0.8318681318681319,0.4645502301884814,0.010435776648161088,0.10265324290886887,10,vix
xlstm,G,44,pid_local_cqr,high_vix,0.7722222222222223,0.6020708513620806,-0.11644646754430732,0.13597424473899566,10,vix
xlstm,G,44,pid_local_cqr,low_vix,0.8285714285714286,0.46786268702023004,-3.5517592612388516e-05,0.15597979870999587,10,vix
xlstm,G,44,pid_tan_cqr,high_vix,0.7694444444444445,0.6408266208516084,-0.24400857890416305,0.15006096466764807,10,vix
xlstm,G,44,pid_tan_cqr,low_vix,0.8461538461538461,0.5800401743324451,-0.14013766773403136,0.12625991030910305,10,vix
xlstm,G,44,saocp_cqr,high_vix,0.9083333333333333,0.6115733206731568,-0.1731951279611187,0.1393674287820953,10,vix
xlstm,G,44,saocp_cqr,low_vix,0.9505494505494505,0.5764892208093805,-0.16642883909931516,0.11198906602237185,10,vix
xlstm,G,44,sfogd_cqr,high_vix,0.7611111111111111,0.6092103337167941,-0.14132703351583542,0.06959580001245536,10,vix
xlstm,G,44,sfogd_cqr,low_vix,0.8252747252747252,0.47655509167251275,-0.03416253010145387,0.07341810582252262,10,vix
xlstm,G,44,spci_cqr,high_vix,0.7,0.6059907915314867,-0.19850043162073772,0.10285104521386701,10,vix
xlstm,G,44,spci_cqr,low_vix,0.7868131868131868,0.47958209868675816,-0.031405456795324915,0.16347907555950605,10,vix
xlstm,GF,42,aci_cqr,high_vix,0.7583333333333333,0.5119449909579443,-0.038948541484696064,0.08606954829801483,10,vix
xlstm,GF,42,aci_cqr,low_vix,0.8296703296703297,0.451642816609726,0.01046773004702406,0.10640515696907488,10,vix
xlstm,GF,42,agaci_cqr,high_vix,0.7666666666666667,0.4985203977624259,-0.041263788075959984,0.1118417437139887,10,vix
xlstm,GF,42,agaci_cqr,low_vix,0.8395604395604396,0.4411734538930628,0.017879698337499028,0.1569717020844359,10,vix
xlstm,GF,42,cqr_rolling,high_vix,0.7611111111111111,0.5065050174573086,-0.042290406410624315,0.10105422731567706,10,vix
xlstm,GF,42,cqr_rolling,low_vix,0.8274725274725274,0.45865677854920195,0.014314609935813016,0.10005722554228447,10,vix
xlstm,GF,42,cqr_static,high_vix,0.7138888888888889,0.6881280602783773,-0.08006943627880059,0.1446546148575956,10,vix
xlstm,GF,42,cqr_static,low_vix,0.7703296703296704,0.6156011773897252,-0.02497242713151182,0.10602640288564069,10,vix
xlstm,GF,42,decay_ocp_cqr,high_vix,0.8055555555555556,0.5312603582074208,-0.04889891957038195,0.08970155670173324,10,vix
xlstm,GF,42,decay_ocp_cqr,low_vix,0.845054945054945,0.47008758948655577,0.006578881903185785,0.07080078611832699,10,vix
xlstm,GF,42,dtaci_cqr,high_vix,0.7777777777777778,0.5014661064469452,-0.043805038584146416,0.10647912795109626,10,vix
xlstm,GF,42,dtaci_cqr,low_vix,0.8395604395604396,0.44109239012526646,0.024927121839852517,0.12686407784137993,10,vix
xlstm,GF,42,mondrian_cqr,high_vix,0.8027777777777778,0.5621075084310294,-0.09141756160698944,0.18392732323747316,10,vix
xlstm,GF,42,mondrian_cqr,low_vix,0.8802197802197802,0.47742908376183774,-0.05457384939330845,0.12447250827378828,10,vix
xlstm,GF,42,native,high_vix,0.8416666666666667,0.5292063969230176,-0.04662821512492843,0.07607002970904958,10,vix
xlstm,GF,42,native,low_vix,0.8791208791208791,0.4632764074798776,0.0016313084111075904,0.10866776870862865,10,vix
xlstm,GF,42,pid_cqr,high_vix,0.7805555555555556,0.4884692451317573,-0.05609421846176177,0.08475157585335558,10,vix
xlstm,GF,42,pid_cqr,low_vix,0.8208791208791208,0.4266536026930873,0.04281724299110701,0.13349348875913425,10,vix
xlstm,GF,42,pid_local_cqr,high_vix,0.7944444444444444,0.49390089752116084,-0.06010394178843392,0.08972507246877368,10,vix
xlstm,GF,42,pid_local_cqr,low_vix,0.8175824175824176,0.42661891699670973,0.04937774059876904,0.15000915461393804,10,vix
xlstm,GF,42,pid_tan_cqr,high_vix,0.7722222222222223,0.5463945150865436,-0.12005379443331565,0.12357571164490966,10,vix
xlstm,GF,42,pid_tan_cqr,low_vix,0.8417582417582418,0.5009512714620801,-0.10065291001588994,0.14598002200801408,10,vix
xlstm,GF,42,saocp_cqr,high_vix,0.8888888888888888,0.5437362028530107,-0.06897875050141433,0.11185650065119362,10,vix
xlstm,GF,42,saocp_cqr,low_vix,0.9274725274725275,0.5049410767546153,-0.055357316710448634,0.1072255498215004,10,vix
xlstm,GF,42,sfogd_cqr,high_vix,0.7666666666666667,0.5097349333733429,-0.04830576647868823,0.13772321509366642,10,vix
xlstm,GF,42,sfogd_cqr,low_vix,0.8197802197802198,0.4534168340345683,0.014559500120527258,0.09758467234356502,10,vix
xlstm,GF,42,spci_cqr,high_vix,0.7,0.5421976662992893,-0.08569251325942973,0.09231308343547473,10,vix
xlstm,GF,42,spci_cqr,low_vix,0.7835164835164835,0.43383641864269434,0.003421168377906847,0.2100783988428451,10,vix
xlstm,GF,43,aci_cqr,high_vix,0.7472222222222222,0.5116016635027527,-0.08715743646650576,0.05682821337713262,10,vix
xlstm,GF,43,aci_cqr,low_vix,0.8131868131868132,0.4481026097343436,0.064988827329369,0.18029362409327895,10,vix
xlstm,GF,43,agaci_cqr,high_vix,0.7388888888888889,0.5159409890006651,-0.08303426579406725,0.05914767494514006,10,vix
xlstm,GF,43,agaci_cqr,low_vix,0.8252747252747252,0.4290491230153339,0.06619252633926476,0.21466046365260036,10,vix
xlstm,GF,43,cqr_rolling,high_vix,0.7472222222222222,0.5148201548597547,-0.08687333905024319,0.0647807011367102,10,vix
xlstm,GF,43,cqr_rolling,low_vix,0.8120879120879121,0.4530848989859108,0.05631884708106433,0.1786020412138479,10,vix
xlstm,GF,43,cqr_static,high_vix,0.8166666666666667,0.5402872820149033,-0.059994362435713655,0.07996637668770029,10,vix
xlstm,GF,43,cqr_static,low_vix,0.8868131868131868,0.4835947179103144,-0.0107459069396042,0.18480787796460404,10,vix
xlstm,GF,43,decay_ocp_cqr,high_vix,0.8166666666666667,0.5614001160617067,-0.06292351943658936,0.07432723476393077,10,vix
xlstm,GF,43,decay_ocp_cqr,low_vix,0.8989010989010989,0.5148879031726828,-0.023697048767006845,0.18468973995955085,10,vix
xlstm,GF,43,dtaci_cqr,high_vix,0.7583333333333333,0.5111047294315345,-0.081636650770748,0.050812742892828555,10,vix
xlstm,GF,43,dtaci_cqr,low_vix,0.8263736263736263,0.4319265937836149,0.07419233002876718,0.20604620245091027,10,vix
xlstm,GF,43,mondrian_cqr,high_vix,0.825,0.5146293171941738,-0.0628166110494991,0.15880694611212504,10,vix
xlstm,GF,43,mondrian_cqr,low_vix,0.8670329670329671,0.45016792930234095,-0.05213392452939292,0.26249681066372443,10,vix
xlstm,GF,43,native,high_vix,0.8944444444444445,0.6155266156601409,-0.0968357661912268,0.06799283991301058,10,vix
xlstm,GF,43,native,low_vix,0.945054945054945,0.5774541333484698,-0.12169188588737279,0.11492110989412385,10,vix
xlstm,GF,43,pid_cqr,high_vix,0.7388888888888889,0.519325910685416,-0.0784531946310425,0.06701340087043739,10,vix
xlstm,GF,43,pid_cqr,low_vix,0.8351648351648352,0.41903119199030936,0.05905786440103439,0.22015195907380783,10,vix
xlstm,GF,43,pid_local_cqr,high_vix,0.7611111111111111,0.5235308691551401,-0.09876622437439453,0.09994426197074407,10,vix
xlstm,GF,43,pid_local_cqr,low_vix,0.8263736263736263,0.42458000662132556,0.03092968207844321,0.20346368785798943,10,vix
xlstm,GF,43,pid_tan_cqr,high_vix,0.7777777777777778,0.5773958823475718,-0.17311041005049,0.1868224274455777,10,vix
xlstm,GF,43,pid_tan_cqr,low_vix,0.8549450549450549,0.4837625906027324,-0.05420725687883837,0.2611377042309193,10,vix
xlstm,GF,43,saocp_cqr,high_vix,0.9166666666666666,0.6293652926754367,-0.13085268335740563,0.0746384471551007,10,vix
xlstm,GF,43,saocp_cqr,low_vix,0.954945054945055,0.5952979738375718,-0.173950677779805,0.16868489565023725,10,vix
xlstm,GF,43,sfogd_cqr,high_vix,0.7527777777777778,0.5622615205088041,-0.12774883438028384,0.09299830354598176,10,vix
xlstm,GF,43,sfogd_cqr,low_vix,0.823076923076923,0.4482626777128841,0.005707160298699221,0.17368819591143939,10,vix
xlstm,GF,43,spci_cqr,high_vix,0.6861111111111111,0.5075167936430623,-0.09112221392641262,0.11527280923278499,10,vix
xlstm,GF,43,spci_cqr,low_vix,0.7879120879120879,0.4327126885057657,0.05722854345988726,0.23052116196497976,10,vix
xlstm,GF,44,aci_cqr,high_vix,0.7583333333333333,0.5735688238410384,-0.1254089248981065,0.09605948779391243,10,vix
xlstm,GF,44,aci_cqr,low_vix,0.8483516483516483,0.471409603426246,-0.003919525197553786,0.05828639786351292,10,vix
xlstm,GF,44,agaci_cqr,high_vix,0.7611111111111111,0.5783750237289914,-0.12632008930589167,0.08480481500542603,10,vix
xlstm,GF,44,agaci_cqr,low_vix,0.8384615384615385,0.46592850770579053,0.007155166600078533,0.08013483238983687,10,vix
xlstm,GF,44,cqr_rolling,high_vix,0.75,0.5697098067800432,-0.12655872850878724,0.10235970971715702,10,vix
xlstm,GF,44,cqr_rolling,low_vix,0.845054945054945,0.47483842764667505,-0.01394691508490542,0.05103279965411714,10,vix
xlstm,GF,44,cqr_static,high_vix,0.7055555555555556,0.6430807284391074,-0.1385991885440787,0.16292769473647223,10,vix
xlstm,GF,44,cqr_static,low_vix,0.8098901098901099,0.5748424247400079,-0.025853549780603946,0.26910180148336293,10,vix
xlstm,GF,44,decay_ocp_cqr,high_vix,0.7888888888888889,0.5625579633663469,-0.08629323501899622,0.1050565919855066,10,vix
xlstm,GF,44,decay_ocp_cqr,low_vix,0.8835164835164835,0.5096022059915369,0.008531853378504706,0.14457424712280048,10,vix
xlstm,GF,44,dtaci_cqr,high_vix,0.7722222222222223,0.5729788388284073,-0.12967046757786793,0.10000914463334132,10,vix
xlstm,GF,44,dtaci_cqr,low_vix,0.8527472527472527,0.45878616523367965,0.005781037968065117,0.07333046030447765,10,vix
xlstm,GF,44,mondrian_cqr,high_vix,0.8166666666666667,0.562107892620636,-0.06912274314019173,0.14207226298386053,10,vix
xlstm,GF,44,mondrian_cqr,low_vix,0.8846153846153846,0.4834062644578623,-0.03682018314026925,0.16129182640599887,10,vix
xlstm,GF,44,native,high_vix,0.8611111111111112,0.5760678666855623,-0.09766212289341758,0.09497802445355685,10,vix
xlstm,GF,44,native,low_vix,0.9274725274725275,0.5314861707084085,-0.08164158316877224,0.14657776529866112,10,vix
xlstm,GF,44,pid_cqr,high_vix,0.7666666666666667,0.5718995508062856,-0.10192423903108572,0.08562759097373074,10,vix
xlstm,GF,44,pid_cqr,low_vix,0.8219780219780219,0.4451265947091136,0.04094650773203201,0.15430507328514484,10,vix
xlstm,GF,44,pid_local_cqr,high_vix,0.7833333333333333,0.5756470128052926,-0.08533112681741362,0.10644796568800285,10,vix
xlstm,GF,44,pid_local_cqr,low_vix,0.8175824175824176,0.4656403218917886,-0.013997240944866651,0.206628691590141,10,vix
xlstm,GF,44,pid_tan_cqr,high_vix,0.7833333333333333,0.627708815626092,-0.2203445056224983,0.06307560590749162,10,vix
xlstm,GF,44,pid_tan_cqr,low_vix,0.8417582417582418,0.5667591597038817,-0.1288794434247541,0.114916921432404,10,vix
xlstm,GF,44,saocp_cqr,high_vix,0.9027777777777778,0.6112747963129063,-0.1415979998195196,0.12911579078500135,10,vix
xlstm,GF,44,saocp_cqr,low_vix,0.9494505494505494,0.5619714375297474,-0.13786946266964495,0.12022949524127863,10,vix
xlstm,GF,44,sfogd_cqr,high_vix,0.7611111111111111,0.5918401668014069,-0.11541502020939243,0.08304890385919206,10,vix
xlstm,GF,44,sfogd_cqr,low_vix,0.8219780219780219,0.44911507841903714,-0.024878669398730957,0.15217697066423064,10,vix
xlstm,GF,44,spci_cqr,high_vix,0.6888888888888889,0.5700705836098621,-0.1495268928968312,0.10685683323055478,10,vix
xlstm,GF,44,spci_cqr,low_vix,0.7901098901098901,0.464131953683457,-0.014449477367835806,0.18501174592877956,10,vix
xlstm,GI,42,aci_cqr,high_vix,0.7611111111111111,0.5140388003509301,-0.07872331294578472,0.13539687018555957,10,vix
xlstm,GI,42,aci_cqr,low_vix,0.8175824175824176,0.46065854038950094,-0.0806427010047881,0.21109266349625253,10,vix
xlstm,GI,42,agaci_cqr,high_vix,0.7805555555555556,0.5049247174388891,-0.07938415623263517,0.14806729256275566,10,vix
xlstm,GI,42,agaci_cqr,low_vix,0.8142857142857143,0.45257436778866644,-0.05563615424831969,0.21535591160584996,10,vix
xlstm,GI,42,cqr_rolling,high_vix,0.7722222222222223,0.5144408535636584,-0.07810907378452847,0.13771200032478198,10,vix
xlstm,GI,42,cqr_rolling,low_vix,0.8175824175824176,0.4604408532754442,-0.07286862155486196,0.20693436341868962,10,vix
xlstm,GI,42,cqr_static,high_vix,0.7666666666666667,0.6781840871782656,-0.09811543923809563,0.15000217360599527,10,vix
xlstm,GI,42,cqr_static,low_vix,0.8021978021978022,0.6130735316186698,-0.09088243838297416,0.12188587401756057,10,vix
xlstm,GI,42,decay_ocp_cqr,high_vix,0.8027777777777778,0.5466317787362024,-0.07511733362991424,0.09072484546061743,10,vix
xlstm,GI,42,decay_ocp_cqr,low_vix,0.8505494505494505,0.473706691693729,-0.0380920820474433,0.1582001181352849,10,vix
xlstm,GI,42,dtaci_cqr,high_vix,0.7777777777777778,0.5034503679692844,-0.08524160031369243,0.1485786975520084,10,vix
xlstm,GI,42,dtaci_cqr,low_vix,0.8197802197802198,0.44810078429411454,-0.06094362556997668,0.2291470112520639,10,vix
xlstm,GI,42,mondrian_cqr,high_vix,0.8222222222222222,0.5594614181268919,-0.09850486013580129,0.11646666405662204,10,vix
xlstm,GI,42,mondrian_cqr,low_vix,0.8626373626373627,0.4919795191978129,-0.08500985120158988,0.09846154417650937,10,vix
xlstm,GI,42,native,high_vix,0.8111111111111111,0.5378336212830697,-0.06951688716468352,0.08771260050988988,10,vix
xlstm,GI,42,native,low_vix,0.8604395604395605,0.4655251138160312,-0.03629166974251474,0.18712266986852383,10,vix
xlstm,GI,42,pid_cqr,high_vix,0.7777777777777778,0.4980941194499238,-0.08485697314089702,0.13343036513698603,10,vix
xlstm,GI,42,pid_cqr,low_vix,0.8186813186813187,0.43326211884810845,-0.04307540451746528,0.228387971474916,10,vix
xlstm,GI,42,pid_local_cqr,high_vix,0.7861111111111111,0.508785219052785,-0.05888930610238774,0.09650811028070802,10,vix
xlstm,GI,42,pid_local_cqr,low_vix,0.8142857142857143,0.4426175198215299,-0.037498005167240334,0.2040686357995889,10,vix
xlstm,GI,42,pid_tan_cqr,high_vix,0.7944444444444444,0.5403358814880557,-0.16676212002424495,0.12029407059907576,10,vix
xlstm,GI,42,pid_tan_cqr,low_vix,0.8274725274725274,0.519573442404754,-0.23927147570545004,0.28028819092488877,10,vix
xlstm,GI,42,saocp_cqr,high_vix,0.8833333333333333,0.533346652195961,-0.11679097915747605,0.14589537397919944,10,vix
xlstm,GI,42,saocp_cqr,low_vix,0.9098901098901099,0.49888332887690395,-0.10059982235964782,0.19609956345126112,10,vix
xlstm,GI,42,sfogd_cqr,high_vix,0.775,0.5218501910798589,-0.08349783832954316,0.14046905133848114,10,vix
xlstm,GI,42,sfogd_cqr,low_vix,0.8153846153846154,0.454373583072444,-0.04829966307868505,0.195025484781693,10,vix
xlstm,GI,42,spci_cqr,high_vix,0.7333333333333333,0.5300469810125975,-0.11442566713738211,0.14447879615368042,10,vix
xlstm,GI,42,spci_cqr,low_vix,0.7835164835164835,0.4485321492745339,-0.07384886004104296,0.3335933382298624,10,vix
xlstm,GI,43,aci_cqr,high_vix,0.7444444444444445,0.5968400719898377,-0.1257310826807161,0.13653219797569266,10,vix
xlstm,GI,43,aci_cqr,low_vix,0.8186813186813187,0.5026519079782452,-0.0282973757813344,0.14395625561326866,10,vix
xlstm,GI,43,agaci_cqr,high_vix,0.7416666666666667,0.6068326821884131,-0.15522229405487187,0.12782453530865084,10,vix
xlstm,GI,43,agaci_cqr,low_vix,0.8219780219780219,0.4875970959833323,-0.023185182340272004,0.11869547835310074,10,vix
xlstm,GI,43,cqr_rolling,high_vix,0.7444444444444445,0.5972981412941016,-0.12964814841148808,0.13342195197198325,10,vix
xlstm,GI,43,cqr_rolling,low_vix,0.8252747252747252,0.5063700948773634,-0.02964404548141153,0.14871388586505105,10,vix
xlstm,GI,43,cqr_static,high_vix,0.8527777777777777,0.6687406161659872,-0.15622249192876725,0.12489014599426301,10,vix
xlstm,GI,43,cqr_static,low_vix,0.9296703296703297,0.6067361092723806,-0.15030507486025413,0.1276742056398794,10,vix
xlstm,GI,43,decay_ocp_cqr,high_vix,0.8361111111111111,0.6100272527409499,-0.12386622130923053,0.13291462143732058,10,vix
xlstm,GI,43,decay_ocp_cqr,low_vix,0.9120879120879121,0.5554944286271364,-0.11255961833255479,0.04829126628073083,10,vix
xlstm,GI,43,dtaci_cqr,high_vix,0.7527777777777778,0.5884628908839119,-0.12174329315849552,0.16028430468545585,10,vix
xlstm,GI,43,dtaci_cqr,low_vix,0.8274725274725274,0.47937042005850883,-0.02157635368238142,0.12088915491302824,10,vix
xlstm,GI,43,mondrian_cqr,high_vix,0.8194444444444444,0.5624098045109227,-0.10333275926061947,0.08869479992449747,10,vix
xlstm,GI,43,mondrian_cqr,low_vix,0.8615384615384616,0.5067393794293874,-0.11134033211746586,0.17148331773521308,10,vix
xlstm,GI,43,native,high_vix,0.8805555555555555,0.678193547137299,-0.14902471806336037,0.09152719387502223,10,vix
xlstm,GI,43,native,low_vix,0.9417582417582417,0.6215205268238662,-0.17055892908918902,0.1121465404137248,10,vix
xlstm,GI,43,pid_cqr,high_vix,0.7527777777777778,0.5716657071854221,-0.12188306490933831,0.14731709963818124,10,vix
xlstm,GI,43,pid_cqr,low_vix,0.843956043956044,0.4724466534499049,-0.014690946845322794,0.13796456557059783,10,vix
xlstm,GI,43,pid_local_cqr,high_vix,0.7666666666666667,0.5912225771224037,-0.15794820977022528,0.15907498336414044,10,vix
xlstm,GI,43,pid_local_cqr,low_vix,0.8406593406593407,0.4700005967466782,-0.02263102625567348,0.055409501638602754,10,vix
xlstm,GI,43,pid_tan_cqr,high_vix,0.7583333333333333,0.6129468900264592,-0.22493201295117649,0.14289963553856777,10,vix
xlstm,GI,43,pid_tan_cqr,low_vix,0.8516483516483516,0.5270978148458393,-0.1818612433297332,0.21909520699768714,10,vix
xlstm,GI,43,saocp_cqr,high_vix,0.9083333333333333,0.6983355476425287,-0.1856386069623338,0.11477541415061632,10,vix
xlstm,GI,43,saocp_cqr,low_vix,0.9571428571428572,0.6356844302640657,-0.20501792261718976,0.1303671162445939,10,vix
xlstm,GI,43,sfogd_cqr,high_vix,0.7666666666666667,0.5856423483640378,-0.15236862331478274,0.1330752583029503,10,vix
xlstm,GI,43,sfogd_cqr,low_vix,0.8263736263736263,0.47572222811871406,-0.03394409679804211,0.06932825746450028,10,vix
xlstm,GI,43,spci_cqr,high_vix,0.7194444444444444,0.5802626814340879,-0.19050916984586097,0.17432472661096632,10,vix
xlstm,GI,43,spci_cqr,low_vix,0.7846153846153846,0.4950446821136511,-0.053416517240402084,0.2293343913154098,10,vix
xlstm,GI,44,aci_cqr,high_vix,0.75,0.6079625774180745,-0.15956837531995083,0.11642748224065325,10,vix
xlstm,GI,44,aci_cqr,low_vix,0.843956043956044,0.532589217443793,-0.10194169586692625,0.12557901952331807,10,vix
xlstm,GI,44,agaci_cqr,high_vix,0.775,0.6018328503159103,-0.1530526135823138,0.12394776235651184,10,vix
xlstm,GI,44,agaci_cqr,low_vix,0.8351648351648352,0.5170109976613478,-0.08324369636222628,0.12899199100371023,10,vix
xlstm,GI,44,cqr_rolling,high_vix,0.75,0.6127815394693046,-0.18006182120633885,0.12480153281808559,10,vix
xlstm,GI,44,cqr_rolling,low_vix,0.845054945054945,0.5356188452118692,-0.10040716893776236,0.09791798583791594,10,vix
xlstm,GI,44,cqr_static,high_vix,0.7277777777777777,0.7955660853886488,-0.1946352576635626,0.4631736117494332,10,vix
xlstm,GI,44,cqr_static,low_vix,0.7835164835164835,0.7633462641038613,-0.23434412600257248,0.38877843851878996,10,vix
xlstm,GI,44,decay_ocp_cqr,high_vix,0.8222222222222222,0.6144921170782104,-0.14871387634134026,0.10610644228762717,10,vix
xlstm,GI,44,decay_ocp_cqr,low_vix,0.8923076923076924,0.6133176242105663,-0.15745025633142407,0.1416129295882697,10,vix
xlstm,GI,44,dtaci_cqr,high_vix,0.7611111111111111,0.6000003973884203,-0.14551499693339764,0.14720310504212714,10,vix
xlstm,GI,44,dtaci_cqr,low_vix,0.8527472527472527,0.5158668818954932,-0.07984007089125167,0.14004999933696166,10,vix
xlstm,GI,44,mondrian_cqr,high_vix,0.8333333333333334,0.5995000611036101,-0.14409953736503822,0.13049717073971878,10,vix
xlstm,GI,44,mondrian_cqr,low_vix,0.8901098901098901,0.5490036832886651,-0.1589164166571876,0.09293501975389035,10,vix
xlstm,GI,44,native,high_vix,0.8277777777777777,0.5978405672711217,-0.1770935452862984,0.10312660227568854,10,vix
xlstm,GI,44,native,low_vix,0.9076923076923077,0.570182669566929,-0.13547631100883184,0.18141547778658246,10,vix
xlstm,GI,44,pid_cqr,high_vix,0.7583333333333333,0.5784551243247074,-0.1468205485735664,0.1466325499926493,10,vix
xlstm,GI,44,pid_cqr,low_vix,0.8362637362637363,0.50860153601538,-0.0889266340610455,0.1274014552924833,10,vix
xlstm,GI,44,pid_local_cqr,high_vix,0.7833333333333333,0.5778973109710717,-0.11557544788267604,0.12790673136234915,10,vix
xlstm,GI,44,pid_local_cqr,low_vix,0.8263736263736263,0.5192402661906422,-0.08907479671054819,0.11618171947772188,10,vix
xlstm,GI,44,pid_tan_cqr,high_vix,0.7805555555555556,0.6449599547413111,-0.25974482761832407,0.11313117883432827,10,vix
xlstm,GI,44,pid_tan_cqr,low_vix,0.8505494505494505,0.5936845348183682,-0.2628763832580895,0.12010735573710685,10,vix
xlstm,GI,44,saocp_cqr,high_vix,0.8944444444444445,0.6156357999868841,-0.17626764579200782,0.11230671663838765,10,vix
xlstm,GI,44,saocp_cqr,low_vix,0.9406593406593406,0.6024397738070665,-0.2145115620660184,0.1392514051024698,10,vix
xlstm,GI,44,sfogd_cqr,high_vix,0.7611111111111111,0.6049359660910055,-0.16186757537928664,0.18150540836693918,10,vix
xlstm,GI,44,sfogd_cqr,low_vix,0.8274725274725274,0.5273709627262477,-0.12647314199191617,0.11026793505442828,10,vix
xlstm,GI,44,spci_cqr,high_vix,0.7138888888888889,0.59848192095377,-0.19474467948406027,0.14042223858403124,10,vix
xlstm,GI,44,spci_cqr,low_vix,0.8021978021978022,0.5148509559436178,-0.09985986540284819,0.14456352651947937,10,vix
xlstm,L,42,aci_cqr,high_vix,0.7527777777777778,0.5078713654730221,-0.054788048491190455,0.15506613289326837,10,vix
xlstm,L,42,aci_cqr,low_vix,0.8395604395604396,0.43358690406645123,0.05135311267063308,0.2647283546325048,10,vix
xlstm,L,42,agaci_cqr,high_vix,0.75,0.5096170239720698,-0.056470381453048835,0.15620962449641052,10,vix
xlstm,L,42,agaci_cqr,low_vix,0.8362637362637363,0.43390344859267965,0.05498185974902853,0.24108241847801473,10,vix
xlstm,L,42,cqr_rolling,high_vix,0.7444444444444445,0.5062610228211091,-0.05423132445518697,0.16056991512815932,10,vix
xlstm,L,42,cqr_rolling,low_vix,0.8296703296703297,0.441269048045943,0.051472682411827175,0.22962754282974798,10,vix
xlstm,L,42,cqr_static,high_vix,0.7305555555555555,0.6370392474491874,-0.09252922806474329,0.16166406460885674,10,vix
xlstm,L,42,cqr_static,low_vix,0.7912087912087912,0.5574269706841896,-0.07738990012283575,0.15727337259682478,10,vix
xlstm,L,42,decay_ocp_cqr,high_vix,0.7416666666666667,0.5002385589244578,-0.022729174934313034,0.2026281488813646,10,vix
xlstm,L,42,decay_ocp_cqr,low_vix,0.8021978021978022,0.4321617915317106,0.057134502510260865,0.19770516038137984,10,vix
xlstm,L,42,dtaci_cqr,high_vix,0.775,0.5094842970489514,-0.056012976301116124,0.16194955118997895,10,vix
xlstm,L,42,dtaci_cqr,low_vix,0.8428571428571429,0.4309437950214242,0.0615219097571717,0.2562943844915664,10,vix
xlstm,L,42,mondrian_cqr,high_vix,0.7944444444444444,0.5418257819902794,-0.04105668169705112,0.29892124458199765,10,vix
xlstm,L,42,mondrian_cqr,low_vix,0.8758241758241758,0.4753499964704808,-0.07321952803236342,0.16191259385705564,10,vix
xlstm,L,42,native,high_vix,0.6777777777777778,0.4978621965157904,-0.033372451684358095,0.1562571778785954,10,vix
xlstm,L,42,native,low_vix,0.7703296703296704,0.41167431982197994,0.062097875195979146,0.30386078417182605,10,vix
xlstm,L,42,pid_cqr,high_vix,0.7583333333333333,0.5171930531612989,-0.048436870256979514,0.15617061492349876,10,vix
xlstm,L,42,pid_cqr,low_vix,0.8318681318681319,0.4264608939437729,0.08880997679513675,0.23111064640374854,10,vix
xlstm,L,42,pid_local_cqr,high_vix,0.775,0.5065977464708986,-0.04084302976634269,0.1942439581209351,10,vix
xlstm,L,42,pid_local_cqr,low_vix,0.8208791208791208,0.4335672985363671,0.06938174720695861,0.228119365472734,10,vix
xlstm,L,42,pid_tan_cqr,high_vix,0.7555555555555555,0.5743144755188065,-0.15654632596487306,0.2124917259687113,10,vix
xlstm,L,42,pid_tan_cqr,low_vix,0.8428571428571429,0.4839278345209784,-0.04763331735500892,0.2943842569986213,10,vix
xlstm,L,42,saocp_cqr,high_vix,0.8333333333333334,0.5087783277681955,-0.051854616273976584,0.12617060726243107,10,vix
xlstm,L,42,saocp_cqr,low_vix,0.8824175824175824,0.4730109936967728,0.026390593411806273,0.12625479558005354,10,vix
xlstm,L,42,sfogd_cqr,high_vix,0.7777777777777778,0.5211503527589827,-0.04298436982683018,0.13987852665385592,10,vix
xlstm,L,42,sfogd_cqr,low_vix,0.8197802197802198,0.4581988880287919,0.023148506210296238,0.2024932244350786,10,vix
xlstm,L,42,spci_cqr,high_vix,0.7111111111111111,0.5318949129476006,-0.11288456315730644,0.14320995449202245,10,vix
xlstm,L,42,spci_cqr,low_vix,0.7934065934065934,0.4351964953432156,0.06491859563534991,0.19290478746354822,10,vix
xlstm,L,43,aci_cqr,high_vix,0.7527777777777778,0.5448510021669944,-0.06703881307262693,0.09312532152389644,10,vix
xlstm,L,43,aci_cqr,low_vix,0.8593406593406593,0.4923485059964896,-0.0002271937193609186,0.20161850725143662,10,vix
xlstm,L,43,agaci_cqr,high_vix,0.75,0.5431556850152431,-0.0657656280741572,0.07946901646264842,10,vix
xlstm,L,43,agaci_cqr,low_vix,0.8538461538461538,0.46419396386653794,0.016592598090153177,0.1661230591971724,10,vix
xlstm,L,43,cqr_rolling,high_vix,0.7388888888888889,0.5403701438195578,-0.06256094120691236,0.0883999441479994,10,vix
xlstm,L,43,cqr_rolling,low_vix,0.8527472527472527,0.4965445206764363,0.009856279000618084,0.1846687272280397,10,vix
xlstm,L,43,cqr_static,high_vix,0.7444444444444445,0.663681841710292,-0.07155863101487558,0.10562118769171969,10,vix
xlstm,L,43,cqr_static,low_vix,0.8472527472527472,0.6756282166425721,-0.05489239255852707,0.16050576583524706,10,vix
xlstm,L,43,decay_ocp_cqr,high_vix,0.7166666666666667,0.5255900999711157,-0.055326552533020434,0.14397413694776645,10,vix
xlstm,L,43,decay_ocp_cqr,low_vix,0.832967032967033,0.49689662492658204,0.025321661305727883,0.1728746069785356,10,vix
xlstm,L,43,dtaci_cqr,high_vix,0.7472222222222222,0.5376638492166339,-0.06795061899549104,0.11029760280542839,10,vix
xlstm,L,43,dtaci_cqr,low_vix,0.8582417582417582,0.46167865459904894,0.019625883629088958,0.15547322867489244,10,vix
xlstm,L,43,mondrian_cqr,high_vix,0.825,0.5579257922528342,-0.14755830869962483,0.12593148105900503,10,vix
xlstm,L,43,mondrian_cqr,low_vix,0.8813186813186813,0.4883157178837944,-0.06667743098346424,0.12546742724490811,10,vix
xlstm,L,43,native,high_vix,0.7,0.5220943936232634,-0.05917029924364137,0.14958261578926393,10,vix
xlstm,L,43,native,low_vix,0.8120879120879121,0.4754083557796869,0.01882987898059152,0.17117203782833218,10,vix
xlstm,L,43,pid_cqr,high_vix,0.7416666666666667,0.5586956344770228,-0.08007840878229788,0.04446732783388818,10,vix
xlstm,L,43,pid_cqr,low_vix,0.8362637362637363,0.4732416376309177,0.028301717911137225,0.1633776740299507,10,vix
xlstm,L,43,pid_local_cqr,high_vix,0.7611111111111111,0.5444171330848269,-0.06192907772256151,0.03739674251872438,10,vix
xlstm,L,43,pid_local_cqr,low_vix,0.8208791208791208,0.4651324726531961,0.020375565204882873,0.09175182936253781,10,vix
xlstm,L,43,pid_tan_cqr,high_vix,0.7388888888888889,0.617931864181765,-0.16867883442533516,0.11227926763599683,10,vix
xlstm,L,43,pid_tan_cqr,low_vix,0.8593406593406593,0.5664627241154896,-0.15030734855924577,0.24294070523440514,10,vix
xlstm,L,43,saocp_cqr,high_vix,0.8333333333333334,0.5516568473938912,-0.05273904991513567,0.07614763539060071,10,vix
xlstm,L,43,saocp_cqr,low_vix,0.8945054945054945,0.5124240941847292,-0.06710253717768444,0.12658268736009118,10,vix
xlstm,L,43,sfogd_cqr,high_vix,0.7611111111111111,0.5462485237887473,-0.08702652833044433,0.06684899436592501,10,vix
xlstm,L,43,sfogd_cqr,low_vix,0.823076923076923,0.4540801221156496,-0.012316852446124682,0.13103477227146196,10,vix
xlstm,L,43,spci_cqr,high_vix,0.7055555555555556,0.5750389288097154,-0.12701576867206332,0.08228068732228605,10,vix
xlstm,L,43,spci_cqr,low_vix,0.798901098901099,0.4603634899011608,0.03819057305222051,0.19200773613300015,10,vix
xlstm,L,44,aci_cqr,high_vix,0.7416666666666667,0.47353121931362907,0.05947328763523152,0.15355129706269455,10,vix
xlstm,L,44,aci_cqr,low_vix,0.8406593406593407,0.42576285949879106,0.08797700797097191,0.16853531961837503,10,vix
xlstm,L,44,agaci_cqr,high_vix,0.75,0.46948288819656275,0.056365197605532213,0.15961040277679914,10,vix
xlstm,L,44,agaci_cqr,low_vix,0.8307692307692308,0.4248738067147083,0.09523424669758856,0.16686534362204836,10,vix
xlstm,L,44,cqr_rolling,high_vix,0.7361111111111112,0.4721259283424833,0.05578629440134253,0.15947397079723544,10,vix
xlstm,L,44,cqr_rolling,low_vix,0.832967032967033,0.427338647472403,0.10234857076979453,0.15420634022152457,10,vix
xlstm,L,44,cqr_static,high_vix,0.7277777777777777,0.5311440489909922,-0.029176311528633203,0.12892351748491612,10,vix
xlstm,L,44,cqr_static,low_vix,0.8010989010989011,0.5011804621553796,-0.018329093525748408,0.12356319087886891,10,vix
xlstm,L,44,decay_ocp_cqr,high_vix,0.7305555555555555,0.4676553568280949,0.03694786147713375,0.15094049822904643,10,vix
xlstm,L,44,decay_ocp_cqr,low_vix,0.823076923076923,0.43426109181618544,0.07791283706684915,0.1457328529365817,10,vix
xlstm,L,44,dtaci_cqr,high_vix,0.7555555555555555,0.46803877042911723,0.05846571089910724,0.1568388019373112,10,vix
xlstm,L,44,dtaci_cqr,low_vix,0.8428571428571429,0.4239318781090621,0.09965123372115248,0.1586116739072638,10,vix
xlstm,L,44,mondrian_cqr,high_vix,0.8111111111111111,0.5000079505666345,-0.06552841706435164,0.18528802619189003,10,vix
xlstm,L,44,mondrian_cqr,low_vix,0.8703296703296703,0.4583166298805679,-0.014752869459097984,0.17995230533182338,10,vix
xlstm,L,44,native,high_vix,0.75,0.46214289604994574,0.06802894239431628,0.16047744768476604,10,vix
xlstm,L,44,native,low_vix,0.8428571428571429,0.41829421189736354,0.11989268096187311,0.13909150747673768,10,vix
xlstm,L,44,pid_cqr,high_vix,0.7583333333333333,0.47172227508655556,0.023362990692488428,0.12594633233387037,10,vix
xlstm,L,44,pid_cqr,low_vix,0.8263736263736263,0.4231630329745745,0.10037308691205232,0.13969014218371814,10,vix
xlstm,L,44,pid_local_cqr,high_vix,0.7722222222222223,0.49214479673861006,-0.01241616404748902,0.12309557067520047,10,vix
xlstm,L,44,pid_local_cqr,low_vix,0.8186813186813187,0.4365054309565681,0.048073013365062034,0.10141208733266022,10,vix
xlstm,L,44,pid_tan_cqr,high_vix,0.7666666666666667,0.5142530175545676,-0.08318502193851907,0.19945979797482297,10,vix
xlstm,L,44,pid_tan_cqr,low_vix,0.8406593406593407,0.4885723745030151,-0.023997049769300116,0.23609142555516455,10,vix
xlstm,L,44,saocp_cqr,high_vix,0.8666666666666667,0.5006883392069691,-0.027129833656319602,0.0697396452134309,10,vix
xlstm,L,44,saocp_cqr,low_vix,0.9043956043956044,0.4683089087453825,0.00025240035975548913,0.07389864305727095,10,vix
xlstm,L,44,sfogd_cqr,high_vix,0.775,0.49223023815551586,0.011833809917193572,0.12960245608428606,10,vix
xlstm,L,44,sfogd_cqr,low_vix,0.8219780219780219,0.45570092036369975,0.022541924267587665,0.14112245196277187,10,vix
xlstm,L,44,spci_cqr,high_vix,0.7,0.5011098925236322,-0.028058477978468166,0.15895653366767468,10,vix
xlstm,L,44,spci_cqr,low_vix,0.7857142857142857,0.4419465100476696,0.04586309847718578,0.14326869020349822,10,vix
xlstm_const,G,42,aci_cqr,high_vix,0.7527777777777778,0.49983132074016773,-0.022300618797619243,0.06900638079868535,10,vix
xlstm_const,G,42,aci_cqr,low_vix,0.8296703296703297,0.50709465042317,-0.04702745330050606,0.12357378541233624,10,vix
xlstm_const,G,42,agaci_cqr,high_vix,0.7527777777777778,0.5027990851640309,-0.03326829354781391,0.08927837426744223,10,vix
xlstm_const,G,42,agaci_cqr,low_vix,0.8351648351648352,0.4968813305486264,-0.010754301738797378,0.13184115920833583,10,vix
xlstm_const,G,42,cqr_rolling,high_vix,0.7666666666666667,0.49854127942030424,-0.026362166428441025,0.08948879888108938,10,vix
xlstm_const,G,42,cqr_rolling,low_vix,0.8395604395604396,0.5113467823988065,-0.04034524855915611,0.11890136367743448,10,vix
xlstm_const,G,42,cqr_static,high_vix,0.7666666666666667,0.694247464544312,-0.1208082619883939,0.17713461303819655,10,vix
xlstm_const,G,42,cqr_static,low_vix,0.8362637362637363,0.6853935365691854,-0.0652224382259412,0.344776531708407,10,vix
xlstm_const,G,42,decay_ocp_cqr,high_vix,0.8416666666666667,0.5592512808778545,-0.027149687486809793,0.06690808408553067,10,vix
xlstm_const,G,42,decay_ocp_cqr,low_vix,0.889010989010989,0.5641850183220743,-0.02199011896372205,0.11797981724936416,10,vix
xlstm_const,G,42,dtaci_cqr,high_vix,0.7694444444444445,0.49587949274749826,-0.0328724043747709,0.11029178790484157,10,vix
xlstm_const,G,42,dtaci_cqr,low_vix,0.8373626373626374,0.5006736431316059,-0.029024988921678152,0.11311567003511366,10,vix
xlstm_const,G,42,mondrian_cqr,high_vix,0.8277777777777777,0.5496817968929714,-0.09074150236653022,0.11698535369611077,10,vix
xlstm_const,G,42,mondrian_cqr,low_vix,0.8549450549450549,0.5249932802695797,-0.08662391351405208,0.1359337528381256,10,vix
xlstm_const,G,42,native,high_vix,0.8694444444444445,0.5528500382469553,-0.033055036705414986,0.08512749540268255,10,vix
xlstm_const,G,42,native,low_vix,0.9131868131868132,0.5725966506231883,-0.10310768071832521,0.08631650060687485,10,vix
xlstm_const,G,42,pid_cqr,high_vix,0.7527777777777778,0.5008098936032745,-0.03912537929023441,0.0958476715737242,10,vix
xlstm_const,G,42,pid_cqr,low_vix,0.8252747252747252,0.4891375969865534,0.00016051010881507066,0.08115982973528285,10,vix
xlstm_const,G,42,pid_local_cqr,high_vix,0.775,0.4989256965944291,-0.038592626571210986,0.11649433988482505,10,vix
xlstm_const,G,42,pid_local_cqr,low_vix,0.8219780219780219,0.5177744032838856,-0.03272982523882517,0.0983062994523908,10,vix
xlstm_const,G,42,pid_tan_cqr,high_vix,0.775,0.5570110540998264,-0.13261984278505745,0.1411358850986863,10,vix
xlstm_const,G,42,pid_tan_cqr,low_vix,0.8307692307692308,0.5679064983052878,-0.14276076577497665,0.2443178011561093,10,vix
xlstm_const,G,42,saocp_cqr,high_vix,0.9083333333333333,0.5891208083103884,-0.09887709354837027,0.10400738733115689,10,vix
xlstm_const,G,42,saocp_cqr,low_vix,0.9384615384615385,0.6072217490446353,-0.14837175596795427,0.0630517871331881,10,vix
xlstm_const,G,42,sfogd_cqr,high_vix,0.7583333333333333,0.5383255621591909,-0.07186871134694661,0.06368700646569792,10,vix
xlstm_const,G,42,sfogd_cqr,low_vix,0.8197802197802198,0.5060329608611926,-0.040698467885576295,0.0671060424559494,10,vix
xlstm_const,G,42,spci_cqr,high_vix,0.7138888888888889,0.5025611358873485,-0.0933182461679839,0.10155912835485922,10,vix
xlstm_const,G,42,spci_cqr,low_vix,0.7901098901098901,0.5085977499221384,-0.061912081536552255,0.17101754891431695,10,vix
xlstm_const,G,43,aci_cqr,high_vix,0.7527777777777778,0.49538081155601227,-0.0007286712178491417,0.11722717420528941,10,vix
xlstm_const,G,43,aci_cqr,low_vix,0.8307692307692308,0.4750989133210791,-0.0024341061554085663,0.11184945837615529,10,vix
xlstm_const,G,43,agaci_cqr,high_vix,0.7805555555555556,0.4840478914508164,0.014346710263793139,0.15128140072119273,10,vix
xlstm_const,G,43,agaci_cqr,low_vix,0.8252747252747252,0.46731939896570807,-0.001803741301706574,0.0795262486763745,10,vix
xlstm_const,G,43,cqr_rolling,high_vix,0.775,0.496523208786612,-0.006548862367072916,0.12623851377518755,10,vix
xlstm_const,G,43,cqr_rolling,low_vix,0.8362637362637363,0.4827699442572904,-0.006270592564905864,0.1312564478159295,10,vix
xlstm_const,G,43,cqr_static,high_vix,0.7972222222222223,0.7464716817225214,-0.06145049601690855,0.17621214082304826,10,vix
xlstm_const,G,43,cqr_static,low_vix,0.8483516483516483,0.7159514549875864,-0.096871588419293,0.17344605748053127,10,vix
xlstm_const,G,43,decay_ocp_cqr,high_vix,0.85,0.584732792603403,-0.03076470167244827,0.09079311952838204,10,vix
xlstm_const,G,43,decay_ocp_cqr,low_vix,0.9,0.5832631315646032,-0.03571796222859602,0.06020307190123714,10,vix
xlstm_const,G,43,dtaci_cqr,high_vix,0.7861111111111111,0.4853053601516943,-0.0007290258885180312,0.11480222587896441,10,vix
xlstm_const,G,43,dtaci_cqr,low_vix,0.8296703296703297,0.4660223601751573,0.001211995780097841,0.10032071925910116,10,vix
xlstm_const,G,43,mondrian_cqr,high_vix,0.8166666666666667,0.5437967907190795,-0.01753754713416028,0.1360664359613474,10,vix
xlstm_const,G,43,mondrian_cqr,low_vix,0.856043956043956,0.5163282537994521,-0.06807193166898484,0.1378992232499473,10,vix
xlstm_const,G,43,native,high_vix,0.8611111111111112,0.5478830501472605,-0.05421855934534925,0.09544142633356328,10,vix
xlstm_const,G,43,native,low_vix,0.9087912087912088,0.5529659618681992,-0.07023548964554649,0.07873459256304843,10,vix
xlstm_const,G,43,pid_cqr,high_vix,0.7694444444444445,0.49235708750389445,-0.0010475657166627572,0.08978448319684851,10,vix
xlstm_const,G,43,pid_cqr,low_vix,0.8208791208791208,0.468301344415087,0.010438940144015363,0.0949305645799988,10,vix
xlstm_const,G,43,pid_local_cqr,high_vix,0.775,0.5206596129805559,-0.013594309501622437,0.1385250809952531,10,vix
xlstm_const,G,43,pid_local_cqr,low_vix,0.8241758241758241,0.5013971530907887,-0.016719232999334754,0.09347670135851854,10,vix
xlstm_const,G,43,pid_tan_cqr,high_vix,0.7694444444444445,0.5541284558133401,-0.10979152681135584,0.10285781981662129,10,vix
xlstm_const,G,43,pid_tan_cqr,low_vix,0.8285714285714286,0.5321692373018093,-0.1604358782819183,0.11603152226111968,10,vix
xlstm_const,G,43,saocp_cqr,high_vix,0.9111111111111111,0.5725227451569144,-0.08540238516967702,0.10285740170573382,10,vix
xlstm_const,G,43,saocp_cqr,low_vix,0.9318681318681319,0.5871631218580231,-0.14002780529386427,0.084347921414614,10,vix
xlstm_const,G,43,sfogd_cqr,high_vix,0.775,0.5305867861452818,-0.0031996722660518895,0.1130482054777259,10,vix
xlstm_const,G,43,sfogd_cqr,low_vix,0.8131868131868132,0.5172452387721951,-0.04169438174229145,0.06642130964160603,10,vix
xlstm_const,G,43,spci_cqr,high_vix,0.7138888888888889,0.523230311916075,-0.09266329408832075,0.14807278189632458,10,vix
xlstm_const,G,43,spci_cqr,low_vix,0.7670329670329671,0.4895368434904531,-0.045244319466835825,0.1503272605195582,10,vix
xlstm_const,G,44,aci_cqr,high_vix,0.7333333333333333,0.48021691795937155,-0.013341442542757709,0.14529798083757475,10,vix
xlstm_const,G,44,aci_cqr,low_vix,0.8582417582417582,0.4185277554416897,0.04249445034766863,0.2267648800970812,10,vix
xlstm_const,G,44,agaci_cqr,high_vix,0.7416666666666667,0.4823718508843638,-0.012416016689075549,0.1369063634711197,10,vix
xlstm_const,G,44,agaci_cqr,low_vix,0.8472527472527472,0.4064048970858804,0.043008608299542284,0.2197523577783389,10,vix
xlstm_const,G,44,cqr_rolling,high_vix,0.7583333333333333,0.4761149964065213,0.00010865554145667033,0.15695442789244746,10,vix
xlstm_const,G,44,cqr_rolling,low_vix,0.8725274725274725,0.4303440401343383,0.04024017669970026,0.17266566838922354,10,vix
xlstm_const,G,44,cqr_static,high_vix,0.85,0.7185500399226007,-0.1170033574930488,0.24276093682113015,10,vix
xlstm_const,G,44,cqr_static,low_vix,0.8912087912087913,0.6837018264092533,-0.06749542607197534,0.23993391384004792,10,vix
xlstm_const,G,44,decay_ocp_cqr,high_vix,0.8444444444444444,0.5384524040169302,-0.016195978131304134,0.0718713339144044,10,vix
xlstm_const,G,44,decay_ocp_cqr,low_vix,0.9175824175824175,0.5091693726611795,-0.05301784613459504,0.08072993595031774,10,vix
xlstm_const,G,44,dtaci_cqr,high_vix,0.75,0.47934932102688016,-0.01104242689310031,0.15583775069589834,10,vix
xlstm_const,G,44,dtaci_cqr,low_vix,0.8626373626373627,0.4105765946455374,0.04335922121999486,0.21432009365094787,10,vix
xlstm_const,G,44,mondrian_cqr,high_vix,0.8222222222222222,0.5043102033843395,-0.06818565801299548,0.12192814813083785,10,vix
xlstm_const,G,44,mondrian_cqr,low_vix,0.8758241758241758,0.449505964967915,-0.033745113585538,0.27802491255115513,10,vix
xlstm_const,G,44,native,high_vix,0.8694444444444445,0.5583208405463103,-0.032329451743102755,0.14247464025529805,10,vix
xlstm_const,G,44,native,low_vix,0.9230769230769231,0.5062816672896864,-0.050889976332781695,0.06184064863142874,10,vix
xlstm_const,G,44,pid_cqr,high_vix,0.75,0.49508153594189314,-0.02111742611604195,0.14315367657947525,10,vix
xlstm_const,G,44,pid_cqr,low_vix,0.8362637362637363,0.41274624878411137,0.06260247278502279,0.16996370142639092,10,vix
xlstm_const,G,44,pid_local_cqr,high_vix,0.7777777777777778,0.518824222841584,-0.029151441048732907,0.10334414041817999,10,vix
xlstm_const,G,44,pid_local_cqr,low_vix,0.8296703296703297,0.4353293735729616,0.02991822355803092,0.11315407732137683,10,vix
xlstm_const,G,44,pid_tan_cqr,high_vix,0.7527777777777778,0.5445694299795504,-0.11543631676177424,0.18610971247365346,10,vix
xlstm_const,G,44,pid_tan_cqr,low_vix,0.8494505494505494,0.4832907065862845,-0.13812716402103553,0.2169110224288474,10,vix
xlstm_const,G,44,saocp_cqr,high_vix,0.8972222222222223,0.5688731752110056,-0.06833446440234825,0.10617559574263269,10,vix
xlstm_const,G,44,saocp_cqr,low_vix,0.9439560439560439,0.5449099638988336,-0.11488037972857057,0.08385129274409758,10,vix
xlstm_const,G,44,sfogd_cqr,high_vix,0.7555555555555555,0.5174341874379162,-0.04881563701416547,0.12409243953314736,10,vix
xlstm_const,G,44,sfogd_cqr,low_vix,0.8208791208791208,0.45329406643177395,0.013902152964047898,0.11746858891970788,10,vix
xlstm_const,G,44,spci_cqr,high_vix,0.6833333333333333,0.5174814066801768,-0.09635620483907592,0.16917794236284167,10,vix
xlstm_const,G,44,spci_cqr,low_vix,0.8065934065934066,0.4242292583542579,0.030248482957763057,0.25125035088235037,10,vix
xlstm_const,GF,42,aci_cqr,high_vix,0.7583333333333333,0.4900576873730155,-0.00699915356667391,0.12976335459844499,10,vix
xlstm_const,GF,42,aci_cqr,low_vix,0.8274725274725274,0.5028922373750058,-0.04677326410924931,0.15379012378016604,10,vix
xlstm_const,GF,42,agaci_cqr,high_vix,0.7472222222222222,0.4933559158156583,-0.0174180479470325,0.11785523126695546,10,vix
xlstm_const,GF,42,agaci_cqr,low_vix,0.8274725274725274,0.4989274696359019,0.00969488403628288,0.1498004319879816,10,vix
xlstm_const,GF,42,cqr_rolling,high_vix,0.7722222222222223,0.49217426600211106,-0.010978331219940074,0.10954053289722687,10,vix
xlstm_const,GF,42,cqr_rolling,low_vix,0.8307692307692308,0.5087776650093572,-0.036648277734553925,0.14827574261724624,10,vix
xlstm_const,GF,42,cqr_static,high_vix,0.7777777777777778,0.6321697192116604,-0.10498876811909585,0.17140891421316418,10,vix
xlstm_const,GF,42,cqr_static,low_vix,0.8186813186813187,0.639402336367008,-0.11031229529093689,0.2244804215973146,10,vix
xlstm_const,GF,42,decay_ocp_cqr,high_vix,0.85,0.5408374685488885,-0.022881594834278207,0.04079717598732055,10,vix
xlstm_const,GF,42,decay_ocp_cqr,low_vix,0.8857142857142857,0.5511682796897125,-0.027700593372233295,0.13477075766296495,10,vix
xlstm_const,GF,42,dtaci_cqr,high_vix,0.7777777777777778,0.4873775239669854,-0.016042184736186793,0.13897328342318677,10,vix
xlstm_const,GF,42,dtaci_cqr,low_vix,0.8296703296703297,0.49846660196723536,-0.03573017476784013,0.13563002698503815,10,vix
xlstm_const,GF,42,mondrian_cqr,high_vix,0.8222222222222222,0.5282373175235714,-0.06383847543098564,0.10296282732117096,10,vix
xlstm_const,GF,42,mondrian_cqr,low_vix,0.8494505494505494,0.5261559925236357,-0.07491196028770652,0.11322993949283694,10,vix
xlstm_const,GF,42,native,high_vix,0.8638888888888889,0.5420171976697166,-0.023375279310989483,0.037687175443836485,10,vix
xlstm_const,GF,42,native,low_vix,0.9065934065934066,0.5666951610247194,-0.1004765799500762,0.09661234008709596,10,vix
xlstm_const,GF,42,pid_cqr,high_vix,0.7527777777777778,0.49921743743656094,-0.02887206503011297,0.07394431513175512,10,vix
xlstm_const,GF,42,pid_cqr,low_vix,0.8296703296703297,0.4939040479075076,0.012766755898983684,0.09480615522808852,10,vix
xlstm_const,GF,42,pid_local_cqr,high_vix,0.7722222222222223,0.4934484659424867,-0.009077722796579035,0.08306243621144935,10,vix
xlstm_const,GF,42,pid_local_cqr,low_vix,0.8219780219780219,0.5036922355281299,-0.03107315690336243,0.08774934249175176,10,vix
xlstm_const,GF,42,pid_tan_cqr,high_vix,0.7666666666666667,0.5452067119401935,-0.11090765496474997,0.14886883384300853,10,vix
xlstm_const,GF,42,pid_tan_cqr,low_vix,0.832967032967033,0.5638445999410188,-0.15124202816953214,0.1811639285258947,10,vix
xlstm_const,GF,42,saocp_cqr,high_vix,0.9111111111111111,0.567458570240994,-0.09370521609093319,0.10977950029525774,10,vix
xlstm_const,GF,42,saocp_cqr,low_vix,0.9340659340659341,0.5968489963714237,-0.14271122652742885,0.09362458222994802,10,vix
xlstm_const,GF,42,sfogd_cqr,high_vix,0.7638888888888888,0.5236141194732639,-0.025541704968437995,0.055730080380526015,10,vix
xlstm_const,GF,42,sfogd_cqr,low_vix,0.8197802197802198,0.5168774806639411,-0.029247399155650444,0.08539103580317586,10,vix
xlstm_const,GF,42,spci_cqr,high_vix,0.7222222222222222,0.4943763121905702,-0.03687623628839154,0.12856232403797613,10,vix
xlstm_const,GF,42,spci_cqr,low_vix,0.7846153846153846,0.5053353208356389,-0.03936046626688949,0.1341694707504224,10,vix
xlstm_const,GF,43,aci_cqr,high_vix,0.7805555555555556,0.46868743643273303,0.036627760668092646,0.20194799259736157,10,vix
xlstm_const,GF,43,aci_cqr,low_vix,0.8263736263736263,0.452292674919306,0.02580923822827247,0.14827384311816097,10,vix
xlstm_const,GF,43,agaci_cqr,high_vix,0.775,0.46912560817835824,0.05013145186121487,0.18293147526230405,10,vix
xlstm_const,GF,43,agaci_cqr,low_vix,0.8252747252747252,0.4404063890088769,0.03375579791282518,0.14362814927697973,10,vix
xlstm_const,GF,43,cqr_rolling,high_vix,0.7833333333333333,0.470103016578698,0.03505933078459372,0.19190459956571526,10,vix
xlstm_const,GF,43,cqr_rolling,low_vix,0.8373626373626374,0.46188479690262846,0.010119918930843408,0.13450171086173732,10,vix
xlstm_const,GF,43,cqr_static,high_vix,0.8333333333333334,0.6990309067310407,-0.05167735811178131,0.22218401760838213,10,vix
xlstm_const,GF,43,cqr_static,low_vix,0.8692307692307693,0.6811076040794708,-0.059804786065030036,0.21061473912723236,10,vix
xlstm_const,GF,43,decay_ocp_cqr,high_vix,0.8555555555555555,0.5624805522858851,-0.008573981294054178,0.05848107345598827,10,vix
xlstm_const,GF,43,decay_ocp_cqr,low_vix,0.8978021978021978,0.5633084841354554,-0.025872992414604834,0.06783680161721053,10,vix
xlstm_const,GF,43,dtaci_cqr,high_vix,0.7833333333333333,0.46580756492981923,0.05019708993211863,0.18935309790854132,10,vix
xlstm_const,GF,43,dtaci_cqr,low_vix,0.8351648351648352,0.4421970157185201,0.049822708250223,0.14534047010256135,10,vix
xlstm_const,GF,43,mondrian_cqr,high_vix,0.8111111111111111,0.5108438679598997,0.04719909663451499,0.19963025021123054,10,vix
xlstm_const,GF,43,mondrian_cqr,low_vix,0.8538461538461538,0.49864524240245217,-0.09421241411880055,0.18227225206140665,10,vix
xlstm_const,GF,43,native,high_vix,0.8611111111111112,0.5262235164030818,-0.001372958590706852,0.05923510140072133,10,vix
xlstm_const,GF,43,native,low_vix,0.9153846153846154,0.5326466087291365,-0.05030373241755559,0.07469027736099804,10,vix
xlstm_const,GF,43,pid_cqr,high_vix,0.7694444444444445,0.4818780151390448,0.038125080793277755,0.11463257869608981,10,vix
xlstm_const,GF,43,pid_cqr,low_vix,0.823076923076923,0.4498357403970347,0.035347475490876634,0.11297998357671354,10,vix
xlstm_const,GF,43,pid_local_cqr,high_vix,0.7611111111111111,0.5170703263099957,-0.01926927959374891,0.09728890567780801,10,vix
xlstm_const,GF,43,pid_local_cqr,low_vix,0.8307692307692308,0.4679964258247016,0.012470064228810307,0.112730561993128,10,vix
xlstm_const,GF,43,pid_tan_cqr,high_vix,0.7722222222222223,0.5482619064359745,-0.09855107508203342,0.21687122437670941,10,vix
xlstm_const,GF,43,pid_tan_cqr,low_vix,0.8340659340659341,0.49514127629239224,-0.10733236912965916,0.13423578118882507,10,vix
xlstm_const,GF,43,saocp_cqr,high_vix,0.9083333333333333,0.5388983618096065,-0.03834750979939683,0.08205559117092082,10,vix
xlstm_const,GF,43,saocp_cqr,low_vix,0.9395604395604396,0.5643269670142367,-0.09150405013895002,0.08016335155442406,10,vix
xlstm_const,GF,43,sfogd_cqr,high_vix,0.7638888888888888,0.529941508603442,-0.003534860356829428,0.097103142121575,10,vix
xlstm_const,GF,43,sfogd_cqr,low_vix,0.8186813186813187,0.49684919094410845,-0.03885593618650007,0.11169754479243024,10,vix
xlstm_const,GF,43,spci_cqr,high_vix,0.7055555555555556,0.4993082030141355,-0.03817312951718321,0.20226610612957066,10,vix
xlstm_const,GF,43,spci_cqr,low_vix,0.7593406593406593,0.46328631845372825,-0.00011990601399275436,0.15441982715404304,10,vix
xlstm_const,GF,44,aci_cqr,high_vix,0.7194444444444444,0.48730802718434274,-0.005026041632814615,0.13992105430442453,10,vix
xlstm_const,GF,44,aci_cqr,low_vix,0.865934065934066,0.4051794735434575,0.04848946582760982,0.1924586403793915,10,vix
xlstm_const,GF,44,agaci_cqr,high_vix,0.7305555555555555,0.4863539287569439,-0.005696051813872116,0.09421506963014803,10,vix
xlstm_const,GF,44,agaci_cqr,low_vix,0.8538461538461538,0.3908043591405257,0.055720642628517114,0.22351978862650038,10,vix
xlstm_const,GF,44,cqr_rolling,high_vix,0.7361111111111112,0.4819845930006175,-0.003476154171915602,0.14399785310014437,10,vix
xlstm_const,GF,44,cqr_rolling,low_vix,0.8758241758241758,0.415206578051557,0.05373325563229814,0.165831833444592,10,vix
xlstm_const,GF,44,cqr_static,high_vix,0.875,0.693747166503623,-0.08535859496475773,0.28430182936059245,10,vix
xlstm_const,GF,44,cqr_static,low_vix,0.910989010989011,0.6700967903389403,-0.07976529917835029,0.3580927218526069,10,vix
xlstm_const,GF,44,decay_ocp_cqr,high_vix,0.8638888888888889,0.5282898394351558,-0.00455764678140147,0.0764998323336468,10,vix
xlstm_const,GF,44,decay_ocp_cqr,low_vix,0.9197802197802197,0.5064201309500309,-0.03902165428228743,0.06445153107787002,10,vix
xlstm_const,GF,44,dtaci_cqr,high_vix,0.7333333333333333,0.4838417774672032,-0.013864563510485706,0.14310678580695171,10,vix
xlstm_const,GF,44,dtaci_cqr,low_vix,0.8703296703296703,0.39442027664780105,0.05472528712573016,0.2112084175883829,10,vix
xlstm_const,GF,44,mondrian_cqr,high_vix,0.8472222222222222,0.5357111655887279,-0.0830234446832887,0.11549469860581285,10,vix
xlstm_const,GF,44,mondrian_cqr,low_vix,0.8813186813186813,0.4369266407159779,-0.04121801940364489,0.2221408090127746,10,vix
xlstm_const,GF,44,native,high_vix,0.8666666666666667,0.5466815701803659,-0.023608690836695034,0.11884113943597929,10,vix
xlstm_const,GF,44,native,low_vix,0.9230769230769231,0.49922979162049963,-0.020120617782288908,0.06237728567411149,10,vix
xlstm_const,GF,44,pid_cqr,high_vix,0.7388888888888889,0.49136243418352515,-0.009649170790474115,0.09901058857732814,10,vix
xlstm_const,GF,44,pid_cqr,low_vix,0.845054945054945,0.3988742969482862,0.055034674492068225,0.1823957581060796,10,vix
xlstm_const,GF,44,pid_local_cqr,high_vix,0.7777777777777778,0.5184012732146028,-0.02261484327924068,0.10575139246546406,10,vix
xlstm_const,GF,44,pid_local_cqr,low_vix,0.8274725274725274,0.42456835401644366,0.04755357900230006,0.14433806657172896,10,vix
xlstm_const,GF,44,pid_tan_cqr,high_vix,0.7416666666666667,0.5393716864829258,-0.10376840012863542,0.15099531393451793,10,vix
xlstm_const,GF,44,pid_tan_cqr,low_vix,0.8571428571428571,0.47048184135165605,-0.1050524847073766,0.22888796539917564,10,vix
xlstm_const,GF,44,saocp_cqr,high_vix,0.8972222222222223,0.5685817674522547,-0.07649435584934594,0.09301649557230357,10,vix
xlstm_const,GF,44,saocp_cqr,low_vix,0.9472527472527472,0.5376023909792292,-0.09735285022882911,0.07212918161321336,10,vix
xlstm_const,GF,44,sfogd_cqr,high_vix,0.7527777777777778,0.5209396358484658,-0.019539563602438692,0.07420034204527456,10,vix
xlstm_const,GF,44,sfogd_cqr,low_vix,0.8241758241758241,0.44802531998055445,0.02071350414913886,0.11666178090708024,10,vix
xlstm_const,GF,44,spci_cqr,high_vix,0.6638888888888889,0.5084831039853437,-0.024975790496108874,0.14630219165360125,10,vix
xlstm_const,GF,44,spci_cqr,low_vix,0.8,0.4152007284083127,0.058975385099154676,0.2523418921037417,10,vix
xlstm_const,L,42,aci_cqr,high_vix,0.7388888888888889,0.4484166233171565,0.024840713353371735,0.23557836108451785,10,vix
xlstm_const,L,42,aci_cqr,low_vix,0.8472527472527472,0.4105455072506744,0.05991042864753865,0.20649433704650189,10,vix
xlstm_const,L,42,agaci_cqr,high_vix,0.7388888888888889,0.45234312963590506,0.007217804074301504,0.2238247954664728,10,vix
xlstm_const,L,42,agaci_cqr,low_vix,0.8428571428571429,0.39510938157974046,0.058993985117059444,0.2641094748830365,10,vix
xlstm_const,L,42,cqr_rolling,high_vix,0.7638888888888888,0.4468920015582503,0.026562311368918512,0.2376013779577094,10,vix
xlstm_const,L,42,cqr_rolling,low_vix,0.865934065934066,0.4194278979617705,0.05613714845595652,0.18030305371118638,10,vix
xlstm_const,L,42,cqr_static,high_vix,0.8722222222222222,0.7492075768328879,-0.07743374888712684,0.23581542679554068,10,vix
xlstm_const,L,42,cqr_static,low_vix,0.932967032967033,0.7178510465894193,-0.057864324703869596,0.4317224975836036,10,vix
xlstm_const,L,42,decay_ocp_cqr,high_vix,0.8527777777777777,0.5178416662130084,-0.011237290885304674,0.043557453343701286,10,vix
xlstm_const,L,42,decay_ocp_cqr,low_vix,0.9208791208791208,0.4978693156843853,-0.02113649792926342,0.08163632035264917,10,vix
xlstm_const,L,42,dtaci_cqr,high_vix,0.75,0.4471590524838251,0.012553362456063921,0.24517810773794657,10,vix
xlstm_const,L,42,dtaci_cqr,low_vix,0.8527472527472527,0.3988764125259461,0.060745529318984415,0.24247433981104644,10,vix
xlstm_const,L,42,mondrian_cqr,high_vix,0.8388888888888889,0.47227686339217134,-0.0026331885905373498,0.2308168630846958,10,vix
xlstm_const,L,42,mondrian_cqr,low_vix,0.8747252747252747,0.4551309242166321,-0.011694654186258202,0.16924796250731808,10,vix
xlstm_const,L,42,native,high_vix,0.8222222222222222,0.5080462618578173,0.003307744256527023,0.09369152698855085,10,vix
xlstm_const,L,42,native,low_vix,0.9,0.4532385988567997,0.047352550286828776,0.06458369546038692,10,vix
xlstm_const,L,42,pid_cqr,high_vix,0.7611111111111111,0.4569059264371591,0.02842679589880376,0.14174395199581388,10,vix
xlstm_const,L,42,pid_cqr,low_vix,0.8395604395604396,0.3967821498674577,0.07149431692814406,0.22390553580831063,10,vix
xlstm_const,L,42,pid_local_cqr,high_vix,0.7694444444444445,0.4854424037679472,0.025845696447228894,0.12531410173912055,10,vix
xlstm_const,L,42,pid_local_cqr,low_vix,0.8362637362637363,0.43138652062944155,0.05988016740925395,0.1436323386464981,10,vix
xlstm_const,L,42,pid_tan_cqr,high_vix,0.7527777777777778,0.5163343958110191,-0.10620914689269945,0.16814778400941968,10,vix
xlstm_const,L,42,pid_tan_cqr,low_vix,0.8516483516483516,0.4584608380958451,-0.08409241440634907,0.29344763398523666,10,vix
xlstm_const,L,42,saocp_cqr,high_vix,0.8972222222222223,0.5075307198033442,0.02433475798619028,0.09667429115465273,10,vix
xlstm_const,L,42,saocp_cqr,low_vix,0.9241758241758242,0.48470900748333906,-0.04442365607586829,0.04135177273079138,10,vix
xlstm_const,L,42,sfogd_cqr,high_vix,0.7694444444444445,0.498477103111093,0.01382979854847266,0.10378506414834221,10,vix
xlstm_const,L,42,sfogd_cqr,low_vix,0.8285714285714286,0.4400347121466842,0.005524411321739309,0.16300189206629864,10,vix
xlstm_const,L,42,spci_cqr,high_vix,0.6694444444444444,0.47064965304081935,-0.017817868728460362,0.2635939104698395,10,vix
xlstm_const,L,42,spci_cqr,low_vix,0.7901098901098901,0.4010788594975477,0.07328705212293224,0.2815988528253771,10,vix
xlstm_const,L,43,aci_cqr,high_vix,0.7472222222222222,0.5137030732031241,-0.02263687377421919,0.11457752036912006,10,vix
xlstm_const,L,43,aci_cqr,low_vix,0.8307692307692308,0.447744146759276,0.023050950305355644,0.17204765315105464,10,vix
xlstm_const,L,43,agaci_cqr,high_vix,0.7527777777777778,0.5221840484297448,-0.026895110640787645,0.12266459313420142,10,vix
xlstm_const,L,43,agaci_cqr,low_vix,0.8307692307692308,0.43570957542005556,0.04301142573133315,0.1561936586360666,10,vix
xlstm_const,L,43,cqr_rolling,high_vix,0.7694444444444445,0.510798005276337,-0.020758266446915363,0.11940367335687596,10,vix
xlstm_const,L,43,cqr_rolling,low_vix,0.856043956043956,0.4542061268937649,0.023566723847957216,0.17232488166917903,10,vix
xlstm_const,L,43,cqr_static,high_vix,0.9027777777777778,0.7620681296697935,-0.15604221710381427,0.26047327971552114,10,vix
xlstm_const,L,43,cqr_static,low_vix,0.9472527472527472,0.7092648078457598,-0.17611642046128972,0.3381713690666192,10,vix
xlstm_const,L,43,decay_ocp_cqr,high_vix,0.8722222222222222,0.5971983944459095,-0.03156086207451625,0.09778506192720066,10,vix
xlstm_const,L,43,decay_ocp_cqr,low_vix,0.9230769230769231,0.5240980763885643,-0.031423688982246234,0.07173922063819513,10,vix
xlstm_const,L,43,dtaci_cqr,high_vix,0.7638888888888888,0.5180183713913145,-0.035536777246018225,0.11887544153671695,10,vix
xlstm_const,L,43,dtaci_cqr,low_vix,0.8417582417582418,0.43447102544684585,0.04399864588978547,0.17512818764241045,10,vix
xlstm_const,L,43,mondrian_cqr,high_vix,0.8416666666666667,0.5532945754746011,-0.0553876490672649,0.10632654323065943,10,vix
xlstm_const,L,43,mondrian_cqr,low_vix,0.8824175824175824,0.5074402710060779,-0.10498706388509271,0.13363572275669733,10,vix
xlstm_const,L,43,native,high_vix,0.8333333333333334,0.572926992147848,-0.03430718857664594,0.03946066740945725,10,vix
xlstm_const,L,43,native,low_vix,0.8857142857142857,0.4470870249618991,0.036317544081437,0.0776276739270366,10,vix
xlstm_const,L,43,pid_cqr,high_vix,0.7722222222222223,0.5227883192071701,-0.01760878697021495,0.06021635683602877,10,vix
xlstm_const,L,43,pid_cqr,low_vix,0.8307692307692308,0.42664818839015384,0.06592856906165634,0.1348057159050993,10,vix
xlstm_const,L,43,pid_local_cqr,high_vix,0.7694444444444445,0.5569291348577118,-0.04714331184196363,0.09986207782497336,10,vix
xlstm_const,L,43,pid_local_cqr,low_vix,0.8362637362637363,0.45773314993252145,0.019425615985056155,0.10954479714377,10,vix
xlstm_const,L,43,pid_tan_cqr,high_vix,0.7444444444444445,0.5921540634310193,-0.16701645246418728,0.15440209564738994,10,vix
xlstm_const,L,43,pid_tan_cqr,low_vix,0.8472527472527472,0.5075030659914287,-0.08166661196039715,0.233885326846484,10,vix
xlstm_const,L,43,saocp_cqr,high_vix,0.8916666666666667,0.5509345567994589,-0.0749674326185924,0.06328522465413089,10,vix
xlstm_const,L,43,saocp_cqr,low_vix,0.9164835164835164,0.49861270124528245,-0.059679125425507795,0.06851402401942619,10,vix
xlstm_const,L,43,sfogd_cqr,high_vix,0.7638888888888888,0.559943268911472,-0.07169599380715186,0.13621786554332888,10,vix
xlstm_const,L,43,sfogd_cqr,low_vix,0.8208791208791208,0.4635458611852297,-0.02396321598791573,0.12106054550803855,10,vix
xlstm_const,L,43,spci_cqr,high_vix,0.7166666666666667,0.5362706928020511,-0.06421109738631992,0.12145749549297663,10,vix
xlstm_const,L,43,spci_cqr,low_vix,0.7857142857142857,0.4418123545209531,0.045899188020658344,0.15270881970174935,10,vix
xlstm_const,L,44,aci_cqr,high_vix,0.7277777777777777,0.545765988335164,-0.07463525295169826,0.15898399337475505,10,vix
xlstm_const,L,44,aci_cqr,low_vix,0.843956043956044,0.4168831533724614,0.09730465107999692,0.2390689224871021,10,vix
xlstm_const,L,44,agaci_cqr,high_vix,0.7361111111111112,0.5585349651880448,-0.07404508990165382,0.15941854675538256,10,vix
xlstm_const,L,44,agaci_cqr,low_vix,0.8318681318681319,0.4039702193000064,0.08455817164947804,0.2700954999126737,10,vix
xlstm_const,L,44,cqr_rolling,high_vix,0.7555555555555555,0.5382486438241008,-0.0746983251119625,0.1599209497761149,10,vix
xlstm_const,L,44,cqr_rolling,low_vix,0.8582417582417582,0.4329098457973766,0.08347553123346813,0.1738096533476085,10,vix
xlstm_const,L,44,cqr_static,high_vix,0.8888888888888888,0.7356882786813388,-0.0732475892805815,0.07305356000722202,10,vix
xlstm_const,L,44,cqr_static,low_vix,0.932967032967033,0.6876562332806694,-0.12470442753449151,0.23819241509033978,10,vix
xlstm_const,L,44,decay_ocp_cqr,high_vix,0.8555555555555555,0.6218548447367623,-0.051820023705518636,0.09107741713084677,10,vix
xlstm_const,L,44,decay_ocp_cqr,low_vix,0.9087912087912088,0.5536758479542049,-0.02596859783056793,0.07394913763878541,10,vix
xlstm_const,L,44,dtaci_cqr,high_vix,0.7444444444444445,0.546344274468706,-0.0656876402709905,0.1405498783895617,10,vix
xlstm_const,L,44,dtaci_cqr,low_vix,0.843956043956044,0.4066714342290683,0.08655795315669823,0.2685240656017082,10,vix
xlstm_const,L,44,mondrian_cqr,high_vix,0.8222222222222222,0.5822594870002324,-0.08110946697109978,0.2393688573821771,10,vix
xlstm_const,L,44,mondrian_cqr,low_vix,0.8615384615384616,0.44721150914640334,-0.01504804816036609,0.19580114579017135,10,vix
xlstm_const,L,44,native,high_vix,0.8277777777777777,0.5844954901669834,-0.036287507866165525,0.08964125946687981,10,vix
xlstm_const,L,44,native,low_vix,0.8846153846153846,0.4667982629772173,-0.0020391302705939363,0.058421414419652845,10,vix
xlstm_const,L,44,pid_cqr,high_vix,0.75,0.5534827557851077,-0.05956827017763644,0.12898856566958433,10,vix
xlstm_const,L,44,pid_cqr,low_vix,0.8384615384615385,0.4078965973403894,0.07539806009648647,0.2182864069613554,10,vix
xlstm_const,L,44,pid_local_cqr,high_vix,0.7611111111111111,0.5627130728324712,-0.06380776397960175,0.11945288321082667,10,vix
xlstm_const,L,44,pid_local_cqr,low_vix,0.8373626373626374,0.4268406714317647,0.08122701507140334,0.1898041161840542,10,vix
xlstm_const,L,44,pid_tan_cqr,high_vix,0.75,0.6157681438111409,-0.1920776319616001,0.08824225251980528,10,vix
xlstm_const,L,44,pid_tan_cqr,low_vix,0.8483516483516483,0.45600887326357575,-0.11352072586128958,0.3188262094210257,10,vix
xlstm_const,L,44,saocp_cqr,high_vix,0.8916666666666667,0.5591772155150347,-0.06594389606861606,0.06980067718087002,10,vix
xlstm_const,L,44,saocp_cqr,low_vix,0.9153846153846154,0.5130060603203644,-0.07749497332375022,0.08387498268833896,10,vix
xlstm_const,L,44,sfogd_cqr,high_vix,0.7555555555555555,0.5548525851775927,-0.06641876697648519,0.1408758231811158,10,vix
xlstm_const,L,44,sfogd_cqr,low_vix,0.8296703296703297,0.4461655113420873,0.054241875630167136,0.14915802819589657,10,vix
xlstm_const,L,44,spci_cqr,high_vix,0.6972222222222222,0.6049992709164326,-0.12146934618714766,0.17932135320754156,10,vix
xlstm_const,L,44,spci_cqr,low_vix,0.8043956043956044,0.42288473929538667,0.024995312757456367,0.2281261310125766,10,vix
