model,regime,seed,cp_method,median_skill,mean_skill,mean_coverage,mean_abs_gap,median_mae_ratio,n_countries,valid_country_share,validity_flag,seed_span,median_skill_exie,mean_coverage_exie,d_skill
arma,L,42,aci_cqr,0.05190935897050214,0.0832154027091906,0.8062992125984252,0.021732283464566914,1.0173893383146013,10,1.0,True,0.0,-0.006236333351752332,0.8092738407699037,-0.05814569232225447
arma,L,42,agaci_cqr,0.04721345525395709,0.0887280096158948,0.7937007874015748,0.01669291338582677,1.0173893383146013,10,1.0,True,0.0,-0.009634839808053464,0.7944006999125109,-0.056848295062010556
arma,L,42,cqr_rolling,0.03716301933629268,0.07532599836848088,0.8267716535433071,0.031811023622047206,1.0173893383146013,10,0.9,True,0.0,-0.006788919851274944,0.8276465441819773,-0.043951939187567624
arma,L,42,cqr_static,-0.18202045752536067,-0.5179989808349887,0.931496062992126,0.1466141732283464,1.0173893383146013,10,0.1,False,0.0,-0.2695038839181416,0.9247594050743656,-0.08748342639278095
arma,L,42,decay_ocp_cqr,-0.07431923432579302,-0.14218312801835087,0.9220472440944881,0.12299212598425194,1.0173893383146013,10,0.3,False,0.0,-0.08482280474880399,0.9142607174103237,-0.010503570423010977
arma,L,42,dtaci_cqr,0.058415669812322046,0.0931119338374892,0.8125984251968503,0.01606299212598421,1.0173893383146013,10,1.0,True,0.0,-0.0020435763390462824,0.8136482939632547,-0.06045924615136833
arma,L,42,mondrian_cqr,-0.05303802376447553,-0.007144529611048012,0.8551181102362205,0.05511811023622043,1.0173893383146013,10,0.8,True,0.0,-0.07039474784550426,0.8538932633420822,-0.01735672408102873
arma,L,42,native,-0.03495346667260535,-0.043082095081641694,0.9039370078740158,0.10393700787401569,1.0173893383146013,10,0.4,False,0.0,-0.030914715569432705,0.8941382327209099,0.004038751103172644
arma,L,42,pid_cqr,0.05181320443555576,0.07349879937486463,0.8149606299212598,0.014960629921259794,1.0173893383146013,10,0.9,True,0.0,0.0117932036422157,0.8153980752405949,-0.04002000079334006
arma,L,42,pid_local_cqr,-0.0030054744350591633,0.026808257219572574,0.8181102362204724,0.01905511811023617,1.0173893383146013,10,0.9,True,0.0,-0.0034891890398409675,0.8171478565179353,-0.00048371460478180417
arma,L,42,pid_tan_cqr,-0.05629669355867578,-0.02250265885508492,0.8173228346456692,0.01732283464566924,1.0173893383146013,10,0.8,True,0.0,-0.1260081637662378,0.8188976377952756,-0.06971147020756202
arma,L,42,saocp_cqr,-0.08348736637855836,-0.09914981254166862,0.9291338582677164,0.12913385826771645,1.0173893383146013,10,0.0,False,0.0,-0.08928932022900238,0.9221347331583551,-0.005801953850444019
arma,L,42,sfogd_cqr,-0.02571999774867384,0.002690967785927534,0.8023622047244094,0.005196850393700769,1.0173893383146013,10,0.7,True,0.0,-0.0260208416108465,0.8031496062992126,-0.0003008438621726617
arma,L,42,spci_cqr,0.02542236819768512,0.052252759744009905,0.7559055118110236,0.04472440944881895,1.0173893383146013,10,0.9,True,0.0,-0.016052162446324347,0.7602799650043744,-0.041474530644009466
arma_monthly,L,42,aci_cqr,0.049120625898289194,0.0865756036168224,0.8023622047244094,0.018740157480314944,1.013710100950241,10,1.0,True,0.0,-0.013005517970901437,0.8040244969378827,-0.06212614386919063
arma_monthly,L,42,agaci_cqr,0.057381690957884424,0.09012892967506073,0.8,0.013858267716535422,1.013710100950241,10,1.0,True,0.0,-0.008595941955136466,0.7996500437445319,-0.06597763291302089
arma_monthly,L,42,cqr_rolling,0.05507678637996821,0.083354635784663,0.8228346456692913,0.03102362204724409,1.013710100950241,10,1.0,True,0.0,-0.015294804897494352,0.8223972003499562,-0.07037159127746256
arma_monthly,L,42,cqr_static,-0.09051439431344843,-0.27558703979786553,0.9251968503937007,0.13559055118110233,1.013710100950241,10,0.2,False,0.0,-0.06718990259652546,0.9168853893263341,0.023324491716922968
arma_monthly,L,42,decay_ocp_cqr,-0.049339309376622564,-0.06743138708344981,0.9102362204724409,0.11748031496062987,1.013710100950241,10,0.3,False,0.0,-0.049905841942069706,0.9011373578302712,-0.000566532565447142
arma_monthly,L,42,dtaci_cqr,0.06119862448265845,0.09517052963259257,0.8094488188976378,0.017007874015748003,1.013710100950241,10,1.0,True,0.0,-0.00506244363481545,0.811023622047244,-0.0662610681174739
arma_monthly,L,42,mondrian_cqr,-0.04147073301273679,-0.011231262096329886,0.8606299212598426,0.06062992125984248,1.013710100950241,10,0.8,True,0.0,-0.08342082619575786,0.8635170603674541,-0.041950093183021064
arma_monthly,L,42,native,-0.03505346822968369,-0.031165174203499946,0.9007874015748032,0.1007874015748031,1.013710100950241,10,0.4,False,0.0,-0.03126723794555186,0.8906386701662292,0.0037862302841318307
arma_monthly,L,42,pid_cqr,0.05801640330862079,0.07926078748178789,0.8133858267716535,0.013385826771653498,1.013710100950241,10,0.9,True,0.0,0.011970820731348142,0.8136482939632547,-0.04604558257727265
arma_monthly,L,42,pid_local_cqr,-0.015778401090644767,0.05270118823723474,0.8149606299212598,0.015905511811023575,1.013710100950241,10,0.9,True,0.0,-0.028245230230580898,0.8136482939632547,-0.01246682913993613
arma_monthly,L,42,pid_tan_cqr,-0.09837286938823286,-0.03210048626929688,0.8196850393700787,0.019685039370078684,1.013710100950241,10,0.8,True,0.0,-0.14072774743213645,0.820647419072616,-0.04235487804390359
arma_monthly,L,42,saocp_cqr,-0.07343758667442457,-0.08865829701089656,0.9259842519685039,0.12598425196850385,1.013710100950241,10,0.0,False,0.0,-0.09151166696526891,0.9186351706036745,-0.01807408029084434
arma_monthly,L,42,sfogd_cqr,-0.0301662878413419,0.02544777094384939,0.8031496062992126,0.005984251968503917,1.013710100950241,10,0.9,True,0.0,-0.03448935116096985,0.8031496062992126,-0.004323063319627951
arma_monthly,L,42,spci_cqr,0.02521887683790236,0.05353931129805274,0.7677165354330708,0.03228346456692919,1.013710100950241,10,1.0,True,0.0,-0.02000772751894342,0.7716535433070866,-0.04522660435684578
lgbm,G,42,aci_cqr,0.12246176651264051,0.09983914437411712,0.8299212598425196,0.03401574803149604,1.0472634168958308,10,1.0,True,0.0,0.0886614749048037,0.8355205599300087,-0.03380029160783682
lgbm,G,42,agaci_cqr,0.1276267739315468,0.1046795703143432,0.8251968503937007,0.03181102362204722,1.0472634168958308,10,1.0,True,0.0,0.09602243885702966,0.8302712160979877,-0.031604335074517154
lgbm,G,42,cqr_rolling,0.12900048420830063,0.10461241180234464,0.8251968503937007,0.027716535433070823,1.0472634168958308,10,0.9,True,0.0,0.09791405174054557,0.8276465441819773,-0.031086432467755054
lgbm,G,42,cqr_static,0.022913339101141073,0.038492029803477434,0.8622047244094488,0.1044094488188976,1.0472634168958308,10,0.4,False,0.0,0.005392160913919142,0.8503937007874015,-0.01752117818722193
lgbm,G,42,decay_ocp_cqr,0.1393542665117644,0.12317217291493543,0.8236220472440945,0.050393700787401574,1.0472634168958308,10,0.7,True,0.0,0.1197273065259834,0.8223972003499562,-0.019626959985781012
lgbm,G,42,dtaci_cqr,0.11994331169006911,0.10473325616999123,0.8251968503937007,0.028661417322834604,1.0472634168958308,10,1.0,True,0.0,0.0912572279531132,0.8293963254593176,-0.028686083736955914
lgbm,G,42,mondrian_cqr,0.049204060098216484,0.0311437677922324,0.8653543307086615,0.06535433070866137,1.0472634168958308,10,0.6,False,0.0,0.0031074878813450724,0.8661417322834646,-0.04609657221687141
lgbm,G,42,native,0.09589196720066323,0.09842818853380234,0.8685039370078741,0.08236220472440942,1.0472634168958308,10,0.5,False,0.0,0.09481727542152807,0.8565179352580927,-0.0010746917791351618
lgbm,G,42,pid_cqr,0.10597383445894931,0.10007270826233856,0.8047244094488188,0.010708661417322806,1.0472634168958308,10,1.0,True,0.0,0.08140894671355114,0.8066491688538933,-0.024564887745398167
lgbm,G,42,pid_local_cqr,0.05785049775441081,0.07228113023559687,0.8094488188976378,0.012283464566929104,1.0472634168958308,10,1.0,True,0.0,0.034401571211999826,0.8075240594925635,-0.023448926542410986
lgbm,G,42,pid_tan_cqr,-0.007994400050551742,-0.03312695671730652,0.815748031496063,0.015748031496062943,1.0472634168958308,10,0.7,True,0.0,-0.009121857621889218,0.8171478565179353,-0.0011274575713374757
lgbm,G,42,saocp_cqr,0.032194234183660575,0.026446860860763467,0.9062992125984252,0.10629921259842516,1.0472634168958308,10,0.3,False,0.0,0.022670223693069036,0.8985126859142607,-0.009524010490591539
lgbm,G,42,sfogd_cqr,0.05762659730412667,0.053427937155607896,0.8007874015748031,0.005511811023622038,1.0472634168958308,10,0.9,True,0.0,0.035783599862807214,0.8013998250218723,-0.021842997441319456
lgbm,G,42,spci_cqr,0.07765899964763168,0.07488354470090074,0.7677165354330708,0.03228346456692919,1.0472634168958308,10,1.0,True,0.0,0.03324742513870527,0.7699037620297463,-0.04441157450892641
lgbm,GI,42,aci_cqr,0.08814427476928366,0.08008188990039966,0.8173228346456692,0.026456692913385805,1.0699379878423252,10,1.0,True,0.0,0.05133736065484806,0.8232720909886264,-0.036806914114435596
lgbm,GI,42,agaci_cqr,0.08822043902981136,0.08261955078074142,0.8102362204724409,0.022519685039370064,1.0699379878423252,10,1.0,True,0.0,0.05257504001889701,0.8153980752405949,-0.03564539901091435
lgbm,GI,42,cqr_rolling,0.09057471474737866,0.0841514788691195,0.8118110236220473,0.02503937007874015,1.0699379878423252,10,1.0,True,0.0,0.05333432269970373,0.8171478565179353,-0.03724039204767493
lgbm,GI,42,cqr_static,0.019612832424560134,0.019005883356809684,0.8291338582677165,0.08740157480314961,1.0699379878423252,10,0.6,False,0.0,0.009153465557372398,0.8442694663167104,-0.010459366867187736
lgbm,GI,42,decay_ocp_cqr,0.08399474432832316,0.097989156041659,0.8125984251968503,0.03559055118110238,1.0699379878423252,10,0.9,True,0.0,0.0760469205665848,0.8127734033245845,-0.00794782376173836
lgbm,GI,42,dtaci_cqr,0.08635746437079594,0.08056784671409659,0.8173228346456692,0.02299212598425192,1.0699379878423252,10,1.0,True,0.0,0.050470997656129946,0.8223972003499562,-0.035886466714666
lgbm,GI,42,mondrian_cqr,0.012808440364736995,0.012207810354109427,0.8590551181102363,0.05905511811023617,1.0699379878423252,10,0.8,True,0.0,-0.04170032445824701,0.8591426071741032,-0.054508764822984
lgbm,GI,42,native,0.07450498556627733,0.08240014958633385,0.8527559055118111,0.06188976377952754,1.0699379878423252,10,0.7,True,0.0,0.0658422977212344,0.84251968503937,-0.008662687845042927
lgbm,GI,42,pid_cqr,0.05557805139871158,0.07589042454456137,0.8062992125984252,0.012283464566929104,1.0699379878423252,10,1.0,True,0.0,0.022892915291791494,0.8083989501312336,-0.03268513610692009
lgbm,GI,42,pid_local_cqr,0.04963192305857406,0.05591591834549814,0.8039370078740158,0.009291338582677144,1.0699379878423252,10,1.0,True,0.0,0.02790662405306321,0.804899387576553,-0.021725299005510845
lgbm,GI,42,pid_tan_cqr,-0.03644139393532586,-0.06951087657141863,0.8133858267716535,0.016850393700787357,1.0699379878423252,10,0.6,False,0.0,-0.05307190939765061,0.8153980752405949,-0.016630515462324746
lgbm,GI,42,saocp_cqr,-0.011937502354851581,0.006129162911854358,0.8984251968503937,0.09842519685039364,1.0699379878423252,10,0.2,False,0.0,-0.021696819624663632,0.8915135608048994,-0.009759317269812051
lgbm,GI,42,sfogd_cqr,0.013950058697698775,0.03523193456022726,0.8015748031496063,0.0069291338582677,1.0699379878423252,10,0.9,True,0.0,-0.014539981756513276,0.8031496062992126,-0.02849004045421205
lgbm,GI,42,spci_cqr,0.04161606459029071,0.03982807484363723,0.7606299212598425,0.03937007874015752,1.0699379878423252,10,1.0,True,0.0,0.01465871521883566,0.7646544181977253,-0.026957349371455053
lgbm,L,42,aci_cqr,0.0674930171601722,0.08911118218684881,0.8165354330708661,0.020629921259842476,1.083689554279466,10,1.0,True,0.0,-0.026659370470384136,0.820647419072616,-0.09415238763055633
lgbm,L,42,agaci_cqr,0.08512168696619599,0.09872437925445597,0.8149606299212598,0.018425196850393656,1.083689554279466,10,1.0,True,0.0,0.008607956069438538,0.8180227471566055,-0.07651373089675745
lgbm,L,42,cqr_rolling,0.07697855244066998,0.09606205307864997,0.8244094488188976,0.03102362204724406,1.083689554279466,10,0.9,True,0.0,0.010066319578067695,0.8293963254593176,-0.06691223286260228
lgbm,L,42,cqr_static,0.01622784299320229,0.0019025463545062516,0.8669291338582678,0.11291338582677164,1.083689554279466,10,0.3,False,0.0,0.0026117016710888175,0.8573928258967629,-0.013616141322113473
lgbm,L,42,decay_ocp_cqr,0.035869098020692214,0.0944844901163682,0.8456692913385826,0.0674015748031496,1.083689554279466,10,0.6,False,0.0,0.024081154622613732,0.8407699037620298,-0.011787943398078482
lgbm,L,42,dtaci_cqr,0.07499472317132966,0.09462922958372035,0.8244094488188976,0.025354330708661367,1.083689554279466,10,1.0,True,0.0,-0.009358916846548437,0.8276465441819773,-0.0843536400178781
lgbm,L,42,mondrian_cqr,-0.01526009405371015,0.025797996057301743,0.8724409448818898,0.07244094488188971,1.083689554279466,10,0.6,False,0.0,-0.06671880109774397,0.8748906386701663,-0.051458707044033825
lgbm,L,42,native,0.09036243044682302,0.10756299845528419,0.8259842519685039,0.048661417322834646,1.083689554279466,10,0.7,True,0.0,0.03341073444458498,0.8162729658792651,-0.05695169600223804
lgbm,L,42,pid_cqr,0.07107099930785593,0.09067846323214063,0.8118110236220473,0.0118110236220472,1.083689554279466,10,1.0,True,0.0,0.012220607817056361,0.8127734033245845,-0.05885039149079957
lgbm,L,42,pid_local_cqr,0.03131949237769782,0.07113294827040717,0.8118110236220473,0.012755905511810984,1.083689554279466,10,1.0,True,0.0,-0.007023335686417775,0.8118985126859143,-0.0383428280641156
lgbm,L,42,pid_tan_cqr,-0.09112298743749936,-0.07481565011070429,0.821259842519685,0.02125984251968498,1.083689554279466,10,0.4,False,0.0,-0.14760707422186115,0.8223972003499562,-0.05648408678436179
lgbm,L,42,saocp_cqr,0.01695247548784473,0.04990587614952517,0.8905511811023622,0.09055118110236217,1.083689554279466,10,0.3,False,0.0,-0.011628036220742821,0.8862642169728784,-0.028580511708587553
lgbm,L,42,sfogd_cqr,0.027807928945245697,0.05522286983736465,0.8031496062992126,0.0050393700787401356,1.083689554279466,10,1.0,True,0.0,-0.02610097102468556,0.8031496062992126,-0.05390889996993126
lgbm,L,42,spci_cqr,0.0828790910573608,0.0565289385601558,0.7653543307086614,0.036850393700787444,1.083689554279466,10,1.0,True,0.0,0.03871069390502191,0.7681539807524059,-0.04416839715233889
lgbm_const,G,42,aci_cqr,0.09789063546781152,0.09688623670381065,0.8173228346456692,0.028661417322834604,1.0472634168958308,10,1.0,True,0.0,0.0667947084588928,0.8223972003499562,-0.031095927008918722
lgbm_const,G,42,agaci_cqr,0.09827614381118,0.0976737367902111,0.8094488188976378,0.026456692913385805,1.0472634168958308,10,1.0,True,0.0,0.07112087128083944,0.8127734033245844,-0.027155272530340557
lgbm_const,G,42,cqr_rolling,0.098856746518805,0.09229647525770748,0.8291338582677165,0.03732283464566927,1.0472634168958308,10,1.0,True,0.0,0.07132655673522714,0.8346456692913385,-0.027530189783577852
lgbm_const,G,42,cqr_static,-0.012212197411025971,-0.11640143922568158,0.9031496062992126,0.10881889763779526,1.0472634168958308,10,0.4,False,0.0,-0.024985525281676635,0.9011373578302712,-0.012773327870650664
lgbm_const,G,42,decay_ocp_cqr,0.012614802704285444,0.027275243279891594,0.8763779527559056,0.08299212598425194,1.0472634168958308,10,0.6,False,0.0,0.011146699940252969,0.8713910761154856,-0.001468102764032475
lgbm_const,G,42,dtaci_cqr,0.09576451333498459,0.09923179059893501,0.8283464566929133,0.029291338582677108,1.0472634168958308,10,1.0,True,0.0,0.06403600372885598,0.8311461067366579,-0.03172850960612861
lgbm_const,G,42,mondrian_cqr,0.001947509823120419,0.01686735016077596,0.8519685039370077,0.05291338582677161,1.0472634168958308,10,0.7,True,0.0,-0.03960366232049006,0.8512685914260717,-0.04155117214361048
lgbm_const,G,42,native,0.07687812096421126,0.05553306060645491,0.8590551181102363,0.07763779527559055,1.0472634168958308,10,0.5,False,0.0,0.07408705194890375,0.8451443569553806,-0.0027910690153075124
lgbm_const,G,42,pid_cqr,0.08678144697704682,0.09683613424699161,0.8141732283464567,0.01606299212598421,1.0472634168958308,10,1.0,True,0.0,0.0593221973519279,0.8162729658792651,-0.02745924962511892
lgbm_const,G,42,pid_local_cqr,0.05593881873083001,0.07158847871493554,0.8133858267716535,0.01433070866141728,1.0472634168958308,10,1.0,True,0.0,0.03959837805144373,0.8145231846019247,-0.01634044067938628
lgbm_const,G,42,pid_tan_cqr,-0.11390856952210104,-0.05277130188859295,0.8196850393700787,0.02220472440944876,1.0472634168958308,10,1.0,True,0.0,-0.11849371866550662,0.8232720909886264,-0.004585149143405576
lgbm_const,G,42,saocp_cqr,0.030948371728963364,0.014377163501582324,0.905511811023622,0.10551181102362199,1.0472634168958308,10,0.3,False,0.0,0.015886131492163114,0.8967629046369203,-0.01506224023680025
lgbm_const,G,42,sfogd_cqr,0.055777218049934685,0.05280619672068724,0.8039370078740158,0.00740157480314958,1.0472634168958308,10,1.0,True,0.0,0.03879026033270094,0.804899387576553,-0.01698695771723374
lgbm_const,G,42,spci_cqr,0.03307696969002494,0.06350003040864935,0.7645669291338583,0.035433070866141794,1.0472634168958308,10,0.9,True,0.0,0.021568479012342046,0.7707786526684165,-0.011508490677682892
lgbm_const,L,42,aci_cqr,0.0434327057508308,0.06557604573472864,0.8188976377952756,0.026141732283464524,1.083689554279466,10,1.0,True,0.0,0.014910062967379734,0.8250218722659668,-0.02852264278345107
lgbm_const,L,42,agaci_cqr,0.035055437105381115,0.07033570233679225,0.8086614173228346,0.018740157480314934,1.083689554279466,10,1.0,True,0.0,-0.00012028925931284462,0.8136482939632547,-0.03517572636469396
lgbm_const,L,42,cqr_rolling,0.03444923667881866,0.05813943078865409,0.8354330708661417,0.03952755905511808,1.083689554279466,10,0.9,True,0.0,0.01129774377465309,0.8416447944007,-0.02315149290416557
lgbm_const,L,42,cqr_static,-0.14847879407731168,-0.196089782769294,0.9204724409448819,0.12047244094488183,1.083689554279466,10,0.1,False,0.0,-0.1560241450099238,0.916010498687664,-0.007545350932612105
lgbm_const,L,42,decay_ocp_cqr,-0.025872581466937383,-0.0209230213380757,0.8834645669291339,0.08535433070866136,1.083689554279466,10,0.5,False,0.0,-0.03171969177231038,0.8748906386701663,-0.005847110305372993
lgbm_const,L,42,dtaci_cqr,0.035254160483102204,0.07381056024651139,0.8267716535433071,0.032440944881889734,1.083689554279466,10,1.0,True,0.0,0.003385821471694417,0.8328958880139983,-0.03186833901140779
lgbm_const,L,42,mondrian_cqr,-0.037456059933019814,-0.0017143661660297682,0.8637795275590552,0.06377952755905507,1.083689554279466,10,0.7,True,0.0,-0.055042527207052494,0.8643919510061243,-0.01758646727403268
lgbm_const,L,42,native,0.015821442381226736,0.023516276964131742,0.8370078740157479,0.08236220472440943,1.083689554279466,10,0.5,False,0.0,0.013504341362975292,0.8223972003499562,-0.002317101018251444
lgbm_const,L,42,pid_cqr,0.03815321362003532,0.07444195491118953,0.8188976377952756,0.018897637795275535,1.083689554279466,10,1.0,True,0.0,0.007031630685593981,0.820647419072616,-0.03112158293444134
lgbm_const,L,42,pid_local_cqr,-0.0012793846886634541,0.0402094746851381,0.821259842519685,0.02125984251968499,1.083689554279466,10,1.0,True,0.0,-0.009107730221362909,0.8223972003499562,-0.007828345532699454
lgbm_const,L,42,pid_tan_cqr,-0.14922744370070118,-0.06863709261978587,0.821259842519685,0.02220472440944876,1.083689554279466,10,0.5,False,0.0,-0.15110712217364974,0.8241469816272966,-0.001879678472948565
lgbm_const,L,42,saocp_cqr,-0.032059779758646934,-0.010014052233899784,0.8960629921259843,0.09606299212598421,1.083689554279466,10,0.5,False,0.0,-0.039873806552673585,0.8880139982502188,-0.007814026794026652
lgbm_const,L,42,sfogd_cqr,-0.003106803893263066,0.028045602810414117,0.8094488188976378,0.010393700787401539,1.083689554279466,10,1.0,True,0.0,-0.02090133406743533,0.8110236220472441,-0.017794530174172263
lgbm_const,L,42,spci_cqr,-0.034049139570801246,0.020717006516036408,0.7779527559055118,0.023307086614173265,1.083689554279466,10,1.0,True,0.0,-0.0526440357395086,0.7847769028871391,-0.018594896168707353
lstm,G,42,aci_cqr,0.03658633235366643,0.0385377270182648,0.832283464566929,0.032283464566929085,1.0975025838268582,10,0.9,True,0.04139604594352031,-0.0014185210235269086,0.8285214348206474,-0.03800485337719334
lstm,G,42,agaci_cqr,0.03727043927424595,0.050383174446168445,0.8236220472440945,0.02551181102362201,1.0975025838268582,10,0.8,True,0.036716761461066616,-0.0030597635657863,0.8188976377952756,-0.04033020284003225
lstm,G,42,cqr_rolling,0.024357911367275276,0.02639233534765124,0.8472440944881889,0.04724409448818891,1.0975025838268582,10,0.5,False,0.048199504683232086,-0.0008692210865781647,0.84251968503937,-0.02522713245385344
lstm,G,42,cqr_static,-0.13602927676623422,-0.30695480568024563,0.9433070866141732,0.14330708661417318,1.0975025838268582,10,0.0,False,0.0780215910095694,-0.12661942241275015,0.9370078740157479,0.00940985435348407
lstm,G,42,decay_ocp_cqr,-0.06673761038004045,-0.12819557517981145,0.9291338582677164,0.12913385826771645,1.0975025838268582,10,0.1,False,0.05571142798384343,-0.05041293549865822,0.921259842519685,0.01632467488138223
lstm,G,42,dtaci_cqr,0.04170573288396445,0.045491619957803556,0.832283464566929,0.03228346456692908,1.0975025838268582,10,0.9,True,0.043121598662624716,-0.0004900770536042653,0.8285214348206474,-0.04219580993756872
lstm,G,42,mondrian_cqr,0.006427182620184602,-0.022767667310722627,0.8842519685039371,0.08425196850393696,1.0975025838268582,10,0.3,False,0.02908575984044859,0.003422139194533047,0.8871391076115486,-0.0030050434256515546
lstm,G,42,native,-0.10963195837733908,-0.15270852655939476,0.9236220472440945,0.12362204724409445,1.0975025838268582,10,0.2,False,0.17832776574092313,-0.10409247229639962,0.9151356080489939,0.00553948608093946
lstm,G,42,pid_cqr,0.048023389265849925,0.05880009894345738,0.8283464566929133,0.028346456692913313,1.0975025838268582,10,1.0,True,0.02071254994800964,0.016545764182041234,0.8276465441819773,-0.03147762508380869
lstm,G,42,pid_local_cqr,0.0359813327532969,0.047992144698113026,0.8362204724409448,0.036220472440944826,1.0975025838268582,10,0.9,True,0.00941127822782295,-0.0012395865362193614,0.8346456692913385,-0.03722091928951626
lstm,G,42,pid_tan_cqr,-0.17849712304276966,-0.1309949814107941,0.8519685039370077,0.05196850393700782,1.0975025838268582,10,0.2,False,0.006646996733928323,-0.18865757636708214,0.8503937007874015,-0.01016045332431248
lstm,G,42,saocp_cqr,-0.1283834388447027,-0.186524302086642,0.9393700787401574,0.13937007874015742,1.0975025838268582,10,0.0,False,0.2891561455583346,-0.12248494005269617,0.9326334208223971,0.005898498792006546
lstm,G,42,sfogd_cqr,-0.0010541886178522253,0.024887730575487443,0.8125984251968503,0.013543307086614132,1.0975025838268582,10,0.9,True,0.02181524259731188,-0.01391675537335102,0.8118985126859143,-0.012862566755498794
lstm,G,42,spci_cqr,0.03234454982029927,0.021496949146301826,0.7913385826771654,0.029133858267716528,1.0975025838268582,10,1.0,True,0.05112850207593961,0.03205240309589663,0.7856517935258093,-0.0002921467244026421
lstm,G,43,aci_cqr,0.03448815674825251,0.038400485866387724,0.8377952755905511,0.03779527559055114,1.0036248741044753,10,0.8,True,0.04139604594352031,0.02982165708397544,0.8381452318460192,-0.004666499664277068
lstm,G,43,agaci_cqr,0.0369888622806086,0.04200867161671153,0.8236220472440945,0.024566929133858217,1.0036248741044753,10,1.0,True,0.036716761461066616,0.036630111101383034,0.8223972003499562,-0.0003587511792255693
lstm,G,43,cqr_rolling,0.03409085355696151,0.03610362537139422,0.8417322834645669,0.04582677165354326,1.0036248741044753,10,0.9,True,0.048199504683232086,0.03224332527877394,0.8416447944007,-0.0018475282781875713
lstm,G,43,cqr_static,-0.05800768575666482,-0.15875930020339937,0.8771653543307087,0.1215748031496063,1.0036248741044753,10,0.4,False,0.0780215910095694,-0.027114675754910333,0.8643919510061243,0.030893010001754484
lstm,G,43,decay_ocp_cqr,-0.0664766753854319,-0.11567871656336895,0.9299212598425196,0.12992125984251965,1.0036248741044753,10,0.1,False,0.05571142798384343,-0.04327214360649445,0.9221347331583551,0.023204531778937443
lstm,G,43,dtaci_cqr,0.04154954217182999,0.04647408608363294,0.8409448818897637,0.04094488188976374,1.0036248741044753,10,0.9,True,0.043121598662624716,0.041119018980068756,0.84251968503937,-0.000430523191761234
lstm,G,43,mondrian_cqr,0.005842011547902093,0.0008611502818292483,0.858267716535433,0.058267716535433015,1.0036248741044753,10,0.8,True,0.02908575984044859,-0.009186530285256733,0.8547681539807523,-0.015028541833158826
lstm,G,43,native,-0.24038495462360876,-0.3205344515791627,0.9590551181102362,0.15905511811023618,1.0036248741044753,10,0.0,False,0.17832776574092313,-0.2307266094534317,0.9545056867891515,0.009658345170177052
lstm,G,43,pid_cqr,0.05379814608124578,0.06629511871953837,0.8283464566929133,0.028346456692913323,1.0036248741044753,10,1.0,True,0.02071254994800964,0.041772802764620476,0.8285214348206474,-0.012025343316625303
lstm,G,43,pid_local_cqr,0.026570054525473952,0.03518494477812091,0.8275590551181102,0.027559055118110177,1.0036248741044753,10,1.0,True,0.00941127822782295,0.019247981620671095,0.8267716535433071,-0.0073220729048028566
lstm,G,43,pid_tan_cqr,-0.18514411977669798,-0.14871193329264948,0.8393700787401575,0.039370078740157424,1.0036248741044753,10,0.2,False,0.006646996733928323,-0.19542554444558635,0.8390201224846894,-0.010281424668888373
lstm,G,43,saocp_cqr,-0.2810947506058674,-0.35207095305366554,0.9661417322834647,0.16614173228346452,1.0036248741044753,10,0.0,False,0.2891561455583346,-0.2782611780952975,0.962379702537183,0.002833572510569926
lstm,G,43,sfogd_cqr,0.0023950027408128904,0.01414262087881657,0.8118110236220473,0.0118110236220472,1.0036248741044753,10,1.0,True,0.02181524259731188,0.0027217779698334166,0.8127734033245845,0.00032677522902052614
lstm,G,43,spci_cqr,0.02690841833302815,0.03068047707564058,0.7803149606299213,0.025039370078740197,1.0036248741044753,10,1.0,True,0.05112850207593961,0.014321858335218263,0.7812773403324584,-0.012586559997809887
lstm,G,44,aci_cqr,-0.004809713589853881,0.0430531328356657,0.8385826771653543,0.03858267716535426,1.1163553998691171,10,0.7,True,0.04139604594352031,-0.01306211004214819,0.8390201224846894,-0.008252396452294308
lstm,G,44,agaci_cqr,0.0005536778131793318,0.04878064413840466,0.8291338582677165,0.029133858267716462,1.1163553998691171,10,0.9,True,0.036716761461066616,-0.018633913085652765,0.8293963254593176,-0.019187590898832096
lstm,G,44,cqr_rolling,-0.014108651126270577,0.0325632543553912,0.8456692913385826,0.04566929133858262,1.1163553998691171,10,0.7,True,0.048199504683232086,-0.02343806546335192,0.8468941382327209,-0.009329414337081343
lstm,G,44,cqr_static,-0.07130038244375281,-0.1451584622450786,0.8913385826771654,0.0954330708661417,1.1163553998691171,10,0.5,False,0.0780215910095694,-0.05856926460097234,0.8827646544181977,0.01273111784278047
lstm,G,44,decay_ocp_cqr,-0.011026182396197015,0.0015626751199852463,0.8488188976377952,0.0743307086614173,1.1163553998691171,10,0.4,False,0.05571142798384343,-0.011469980662653034,0.8390201224846894,-0.00044379826645601916
lstm,G,44,dtaci_cqr,-0.0014158657786602635,0.051479272643784435,0.8401574803149605,0.04015748031496057,1.1163553998691171,10,0.9,True,0.043121598662624716,-0.01849089804416426,0.8390201224846894,-0.017075032265503998
lstm,G,44,mondrian_cqr,-0.022658577220263987,-0.0067280931345641394,0.8724409448818898,0.07244094488188971,1.1163553998691171,10,0.6,False,0.02908575984044859,-0.03422812868035541,0.8766404199475066,-0.01156955146009142
lstm,G,44,native,-0.06205718888268563,-0.03215206469918219,0.6535433070866141,0.1470866141732284,1.1163553998691171,10,0.1,False,0.17832776574092313,-0.07054378469851263,0.6377952755905513,-0.008486595815827003
lstm,G,44,pid_cqr,0.03308559613323614,0.06988156344847639,0.8181102362204724,0.018110236220472385,1.1163553998691171,10,0.9,True,0.02071254994800964,0.030950097338228733,0.8180227471566055,-0.0021354987950074067
lstm,G,44,pid_local_cqr,0.02799185175684471,0.05685903813078511,0.815748031496063,0.016692913385826725,1.1163553998691171,10,1.0,True,0.00941127822782295,0.008295485327425633,0.8162729658792651,-0.019696366429419077
lstm,G,44,pid_tan_cqr,-0.18244924124386375,-0.1047905464709649,0.8338582677165354,0.03385826771653536,1.1163553998691171,10,0.5,False,0.006646996733928323,-0.1862080794326011,0.8337707786526685,-0.0037588381887373457
lstm,G,44,saocp_cqr,0.00806139495246716,0.006453501713008436,0.8535433070866143,0.054488188976377916,1.1163553998691171,10,0.6,False,0.2891561455583346,0.0057892844420435186,0.8468941382327209,-0.0022721105104236416
lstm,G,44,sfogd_cqr,0.020761053979459654,0.02684217998205767,0.8102362204724409,0.010236220472440905,1.1163553998691171,10,0.9,True,0.02181524259731188,-0.0017525257165553754,0.8110236220472441,-0.02251357969601503
lstm,G,44,spci_cqr,-0.018783952255640335,0.029316237934434962,0.7787401574803149,0.030393700787401612,1.1163553998691171,10,1.0,True,0.05112850207593961,-0.01953012032781798,0.7839020122484689,-0.0007461680721776442
lstm,GF,42,aci_cqr,0.029895640536600265,0.03728432479476893,0.8346456692913385,0.034645669291338534,1.11059923106435,10,0.9,True,0.04328235455475332,-0.0077647728392193915,0.8328958880139983,-0.03766041337581966
lstm,GF,42,agaci_cqr,0.03005263794050378,0.05273557804926597,0.8283464566929133,0.03590551181102358,1.11059923106435,10,0.9,True,0.04255681634151054,-0.0043485669435272545,0.8223972003499562,-0.034401204884031034
lstm,GF,42,cqr_rolling,0.02248717407345524,0.026292084061777722,0.8472440944881889,0.04724409448818891,1.11059923106435,10,0.6,False,0.051097728323324376,-0.004749621987427011,0.84251968503937,-0.02723679606088225
lstm,GF,42,cqr_static,-0.15282744233242185,-0.315751417254553,0.9448818897637796,0.14488188976377947,1.11059923106435,10,0.0,False,0.08719725952766277,-0.13888279707942197,0.9387576552930885,0.013944645252999877
lstm,GF,42,decay_ocp_cqr,-0.09056515364110629,-0.13339130816606437,0.9275590551181102,0.1275590551181102,1.11059923106435,10,0.1,False,0.06935992327039564,-0.07493241056384092,0.9203849518810148,0.015632743077265365
lstm,GF,42,dtaci_cqr,0.03549744353811429,0.046488507872090815,0.8354330708661417,0.03543307086614169,1.11059923106435,10,0.9,True,0.041566927333285375,-0.0023913596062126175,0.8302712160979877,-0.03788880314432691
lstm,GF,42,mondrian_cqr,-0.01844982368162562,-0.014164732831714799,0.8779527559055118,0.07795275590551178,1.11059923106435,10,0.7,True,0.0585895150361323,-0.045890729415672515,0.8783902012248469,-0.027440905734046894
lstm,GF,42,native,-0.10544156886165867,-0.14230160576668563,0.9204724409448819,0.12047244094488185,1.11059923106435,10,0.2,False,0.15383777017849998,-0.10328613880331017,0.9125109361329833,0.0021554300583485064
lstm,GF,42,pid_cqr,0.04952036292906242,0.05725877880786543,0.8291338582677165,0.029133858267716462,1.11059923106435,10,1.0,True,0.02768397179352139,0.020600866374019144,0.8285214348206474,-0.028919496555043278
lstm,GF,42,pid_local_cqr,0.03286712283553134,0.044690678527022965,0.8377952755905511,0.037795275590551125,1.11059923106435,10,1.0,True,0.01996203213137676,0.0029247129689651263,0.8363954505686789,-0.02994240986656621
lstm,GF,42,pid_tan_cqr,-0.15659426323587466,-0.13160805518085783,0.8511811023622048,0.051181102362204675,1.11059923106435,10,0.2,False,0.027986675361846403,-0.16204290567603796,0.8486439195100612,-0.005448642440163298
lstm,GF,42,saocp_cqr,-0.1370518224073678,-0.18380928683283418,0.9385826771653543,0.13858267716535427,1.11059923106435,10,0.0,False,0.2906177802832312,-0.13304758628662672,0.9326334208223971,0.004004236120741078
lstm,GF,42,sfogd_cqr,0.017814883752599764,0.03217146577664021,0.8149606299212598,0.014960629921259794,1.11059923106435,10,1.0,True,0.010115985483167056,-0.012466532474934011,0.8153980752405949,-0.030281416227533775
lstm,GF,42,spci_cqr,0.02777369567602689,0.02561844819131235,0.7921259842519686,0.02771653543307089,1.11059923106435,10,1.0,True,0.06313244043844868,0.01841248830213338,0.7882764654418197,-0.00936120737389351
lstm,GF,43,aci_cqr,0.03260493166993955,0.040013376920036633,0.8377952755905511,0.037795275590551125,1.0172830632198389,10,0.7,True,0.04328235455475332,0.033471912890300604,0.8381452318460192,0.0008669812203610516
lstm,GF,43,agaci_cqr,0.03307833502105473,0.042623105552073506,0.821259842519685,0.02472440944881884,1.0172830632198389,10,0.9,True,0.04255681634151054,0.03775806740843235,0.8197725284339458,0.004679732387377622
lstm,GF,43,cqr_rolling,0.030683156728123606,0.03611894085192382,0.8433070866141732,0.04425196850393696,1.0172830632198389,10,0.8,True,0.051097728323324376,0.04012106299245077,0.8433945756780402,0.009437906264327167
lstm,GF,43,cqr_static,-0.06563018280475907,-0.1751403635511223,0.8748031496062992,0.10976377952755904,1.0172830632198389,10,0.5,False,0.08719725952766277,-0.008069614837082684,0.8617672790901137,0.05756056796767639
lstm,GF,43,decay_ocp_cqr,-0.06536022421501286,-0.12702168556166488,0.931496062992126,0.13149606299212596,1.0172830632198389,10,0.1,False,0.06935992327039564,-0.03930781854359644,0.9238845144356955,0.026052405671416423
lstm,GF,43,dtaci_cqr,0.03206238131421396,0.04541868594703634,0.8433070866141732,0.04330708661417317,1.0172830632198389,10,0.8,True,0.041566927333285375,0.03068793821058924,0.8442694663167104,-0.0013744431036247229
lstm,GF,43,mondrian_cqr,0.019188061304225013,0.008194631962424459,0.8685039370078741,0.06850393700787397,1.0172830632198389,10,0.7,True,0.0585895150361323,-0.03661404177701266,0.8670166229221348,-0.055802103081237675
lstm,GF,43,native,-0.236122768589059,-0.3134199593132782,0.95748031496063,0.1574803149606299,1.0172830632198389,10,0.0,False,0.15383777017849998,-0.22021135271219117,0.9527559055118111,0.01591141587686784
lstm,GF,43,pid_cqr,0.05722907313838521,0.05946095896607663,0.831496062992126,0.03149606299212593,1.0172830632198389,10,1.0,True,0.02768397179352139,0.04114120163459256,0.8320209973753281,-0.01608787150379265
lstm,GF,43,pid_local_cqr,0.019719723415628554,0.038827196415788225,0.8299212598425196,0.029921259842519633,1.0172830632198389,10,1.0,True,0.01996203213137676,0.017970485275678905,0.8293963254593176,-0.0017492381399496493
lstm,GF,43,pid_tan_cqr,-0.18458093859772107,-0.15715421993526038,0.8409448818897637,0.040944881889763717,1.0172830632198389,10,0.2,False,0.027986675361846403,-0.19611577900704358,0.8407699037620298,-0.011534840409322511
lstm,GF,43,saocp_cqr,-0.28363978173284177,-0.34595558202146603,0.9645669291338583,0.16456692913385823,1.0172830632198389,10,0.0,False,0.2906177802832312,-0.27178955808714367,0.9606299212598426,0.0118502236456981
lstm,GF,43,sfogd_cqr,0.007698898269432708,0.020317082385009178,0.8118110236220473,0.0118110236220472,1.0172830632198389,10,1.0,True,0.010115985483167056,0.008047815351963972,0.8118985126859143,0.00034891708253126374
lstm,GF,43,spci_cqr,0.05439632545656847,0.03420511688252438,0.7850393700787401,0.020000000000000028,1.0172830632198389,10,1.0,True,0.06313244043844868,0.03696753849882373,0.7865266841644795,-0.017428786957744746
lstm,GF,44,aci_cqr,-0.01067742288481377,0.04827848740397171,0.8401574803149605,0.04015748031496057,1.1152851783771938,10,0.8,True,0.04328235455475332,-0.014042853784163034,0.8398950131233596,-0.0033654308993492643
lstm,GF,44,agaci_cqr,-0.009478481320455812,0.04912125259488298,0.8291338582677165,0.029133858267716462,1.1152851783771938,10,0.9,True,0.04255681634151054,-0.017005424291799853,0.8302712160979877,-0.007526942971344042
lstm,GF,44,cqr_rolling,-0.02041457159520077,0.035206406710431834,0.8472440944881889,0.047244094488188934,1.1152851783771938,10,0.8,True,0.051097728323324376,-0.021650959987522755,0.8451443569553806,-0.0012363883923219854
lstm,GF,44,cqr_static,-0.07135815149997582,-0.148334634578894,0.8913385826771654,0.09543307086614171,1.1152851783771938,10,0.3,False,0.08719725952766277,-0.05891935467027376,0.8818897637795275,0.012438796829702059
lstm,GF,44,decay_ocp_cqr,-0.021205230370710648,-0.0006812416308734082,0.8472440944881889,0.07464566929133856,1.1152851783771938,10,0.4,False,0.06935992327039564,-0.031341317124429224,0.8372703412073491,-0.010136086753718576
lstm,GF,44,dtaci_cqr,-0.006069483795171082,0.05337920784289847,0.8472440944881889,0.04724409448818893,1.1152851783771938,10,0.9,True,0.041566927333285375,-0.013615196922127648,0.8468941382327209,-0.007545713126956566
lstm,GF,44,mondrian_cqr,-0.03940145373190729,-0.00797030006637255,0.8803149606299213,0.0803149606299212,1.1152851783771938,10,0.4,False,0.0585895150361323,-0.07431715792654092,0.8792650918635171,-0.034915704194633634
lstm,GF,44,native,-0.08228499841055903,-0.044959799266148105,0.6307086614173227,0.17464566929133865,1.1152851783771938,10,0.1,False,0.15383777017849998,-0.08999996070492067,0.6141732283464567,-0.007714962294361638
lstm,GF,44,pid_cqr,0.029545101344863822,0.06620171157710378,0.8204724409448818,0.02047244094488183,1.1152851783771938,10,0.8,True,0.02768397179352139,0.02048664570458003,0.820647419072616,-0.009058455640283791
lstm,GF,44,pid_local_cqr,0.012905090704154576,0.04352163238034035,0.8173228346456692,0.01732283464566925,1.1152851783771938,10,1.0,True,0.01996203213137676,-0.005552426542527744,0.8171478565179353,-0.01845751724668232
lstm,GF,44,pid_tan_cqr,-0.17966580383620756,-0.10932808071683509,0.8291338582677165,0.029133858267716483,1.1152851783771938,10,0.4,False,0.027986675361846403,-0.18976805760444915,0.8320209973753281,-0.010102253768241587
lstm,GF,44,saocp_cqr,0.0069779985503894415,0.0031476705943547676,0.8519685039370077,0.05196850393700782,1.1152851783771938,10,0.6,False,0.2906177802832312,0.006201437294333201,0.8460192475940507,-0.0007765612560562407
lstm,GF,44,sfogd_cqr,0.00957131042058973,0.02081149955549224,0.8110236220472441,0.011023622047244053,1.1152851783771938,10,0.8,True,0.010115985483167056,-0.010863934570661815,0.810148731408574,-0.020435244991251544
lstm,GF,44,spci_cqr,-0.008736114981880205,0.029286425401075854,0.7811023622047244,0.02393700787401577,1.1152851783771938,10,1.0,True,0.06313244043844868,-0.017044550239083467,0.7856517935258093,-0.008308435257203262
lstm,GI,42,aci_cqr,-0.04203925037606293,-0.04068835912640022,0.8188976377952756,0.019842519685039316,1.075299236684283,10,0.8,True,0.04628380323818926,-0.04506341141437642,0.8180227471566055,-0.0030241610383134887
lstm,GI,42,agaci_cqr,-0.037217778313987204,-0.029982818748994798,0.8070866141732284,0.016220472440944857,1.075299236684283,10,0.8,True,0.039818503524161664,-0.0384752596441551,0.8075240594925633,-0.0012574813301678978
lstm,GI,42,cqr_rolling,-0.042268619964800025,-0.04950201088694036,0.8370078740157479,0.03700787401574799,1.075299236684283,10,0.8,True,0.04497944207138893,-0.04548879720380805,0.8355205599300087,-0.0032201772390080263
lstm,GI,42,cqr_static,-0.27143847648698505,-0.5098499016417175,0.9496062992125985,0.14960629921259835,1.075299236684283,10,0.1,False,0.20298462967258601,-0.2172847801792075,0.9440069991251094,0.054153696307777555
lstm,GI,42,decay_ocp_cqr,-0.15061440120690806,-0.24657372151959295,0.9291338582677164,0.1291338582677165,1.075299236684283,10,0.1,False,0.128990680886506,-0.1505447767695438,0.921259842519685,6.962443736424628e-05
lstm,GI,42,dtaci_cqr,-0.02457007136308209,-0.02690740087515727,0.8236220472440945,0.023622047244094436,1.075299236684283,10,0.9,True,0.04574763742856108,-0.02942401064967859,0.8232720909886264,-0.004853939286596498
lstm,GI,42,mondrian_cqr,-0.0718086689573233,-0.0825778082145435,0.878740157480315,0.0787401574803149,1.075299236684283,10,0.5,False,0.0651167895605766,-0.07495696138713459,0.8792650918635171,-0.0031482924298112946
lstm,GI,42,native,-0.14446672247263848,-0.16978071220576887,0.9118110236220472,0.11181102362204717,1.075299236684283,10,0.3,False,0.22219473157668868,-0.14124486403483427,0.9020122484689413,0.0032218584378042037
lstm,GI,42,pid_cqr,-0.01956812918947326,-0.014396369149390409,0.8299212598425196,0.029921259842519622,1.075299236684283,10,1.0,True,0.06025290693401669,-0.023309113340159948,0.8285214348206474,-0.003740984150686688
lstm,GI,42,pid_local_cqr,-0.0290874840844777,-0.02283324703205598,0.8338582677165354,0.03385826771653537,1.075299236684283,10,1.0,True,0.07817366732995895,-0.03469620949945962,0.8320209973753281,-0.005608725414981919
lstm,GI,42,pid_tan_cqr,-0.2192725920066223,-0.1982457487722431,0.8519685039370077,0.05196850393700782,1.075299236684283,10,0.3,False,0.10996019492419973,-0.24873935185824148,0.8486439195100612,-0.029466759851619173
lstm,GI,42,saocp_cqr,-0.1810627755230173,-0.2187028339368787,0.9346456692913385,0.13464566929133853,1.075299236684283,10,0.0,False,0.3146077986771951,-0.17839684376721165,0.9273840769903762,0.0026659317558056506
lstm,GI,42,sfogd_cqr,-0.04546897551502216,-0.030531921635987547,0.8102362204724409,0.010236220472440905,1.075299236684283,10,1.0,True,0.05990639177061907,-0.04884792905250013,0.810148731408574,-0.003378953537477969
lstm,GI,42,spci_cqr,-0.05621277724153406,-0.031172375919586458,0.7960629921259843,0.022834645669291342,1.075299236684283,10,1.0,True,0.0428317851496246,-0.061981989866797926,0.7909011373578303,-0.005769212625263864
lstm,GI,43,aci_cqr,-0.03992148952985819,-0.020012357611645694,0.832283464566929,0.033228346456692856,1.0337611893782745,10,0.7,True,0.04628380323818926,-0.0243268429629262,0.8320209973753281,0.015594646566931991
lstm,GI,43,agaci_cqr,-0.024707634886239838,-0.008553599039192594,0.8228346456692913,0.02629921259842515,1.0337611893782745,10,0.7,True,0.039818503524161664,-0.010479931210716664,0.8215223097112861,0.014227703675523173
lstm,GI,43,cqr_rolling,-0.035177598514069874,-0.019198850517922438,0.8354330708661417,0.03795275590551177,1.0337611893782745,10,0.7,True,0.04497944207138893,-0.011711827401941655,0.8346456692913385,0.02346577111212822
lstm,GI,43,cqr_static,-0.13423783441522186,-0.23286777960977162,0.831496062992126,0.13511811023622047,1.0337611893782745,10,0.2,False,0.20298462967258601,-0.1370692521815351,0.8215223097112861,-0.002831417766313238
lstm,GI,43,decay_ocp_cqr,-0.09106028668687371,-0.17739248190905751,0.9228346456692913,0.1228346456692913,1.0337611893782745,10,0.3,False,0.128990680886506,-0.08115370697154844,0.9142607174103237,0.00990657971532527
lstm,GI,43,dtaci_cqr,-0.02958348419807677,-0.007750013720223647,0.8377952755905511,0.037795275590551125,1.0337611893782745,10,0.8,True,0.04574763742856108,-0.01781727844153047,0.8390201224846894,0.0117662057565463
lstm,GI,43,mondrian_cqr,-0.0617416150409944,-0.063079533839888,0.8645669291338584,0.06456692913385823,1.0337611893782745,10,0.7,True,0.0651167895605766,-0.0641015171772168,0.8626421697287839,-0.0023599021362223915
lstm,GI,43,native,-0.25363253672617037,-0.3249419448870289,0.9496062992125985,0.14960629921259833,1.0337611893782745,10,0.0,False,0.22219473157668868,-0.2312641555835384,0.9440069991251094,0.022368381142631955
lstm,GI,43,pid_cqr,-0.026435318439585243,0.00848983516976578,0.832283464566929,0.03228346456692908,1.0337611893782745,10,1.0,True,0.06025290693401669,-0.0260321194989257,0.8328958880139983,0.00040319894065954376
lstm,GI,43,pid_local_cqr,-0.013845023730527428,-0.008428041551614963,0.832283464566929,0.03228346456692908,1.0337611893782745,10,1.0,True,0.07817366732995895,-0.010473498381024848,0.8311461067366579,0.00337152534950258
lstm,GI,43,pid_tan_cqr,-0.20585052931214998,-0.19172836730430937,0.8409448818897637,0.040944881889763717,1.0337611893782745,10,0.4,False,0.10996019492419973,-0.20249679890055128,0.8416447944007,0.0033537304115986988
lstm,GI,43,saocp_cqr,-0.2972746776184485,-0.3566565433062988,0.9606299212598426,0.16062992125984246,1.0337611893782745,10,0.0,False,0.3146077986771951,-0.29335031704905146,0.9562554680664918,0.003924360569397045
lstm,GI,43,sfogd_cqr,-0.03727565123409082,-0.02046509635263377,0.8149606299212598,0.014960629921259794,1.0337611893782745,10,1.0,True,0.05990639177061907,-0.025010330210941678,0.8145231846019247,0.012265321023149145
lstm,GI,43,spci_cqr,-0.01338099209190946,-0.015726947562448947,0.789763779527559,0.015275590551181096,1.0337611893782745,10,1.0,True,0.0428317851496246,-0.026625712270124113,0.7900262467191601,-0.013244720178214653
lstm,GI,44,aci_cqr,0.004244552862126327,0.05484380210897046,0.8448818897637794,0.04488188976377947,1.0440338020144952,10,0.7,True,0.04628380323818926,-0.0051931519883630095,0.8442694663167104,-0.009437704850489337
lstm,GI,44,agaci_cqr,0.0026007252101744593,0.059907568080895826,0.8338582677165354,0.033858267716535384,1.0440338020144952,10,0.9,True,0.039818503524161664,-0.014591079746386182,0.8320209973753281,-0.01719180495656064
lstm,GI,44,cqr_rolling,0.002710822106588906,0.04476848522495621,0.8496062992125983,0.052125984251968446,1.0440338020144952,10,0.7,True,0.04497944207138893,-0.012354995168060379,0.847769028871391,-0.015065817274649285
lstm,GI,44,cqr_static,-0.06845384681439903,-0.175827270047571,0.832283464566929,0.1248818897637795,1.0440338020144952,10,0.3,False,0.20298462967258601,-0.06275218588709008,0.8162729658792651,0.005701660927308949
lstm,GI,44,decay_ocp_cqr,-0.02162372032040205,-0.001045455185990063,0.821259842519685,0.0848818897637795,1.0440338020144952,10,0.4,False,0.128990680886506,-0.02478693448514746,0.8092738407699038,-0.0031632141647454093
lstm,GI,44,dtaci_cqr,0.016164153230484313,0.06781978000207382,0.8440944881889763,0.04409448818897632,1.0440338020144952,10,0.9,True,0.04574763742856108,0.0027197111492253123,0.8416447944007,-0.013444442081259
lstm,GI,44,mondrian_cqr,-0.006691879396746703,0.008983088020530484,0.878740157480315,0.07874015748031492,1.0440338020144952,10,0.5,False,0.0651167895605766,-0.03169938234567882,0.8775153105861767,-0.025007502948932114
lstm,GI,44,native,-0.03143780514948169,-0.024061238804556094,0.6346456692913386,0.16535433070866146,1.0440338020144952,10,0.1,False,0.22219473157668868,-0.04462096417637329,0.6176727909011374,-0.0131831590268916
lstm,GI,44,pid_cqr,0.03381758849443145,0.08346642270033697,0.8181102362204724,0.018110236220472385,1.0440338020144952,10,1.0,True,0.06025290693401669,0.01225483213769174,0.8180227471566055,-0.02156275635673971
lstm,GI,44,pid_local_cqr,0.04908618324548125,0.07859648775915447,0.815748031496063,0.019212598425196802,1.0440338020144952,10,1.0,True,0.07817366732995895,0.023431352490422608,0.8153980752405949,-0.025654830755058644
lstm,GI,44,pid_tan_cqr,-0.10931239708242257,-0.06974356509847232,0.8393700787401575,0.039370078740157424,1.0440338020144952,10,0.4,False,0.10996019492419973,-0.1101471166810899,0.8407699037620298,-0.0008347195986673217
lstm,GI,44,saocp_cqr,0.017333121058746626,0.03133850368605821,0.8472440944881889,0.0481889763779527,1.0440338020144952,10,0.7,True,0.3146077986771951,-0.009532711149653483,0.8398950131233596,-0.02686583220840011
lstm,GI,44,sfogd_cqr,0.014437416255596913,0.05425978647267114,0.8149606299212598,0.014960629921259794,1.0440338020144952,10,0.9,True,0.05990639177061907,-0.009182152008472277,0.8162729658792651,-0.02361956826406919
lstm,GI,44,spci_cqr,-0.02393343373878576,0.027420795695624434,0.7984251968503937,0.02204724409448818,1.0440338020144952,10,0.9,True,0.0428317851496246,-0.044952877528899426,0.7970253718285214,-0.021019443790113668
lstm,L,42,aci_cqr,0.049805682171168486,0.06944277190485633,0.7976377952755905,0.026614173228346437,1.0670996780076687,10,0.9,True,0.0498548100812633,0.031879462277161985,0.7979002624671916,-0.0179262198940065
lstm,L,42,agaci_cqr,0.053705133676267613,0.07320548473969421,0.8062992125984252,0.017007874015748003,1.0670996780076687,10,1.0,True,0.04624118056848203,0.03677244556709325,0.8057742782152231,-0.016932688109174365
lstm,L,42,cqr_rolling,0.05618011988812349,0.06588166739294538,0.8031496062992126,0.018582677165354323,1.0670996780076687,10,0.9,True,0.04691548166837367,0.0432015241623509,0.8031496062992125,-0.01297859572577259
lstm,L,42,cqr_static,-0.005047704547948673,-0.04071049077601219,0.7811023622047244,0.12661417322834642,1.0670996780076687,10,0.3,False,0.021910740864562572,-0.038679766539011284,0.8040244969378827,-0.03363206199106261
lstm,L,42,decay_ocp_cqr,0.04052863806241547,0.0740936681635084,0.8362204724409448,0.04692913385826768,1.0670996780076687,10,0.8,True,0.03147245760151374,0.03135679678163805,0.8381452318460192,-0.009171841280777415
lstm,L,42,dtaci_cqr,0.056644606452795065,0.07652501207011776,0.815748031496063,0.026456692913385794,1.0670996780076687,10,0.9,True,0.04452867165122454,0.03238648072036898,0.8180227471566055,-0.024258125732426083
lstm,L,42,mondrian_cqr,-0.005003197780232671,0.00885904910008527,0.8456692913385826,0.04661417322834641,1.0670996780076687,10,0.6,False,0.0557280305597751,-0.05203527822685272,0.8460192475940507,-0.04703208044662005
lstm,L,42,native,0.05539661706519222,0.06936284854288445,0.8771653543307087,0.0771653543307086,1.0670996780076687,10,0.4,False,0.04283383640419158,0.03604717070373242,0.8713910761154856,-0.0193494463614598
lstm,L,42,pid_cqr,0.062101521778805846,0.08859315533752263,0.8102362204724409,0.011181102362204686,1.0670996780076687,10,1.0,True,0.02973817066796114,0.03118679965728155,0.8110236220472441,-0.030914722121524296
lstm,L,42,pid_local_cqr,0.04172930052318741,0.06008844914396215,0.8086614173228346,0.013070866141732251,1.0670996780076687,10,0.9,True,0.016018885463369992,0.00020579761823480425,0.8066491688538933,-0.0415235029049526
lstm,L,42,pid_tan_cqr,-0.08027014269737287,-0.07536814230266362,0.8236220472440945,0.023622047244094436,1.0670996780076687,10,0.4,False,0.08351669937047612,-0.09326358104148325,0.8241469816272966,-0.012993438344110375
lstm,L,42,saocp_cqr,-0.014774670375710397,0.007286731710457494,0.9173228346456692,0.11732283464566921,1.0670996780076687,10,0.1,False,0.03552869236609146,-0.03077822828055221,0.9125109361329833,-0.016003557904841814
lstm,L,42,sfogd_cqr,0.012795608584767415,0.04584458364153767,0.8039370078740158,0.007716535433070848,1.0670996780076687,10,0.8,True,0.015889128371228467,-0.0198950707714296,0.8031496062992126,-0.03269067935619702
lstm,L,42,spci_cqr,0.05571170642798984,0.05241965277354095,0.7669291338582677,0.03748031496062996,1.0670996780076687,10,0.9,True,0.046123712837060016,0.02841871336279367,0.7672790901137359,-0.02729299306519617
lstm,L,43,aci_cqr,0.023492029694725303,0.06386502828497818,0.8062992125984252,0.017007874015748003,1.0595414992334111,10,0.9,True,0.0498548100812633,0.014282158127713718,0.8066491688538933,-0.009209871567011585
lstm,L,43,agaci_cqr,0.027347450932083572,0.06855553361216318,0.8110236220472441,0.017007874015747992,1.0595414992334111,10,1.0,True,0.04624118056848203,0.020947905074662265,0.8110236220472441,-0.006399545857421307
lstm,L,43,cqr_rolling,0.023163413634432417,0.06420461832411317,0.8094488188976378,0.017637795275590517,1.0595414992334111,10,0.9,True,0.04691548166837367,0.01972952550082585,0.811023622047244,-0.0034338881336065663
lstm,L,43,cqr_static,-0.026958445412511245,-0.05762587945700369,0.8527559055118111,0.1381102362204724,1.0595414992334111,10,0.3,False,0.021910740864562572,-0.04892844736452817,0.8381452318460192,-0.021970001952016927
lstm,L,43,decay_ocp_cqr,0.03012598816784884,0.06934092507845646,0.8511811023622048,0.05937007874015745,1.0595414992334111,10,0.8,True,0.03147245760151374,0.011054226536912792,0.8521434820647419,-0.019071761630936046
lstm,L,43,dtaci_cqr,0.03440542221984405,0.07312403861675523,0.8181102362204724,0.02629921259842515,1.0595414992334111,10,1.0,True,0.04452867165122454,0.0248339057877085,0.8180227471566054,-0.009571516432135552
lstm,L,43,mondrian_cqr,-0.016902467877031424,-0.00059217339038109,0.8637795275590552,0.06377952755905507,1.0595414992334111,10,0.7,True,0.0557280305597751,-0.04844174572178517,0.8635170603674541,-0.031539277844753744
lstm,L,43,native,0.0606454206404099,0.0772286866274284,0.8755905511811024,0.07653543307086612,1.0595414992334111,10,0.6,False,0.04283383640419158,0.05457868002963828,0.8696412948381452,-0.006066740610771615
lstm,L,43,pid_cqr,0.04481472164867517,0.08782799082268707,0.8102362204724409,0.013700787401574765,1.0595414992334111,10,1.0,True,0.02973817066796114,0.03814033053475363,0.8092738407699038,-0.006674391113921541
lstm,L,43,pid_local_cqr,0.029047225544483468,0.05760693339824926,0.8110236220472441,0.014488188976377925,1.0595414992334111,10,0.9,True,0.016018885463369992,0.026790273948332666,0.810148731408574,-0.0022569515961508024
lstm,L,43,pid_tan_cqr,-0.13905233486846946,-0.06663421411467359,0.8275590551181102,0.02850393700787397,1.0595414992334111,10,0.6,False,0.08351669937047612,-0.1470495942156731,0.8276465441819773,-0.007997259347203634
lstm,L,43,saocp_cqr,-0.00904760081068079,0.00575630400828947,0.9094488188976377,0.10944881889763773,1.0595414992334111,10,0.1,False,0.03552869236609146,-0.01871730328805654,0.9063867016622922,-0.009669702477375752
lstm,L,43,sfogd_cqr,0.028684736955995882,0.03671604402782223,0.8094488188976378,0.010393700787401539,1.0595414992334111,10,0.7,True,0.015889128371228467,0.01680161128077229,0.810148731408574,-0.011883125675223594
lstm,L,43,spci_cqr,0.009587993590929822,0.0451047025260087,0.7818897637795276,0.02251968503937011,1.0595414992334111,10,1.0,True,0.046123712837060016,-0.00940001330074236,0.7865266841644795,-0.018988006891672182
lstm,L,44,aci_cqr,-4.9127910094814986e-05,0.034662802418896355,0.8094488188976378,0.026771653543307072,1.0237310741933918,10,0.9,True,0.0498548100812633,-0.005237650246693093,0.8136482939632547,-0.005188522336598278
lstm,L,44,agaci_cqr,0.007463953107785581,0.041013137404197895,0.8070866141732284,0.026614173228346437,1.0237310741933918,10,0.9,True,0.04624118056848203,0.004408206816936322,0.8118985126859142,-0.0030557462908492594
lstm,L,44,cqr_rolling,0.009264638219749821,0.03651379061266167,0.8062992125984252,0.030551181102362192,1.0237310741933918,10,1.0,True,0.04691548166837367,0.004611187526245897,0.811023622047244,-0.004653450693503924
lstm,L,44,cqr_static,-0.013923551099374376,-0.042599859519541525,0.8078740157480315,0.08157480314960627,1.0237310741933918,10,0.7,True,0.021910740864562572,-0.03225716042769977,0.8372703412073491,-0.018333609328325395
lstm,L,44,decay_ocp_cqr,0.00905618046090173,0.04534913091102159,0.8307086614173228,0.04047244094488187,1.0237310741933918,10,0.9,True,0.03147245760151374,0.006297511326379346,0.8390201224846894,-0.0027586691345223846
lstm,L,44,dtaci_cqr,0.012115934801570527,0.04320859857040852,0.8165354330708661,0.02251968503937004,1.0237310741933918,10,1.0,True,0.04452867165122454,-0.0015018517480884785,0.8197725284339458,-0.013617786549659006
lstm,L,44,mondrian_cqr,-0.06073122834000777,-0.014603301466676443,0.8614173228346458,0.06141732283464564,1.0237310741933918,10,0.8,True,0.0557280305597751,-0.07710801800108147,0.8626421697287839,-0.0163767896610737
lstm,L,44,native,0.017811584236218314,0.027490923110832087,0.8645669291338584,0.065511811023622,1.0237310741933918,10,0.5,False,0.04283383640419158,0.010849105714303087,0.8530183727034121,-0.006962478521915227
lstm,L,44,pid_cqr,0.03236335111084471,0.05380111560381171,0.8133858267716535,0.013385826771653498,1.0237310741933918,10,0.9,True,0.02973817066796114,0.019412629344262244,0.8145231846019247,-0.012950721766582463
lstm,L,44,pid_local_cqr,0.025710415059817415,0.04057917626759857,0.8133858267716535,0.01433070866141728,1.0237310741933918,10,0.9,True,0.016018885463369992,-0.0014405716528347323,0.8153980752405949,-0.027150986712652148
lstm,L,44,pid_tan_cqr,-0.163786842067849,-0.11891976989458355,0.8354330708661417,0.03543307086614167,1.0237310741933918,10,0.6,False,0.08351669937047612,-0.1682283850780697,0.8381452318460192,-0.004441543010220705
lstm,L,44,saocp_cqr,-0.04457629317677225,-0.0356211388081754,0.9110236220472441,0.11102362204724403,1.0237310741933918,10,0.2,False,0.03552869236609146,-0.04641581394307148,0.9046369203849518,-0.0018395207662992297
lstm,L,44,sfogd_cqr,0.017883778370848036,0.0224342893171277,0.8078740157480315,0.010708661417322806,1.0237310741933918,10,0.9,True,0.015889128371228467,0.006369997648772663,0.8092738407699038,-0.011513780722075373
lstm,L,44,spci_cqr,0.020732731886657196,0.040896066016644216,0.778740157480315,0.02566929133858271,1.0237310741933918,10,1.0,True,0.046123712837060016,0.014965071544525976,0.7821522309711286,-0.00576766034213122
lstm_const,G,42,aci_cqr,0.09296290323059148,0.11892331301229286,0.8118110236220473,0.029448818897637764,1.0975025838268582,10,1.0,True,0.013079163576245834,0.0446717075227524,0.8180227471566055,-0.048291195707839074
lstm_const,G,42,agaci_cqr,0.09808810194251494,0.12107382184986919,0.8070866141732284,0.02188976377952756,1.0975025838268582,10,1.0,True,0.027986791619180607,0.05590649626827049,0.8101487314085739,-0.04218160567424445
lstm_const,G,42,cqr_rolling,0.09874121156309629,0.11300212043271687,0.831496062992126,0.047559055118110205,1.0975025838268582,10,0.9,True,0.01956776697305007,0.058422285677864116,0.8398950131233596,-0.04031892588523217
lstm_const,G,42,cqr_static,-0.05025793366460529,-0.16777753239245546,0.9291338582677164,0.12913385826771648,1.0975025838268582,10,0.2,False,0.018048120604617135,-0.0620867583146647,0.9256342957130358,-0.01182882465005941
lstm_const,G,42,decay_ocp_cqr,-0.01532839995571278,-0.0070014673827534565,0.9188976377952756,0.11889763779527555,1.0975025838268582,10,0.3,False,0.010146309871267911,-0.017091059987200508,0.9125109361329833,-0.0017626600314877283
lstm_const,G,42,dtaci_cqr,0.08866612288324616,0.12084846339362403,0.8244094488188976,0.032598425196850356,1.0975025838268582,10,1.0,True,0.010508110309101093,0.03927888431926907,0.8302712160979877,-0.04938723856397709
lstm_const,G,42,mondrian_cqr,0.01015224008803961,0.0280770084989855,0.8590551181102363,0.05905511811023617,1.0975025838268582,10,0.8,True,0.010504394981210363,-0.02885199957556961,0.8626421697287839,-0.03900423966360922
lstm_const,G,42,native,0.0028495328184725555,0.00286781469511741,0.9086614173228347,0.10866141732283459,1.0975025838268582,10,0.3,False,0.003470053405042084,0.00263243614567521,0.9002624671916011,-0.00021709667279734557
lstm_const,G,42,pid_cqr,0.09174619750575186,0.11239966404490956,0.8173228346456692,0.01732283464566925,1.0975025838268582,10,1.0,True,0.005311060839058301,0.05311230208423834,0.8188976377952756,-0.03863389542151352
lstm_const,G,42,pid_local_cqr,0.07821843867516859,0.07602693123985851,0.8181102362204724,0.01905511811023617,1.0975025838268582,10,1.0,True,0.01806795522044119,0.04826566515336583,0.8188976377952756,-0.029952773521802756
lstm_const,G,42,pid_tan_cqr,-0.07683234461987853,-0.01255422969028045,0.8204724409448818,0.02299212598425191,1.0975025838268582,10,0.5,False,0.06126311764866843,-0.10153813074102502,0.8241469816272966,-0.02470578612114649
lstm_const,G,42,saocp_cqr,-0.05128334030848092,-0.05001677341284268,0.9307086614173228,0.1307086614173228,1.0975025838268582,10,0.2,False,0.014352179017138922,-0.06441090718068021,0.9247594050743656,-0.013127566872199292
lstm_const,G,42,sfogd_cqr,0.027995564557966146,0.05664626838455981,0.805511811023622,0.00740157480314958,1.0975025838268582,10,1.0,True,0.021466455522983874,0.016244065582166733,0.8066491688538933,-0.011751498975799413
lstm_const,G,42,spci_cqr,0.0598822551410127,0.09011258042910561,0.7755905511811024,0.033228346456692925,1.0975025838268582,10,0.9,True,0.008994325195702202,0.051448461248524535,0.7777777777777778,-0.008433793892488162
lstm_const,G,43,aci_cqr,0.10033617389108879,0.12119297350253275,0.8062992125984252,0.026456692913385805,1.0036248741044753,10,1.0,True,0.013079163576245834,0.0684970117759276,0.8127734033245845,-0.03183916211516119
lstm_const,G,43,agaci_cqr,0.1107351695230922,0.1258803702370576,0.7976377952755905,0.021259842519685036,1.0036248741044753,10,1.0,True,0.027986791619180607,0.08732809052719082,0.800524934383202,-0.023407078995901387
lstm_const,G,43,cqr_rolling,0.10820367870649672,0.11372300393952661,0.8236220472440945,0.04125984251968499,1.0036248741044753,10,0.9,True,0.01956776697305007,0.08830401028723045,0.8320209973753281,-0.01989966841926627
lstm_const,G,43,cqr_static,-0.033817583400701845,-0.1518442290125035,0.8700787401574803,0.1248818897637795,1.0036248741044753,10,0.1,False,0.018048120604617135,-0.03627625469174767,0.8932633420822397,-0.002458671291045822
lstm_const,G,43,decay_ocp_cqr,-0.005182090084444868,-0.002182240703479854,0.9047244094488189,0.10724409448818895,1.0036248741044753,10,0.3,False,0.010146309871267911,-0.012821932657188118,0.8976377952755905,-0.0076398425727432495
lstm_const,G,43,dtaci_cqr,0.0973437126558323,0.1224340225990463,0.8173228346456692,0.026456692913385794,1.0036248741044753,10,1.0,True,0.010508110309101093,0.06622419695693804,0.8223972003499562,-0.031119515698894262
lstm_const,G,43,mondrian_cqr,0.0037249600961321017,0.029263352554504407,0.8566929133858269,0.05921259842519681,1.0036248741044753,10,0.8,True,0.010504394981210363,-0.04182429329405535,0.8643919510061243,-0.04554925339018745
lstm_const,G,43,native,-0.0006205205865695285,0.003077379119220769,0.9133858267716535,0.11338582677165347,1.0036248741044753,10,0.3,False,0.003470053405042084,-0.0012872681792124308,0.9046369203849518,-0.0006667475926429023
lstm_const,G,43,pid_cqr,0.09357578983540382,0.11256548592954937,0.8118110236220473,0.013700787401574765,1.0036248741044753,10,0.9,True,0.005311060839058301,0.06822713752824683,0.8136482939632547,-0.025348652307156994
lstm_const,G,43,pid_local_cqr,0.0601504834547274,0.070633451530167,0.8125984251968503,0.013543307086614132,1.0036248741044753,10,0.9,True,0.01806795522044119,0.04674931967285356,0.8136482939632547,-0.013401163781873837
lstm_const,G,43,pid_tan_cqr,-0.03964555785018009,-0.01563890176703625,0.8188976377952756,0.020787401574803098,1.0036248741044753,10,0.7,True,0.06126311764866843,-0.05500918847495995,0.8215223097112861,-0.015363630624779856
lstm_const,G,43,saocp_cqr,-0.036931161291341996,-0.046379822503694476,0.9354330708661417,0.13543307086614167,1.0036248741044753,10,0.0,False,0.014352179017138922,-0.04338707686216692,0.9291338582677164,-0.006455915570824922
lstm_const,G,43,sfogd_cqr,0.018123723180732743,0.04658294017542256,0.8031496062992126,0.005984251968503917,1.0036248741044753,10,0.9,True,0.021466455522983874,0.014304350060090565,0.8040244969378828,-0.0038193731206421777
lstm_const,G,43,spci_cqr,0.05643968054121412,0.07434318068418924,0.7708661417322834,0.03669291338582681,1.0036248741044753,10,0.9,True,0.008994325195702202,0.03659811392679169,0.778652668416448,-0.019841566614422435
lstm_const,G,44,aci_cqr,0.08725701031484295,0.1258128475047074,0.8086614173228346,0.028188976377952746,1.1163553998691171,10,1.0,True,0.013079163576245834,0.05225634712345295,0.8127734033245844,-0.03500066319139
lstm_const,G,44,agaci_cqr,0.0827483779039116,0.12985577747525628,0.7968503937007874,0.020472440944881876,1.1163553998691171,10,1.0,True,0.027986791619180607,0.05039440702883424,0.7970253718285214,-0.032353970875077354
lstm_const,G,44,cqr_rolling,0.08863591173344665,0.12164851974011122,0.8251968503937007,0.035905511811023604,1.1163553998691171,10,0.9,True,0.01956776697305007,0.047865587134267584,0.8302712160979877,-0.040770324599179064
lstm_const,G,44,cqr_static,-0.03220981305998816,-0.11348702622653248,0.8874015748031496,0.11921259842519683,1.1163553998691171,10,0.2,False,0.018048120604617135,-0.032883073361064996,0.8801399825021873,-0.000673260301076839
lstm_const,G,44,decay_ocp_cqr,-0.00568302698097084,0.011194404199503682,0.9118110236220472,0.1118110236220472,1.1163553998691171,10,0.4,False,0.010146309871267911,-0.015068338496491807,0.9046369203849518,-0.009385311515520967
lstm_const,G,44,dtaci_cqr,0.08683560234673121,0.13156231552222059,0.8181102362204724,0.02409448818897635,1.1163553998691171,10,1.0,True,0.010508110309101093,0.052193756962170545,0.8223972003499562,-0.034641845384560666
lstm_const,G,44,mondrian_cqr,0.014229355077342465,0.04605524204386402,0.8464566929133858,0.046456692913385764,1.1163553998691171,10,0.8,True,0.010504394981210363,-0.008252800305631913,0.8486439195100612,-0.022482155382974378
lstm_const,G,44,native,2.490055166559646e-05,0.007450847290562002,0.9141732283464566,0.11417322834645663,1.1163553998691171,10,0.3,False,0.003470053405042084,0.00029527342483359753,0.905511811023622,0.00027037287316800107
lstm_const,G,44,pid_cqr,0.09705725834481016,0.12589725298504537,0.8110236220472441,0.011968503937007834,1.1163553998691171,10,1.0,True,0.005311060839058301,0.05144235536818831,0.8118985126859143,-0.04561490297662185
lstm_const,G,44,pid_local_cqr,0.06270767662613974,0.08751864471314974,0.8133858267716535,0.01433070866141728,1.1163553998691171,10,0.9,True,0.01806795522044119,0.040516474202299646,0.8136482939632547,-0.022191202423840095
lstm_const,G,44,pid_tan_cqr,-0.10090867549884852,-0.007090001454338035,0.8196850393700787,0.021574803149606258,1.1163553998691171,10,0.7,True,0.06126311764866843,-0.1101348739934096,0.8223972003499562,-0.009226198494561078
lstm_const,G,44,saocp_cqr,-0.04168843803557443,-0.04865197371693455,0.931496062992126,0.13149606299212596,1.1163553998691171,10,0.1,False,0.014352179017138922,-0.044980538356981015,0.9247594050743656,-0.003292100321406588
lstm_const,G,44,sfogd_cqr,0.039590178703716616,0.05367695066579346,0.8039370078740158,0.005826771653543283,1.1163553998691171,10,0.8,True,0.021466455522983874,0.02548830912143807,0.804899387576553,-0.014101869582278548
lstm_const,G,44,spci_cqr,0.050887929945310495,0.08322241868076011,0.7653543307086614,0.04283464566929136,1.1163553998691171,10,0.8,True,0.008994325195702202,0.019774183813108803,0.7699037620297463,-0.03111374613220169
lstm_const,GF,42,aci_cqr,0.08624002521530916,0.11663992304350493,0.8133858267716535,0.02629921259842516,1.11059923106435,10,1.0,True,0.008947668093711392,0.04073835261008685,0.8180227471566054,-0.04550167260522231
lstm_const,GF,42,agaci_cqr,0.092172293124274,0.12044804703081732,0.805511811023622,0.022834645669291342,1.11059923106435,10,1.0,True,0.015956814017792365,0.05189818447115768,0.8083989501312335,-0.040274108653116314
lstm_const,GF,42,cqr_rolling,0.09572404284471497,0.11241453349448863,0.8346456692913385,0.042834645669291314,1.11059923106435,10,0.9,True,0.007759699300478318,0.05500027429696941,0.8407699037620298,-0.040723768547745565
lstm_const,GF,42,cqr_static,-0.04143260938455329,-0.16561123592961213,0.9322834645669291,0.13228346456692905,1.11059923106435,10,0.1,False,0.013859848973128863,-0.05535764887180683,0.9282589676290462,-0.013925039487253543
lstm_const,GF,42,decay_ocp_cqr,-0.013037984917093848,-0.007753819453016464,0.921259842519685,0.121259842519685,1.11059923106435,10,0.3,False,0.007838335809097818,-0.014831939059637644,0.9151356080489939,-0.0017939541425437966
lstm_const,GF,42,dtaci_cqr,0.08539243986686396,0.1206165148205998,0.8228346456692913,0.026929133858267663,1.11059923106435,10,1.0,True,0.0061069774323150305,0.038756107277436724,0.8276465441819773,-0.04663633258942723
lstm_const,GF,42,mondrian_cqr,-0.009093450638646805,0.008147462150916695,0.8598425196850394,0.05984251968503932,1.11059923106435,10,0.6,False,0.014894639874995452,-0.040093265234872444,0.8626421697287839,-0.03099981459622564
lstm_const,GF,42,native,0.004821752307332117,0.004176499901412489,0.905511811023622,0.10551181102362199,1.11059923106435,10,0.3,False,0.006730204903195369,0.002701687722064805,0.8967629046369203,-0.0021200645852673117
lstm_const,GF,42,pid_cqr,0.08553443495492147,0.11146143551451151,0.8165354330708661,0.01653543307086609,1.11059923106435,10,1.0,True,0.011178856575791651,0.05594685477063732,0.8180227471566055,-0.029587580184284146
lstm_const,GF,42,pid_local_cqr,0.062444882451368755,0.0776087446665674,0.8188976377952756,0.019842519685039316,1.11059923106435,10,1.0,True,0.018432279957511177,0.024079634995715193,0.8171478565179353,-0.03836524745565356
lstm_const,GF,42,pid_tan_cqr,-0.0842538891483039,-0.01332041897117826,0.8236220472440945,0.026141732283464503,1.11059923106435,10,0.5,False,0.053401987646616744,-0.111758827191768,0.8276465441819773,-0.0275049380434641
lstm_const,GF,42,saocp_cqr,-0.05331125680843085,-0.05422190826548434,0.9299212598425196,0.12992125984251965,1.11059923106435,10,0.1,False,0.017353546168396017,-0.059026441370650495,0.9238845144356955,-0.005715184562219644
lstm_const,GF,42,sfogd_cqr,0.03460952955188812,0.05971843476762295,0.8039370078740158,0.008346456692913362,1.11059923106435,10,0.9,True,0.030193961541327363,0.01980668457884549,0.804899387576553,-0.014802844973042628
lstm_const,GF,42,spci_cqr,0.05869557749220855,0.09005825363019129,0.7755905511811024,0.02944881889763782,1.11059923106435,10,1.0,True,0.012716253177802783,0.04022305018519112,0.778652668416448,-0.018472527307017428
lstm_const,GF,43,aci_cqr,0.09518769330902055,0.1214453755808158,0.8094488188976378,0.0280314960629921,1.0172830632198389,10,1.0,True,0.008947668093711392,0.06325365646881309,0.8153980752405949,-0.03193403684020746
lstm_const,GF,43,agaci_cqr,0.10266567167500545,0.12523498628508684,0.8007874015748031,0.023779527559055103,1.0172830632198389,10,1.0,True,0.015956814017792365,0.08002892248359172,0.8022747156605424,-0.02263674919141373
lstm_const,GF,43,cqr_rolling,0.10001846611693033,0.11274811920936192,0.8251968503937007,0.03968503937007869,1.0172830632198389,10,0.9,True,0.007759699300478318,0.08055682603421821,0.8311461067366579,-0.019461640082712117
lstm_const,GF,43,cqr_static,-0.027572760411424424,-0.14202659702079784,0.8842519685039371,0.11070866141732283,1.0172830632198389,10,0.3,False,0.013859848973128863,-0.03409875771012261,0.9002624671916011,-0.006525997298698183
lstm_const,GF,43,decay_ocp_cqr,-0.005199649107996029,-0.00458930932086733,0.9070866141732283,0.10708661417322832,1.0172830632198389,10,0.4,False,0.007838335809097818,-0.01240348310914019,0.8993875765529309,-0.00720383400114416
lstm_const,GF,43,dtaci_cqr,0.09149941729917899,0.1228990261802346,0.8204724409448818,0.02708661417322831,1.0172830632198389,10,1.0,True,0.0061069774323150305,0.057789970409039215,0.825896762904637,-0.03370944689013977
lstm_const,GF,43,mondrian_cqr,0.005801189236348647,0.03850657934244618,0.8433070866141732,0.043307086614173186,1.0172830632198389,10,1.0,True,0.014894639874995452,-0.025636390455412217,0.8460192475940507,-0.031437579691760864
lstm_const,GF,43,native,-0.0019084525958632526,0.0033824918469268495,0.9102362204724409,0.11023622047244089,1.0172830632198389,10,0.3,False,0.006730204903195369,-0.0037423651793000445,0.9011373578302712,-0.001833912583436792
lstm_const,GF,43,pid_cqr,0.09015547898771437,0.11148806320280132,0.8118110236220473,0.013700787401574765,1.0172830632198389,10,1.0,True,0.011178856575791651,0.06297654306296785,0.8136482939632547,-0.027178935924746517
lstm_const,GF,43,pid_local_cqr,0.04721739878774578,0.07071918768177167,0.8133858267716535,0.01433070866141728,1.0172830632198389,10,0.9,True,0.018432279957511177,0.033436494372566794,0.8145231846019247,-0.013780904415178985
lstm_const,GF,43,pid_tan_cqr,-0.04026690761156326,-0.01595139346009423,0.8181102362204724,0.020629921259842466,1.0172830632198389,10,0.6,False,0.053401987646616744,-0.05188938397285736,0.8215223097112861,-0.011622476361294098
lstm_const,GF,43,saocp_cqr,-0.035957710640034835,-0.04470780212533163,0.9330708661417322,0.1330708661417322,1.0172830632198389,10,0.1,False,0.017353546168396017,-0.04257617217657783,0.926509186351706,-0.006618461536542997
lstm_const,GF,43,sfogd_cqr,0.01553381697718137,0.04421704231082072,0.8031496062992126,0.005984251968503917,1.0172830632198389,10,0.9,True,0.030193961541327363,0.011627351288786558,0.8040244969378828,-0.003906465688394811
lstm_const,GF,43,spci_cqr,0.046365820175709505,0.06771225912561118,0.7645669291338583,0.0376377952755906,1.0172830632198389,10,0.9,True,0.012716253177802783,0.02589261078390015,0.7707786526684165,-0.020473209391809355
lstm_const,GF,44,aci_cqr,0.09268718909031565,0.1278791321831658,0.8039370078740158,0.029763779527559042,1.1152851783771938,10,1.0,True,0.008947668093711392,0.05506315762548375,0.8092738407699037,-0.0376240314648319
lstm_const,GF,44,agaci_cqr,0.08670885765721309,0.13251207975622575,0.8015748031496063,0.0179527559055118,1.1152851783771938,10,1.0,True,0.015956814017792365,0.05123041368550163,0.8013998250218722,-0.03547844397171146
lstm_const,GF,44,cqr_rolling,0.09225876681645201,0.12425947146124292,0.8267716535433071,0.0343307086614173,1.1152851783771938,10,0.9,True,0.007759699300478318,0.04969808172072576,0.8311461067366579,-0.04256068509572625
lstm_const,GF,44,cqr_static,-0.02992553890206573,-0.11811772907078293,0.8874015748031496,0.11669291338582674,1.1152851783771938,10,0.4,False,0.013859848973128863,-0.03389497799861774,0.8801399825021873,-0.003969439096552008
lstm_const,GF,44,decay_ocp_cqr,-0.006826932455725687,0.011101600189018467,0.9110236220472441,0.11102362204724406,1.1152851783771938,10,0.4,False,0.007838335809097818,-0.01667000634845639,0.9037620297462817,-0.009843073892730703
lstm_const,GF,44,dtaci_cqr,0.08749804353347873,0.13292533087119593,0.8181102362204724,0.02409448818897635,1.1152851783771938,10,1.0,True,0.0061069774323150305,0.05321438690222313,0.8197725284339458,-0.0342836566312556
lstm_const,GF,44,mondrian_cqr,0.005068355249301604,0.029389473781280373,0.8566929133858266,0.056692913385826715,1.1152851783771938,10,0.6,False,0.014894639874995452,-0.03881082337715647,0.8608923884514436,-0.04387917862645807
lstm_const,GF,44,native,0.0019937932685207826,0.008786511847565525,0.9110236220472441,0.11102362204724403,1.1152851783771938,10,0.3,False,0.006730204903195369,0.0013627901100867756,0.9020122484689413,-0.000631003158434007
lstm_const,GF,44,pid_cqr,0.09671329153071312,0.12635285218470496,0.8102362204724409,0.011181102362204686,1.1152851783771938,10,0.8,True,0.011178856575791651,0.05578364933421587,0.8110236220472441,-0.04092964219649725
lstm_const,GF,44,pid_local_cqr,0.06564967874525696,0.09200606242974536,0.8141732283464567,0.015118110236220427,1.1152851783771938,10,0.9,True,0.018432279957511177,0.03278983808755276,0.8153980752405949,-0.0328598406577042
lstm_const,GF,44,pid_tan_cqr,-0.09366889525818001,-0.00795916207107682,0.8204724409448818,0.021417322834645626,1.1152851783771938,10,0.5,False,0.053401987646616744,-0.10307291834059074,0.8232720909886264,-0.009404023082410728
lstm_const,GF,44,saocp_cqr,-0.04231153714818536,-0.04707215243986014,0.931496062992126,0.13149606299212596,1.1152851783771938,10,0.0,False,0.017353546168396017,-0.04360773306413113,0.9247594050743656,-0.0012961959159457637
lstm_const,GF,44,sfogd_cqr,0.04572777851850873,0.06176598043283378,0.8062992125984252,0.008188976377952729,1.1152851783771938,10,0.9,True,0.030193961541327363,0.01779976000079575,0.8075240594925635,-0.027928018517712982
lstm_const,GF,44,spci_cqr,0.05908207335351229,0.08788316804306258,0.7606299212598425,0.04062992125984257,1.1152851783771938,10,0.9,True,0.012716253177802783,0.029659876145532893,0.7655293088363955,-0.029422197207979395
lstm_const,L,42,aci_cqr,0.08793140599371424,0.08536489665236993,0.8110236220472441,0.017007874015748003,1.0670996780076687,10,1.0,True,0.029313843393922123,0.07074545648035058,0.8136482939632547,-0.017185949513363663
lstm_const,L,42,agaci_cqr,0.0850069372916894,0.09234861725772364,0.8062992125984252,0.02110236220472439,1.0670996780076687,10,1.0,True,0.02865351229964369,0.06443302507374526,0.8083989501312335,-0.020573912217944135
lstm_const,L,42,cqr_rolling,0.08934365207174533,0.08374995312123598,0.8275590551181102,0.02850393700787396,1.0670996780076687,10,0.9,True,0.04118729506073421,0.07284647459335869,0.8285214348206474,-0.016497177478386638
lstm_const,L,42,cqr_static,-0.033802927373262515,-0.16514101757483995,0.9149606299212598,0.1149606299212598,1.0670996780076687,10,0.4,False,0.0482320896598597,-0.046494873351029975,0.905511811023622,-0.01269194597776746
lstm_const,L,42,decay_ocp_cqr,-0.016738438309445103,-0.01043106150907711,0.9007874015748032,0.1007874015748031,1.0670996780076687,10,0.5,False,0.006572542540766557,-0.023751268144535542,0.8915135608048994,-0.0070128298350904394
lstm_const,L,42,dtaci_cqr,0.07449248162282501,0.08993839024598266,0.8173228346456692,0.019212598425196813,1.0670996780076687,10,1.0,True,0.024752601501568605,0.04971498592897927,0.8197725284339458,-0.02477749569384574
lstm_const,L,42,mondrian_cqr,-0.03453649479026899,-0.01813582571833494,0.8503937007874015,0.05039370078740153,1.0670996780076687,10,0.9,True,0.015957644183608732,-0.05146762898785995,0.8512685914260717,-0.016931134197590958
lstm_const,L,42,native,0.008093043836771785,0.013016559299583152,0.8913385826771654,0.0913385826771653,1.0670996780076687,10,0.5,False,0.00954572850925417,0.004743974565461273,0.8810148731408574,-0.003349069271310512
lstm_const,L,42,pid_cqr,0.0713127098575631,0.08131642551296256,0.8125984251968503,0.012598425196850348,1.0670996780076687,10,0.9,True,0.02605305200382091,0.052293393046949355,0.8136482939632547,-0.01901931681061375
lstm_const,L,42,pid_local_cqr,0.0433925297309371,0.0454469856172273,0.815748031496063,0.015748031496062954,1.0670996780076687,10,0.9,True,0.02894416351259127,0.0427610935360464,0.8153980752405949,-0.0006314361948906999
lstm_const,L,42,pid_tan_cqr,-0.08263733913561899,-0.048026242958835764,0.8181102362204724,0.01905511811023617,1.0670996780076687,10,0.7,True,0.010341396608844367,-0.08431607611002301,0.8197725284339458,-0.001678736974404016
lstm_const,L,42,saocp_cqr,-0.06269004198124939,-0.050586325111351436,0.915748031496063,0.11574803149606291,1.0670996780076687,10,0.2,False,0.0014026770271242661,-0.0650917984284427,0.9081364829396326,-0.002401756447193315
lstm_const,L,42,sfogd_cqr,0.022476931973818004,0.02846914510096694,0.805511811023622,0.008976377952755877,1.0670996780076687,10,0.9,True,0.028706235947636327,-3.1409664901005385e-05,0.8066491688538933,-0.02250834163871901
lstm_const,L,42,spci_cqr,0.004133524343848671,0.0354742792253742,0.7590551181102362,0.04094488188976384,1.0670996780076687,10,0.9,True,0.06181841731728943,-0.013585260534394683,0.7594050743657044,-0.017718784878243354
lstm_const,L,43,aci_cqr,0.060485786470164005,0.07530596545974308,0.8015748031496063,0.018267716535433076,1.0595414992334111,10,0.9,True,0.029313843393922123,0.004455411979474411,0.8040244969378827,-0.056030374490689594
lstm_const,L,43,agaci_cqr,0.05635342499204571,0.08560893705167474,0.805511811023622,0.01937007874015747,1.0595414992334111,10,1.0,True,0.02865351229964369,0.002060796113544261,0.8083989501312335,-0.05429262887850145
lstm_const,L,43,cqr_rolling,0.04815635701101112,0.07357932555537036,0.8188976377952756,0.025511811023622,1.0595414992334111,10,1.0,True,0.04118729506073421,0.004455411979474411,0.8188976377952755,-0.04370094503153671
lstm_const,L,43,cqr_static,-0.0787269412355791,-0.2202854915804539,0.9133858267716535,0.12062992125984248,1.0595414992334111,10,0.2,False,0.0482320896598597,-0.058964251083449826,0.905511811023622,0.01976269015212928
lstm_const,L,43,decay_ocp_cqr,-0.010165895768678546,-0.044677699344566425,0.8984251968503937,0.09842519685039366,1.0595414992334111,10,0.5,False,0.006572542540766557,-0.018991212621505937,0.8888888888888888,-0.008825316852827392
lstm_const,L,43,dtaci_cqr,0.059081308595967386,0.0845363252816973,0.8110236220472441,0.017637795275590517,1.0595414992334111,10,1.0,True,0.024752601501568605,0.002239138958176512,0.8153980752405949,-0.056842169637790874
lstm_const,L,43,mondrian_cqr,-0.018578850606660258,-0.01591009777170408,0.8661417322834646,0.06614173228346451,1.0595414992334111,10,0.5,False,0.015957644183608732,-0.0746483625964991,0.8643919510061242,-0.05606951198983884
lstm_const,L,43,native,-0.0013470111679191321,-0.005831410712723284,0.889763779527559,0.09070866141732278,1.0595414992334111,10,0.4,False,0.00954572850925417,-0.006597401294460736,0.8792650918635171,-0.005250390126541604
lstm_const,L,43,pid_cqr,0.04653278885011447,0.07454244581315041,0.8118110236220473,0.012755905511810984,1.0595414992334111,10,1.0,True,0.02605305200382091,0.02197174777116706,0.8110236220472441,-0.02456104107894741
lstm_const,L,43,pid_local_cqr,0.017441761237877607,0.038139487126737,0.8188976377952756,0.018897637795275535,1.0595414992334111,10,0.9,True,0.02894416351259127,0.008138243775314136,0.8180227471566055,-0.009303517462563471
lstm_const,L,43,pid_tan_cqr,-0.08327394635499252,-0.05378841484280715,0.8228346456692913,0.022834645669291276,1.0595414992334111,10,0.7,True,0.010341396608844367,-0.11453027703350838,0.8223972003499562,-0.03125633067851585
lstm_const,L,43,saocp_cqr,-0.06387438533729772,-0.06381197195079677,0.9149606299212598,0.1149606299212598,1.0595414992334111,10,0.3,False,0.0014026770271242661,-0.06863535599227544,0.9072615923009624,-0.004760970654977714
lstm_const,L,43,sfogd_cqr,-0.006229303973818323,0.03166229561904321,0.8047244094488188,0.00566929133858265,1.0595414992334111,10,0.8,True,0.028706235947636327,-0.018536229971942264,0.804899387576553,-0.012306925998123941
lstm_const,L,43,spci_cqr,0.042674555458127705,0.03897282983834186,0.7645669291338583,0.035433070866141794,1.0595414992334111,10,0.9,True,0.06181841731728943,0.020555591035906873,0.7716535433070866,-0.022118964422220833
lstm_const,L,44,aci_cqr,0.08979962986408613,0.09396774508435615,0.8086614173228346,0.022519685039370074,1.0237310741933918,10,1.0,True,0.029313843393922123,0.0562655770796312,0.8127734033245844,-0.033534052784454926
lstm_const,L,44,agaci_cqr,0.08187185574878919,0.09676029738271832,0.8015748031496063,0.0116535433070866,1.0237310741933918,10,1.0,True,0.02865351229964369,0.06520638348886021,0.8022747156605424,-0.016665472259928982
lstm_const,L,44,cqr_rolling,0.08371879559396489,0.08319805649047994,0.8220472440944881,0.02803149606299209,1.0237310741933918,10,0.9,True,0.04118729506073421,0.06514787208871275,0.825896762904637,-0.018570923505252135
lstm_const,L,44,cqr_static,-0.030494851575719406,-0.1381216626448301,0.8779527559055118,0.11133858267716534,1.0237310741933918,10,0.4,False,0.0482320896598597,-0.041531368724806006,0.8801399825021873,-0.0110365171490866
lstm_const,L,44,decay_ocp_cqr,-0.011847868601601252,-0.004810924832427688,0.8913385826771654,0.0913385826771653,1.0237310741933918,10,0.5,False,0.006572542540766557,-0.021354704887077913,0.8845144356955381,-0.00950683628547666
lstm_const,L,44,dtaci_cqr,0.08383391009753599,0.0966851939556286,0.8102362204724409,0.015275590551181073,1.0237310741933918,10,1.0,True,0.024752601501568605,0.05918742311324232,0.8136482939632547,-0.02464648698429367
lstm_const,L,44,mondrian_cqr,-0.02627874639848593,0.019102983915322447,0.8456692913385826,0.050708661417322796,1.0237310741933918,10,0.8,True,0.015957644183608732,-0.03154552121030996,0.8530183727034121,-0.0052667748118240265
lstm_const,L,44,native,-0.001452684672482385,0.009473579655724285,0.8944881889763779,0.1001574803149606,1.0237310741933918,10,0.5,False,0.00954572850925417,-0.011428092245195476,0.8836395450568679,-0.00997540757271309
lstm_const,L,44,pid_cqr,0.07258584085393538,0.09100509185072307,0.8078740157480315,0.012283464566929104,1.0237310741933918,10,1.0,True,0.02605305200382091,0.06171265766063072,0.810148731408574,-0.010873183193304659
lstm_const,L,44,pid_local_cqr,0.04638592475046888,0.062419194118898624,0.8102362204724409,0.013070866141732251,1.0237310741933918,10,0.9,True,0.02894416351259127,0.04353575930507658,0.8118985126859143,-0.002850165445392294
lstm_const,L,44,pid_tan_cqr,-0.09297873574446336,-0.03340079964527559,0.8149606299212598,0.018425196850393656,1.0237310741933918,10,0.8,True,0.010341396608844367,-0.09462183618388198,0.8171478565179353,-0.001643100439418621
lstm_const,L,44,saocp_cqr,-0.06409271900837366,-0.05375027000853379,0.9204724409448819,0.12047244094488181,1.0237310741933918,10,0.2,False,0.0014026770271242661,-0.07236524845805525,0.9125109361329833,-0.008272529449681598
lstm_const,L,44,sfogd_cqr,-0.0035592686161129983,0.034746673061668044,0.8086614173228346,0.008661417322834607,1.0237310741933918,10,1.0,True,0.028706235947636327,-0.019749551537711962,0.8092738407699038,-0.016190282921598964
lstm_const,L,44,spci_cqr,0.0659519416611381,0.05273146961667374,0.7708661417322834,0.039842519685039414,1.0237310741933918,10,0.9,True,0.06181841731728943,0.06484395891147865,0.7751531058617673,-0.001107982749659453
rw,L,42,aci_cqr,0.08520442383055238,0.11707798867975305,0.8118110236220473,0.02724409448818895,1.0,10,1.0,True,0.0,0.022009966777409185,0.8188976377952756,-0.0631944570531432
rw,L,42,agaci_cqr,0.08174892553862223,0.11883075110634264,0.8023622047244094,0.01811023622047244,1.0,10,1.0,True,0.0,0.017430817279114108,0.8057742782152231,-0.06431810825950812
rw,L,42,cqr_rolling,0.08457480322110761,0.11350467878625237,0.8299212598425196,0.03653543307086611,1.0,10,0.9,True,0.0,0.01962001219435805,0.8355205599300087,-0.06495479102674956
rw,L,42,cqr_static,-0.03567843405889792,-0.16762853884894952,0.9149606299212598,0.12377952755905508,1.0,10,0.3,False,0.0,-0.03851744186046546,0.9063867016622922,-0.002839007801567539
rw,L,42,decay_ocp_cqr,-0.009433752763308156,-0.009435685899639435,0.9102362204724409,0.11023622047244093,1.0,10,0.5,False,0.0,-0.013414641248006065,0.9028871391076115,-0.003980888484697909
rw,L,42,dtaci_cqr,0.0814902737166257,0.12139098646706577,0.8181102362204724,0.02157480314960627,1.0,10,1.0,True,0.0,0.014755051570674693,0.8215223097112861,-0.06673522214595101
rw,L,42,mondrian_cqr,0.016174879816110987,0.03182293624327347,0.8606299212598426,0.06062992125984247,1.0,10,0.7,True,0.0,-0.014456946740099452,0.8643919510061243,-0.03063182655621044
rw,L,42,native,0.0,0.0,0.9086614173228347,0.10866141732283459,1.0,10,0.4,False,0.0,0.0,0.8993875765529309,0.0
rw,L,42,pid_cqr,0.07985030543213423,0.1130979092874433,0.8125984251968503,0.013543307086614132,1.0,10,0.9,True,0.0,0.023034355539486406,0.8145231846019247,-0.05681594989264782
rw,L,42,pid_local_cqr,0.030848961779947393,0.07535356387869083,0.8165354330708661,0.01653543307086609,1.0,10,1.0,True,0.0,0.007718023255812945,0.8171478565179353,-0.023130938524134448
rw,L,42,pid_tan_cqr,-0.1006729771856627,-0.02479682738303949,0.8133858267716535,0.017795275590551142,1.0,10,0.6,False,0.0,-0.10876507726631779,0.8162729658792651,-0.008092100080655085
rw,L,42,saocp_cqr,-0.0393337539435652,-0.0535661908588428,0.931496062992126,0.13149606299212593,1.0,10,0.0,False,0.0,-0.04102583016997152,0.9247594050743656,-0.001692076226406325
rw,L,42,sfogd_cqr,0.01962050540507626,0.05068199495875024,0.8,0.004409448818897621,1.0,10,0.8,True,0.0,-0.0053386864471018924,0.8013998250218723,-0.024959191852178153
rw,L,42,spci_cqr,0.07523509933089029,0.09135152460506295,0.7669291338582677,0.038425196850393736,1.0,10,0.9,True,0.0,0.05714285714285683,0.7707786526684165,-0.01809224218803346
tirex,ZS,42,aci_cqr,0.10583100998158296,0.12659806016253347,0.815748031496063,0.016692913385826725,1.020220385317009,10,1.0,True,0.0,0.06727005795040397,0.8171478565179353,-0.038560952031178986
tirex,ZS,42,agaci_cqr,0.10921931775624022,0.13303134443997047,0.8118110236220473,0.014645669291338547,1.020220385317009,10,1.0,True,0.0,0.06763926215601757,0.8118985126859143,-0.041580055600222654
tirex,ZS,42,cqr_rolling,0.10951703358573434,0.1331256409061417,0.8094488188976378,0.014803149606299183,1.020220385317009,10,1.0,True,0.0,0.0686094927109554,0.8092738407699038,-0.040907540874778936
tirex,ZS,42,cqr_static,0.045102736185122894,0.12172327560204672,0.7354330708661417,0.09574803149606302,1.020220385317009,10,0.6,False,0.0,0.02276889865890097,0.7165354330708662,-0.022333837526221922
tirex,ZS,42,decay_ocp_cqr,0.12184838699756845,0.15035468051770293,0.7818897637795276,0.021889763779527595,1.020220385317009,10,1.0,True,0.0,0.08772640044280999,0.7830271216097988,-0.034121986554758454
tirex,ZS,42,dtaci_cqr,0.09907935088301828,0.1253617104216443,0.8149606299212598,0.016850393700787357,1.020220385317009,10,1.0,True,0.0,0.048969206900931095,0.8162729658792651,-0.050110143982087185
tirex,ZS,42,mondrian_cqr,0.048705387127426725,0.06705805319184636,0.8661417322834646,0.06614173228346451,1.020220385317009,10,0.6,False,0.0,-0.017583411750059064,0.863517060367454,-0.06628879887748579
tirex,ZS,42,native,0.132658760714764,0.1534985821889355,0.8133858267716535,0.021574803149606293,1.020220385317009,10,1.0,True,0.0,0.09367246157257625,0.8145231846019247,-0.038986299142187764
tirex,ZS,42,pid_cqr,0.07817960057684353,0.10857168029809716,0.7992125984251969,0.006141732283464552,1.020220385317009,10,0.9,True,0.0,0.06425935267071547,0.799650043744532,-0.013920247906128058
tirex,ZS,42,pid_local_cqr,0.029860918423399385,0.0638535399926938,0.7992125984251969,0.006141732283464552,1.020220385317009,10,0.9,True,0.0,0.012384076270520072,0.7987751531058618,-0.017476842152879313
tirex,ZS,42,pid_tan_cqr,-0.027207379970975498,-0.0066720985912878785,0.8047244094488188,0.009763779527559024,1.020220385317009,10,0.9,True,0.0,-0.08294339596659261,0.8040244969378828,-0.055736015995617116
tirex,ZS,42,saocp_cqr,-0.009156298820366338,0.010647600858030293,0.8724409448818898,0.07244094488188972,1.020220385317009,10,0.3,False,0.0,-0.03297984588274527,0.8722659667541558,-0.023823547062378936
tirex,ZS,42,sfogd_cqr,-0.006363381088053899,0.04200897041730014,0.8015748031496063,0.007244094488188968,1.020220385317009,10,0.9,True,0.0,-0.023666727132193977,0.8022747156605425,-0.017303346044140078
tirex,ZS,42,spci_cqr,0.09696730495667805,0.08565519446578704,0.7496062992125985,0.05039370078740163,1.020220385317009,10,0.9,True,0.0,0.07249169550415302,0.7506561679790026,-0.024475609452525027
tirex2,ZS,42,aci_cqr,0.12084150259166371,0.1445337247564824,0.7992125984251969,0.01811023622047244,0.9964555831295029,10,1.0,True,0.0,0.06872468243856511,0.8040244969378828,-0.0521168201530986
tirex2,ZS,42,agaci_cqr,0.12608045112271066,0.14741634358983785,0.7968503937007874,0.017322834645669295,0.9964555831295029,10,1.0,True,0.0,0.07881021222299944,0.8013998250218723,-0.047270238899711214
tirex2,ZS,42,cqr_rolling,0.13160299955558374,0.14758225990606344,0.794488188976378,0.014330708661417325,0.9964555831295029,10,1.0,True,0.0,0.08907572065254199,0.7987751531058618,-0.042527278903041754
tirex2,ZS,42,cqr_static,0.1461124355856327,0.161738669457783,0.7496062992125985,0.06803149606299215,0.9964555831295029,10,0.8,True,0.0,0.10271189221830967,0.7664041994750657,-0.04340054336732302
tirex2,ZS,42,decay_ocp_cqr,0.14423282852769054,0.16860639210655032,0.7866141732283465,0.02787401574803151,0.9964555831295029,10,1.0,True,0.0,0.09958426704432799,0.7909011373578303,-0.04464856148336255
tirex2,ZS,42,dtaci_cqr,0.11950487977413982,0.14304530079835384,0.805511811023622,0.014015748031496045,0.9964555831295029,10,1.0,True,0.0,0.0671985473036385,0.8075240594925635,-0.052306332470501316
tirex2,ZS,42,mondrian_cqr,0.035406267906602784,0.07456630414829793,0.8559055118110237,0.05842519685039367,0.9964555831295029,10,0.9,True,0.0,-0.01279740026641929,0.8538932633420823,-0.048203668173022074
tirex2,ZS,42,native,0.14197463932956178,0.1616071705742787,0.8551181102362205,0.05511811023622043,0.9964555831295029,10,0.7,True,0.0,0.09834197434676539,0.8512685914260717,-0.04363266498279639
tirex2,ZS,42,pid_cqr,0.11599644470832182,0.1335207949617488,0.8,0.008503937007874007,0.9964555831295029,10,1.0,True,0.0,0.06564225858813943,0.800524934383202,-0.05035418612018239
tirex2,ZS,42,pid_local_cqr,0.04601311258758273,0.08047046536502381,0.8015748031496063,0.004409448818897621,0.9964555831295029,10,1.0,True,0.0,0.044204336457461135,0.8013998250218723,-0.001808776130121592
tirex2,ZS,42,pid_tan_cqr,-0.04420724663471948,0.015139932505183095,0.8102362204724409,0.013070866141732251,0.9964555831295029,10,0.6,False,0.0,-0.09393032123513056,0.8110236220472441,-0.04972307460041109
tirex2,ZS,42,saocp_cqr,0.01200689458190124,0.030523499661984664,0.8937007874015748,0.09370078740157475,0.9964555831295029,10,0.3,False,0.0,-0.0036255451228217606,0.8915135608048994,-0.015632439704723
tirex2,ZS,42,sfogd_cqr,0.01722363455876763,0.05675696106888993,0.8007874015748031,0.007086614173228334,0.9964555831295029,10,0.8,True,0.0,0.015532105526790074,0.8013998250218723,-0.0016915290319775567
tirex2,ZS,42,spci_cqr,0.07957313758907725,0.10206005806851164,0.7622047244094488,0.040000000000000036,0.9964555831295029,10,1.0,True,0.0,0.043925308333895186,0.7637795275590551,-0.03564782925518206
tirex2_cov,ZS,42,aci_cqr,0.11318974804262721,0.14110120982209984,0.8031496062992126,0.0179527559055118,1.0008348361219246,10,1.0,True,0.0,0.06398854770734186,0.8092738407699038,-0.049201200335285356
tirex2_cov,ZS,42,agaci_cqr,0.11931458216658836,0.14501963254703795,0.8007874015748031,0.014960629921259827,1.0008348361219246,10,1.0,True,0.0,0.07467636982867942,0.8057742782152232,-0.044638212337908934
tirex2_cov,ZS,42,cqr_rolling,0.12177902144987118,0.1441168565337756,0.8,0.015748031496062975,1.0008348361219246,10,1.0,True,0.0,0.07920646739124626,0.8057742782152232,-0.04257255405862492
tirex2_cov,ZS,42,cqr_static,0.14024336785349745,0.16466125253499436,0.7866141732283465,0.054330708661417315,1.0008348361219246,10,0.7,True,0.0,0.09818927119291121,0.7970253718285214,-0.04205409666058624
tirex2_cov,ZS,42,decay_ocp_cqr,0.13845182155745134,0.16847678205385005,0.794488188976378,0.024409448818897617,1.0008348361219246,10,1.0,True,0.0,0.09321929491976022,0.7987751531058618,-0.04523252663769112
tirex2_cov,ZS,42,dtaci_cqr,0.11663559956226999,0.14102036248096392,0.8094488188976378,0.017007874015748013,1.0008348361219246,10,1.0,True,0.0,0.0677243050378834,0.8118985126859143,-0.048911294524386584
tirex2_cov,ZS,42,mondrian_cqr,0.03632132776402863,0.06978803934489766,0.8598425196850394,0.05984251968503933,1.0008348361219246,10,0.8,True,0.0,-0.014082829550359222,0.8617672790901137,-0.050404157314387854
tirex2_cov,ZS,42,native,0.1408615028757616,0.1675263306179795,0.8385826771653543,0.04110236220472435,1.0008348361219246,10,0.8,True,0.0,0.09672146022198103,0.8363954505686789,-0.044140042653780576
tirex2_cov,ZS,42,pid_cqr,0.1035234807143322,0.13251909828811925,0.7984251968503937,0.0062992125984251855,1.0008348361219246,10,1.0,True,0.0,0.05832425261982377,0.7987751531058618,-0.04519922809450844
tirex2_cov,ZS,42,pid_local_cqr,0.051620877594862946,0.07531264154007919,0.8031496062992126,0.008503937007873996,1.0008348361219246,10,1.0,True,0.0,0.04840501589327384,0.8040244969378828,-0.0032158617015891067
tirex2_cov,ZS,42,pid_tan_cqr,-0.046887386476031634,0.006081375795247268,0.8094488188976378,0.010393700787401539,1.0008348361219246,10,0.6,False,0.0,-0.08603580756645446,0.810148731408574,-0.039148421090422825
tirex2_cov,ZS,42,saocp_cqr,0.015504722601912602,0.032915850100063204,0.8795275590551181,0.07952755905511807,1.0008348361219246,10,0.3,False,0.0,0.0025851426850619363,0.8792650918635171,-0.012919579916850665
tirex2_cov,ZS,42,sfogd_cqr,0.012805904060056383,0.0495681772655176,0.8023622047244094,0.007716535433070848,1.0008348361219246,10,0.9,True,0.0,0.008247406113850886,0.8022747156605425,-0.0045584979462054975
tirex2_cov,ZS,42,spci_cqr,0.08645241373814405,0.09774945706762865,0.758267716535433,0.04173228346456699,1.0008348361219246,10,0.9,True,0.0,0.05010370166734057,0.7602799650043744,-0.03634871207080348
xlstm,G,42,aci_cqr,-0.02486770438249175,0.003463080366798821,0.8,0.025196850393700766,1.1822122890628375,10,0.8,True,0.04525002331034511,-0.02825446021289557,0.7970253718285214,-0.0033867558304038203
xlstm,G,42,agaci_cqr,-0.021270328172591224,0.014366249824493393,0.8078740157480315,0.01889763779527558,1.1822122890628375,10,1.0,True,0.04698804073611379,-0.024294321399631835,0.8048993875765529,-0.003023993227040611
xlstm,G,42,cqr_rolling,-0.02141431569760377,0.002979110849076183,0.7976377952755905,0.02535433070866141,1.1822122890628375,10,0.9,True,0.04087685490267989,-0.024166800459697102,0.7944006999125109,-0.0027524847620933324
xlstm,G,42,cqr_static,-0.030504780460792524,-0.13275981320817717,0.752755905511811,0.13070866141732285,1.1822122890628375,10,0.5,False,0.061483158203217925,-0.03499904485236893,0.7690288713910761,-0.004494264391576408
xlstm,G,42,decay_ocp_cqr,-0.022293160063932782,0.0006796646861785161,0.8480314960629922,0.04992125984251966,1.1822122890628375,10,0.8,True,0.052842257699864614,-0.026359599113258803,0.8468941382327209,-0.0040664390493260205
xlstm,G,42,dtaci_cqr,-0.013995805656563332,0.01879047255740971,0.8118110236220473,0.02188976377952754,1.1822122890628375,10,1.0,True,0.04226909466791462,-0.016003835899736307,0.810148731408574,-0.0020080302431729757
xlstm,G,42,mondrian_cqr,-0.0717839306648782,-0.03600576509745751,0.85748031496063,0.05748031496062987,1.1822122890628375,10,0.8,True,0.03721150383601457,-0.07498766365620702,0.8521434820647419,-0.0032037329913288115
xlstm,G,42,native,-0.02440966195093741,-0.015430266354547795,0.8685039370078741,0.06850393700787397,1.1822122890628375,10,0.5,False,0.11475998172883572,-0.024423158008309187,0.8687664041994752,-1.3496057371775727e-05
xlstm,G,42,pid_cqr,-0.015073015322572658,0.033648750882116205,0.8078740157480315,0.013228346456692885,1.1822122890628375,10,1.0,True,0.04412046388006208,-0.01758216277295932,0.8057742782152232,-0.0025091474503866618
xlstm,G,42,pid_local_cqr,-0.008808466795104442,0.014667581497230553,0.8078740157480315,0.009763779527559024,1.1822122890628375,10,0.7,True,0.054392726696625815,-0.017865424819161202,0.8066491688538933,-0.00905695802405676
xlstm,G,42,pid_tan_cqr,-0.15933341399624235,-0.10484954591987831,0.8220472440944881,0.02299212598425192,1.1822122890628375,10,0.4,False,0.03456794466308,-0.18137594944721513,0.8180227471566055,-0.02204253545097279
xlstm,G,42,saocp_cqr,-0.08409427706090178,-0.06857035156799696,0.915748031496063,0.11574803149606297,1.1822122890628375,10,0.2,False,0.11362550218782208,-0.08954277680578415,0.9125109361329833,-0.0054484997448823735
xlstm,G,42,sfogd_cqr,-0.025107005216248868,-0.005274537506725729,0.8062992125984252,0.011023622047244075,1.1822122890628375,10,0.9,True,0.055731917032886935,-0.02685477811252479,0.8040244969378828,-0.0017477728962759231
xlstm,G,42,spci_cqr,-0.04328430377541881,-0.02555467657651973,0.7622047244094488,0.03905511811023625,1.1822122890628375,10,0.9,True,0.03536627357008182,-0.05398673041488489,0.757655293088364,-0.010702426639466078
xlstm,G,43,aci_cqr,-0.030640718802534384,-0.020002365538019783,0.7968503937007874,0.03779527559055118,1.1851038792992916,10,0.7,True,0.04525002331034511,-0.0325696547910197,0.7970253718285214,-0.0019289359884853141
xlstm,G,43,agaci_cqr,-0.0160539871858007,-0.003676180409000551,0.8133858267716535,0.023464566929133845,1.1851038792992916,10,0.9,True,0.04698804073611379,-0.032482498598982446,0.8118985126859143,-0.016428511413181746
xlstm,G,43,cqr_rolling,-0.027103880171938988,-0.02247246165869301,0.7992125984251969,0.040157480314960636,1.1851038792992916,10,0.8,True,0.04087685490267989,-0.03301987916531379,0.7996500437445319,-0.005915998993374805
xlstm,G,43,cqr_static,-0.06264181344346209,-0.05899659906840414,0.8748031496062992,0.08929133858267714,1.1851038792992916,10,0.3,False,0.061483158203217925,-0.0764709722151613,0.867891513560805,-0.013829158771699213
xlstm,G,43,decay_ocp_cqr,-0.0751354177637974,-0.07858133051933505,0.8795275590551181,0.07952755905511803,1.1851038792992916,10,0.3,False,0.052842257699864614,-0.09070156444541033,0.8845144356955381,-0.015566146681612936
xlstm,G,43,dtaci_cqr,-0.01850222538758639,-0.00782421114467392,0.8047244094488188,0.030551181102362192,1.1851038792992916,10,0.9,True,0.04226909466791462,-0.020589222654144423,0.8066491688538933,-0.0020869972665580327
xlstm,G,43,mondrian_cqr,-0.06688272525194805,-0.043338938617353315,0.8543307086614174,0.05433070866141728,1.1851038792992916,10,0.9,True,0.03721150383601457,-0.06848015975390531,0.8530183727034121,-0.0015974345019572622
xlstm,G,43,native,-0.13916964367977314,-0.18698039885760825,0.9322834645669291,0.13228346456692908,1.1851038792992916,10,0.1,False,0.11475998172883572,-0.14890966418294105,0.9273840769903762,-0.009740020503167912
xlstm,G,43,pid_cqr,-0.007036805334001972,0.015952722484693406,0.8118110236220473,0.014645669291338547,1.1851038792992916,10,1.0,True,0.04412046388006208,-0.009040688455539403,0.8110236220472441,-0.002003883121537431
xlstm,G,43,pid_local_cqr,-0.019204948303593428,-0.015106340995738987,0.815748031496063,0.016692913385826725,1.1851038792992916,10,1.0,True,0.054392726696625815,-0.020517612590210677,0.8153980752405949,-0.0013126642866172489
xlstm,G,43,pid_tan_cqr,-0.17589392310389873,-0.1368589700272079,0.831496062992126,0.03244094488188971,1.1851038792992916,10,0.8,True,0.03456794466308,-0.17624050402885993,0.8311461067366579,-0.00034658092496120396
xlstm,G,43,saocp_cqr,-0.19771977924872386,-0.2344339354246424,0.9433070866141732,0.14330708661417316,1.1851038792992916,10,0.0,False,0.11362550218782208,-0.1913610108393471,0.9396325459317585,0.006358768409376769
xlstm,G,43,sfogd_cqr,-0.04014359135306167,-0.03892074650719986,0.8062992125984252,0.010708661417322806,1.1851038792992916,10,0.9,True,0.055731917032886935,-0.04768215000464848,0.804899387576553,-0.007538558651586813
xlstm,G,43,spci_cqr,-0.04885224688914591,-0.019942372783341978,0.7614173228346457,0.04456692913385829,1.1851038792992916,10,0.8,True,0.03536627357008182,-0.07886079594903395,0.7559055118110236,-0.030008549059888034
xlstm,G,44,aci_cqr,-0.07011772769283686,-0.06762655513978753,0.8165354330708661,0.022204724409448796,1.0964259229338262,10,0.6,False,0.04525002331034511,-0.08596304374746566,0.8215223097112861,-0.0158453160546288
xlstm,G,44,agaci_cqr,-0.06304202792191449,-0.05222501704263247,0.8078740157480315,0.022677165354330696,1.0964259229338262,10,0.9,True,0.04698804073611379,-0.08309783471644305,0.8127734033245845,-0.020055806794528563
xlstm,G,44,cqr_rolling,-0.06229117060028366,-0.06436606427512673,0.8133858267716535,0.018425196850393677,1.0964259229338262,10,0.6,False,0.04087685490267989,-0.08322117011420449,0.8171478565179353,-0.020929999513920827
xlstm,G,44,cqr_static,-0.09198793866401045,-0.1888087951227621,0.7732283464566929,0.13700787401574804,1.0964259229338262,10,0.3,False,0.061483158203217925,-0.07195818518476504,0.7961504811898512,0.020029753479245405
xlstm,G,44,decay_ocp_cqr,-0.057701026992217574,-0.07963107543681805,0.8653543307086615,0.07417322834645665,1.0964259229338262,10,0.4,False,0.052842257699864614,-0.06697248671137457,0.8775153105861767,-0.009271459719156994
xlstm,G,44,dtaci_cqr,-0.05626490032447795,-0.045731971112692095,0.8188976377952756,0.026141732283464524,1.0964259229338262,10,1.0,True,0.04226909466791462,-0.06136570706527089,0.8250218722659668,-0.00510080674079294
xlstm,G,44,mondrian_cqr,-0.10409422908796262,-0.07785547942275092,0.8779527559055118,0.07795275590551176,1.0964259229338262,10,0.3,False,0.03721150383601457,-0.11298744766865876,0.8757655293088364,-0.008893218580696138
xlstm,G,44,native,-0.12988513442798544,-0.13023437189942483,0.9086614173228347,0.10866141732283459,1.0964259229338262,10,0.2,False,0.11475998172883572,-0.11664930444420896,0.8993875765529309,0.013235829983776481
xlstm,G,44,pid_cqr,-0.05115726921406405,-0.025060153048793787,0.8102362204724409,0.010236220472440905,1.0964259229338262,10,1.0,True,0.04412046388006208,-0.051336186871269174,0.8110236220472441,-0.00017891765720512431
xlstm,G,44,pid_local_cqr,-0.06320119349173026,-0.039910580061802994,0.8125984251968503,0.013543307086614132,1.0964259229338262,10,1.0,True,0.054392726696625815,-0.06452275733284707,0.8118985126859143,-0.001321563841116813
xlstm,G,44,pid_tan_cqr,-0.19390135865932234,-0.18240572196348487,0.8244094488188976,0.02629921259842515,1.0964259229338262,10,0.5,False,0.03456794466308,-0.2212357589084466,0.8276465441819773,-0.027334400249124258
xlstm,G,44,saocp_cqr,-0.18390550220072477,-0.18479645742425832,0.9385826771653543,0.13858267716535427,1.0964259229338262,10,0.0,False,0.11362550218782208,-0.17177954069547807,0.9326334208223971,0.012125961505246696
xlstm,G,44,sfogd_cqr,-0.0808389222491358,-0.058119287650241616,0.8070866141732284,0.008976377952755877,1.0964259229338262,10,1.0,True,0.055731917032886935,-0.08293079677033743,0.8057742782152232,-0.002091874521201631
xlstm,G,44,spci_cqr,-0.07865057734550063,-0.06978147609236518,0.7622047244094488,0.041574803149606335,1.0964259229338262,10,0.9,True,0.03536627357008182,-0.08684896304721246,0.7655293088363955,-0.00819838570171183
xlstm,GF,42,aci_cqr,-0.015545477669675956,0.014448969594612194,0.8094488188976378,0.019527559055118094,1.1479893620025647,10,0.7,True,0.04595788189379174,-0.01881573131688352,0.8040244969378827,-0.003270253647207566
xlstm,GF,42,agaci_cqr,-0.015377892926356385,0.0242986080220167,0.8188976377952756,0.021417322834645626,1.1479893620025647,10,1.0,True,0.03861227671504852,-0.015885162862116387,0.8145231846019247,-0.0005072699357600019
xlstm,GF,42,cqr_rolling,-0.013923908274360963,0.014265691472803455,0.8086614173228346,0.01811023622047242,1.1479893620025647,10,0.8,True,0.04668713801359409,-0.015978699280747355,0.8013998250218723,-0.0020547910063863917
xlstm,GF,42,cqr_static,-0.03573989324796556,-0.12412913859091532,0.7543307086614173,0.12157480314960631,1.1479893620025647,10,0.5,False,0.061656306335805766,-0.04179416504596034,0.757655293088364,-0.006054271797994781
xlstm,GF,42,decay_ocp_cqr,-0.016284329245759177,0.0086852936253764,0.8338582677165354,0.04362204724409445,1.1479893620025647,10,0.8,True,0.021293546865844393,-0.021814542713356477,0.8337707786526685,-0.0055302134675973
xlstm,GF,42,dtaci_cqr,-0.007965371485497919,0.02715363590488269,0.8220472440944881,0.02551181102362201,1.1479893620025647,10,0.8,True,0.031478709464229315,-0.008751878670292701,0.8171478565179353,-0.0007865071847947824
xlstm,GF,42,mondrian_cqr,-0.07006112411685272,-0.030386093465511178,0.858267716535433,0.058267716535433015,1.1479893620025647,10,0.8,True,0.022011732747227564,-0.07282408208927649,0.8565179352580927,-0.002762957972423763
xlstm,GF,42,native,-0.019037870030664594,-0.007575187928894711,0.8685039370078741,0.06850393700787397,1.1479893620025647,10,0.6,False,0.0807678730633169,-0.01965354137354436,0.867891513560805,-0.0006156713428797644
xlstm,GF,42,pid_cqr,-0.005436344585479924,0.044161518543081854,0.8094488188976378,0.012913385826771628,1.1479893620025647,10,0.9,True,0.0072312119803273345,-0.006361180725936499,0.8075240594925635,-0.0009248361404565753
xlstm,GF,42,pid_local_cqr,-0.0034448212669641043,0.03337086502391975,0.8110236220472441,0.012913385826771628,1.1479893620025647,10,0.9,True,0.03601294618759765,-0.004887217477270944,0.810148731408574,-0.00144239621030684
xlstm,GF,42,pid_tan_cqr,-0.11884962514512476,-0.09680431570090767,0.8220472440944881,0.023937007874015703,1.1479893620025647,10,0.5,False,0.03961083158028744,-0.15813049180799932,0.8197725284339458,-0.03928086666287456
xlstm,GF,42,saocp_cqr,-0.08709487454884968,-0.07607320845109873,0.9165354330708662,0.11653543307086607,1.1479893620025647,10,0.1,False,0.07457552091359587,-0.08856622871750508,0.9151356080489939,-0.0014713541686554032
xlstm,GF,42,sfogd_cqr,-0.025712903936275677,0.010392874835922161,0.8047244094488188,0.006614173228346431,1.1479893620025647,10,1.0,True,0.014341987532967226,-0.03419666801856236,0.8040244969378828,-0.008483764082286682
xlstm,GF,42,spci_cqr,-0.046253503566739296,-0.003539141006331248,0.7598425196850394,0.0439370078740158,1.1479893620025647,10,0.8,True,0.04546369793039323,-0.05920449420957663,0.753280839895013,-0.012950990642837334
xlstm,GF,43,aci_cqr,0.006407434708833926,0.0026369247866829927,0.794488188976378,0.02503937007874014,1.1278203698619054,10,0.8,True,0.04595788189379174,-0.011465024154330594,0.7926509186351706,-0.01787245886316452
xlstm,GF,43,agaci_cqr,0.005231058948780176,0.014899964571942925,0.8007874015748031,0.023464566929133856,1.1278203698619054,10,1.0,True,0.03861227671504852,-0.015563287998498598,0.7996500437445319,-0.020794346947278775
xlstm,GF,43,cqr_rolling,0.009839172878983338,0.0007819584151099624,0.7937007874015748,0.029921259842519664,1.1278203698619054,10,0.8,True,0.04668713801359409,-0.008920795192163045,0.7944006999125109,-0.018759968071146382
xlstm,GF,43,cqr_static,-0.01602849275104401,-0.038185986678322105,0.8669291338582678,0.07354330708661413,1.1278203698619054,10,0.6,False,0.061656306335805766,-0.015959448937746368,0.8573928258967629,6.904381329764231e-05
xlstm,GF,43,decay_ocp_cqr,-0.03757787611160357,-0.034195062436976106,0.8755905511811024,0.0755905511811023,1.1278203698619054,10,0.4,False,0.021293546865844393,-0.052258633172401536,0.8801399825021873,-0.014680757060797966
xlstm,GF,43,dtaci_cqr,0.0028399907707017946,0.012621656237025458,0.8070866141732284,0.02188976377952755,1.1278203698619054,10,0.9,True,0.031478709464229315,-0.003126825695110469,0.8066491688538933,-0.0059668164658122635
xlstm,GF,43,mondrian_cqr,-0.0731580902645429,-0.02284936047970143,0.8551181102362204,0.055118110236220416,1.1278203698619054,10,0.7,True,0.022011732747227564,-0.08492386569722621,0.8521434820647419,-0.011765775432683312
xlstm,GF,43,native,-0.09980574309398149,-0.1310336344890699,0.9307086614173228,0.1307086614173228,1.1278203698619054,10,0.2,False,0.0807678730633169,-0.11087897393866375,0.9256342957130358,-0.011073230844682258
xlstm,GF,43,pid_cqr,0.00016979423600754773,0.0237402137009741,0.8078740157480315,0.012283464566929104,1.1278203698619054,10,1.0,True,0.0072312119803273345,0.00011685297501240477,0.8075240594925635,-5.294126099514296e-05
xlstm,GF,43,pid_local_cqr,-0.02563547064764593,0.0025047618689333696,0.8078740157480315,0.009763779527559024,1.1278203698619054,10,0.9,True,0.03601294618759765,-0.030149082736920407,0.8083989501312336,-0.004513612089274477
xlstm,GF,43,pid_tan_cqr,-0.12727497372478636,-0.10009191852324036,0.8330708661417322,0.03401574803149602,1.1278203698619054,10,0.6,False,0.03961083158028744,-0.13998946621623176,0.8337707786526685,-0.012714492491445406
xlstm,GF,43,saocp_cqr,-0.16167039546244555,-0.1774640068678334,0.9440944881889763,0.1440944881889763,1.1278203698619054,10,0.0,False,0.07457552091359587,-0.18024326272336855,0.9396325459317585,-0.018572867260923
xlstm,GF,43,sfogd_cqr,-0.040054891469242904,-0.028693503506253614,0.8031496062992126,0.008503937007873996,1.1278203698619054,10,0.8,True,0.014341987532967226,-0.05602894706175232,0.8022747156605425,-0.015974055592509417
xlstm,GF,43,spci_cqr,-0.0007898056363460637,0.01307238564995451,0.7590551181102362,0.04377952755905514,1.1278203698619054,10,0.9,True,0.04546369793039323,-0.027266917158609294,0.7532808398950132,-0.02647711152226323
xlstm,GF,44,aci_cqr,-0.039550447184957815,-0.037853134736582875,0.8228346456692913,0.022834645669291286,1.0837846971364307,10,0.9,True,0.04595788189379174,-0.043781147796762676,0.8250218722659668,-0.004230700611804861
xlstm,GF,44,agaci_cqr,-0.033381217766268345,-0.03092322412105325,0.8165354330708661,0.022204724409448783,1.0837846971364307,10,0.8,True,0.03861227671504852,-0.0353846224931651,0.8171478565179353,-0.0020034047268967514
xlstm,GF,44,cqr_rolling,-0.03684796513461075,-0.03978002017646811,0.8181102362204724,0.024724409448818863,1.0837846971364307,10,0.8,True,0.04668713801359409,-0.040010157232604815,0.8232720909886264,-0.0031621920979940654
xlstm,GF,44,cqr_static,-0.07768479908684978,-0.1388758100966788,0.7803149606299212,0.13275590551181102,1.0837846971364307,10,0.4,False,0.061656306335805766,-0.03888726543603127,0.8101487314085739,0.038797533650818505
xlstm,GF,44,decay_ocp_cqr,-0.025039278013789024,-0.03931405697564969,0.8566929133858269,0.06551181102362201,1.0837846971364307,10,0.4,False,0.021293546865844393,-0.02563110823181436,0.867891513560805,-0.0005918302180253354
xlstm,GF,44,dtaci_cqr,-0.02863871869352752,-0.021882893040302366,0.8299212598425196,0.030866141732283414,1.0837846971364307,10,0.7,True,0.031478709464229315,-0.045569771481166255,0.8337707786526685,-0.016931052787638734
xlstm,GF,44,mondrian_cqr,-0.05114635751731533,-0.020402534313396746,0.8653543307086615,0.06535433070866138,1.0837846971364307,10,0.4,False,0.022011732747227564,-0.0641332910047514,0.8670166229221348,-0.01298693348743607
xlstm,GF,44,native,-0.08667354204442312,-0.09212177238347323,0.9086614173228347,0.10866141732283459,1.0837846971364307,10,0.2,False,0.0807678730633169,-0.07892562595283104,0.9020122484689413,0.007747916091592089
xlstm,GF,44,pid_cqr,-0.007061417744319787,0.001623303492963002,0.8062992125984252,0.00913385826771651,1.0837846971364307,10,1.0,True,0.0072312119803273345,-0.010075342018627476,0.8075240594925635,-0.003013924274307689
xlstm,GF,44,pid_local_cqr,-0.039457767454561754,-0.016519023930838005,0.8078740157480315,0.008818897637795243,1.0837846971364307,10,1.0,True,0.03601294618759765,-0.04883697074606985,0.8083989501312336,-0.009379203291508098
xlstm,GF,44,pid_tan_cqr,-0.1584604567254122,-0.166886854661233,0.8251968503937007,0.026141732283464513,1.0837846971364307,10,0.6,False,0.03961083158028744,-0.18365885375100643,0.8267716535433071,-0.025198397025594232
xlstm,GF,44,saocp_cqr,-0.15272988705253676,-0.16354103379795057,0.9362204724409449,0.13622047244094482,1.0837846971364307,10,0.0,False,0.07457552091359587,-0.14642695607538636,0.9326334208223971,0.0063029309771504005
xlstm,GF,44,sfogd_cqr,-0.03833603335311753,-0.03317557814166695,0.8047244094488188,0.007559055118110214,1.0837846971364307,10,1.0,True,0.014341987532967226,-0.06417748469182594,0.8040244969378828,-0.02584145133870841
xlstm,GF,44,spci_cqr,-0.03943194707992298,-0.03656369022784639,0.7614173228346457,0.04078740157480319,1.0837846971364307,10,0.9,True,0.04546369793039323,-0.08098144684631525,0.7646544181977253,-0.04154949976639227
xlstm,GI,42,aci_cqr,-0.09553689375464047,-0.03437515819440938,0.8015748031496063,0.022047244094488196,1.1959722733349845,10,0.9,True,0.03271272402691694,-0.10120344215294197,0.7979002624671916,-0.005666548398301496
xlstm,GI,42,agaci_cqr,-0.07670638979972866,-0.027318637264853073,0.8047244094488188,0.020472440944881886,1.1959722733349845,10,1.0,True,0.03475954224073863,-0.08340762053453754,0.8013998250218722,-0.006701230734808883
xlstm,GI,42,cqr_rolling,-0.08805333605415833,-0.032623800834051996,0.8047244094488188,0.025196850393700787,1.1959722733349845,10,0.8,True,0.03712065710123569,-0.09325387101083793,0.800524934383202,-0.005200534956679603
xlstm,GI,42,cqr_static,-0.0829295187309127,-0.15082371411508194,0.7921259842519686,0.11496062992125984,1.1959722733349845,10,0.5,False,0.14171285633805997,-0.08545284953512278,0.7961504811898512,-0.0025233308042100777
xlstm,GI,42,decay_ocp_cqr,-0.047642819586476204,-0.04428752626558996,0.8370078740157479,0.06346456692913384,1.1959722733349845,10,0.6,False,0.09077487031521447,-0.06403986812687079,0.8346456692913385,-0.016397048540394588
xlstm,GI,42,dtaci_cqr,-0.0806027230489419,-0.020698262511483434,0.8078740157480315,0.019527559055118104,1.1959722733349845,10,0.9,True,0.048060393286147196,-0.08197591661378967,0.8048993875765529,-0.0013731935648477744
xlstm,GI,42,mondrian_cqr,-0.11487910044521221,-0.06736226546356293,0.8511811023622047,0.051181102362204654,1.1959722733349845,10,0.6,False,0.04940603278531386,-0.12039023606586197,0.8521434820647419,-0.005511135620649754
xlstm,GI,42,native,-0.04226095017150089,-0.037621763110749676,0.8464566929133858,0.05842519685039366,1.1959722733349845,10,0.7,True,0.12051510930220999,-0.05524732655882003,0.8460192475940507,-0.012986376387319143
xlstm,GI,42,pid_cqr,-0.06592721723080186,-0.008043102175855299,0.8070866141732284,0.01559055118110234,1.1959722733349845,10,1.0,True,0.05681256719808481,-0.0792289649341893,0.8040244969378827,-0.013301747703387434
xlstm,GI,42,pid_local_cqr,-0.06937867196598846,-0.011643460467766754,0.8062992125984252,0.015748031496062975,1.1959722733349845,10,1.0,True,0.059815501887016786,-0.07216141221658945,0.8022747156605424,-0.00278274025060099
xlstm,GI,42,pid_tan_cqr,-0.2126039483732438,-0.16550344476025056,0.8181102362204724,0.02251968503937004,1.1959722733349845,10,0.4,False,0.046449466193105415,-0.21328589087288274,0.8127734033245845,-0.0006819424996389323
xlstm,GI,42,saocp_cqr,-0.09577705857045404,-0.09551043433744712,0.9023622047244094,0.10236220472440938,1.1959722733349845,10,0.2,False,0.1332110452507853,-0.11534324835220189,0.8993875765529309,-0.019566189781747845
xlstm,GI,42,sfogd_cqr,-0.08984393942353386,-0.04429500450568089,0.8039370078740158,0.011811023622047223,1.1959722733349845,10,0.8,True,0.07827617445823498,-0.1163449731706061,0.8022747156605425,-0.026501033747072245
xlstm,GI,42,spci_cqr,-0.10687099163995728,-0.05305342647711242,0.7692913385826772,0.03889763779527561,1.1959722733349845,10,0.9,True,0.04044900711180266,-0.15056122619753132,0.7646544181977253,-0.04369023455757404
xlstm,GI,43,aci_cqr,-0.09339204695959757,-0.07899138308210314,0.7976377952755905,0.03448818897637794,1.2317047695966548,10,0.5,False,0.03271272402691694,-0.10070405310890518,0.7987751531058618,-0.007312006149307604
xlstm,GI,43,agaci_cqr,-0.082578689281671,-0.06913256823879396,0.7992125984251969,0.03543307086614171,1.2317047695966548,10,0.6,False,0.03475954224073863,-0.08402438960941239,0.7970253718285214,-0.0014457003277413838
xlstm,GI,43,cqr_rolling,-0.08663093385474951,-0.07984423451598285,0.8023622047244094,0.03448818897637794,1.2317047695966548,10,0.5,False,0.03712065710123569,-0.09207362021888588,0.8040244969378827,-0.005442686364136362
xlstm,GI,43,cqr_static,-0.15041729769550216,-0.1675752500764846,0.9078740157480315,0.10787401574803143,1.2317047695966548,10,0.0,False,0.14171285633805997,-0.16363004011704052,0.910761154855643,-0.01321274242153836
xlstm,GI,43,decay_ocp_cqr,-0.11491640455861296,-0.12337341526877552,0.8905511811023622,0.09055118110236215,1.2317047695966548,10,0.3,False,0.09077487031521447,-0.12435564273459043,0.8958880139982502,-0.009439238175977471
xlstm,GI,43,dtaci_cqr,-0.06393172603807029,-0.05970120932575255,0.8062992125984252,0.03275590551181101,1.2317047695966548,10,0.8,True,0.048060393286147196,-0.08329271601779475,0.8048993875765529,-0.019360989979724463
xlstm,GI,43,mondrian_cqr,-0.12318053473166535,-0.09971699815330659,0.8496062992125986,0.050551181102362175,1.2317047695966548,10,0.7,True,0.04940603278531386,-0.13437743315427397,0.8460192475940507,-0.011196898422608625
xlstm,GI,43,native,-0.16277605947371088,-0.19934261495329686,0.9244094488188976,0.1244094488188976,1.2317047695966548,10,0.2,False,0.12051510930220999,-0.15115051955300696,0.921259842519685,0.01162553992070392
xlstm,GI,43,pid_cqr,-0.04786680479788197,-0.04482812674115964,0.8181102362204724,0.020629921259842466,1.2317047695966548,10,1.0,True,0.05681256719808481,-0.05264932450767579,0.8171478565179353,-0.00478251970979382
xlstm,GI,43,pid_local_cqr,-0.0473132307677262,-0.05638599010061872,0.8196850393700787,0.019685039370078684,1.2317047695966548,10,0.9,True,0.059815501887016786,-0.048540106850935905,0.8188976377952756,-0.0012268760832097048
xlstm,GI,43,pid_tan_cqr,-0.20866056590489912,-0.17772128142036817,0.8251968503937007,0.03338582677165351,1.2317047695966548,10,0.4,False,0.046449466193105415,-0.22478733768843107,0.825896762904637,-0.016126771783531946
xlstm,GI,43,saocp_cqr,-0.21681905731518059,-0.2428157396784413,0.9433070866141732,0.14330708661417316,1.2317047695966548,10,0.0,False,0.1332110452507853,-0.21410981539317642,0.9396325459317585,0.0027092419220041686
xlstm,GI,43,sfogd_cqr,-0.06583288865950343,-0.06767316561564655,0.8094488188976378,0.0138582677165354,1.2317047695966548,10,0.9,True,0.07827617445823498,-0.06877302858240109,0.8083989501312336,-0.0029401399228976555
xlstm,GI,43,spci_cqr,-0.08767197269852389,-0.08688712817042563,0.7661417322834645,0.04456692913385829,1.2317047695966548,10,0.8,True,0.04044900711180266,-0.11136883908365824,0.762904636920385,-0.023696866385134352
xlstm,GI,44,aci_cqr,-0.12610477098651451,-0.13659560694472714,0.8173228346456692,0.022992125984251943,1.149625654770293,10,0.7,True,0.03271272402691694,-0.12448895991999454,0.8223972003499562,0.0016158110665199787
xlstm,GI,44,agaci_cqr,-0.11146593204046729,-0.11557786961573632,0.8181102362204724,0.027874015748031455,1.149625654770293,10,0.7,True,0.03475954224073863,-0.10291214343429522,0.8241469816272966,0.008553788606172064
xlstm,GI,44,cqr_rolling,-0.1237515909559852,-0.13744167937451718,0.8181102362204724,0.026929133858267684,1.149625654770293,10,0.6,False,0.03712065710123569,-0.12131519989085637,0.8250218722659668,0.002436391065128829
xlstm,GI,44,cqr_static,-0.22464237506897267,-0.3634151187383792,0.7677165354330708,0.17937007874015748,1.149625654770293,10,0.1,False,0.14171285633805997,-0.2232204071112378,0.795275590551181,0.0014219679577348598
xlstm,GI,44,decay_ocp_cqr,-0.13841768990169068,-0.1709701177606832,0.8724409448818898,0.08598425196850389,1.149625654770293,10,0.2,False,0.09077487031521447,-0.13537727171456115,0.8880139982502188,0.0030404181871295233
xlstm,GI,44,dtaci_cqr,-0.11199211932421749,-0.10883634256329469,0.8267716535433071,0.027716535433070823,1.149625654770293,10,0.7,True,0.048060393286147196,-0.09861491389954691,0.8302712160979877,0.01337720542467058
xlstm,GI,44,mondrian_cqr,-0.16428513323052607,-0.14603232824637916,0.8740157480314961,0.07401574803149603,1.149625654770293,10,0.5,False,0.04940603278531386,-0.17764477580416216,0.8740157480314961,-0.013359642573636088
xlstm,GI,44,native,-0.1499001618271366,-0.15980280728243987,0.8850393700787402,0.0938582677165354,1.149625654770293,10,0.2,False,0.12051510930220999,-0.12419005676002515,0.8818897637795275,0.025710105067111466
xlstm,GI,44,pid_cqr,-0.10467937199596677,-0.08223344704207808,0.8141732283464567,0.015118110236220427,1.149625654770293,10,1.0,True,0.05681256719808481,-0.10683042635309237,0.8162729658792651,-0.0021510543571255925
xlstm,GI,44,pid_local_cqr,-0.10712873265474299,-0.09360259897360082,0.8141732283464567,0.015118110236220427,1.149625654770293,10,1.0,True,0.059815501887016786,-0.11977888524124514,0.8153980752405949,-0.01265015258650215
xlstm,GI,44,pid_tan_cqr,-0.25511003209800454,-0.2495439064841626,0.8307086614173228,0.031653543307086564,1.149625654770293,10,0.3,False,0.046449466193105415,-0.26113511946558954,0.8346456692913385,-0.0060250873675850025
xlstm,GI,44,saocp_cqr,-0.22898810382123935,-0.2260324172924591,0.9275590551181102,0.1275590551181102,1.149625654770293,10,0.0,False,0.1332110452507853,-0.2242127002772618,0.9238845144356955,0.004775403543977541
xlstm,GI,44,sfogd_cqr,-0.1441090631177384,-0.12310819602246736,0.8086614173228346,0.00960629921259839,1.149625654770293,10,0.9,True,0.07827617445823498,-0.15001508122309892,0.8083989501312336,-0.005906018105360511
xlstm,GI,44,spci_cqr,-0.12812097981032655,-0.11197560904827379,0.7771653543307087,0.02566929133858272,1.149625654770293,10,0.9,True,0.04044900711180266,-0.13347795246628502,0.7760279965004374,-0.00535697265595847
xlstm,L,42,aci_cqr,0.030395410461223626,0.023579073873748115,0.8149606299212598,0.02031496062992123,1.0731227171946855,10,0.9,True,0.11056437003642627,0.027261318072019036,0.8180227471566055,-0.00313409238920459
xlstm,L,42,agaci_cqr,0.03314095258733318,0.0244399516637133,0.8118110236220473,0.023464566929133835,1.0731227171946855,10,1.0,True,0.08146870911343079,0.028717132256874,0.8153980752405948,-0.004423820330459183
xlstm,L,42,cqr_rolling,0.029523144739962037,0.02158081996061434,0.805511811023622,0.029763779527559032,1.0731227171946855,10,0.8,True,0.10131025166322283,0.028906112370370773,0.8136482939632546,-0.0006170323695912638
xlstm,L,42,cqr_static,-0.058445946656670356,-0.09046538084580122,0.7740157480314961,0.1283464566929134,1.0731227171946855,10,0.3,False,0.02469342206800529,-0.07611940047532761,0.7935258092738408,-0.01767345381865726
xlstm,L,42,decay_ocp_cqr,0.03919698034982522,0.029305434736152935,0.7850393700787401,0.07574803149606299,1.0731227171946855,10,0.4,False,0.0852784468953432,0.03579727970753921,0.7987751531058618,-0.0033997006422860077
xlstm,L,42,dtaci_cqr,0.035137453813969655,0.027015817720979374,0.8236220472440945,0.023622047244094425,1.0731227171946855,10,1.0,True,0.07892137156029999,0.024000374143761882,0.8250218722659668,-0.011137079670207772
xlstm,L,42,mondrian_cqr,-0.04080222692692981,-0.05173119264466266,0.8527559055118111,0.052755905511810974,1.0731227171946855,10,0.4,False,0.05945665422119367,-0.072431053321375,0.8573928258967629,-0.0316288263944452
xlstm,L,42,native,0.043258726106558065,0.045074972615423335,0.7440944881889764,0.06031496062992129,1.0731227171946855,10,0.6,False,0.10224827486267452,0.02955437827072338,0.7550306211723535,-0.013704347835834685
xlstm,L,42,pid_cqr,0.0485795751506522,0.03476720234715673,0.8110236220472441,0.011968503937007834,1.0731227171946855,10,1.0,True,0.07342701232073218,0.015708519675979193,0.8118985126859143,-0.032871055474673005
xlstm,L,42,pid_local_cqr,0.03086025076438975,0.02267594860550052,0.8078740157480315,0.013228346456692885,1.0731227171946855,10,1.0,True,0.04302119625833406,-0.021921745268473902,0.8092738407699038,-0.052781996032863654
xlstm,L,42,pid_tan_cqr,-0.051312646114450244,-0.0969115102673671,0.8181102362204724,0.01905511811023617,1.0731227171946855,10,0.6,False,0.12808359185324347,-0.10695464470608296,0.8188976377952756,-0.05564199859163271
xlstm,L,42,saocp_cqr,0.00850337887479502,-0.012446198883595327,0.8685039370078741,0.06850393700787397,1.0731227171946855,10,0.6,False,0.07558296220641181,-0.007193273461483463,0.8687664041994752,-0.015696652336278483
xlstm,L,42,sfogd_cqr,0.001944695458355683,-0.002718722880914326,0.8078740157480315,0.009763779527559024,1.0731227171946855,10,0.9,True,0.07052633890340682,-0.051695915937957526,0.8066491688538933,-0.05364061139631321
xlstm,L,42,spci_cqr,0.016652726073272173,0.008469256554960104,0.7700787401574802,0.03433070866141737,1.0731227171946855,10,0.8,True,0.058032342729143815,-0.01976994090304629,0.7716535433070866,-0.03642266697631846
xlstm,L,43,aci_cqr,-0.05109437135983419,-0.014690272057887855,0.8291338582677165,0.029133858267716493,1.0869377614736582,10,0.9,True,0.11056437003642627,-0.05407587429247118,0.8267716535433071,-0.0029815029326369924
xlstm,L,43,agaci_cqr,-0.01929615877249835,0.0022838101773821396,0.8244094488188976,0.025354330708661353,1.0869377614736582,10,1.0,True,0.08146870911343079,-0.0325273493281808,0.8232720909886264,-0.013231190555682448
xlstm,L,43,cqr_rolling,-0.03364339668764793,-0.010142974628059465,0.8204724409448818,0.02299212598425192,1.0869377614736582,10,0.8,True,0.10131025166322283,-0.0423329130993757,0.8197725284339458,-0.008689516411727771
xlstm,L,43,cqr_static,-0.05608167365655048,-0.13861915866338004,0.8181102362204724,0.1179527559055118,1.0869377614736582,10,0.3,False,0.02469342206800529,-0.06547682918028896,0.8048993875765529,-0.009395155523738485
xlstm,L,43,decay_ocp_cqr,-0.012434973772083358,0.005099233976709782,0.8,0.05259842519685039,1.0869377614736582,10,0.8,True,0.0852784468953432,-0.018158678803716688,0.7970253718285214,-0.0057237050316333304
xlstm,L,43,dtaci_cqr,-0.015945299467251983,0.00506288354329566,0.8267716535433071,0.026771653543307038,1.0869377614736582,10,1.0,True,0.07892137156029999,-0.025904862499422254,0.825896762904637,-0.009959563032170271
xlstm,L,43,mondrian_cqr,-0.08705242368117838,-0.06886168679475126,0.8653543307086615,0.06629921259842515,1.0869377614736582,10,0.6,False,0.05945665422119367,-0.11086747673182917,0.8661417322834646,-0.023815053050650792
xlstm,L,43,native,-0.008363622800492632,0.01658014034080988,0.7803149606299213,0.06000000000000001,1.0869377614736582,10,0.6,False,0.10224827486267452,-0.014553471959683595,0.7716535433070866,-0.006189849159190963
xlstm,L,43,pid_cqr,-0.011412728922753579,0.002572657191095118,0.8094488188976378,0.012913385826771618,1.0869377614736582,10,1.0,True,0.07342701232073218,-0.015557409104309139,0.810148731408574,-0.00414468018155556
xlstm,L,43,pid_local_cqr,-0.012160945493944308,-0.0059021658800423316,0.8039370078740158,0.011496062992125966,1.0869377614736582,10,0.9,True,0.04302119625833406,-0.02006239888906136,0.8031496062992125,-0.007901453395117053
xlstm,L,43,pid_tan_cqr,-0.15323379839006468,-0.12392118647109798,0.8251968503937007,0.02519685039370073,1.0869377614736582,10,0.7,True,0.12808359185324347,-0.15737707281306634,0.8250218722659668,-0.004143274423001664
xlstm,L,43,saocp_cqr,-0.06707958333161679,-0.045121882692635784,0.8771653543307087,0.07716535433070862,1.0869377614736582,10,0.5,False,0.07558296220641181,-0.07704667980352631,0.8713910761154856,-0.00996709647190952
xlstm,L,43,sfogd_cqr,-0.04076254877019436,-0.018012853309707966,0.805511811023622,0.005511811023622015,1.0869377614736582,10,0.9,True,0.07052633890340682,-0.05839291793845702,0.8057742782152232,-0.01763036916826266
xlstm,L,43,spci_cqr,-0.04137961665587164,-0.0141178794895073,0.7724409448818897,0.03196850393700791,1.0869377614736582,10,1.0,True,0.058032342729143815,-0.08660496381560123,0.7716535433070866,-0.04522534715972959
xlstm,L,44,aci_cqr,0.059469998676592084,0.06085178005672318,0.8125984251968503,0.019212598425196827,1.0780731998877844,10,1.0,True,0.11056437003642627,0.012818423356963704,0.8127734033245845,-0.04665157531962838
xlstm,L,44,agaci_cqr,0.06217255034093244,0.06356410045637846,0.8078740157480315,0.027401574803149586,1.0780731998877844,10,1.0,True,0.08146870911343079,0.01578269716617131,0.8040244969378827,-0.04638985317476113
xlstm,L,44,cqr_rolling,0.0676668549755749,0.06312317393595303,0.805511811023622,0.028188976377952746,1.0780731998877844,10,1.0,True,0.10131025166322283,0.022555696225388333,0.8057742782152232,-0.045111158750186564
xlstm,L,44,cqr_static,-0.03375252458866507,-0.010170307896075592,0.7803149606299213,0.13370078740157482,1.0780731998877844,10,0.1,False,0.02469342206800529,-0.03976249563845613,0.7777777777777778,-0.006009971049791063
xlstm,L,44,decay_ocp_cqr,0.07284347312325984,0.07598807265382065,0.7968503937007874,0.051338582677165366,1.0780731998877844,10,0.6,False,0.0852784468953432,0.048188202930485535,0.7996500437445319,-0.024655270192774303
xlstm,L,44,dtaci_cqr,0.06297607209304801,0.06623886700326542,0.8181102362204724,0.02976377952755902,1.0780731998877844,10,1.0,True,0.07892137156029999,0.016210511679523476,0.8153980752405949,-0.04676556041352453
xlstm,L,44,mondrian_cqr,-0.02759576945998471,-0.006328762072073557,0.8535433070866141,0.053543307086614124,1.0780731998877844,10,0.7,True,0.05945665422119367,-0.08965281214551335,0.8468941382327209,-0.06205704268552864
xlstm,L,44,native,0.09388465206218188,0.08662053183175464,0.8165354330708661,0.04078740157480314,1.0780731998877844,10,0.7,True,0.10224827486267452,0.053385007780350824,0.8215223097112861,-0.04049964428183106
xlstm,L,44,pid_cqr,0.0620142833979786,0.06777486827511586,0.8070866141732284,0.013700787401574776,1.0780731998877844,10,1.0,True,0.07342701232073218,0.02294974172433728,0.8048993875765529,-0.03906454167364132
xlstm,L,44,pid_local_cqr,0.02126550065901317,0.045792663014386434,0.805511811023622,0.013070866141732262,1.0780731998877844,10,0.9,True,0.04302119625833406,-0.0026630645099814387,0.8031496062992125,-0.02392856516899461
xlstm,L,44,pid_tan_cqr,-0.025150206536821207,-0.05326713048641581,0.8196850393700787,0.023149606299212554,1.0780731998877844,10,0.6,False,0.12808359185324347,-0.025900709860038118,0.8171478565179353,-0.0007505033232169112
xlstm,L,44,saocp_cqr,-0.014937861025318577,-0.0033216292338702933,0.8937007874015748,0.09370078740157474,1.0780731998877844,10,0.1,False,0.07558296220641181,-0.024963433241401045,0.8923884514435696,-0.010025572216082468
xlstm,L,44,sfogd_cqr,0.029763790133212453,0.02697966719193141,0.8086614173228346,0.011496062992125956,1.0780731998877844,10,0.9,True,0.07052633890340682,-0.0005025497877206853,0.8057742782152232,-0.03026633992093314
xlstm,L,44,spci_cqr,0.0066129920127822595,0.023425205414986737,0.7614173228346457,0.038582677165354386,1.0780731998877844,10,1.0,True,0.058032342729143815,-0.054988137301292594,0.7646544181977253,-0.061601129314074854
xlstm_const,G,42,aci_cqr,-0.024510065829997985,-0.021107776001893397,0.8078740157480315,0.02708661417322831,1.1822122890628375,10,1.0,True,0.04436459001699644,-0.054873043692697854,0.8145231846019247,-0.03036297786269987
xlstm_const,G,42,agaci_cqr,-0.022473116129619886,-0.009157772099950556,0.8118110236220473,0.013700787401574765,1.1822122890628375,10,1.0,True,0.041859284697716104,-0.044772354173340245,0.8136482939632547,-0.02229923804372036
xlstm_const,G,42,cqr_rolling,-0.01683157006758179,-0.02225642672137761,0.8188976377952756,0.03748031496062989,1.1822122890628375,10,0.9,True,0.035020006813062166,-0.0441430118615207,0.8285214348206474,-0.027311441793938906
xlstm_const,G,42,cqr_static,-0.06489130357908135,-0.187375414218156,0.8165354330708661,0.132755905511811,1.1822122890628375,10,0.4,False,0.01803424877945392,-0.05139665699036611,0.8696412948381452,0.013494646588715242
xlstm_const,G,42,decay_ocp_cqr,-0.04282304371700674,-0.06313717136191475,0.8755905511811024,0.07968503937007869,1.1822122890628375,10,0.6,False,0.01569845985841667,-0.04809574962443319,0.8705161854768153,-0.005272705907426456
xlstm_const,G,42,dtaci_cqr,-0.026997432414893274,-0.013861635518331939,0.8181102362204724,0.027874015748031455,1.1822122890628375,10,1.0,True,0.04631959241542949,-0.053086928560681645,0.8250218722659668,-0.02608949614578837
xlstm_const,G,42,mondrian_cqr,-0.07092547670073102,-0.06645950049927832,0.8472440944881889,0.04724409448818893,1.1822122890628375,10,0.9,True,0.053549687403285806,-0.08935914831912828,0.8521434820647419,-0.018433671618397263
xlstm_const,G,42,native,-0.10163818195078789,-0.09710399591969517,0.9007874015748032,0.10078740157480308,1.1822122890628375,10,0.3,False,0.06508526389813685,-0.0983208417864112,0.889763779527559,0.003317340164376681
xlstm_const,G,42,pid_cqr,-0.018997770316481644,-0.003069616447638546,0.8047244094488188,0.010078740157480292,1.1822122890628375,10,0.9,True,0.04248867738459189,-0.043123084420991775,0.8066491688538933,-0.02412531410451013
xlstm_const,G,42,pid_local_cqr,-0.035136018007939196,-0.028140513140202016,0.8086614173228346,0.01212598425196847,1.1822122890628375,10,0.8,True,0.04784715610078866,-0.042454905598385606,0.8110236220472441,-0.00731888759044641
xlstm_const,G,42,pid_tan_cqr,-0.161413455140474,-0.1427600535786449,0.8149606299212598,0.019999999999999973,1.1822122890628375,10,0.5,False,0.03356938424505407,-0.16706684863260746,0.8188976377952756,-0.005653393492133452
xlstm_const,G,42,saocp_cqr,-0.1347077668476192,-0.15079484163353427,0.9299212598425196,0.12992125984251962,1.1822122890628375,10,0.1,False,0.044672675754748314,-0.11123323253801387,0.9221347331583551,0.023474534309605333
xlstm_const,G,42,sfogd_cqr,-0.048588348019399596,-0.0412692816428877,0.8023622047244094,0.006771653543307066,1.1822122890628375,10,0.9,True,0.046052930429065664,-0.04958754238252361,0.8031496062992126,-0.0009991943631240119
xlstm_const,G,42,spci_cqr,-0.04901660753159187,-0.04603767842127626,0.768503937007874,0.035275590551181145,1.1822122890628375,10,1.0,True,0.04783575305406751,-0.06048649415249985,0.7699037620297463,-0.011469886620907976
xlstm_const,G,43,aci_cqr,-0.0059283045424392,0.00788088598551533,0.8086614173228346,0.020944881889763754,1.1851038792992916,10,0.9,True,0.04436459001699644,-0.020069545636677733,0.8127734033245844,-0.014141241094238532
xlstm_const,G,43,agaci_cqr,0.00390754975060259,0.020195116164746906,0.8125984251968503,0.017007874015747992,1.1851038792992916,10,1.0,True,0.041859284697716104,-0.0007676134048748562,0.8145231846019247,-0.004675163155477446
xlstm_const,G,43,cqr_rolling,-0.013406360370600057,0.0032735273914590523,0.8188976377952756,0.027401574803149576,1.1851038792992916,10,1.0,True,0.035020006813062166,-0.01735307907262129,0.8232720909886264,-0.003946718702021235
xlstm_const,G,43,cqr_static,-0.07702282860859577,-0.2048652650549591,0.8338582677165354,0.1343307086614173,1.1851038792992916,10,0.2,False,0.01803424877945392,-0.0925638134730229,0.8547681539807523,-0.015540984864427121
xlstm_const,G,43,decay_ocp_cqr,-0.030553163763235136,-0.07671495283168775,0.8858267716535433,0.10188976377952752,1.1851038792992916,10,0.5,False,0.01569845985841667,-0.0328359343100777,0.8792650918635171,-0.0022827705468425608
xlstm_const,G,43,dtaci_cqr,0.0013042884917144892,0.021780818684678394,0.8173228346456692,0.024881889763779495,1.1851038792992916,10,1.0,True,0.04631959241542949,-0.0008415163556922955,0.8215223097112861,-0.002145804847406785
xlstm_const,G,43,mondrian_cqr,-0.0696900574537258,-0.06297402828753411,0.8448818897637794,0.04488188976377947,1.1851038792992916,10,1.0,True,0.053549687403285806,-0.06976552353354415,0.8460192475940507,-7.546607981834264e-05
xlstm_const,G,43,native,-0.07044648391101771,-0.08160528078578928,0.8952755905511811,0.09527559055118104,1.1851038792992916,10,0.5,False,0.06508526389813685,-0.06104087578714923,0.8862642169728784,0.00940560812386848
xlstm_const,G,43,pid_cqr,0.0034680816503853684,0.024473386951223985,0.8062992125984252,0.00913385826771651,1.1851038792992916,10,1.0,True,0.04248867738459189,-0.012674391204199775,0.8075240594925635,-0.016142472854585144
xlstm_const,G,43,pid_local_cqr,-0.021712455458866575,-0.008475115155777035,0.8102362204724409,0.015275590551181061,1.1851038792992916,10,0.9,True,0.04784715610078866,-0.025739620011636655,0.810148731408574,-0.0040271645527700795
xlstm_const,G,43,pid_tan_cqr,-0.15041831168608077,-0.1237483373397116,0.8118110236220473,0.016220472440944843,1.1851038792992916,10,0.6,False,0.03356938424505407,-0.15484122134025147,0.8145231846019247,-0.0044229096541706925
xlstm_const,G,43,saocp_cqr,-0.09817697142506543,-0.13115921731435914,0.9259842519685039,0.12598425196850388,1.1851038792992916,10,0.2,False,0.044672675754748314,-0.09285539000464138,0.9186351706036745,0.005321581420424049
xlstm_const,G,43,sfogd_cqr,-0.03412700315490902,-0.03041673235902259,0.8023622047244094,0.005196850393700769,1.1851038792992916,10,0.9,True,0.046052930429065664,-0.03441582272180699,0.8031496062992126,-0.0002888195668979687
xlstm_const,G,43,spci_cqr,-0.04131917975385291,-0.037374735030434716,0.7519685039370079,0.04803149606299219,1.1851038792992916,10,0.9,True,0.04783575305406751,-0.0527685367985371,0.7567804024496938,-0.011449357044684194
xlstm_const,G,44,aci_cqr,0.019854524186998457,0.05684194862915196,0.8228346456692913,0.026929133858267663,1.0964259229338262,10,1.0,True,0.04436459001699644,0.01510211198642486,0.8276465441819773,-0.004752412200573597
xlstm_const,G,44,agaci_cqr,0.019386168568096218,0.06412970227806254,0.8173228346456692,0.024881889763779485,1.0964259229338262,10,1.0,True,0.041859284697716104,0.008664172208326604,0.8215223097112861,-0.010721996359769614
xlstm_const,G,44,cqr_rolling,0.018188436745480374,0.04891387862005712,0.8401574803149605,0.04110236220472435,1.0964259229338262,10,0.9,True,0.035020006813062166,0.006272095410741696,0.8451443569553806,-0.011916341334738678
xlstm_const,G,44,cqr_static,-0.08292555235853527,-0.2211854873053123,0.8795275590551181,0.12078740157480312,1.0964259229338262,10,0.3,False,0.01803424877945392,-0.07139995238790098,0.8670166229221348,0.011525599970634293
xlstm_const,G,44,decay_ocp_cqr,-0.046251623621651805,-0.045107718136376,0.8968503937007875,0.09937007874015744,1.0964259229338262,10,0.4,False,0.01569845985841667,-0.04502275654803878,0.8880139982502188,0.001228867073613027
xlstm_const,G,44,dtaci_cqr,0.019322160000536215,0.06284998071082229,0.8307086614173228,0.03322834645669285,1.0964259229338262,10,1.0,True,0.04631959241542949,0.014088463598841972,0.8355205599300087,-0.005233696401694243
xlstm_const,G,44,mondrian_cqr,-0.01737578929744521,-0.02587670010736004,0.8606299212598426,0.06062992125984248,1.0964259229338262,10,0.7,True,0.053549687403285806,-0.01873924548243222,0.8643919510061243,-0.0013634561849870108
xlstm_const,G,44,native,-0.03655291805265104,-0.062415762418779386,0.9078740157480315,0.10787401574803143,1.0964259229338262,10,0.3,False,0.06508526389813685,-0.03486814008141059,0.8985126859142607,0.0016847779712404476
xlstm_const,G,44,pid_cqr,0.023490907068110245,0.05675824466657932,0.8118110236220473,0.0118110236220472,1.0964259229338262,10,1.0,True,0.04248867738459189,0.02247785094282595,0.8110236220472441,-0.0010130561252842951
xlstm_const,G,44,pid_local_cqr,0.012711138092849461,0.028816186408336976,0.8149606299212598,0.015905511811023575,1.0964259229338262,10,0.9,True,0.04784715610078866,0.0011976026249910232,0.8153980752405949,-0.011513535467858438
xlstm_const,G,44,pid_tan_cqr,-0.12784407089541994,-0.0771748275463808,0.8220472440944881,0.022047244094488126,1.0964259229338262,10,0.4,False,0.03356938424505407,-0.13344962402370442,0.8232720909886264,-0.0056055531282844795
xlstm_const,G,44,saocp_cqr,-0.09003509109287089,-0.11585243103977276,0.9307086614173228,0.1307086614173228,1.0964259229338262,10,0.1,False,0.044672675754748314,-0.06955348539542316,0.9238845144356955,0.020481605697447725
xlstm_const,G,44,sfogd_cqr,-0.0025354175903339327,0.00423808508696778,0.8023622047244094,0.005196850393700769,1.0964259229338262,10,1.0,True,0.046052930429065664,-0.005008714956689753,0.8031496062992126,-0.00247329736635582
xlstm_const,G,44,spci_cqr,-0.0011808544775243623,0.014570571849899905,0.7716535433070867,0.03181102362204726,1.0964259229338262,10,1.0,True,0.04783575305406751,-0.017790717115506727,0.7725284339457568,-0.016609862637982364
xlstm_const,GF,42,aci_cqr,0.008059769868526578,-0.005144708393936914,0.8078740157480315,0.02330708661417321,1.1479893620025647,10,1.0,True,0.026226676194878284,-0.008209846075043714,0.8127734033245845,-0.016269615943570293
xlstm_const,GF,42,agaci_cqr,0.005899408733447298,0.0019438037793095165,0.8047244094488188,0.011023622047244075,1.1479893620025647,10,1.0,True,0.02355861046755109,-0.010818350444940616,0.8066491688538933,-0.016717759178387914
xlstm_const,GF,42,cqr_rolling,0.008634580700216998,-0.009198670458341662,0.8141732283464567,0.025511811023622034,1.1479893620025647,10,1.0,True,0.02178877173869931,-0.010847822467137114,0.8197725284339458,-0.019482403167354112
xlstm_const,GF,42,cqr_static,-0.0673401951342234,-0.145588294592301,0.8070866141732284,0.13999999999999999,1.1479893620025647,10,0.3,False,0.014740625971855326,-0.0574808496033945,0.8512685914260717,0.0098593455308289
xlstm_const,GF,42,decay_ocp_cqr,-0.028996546280969593,-0.04802417393542716,0.8755905511811024,0.0828346456692913,1.1479893620025647,10,0.6,False,0.011233113313253273,-0.033534601755010884,0.8696412948381452,-0.0045380554740412915
xlstm_const,GF,42,dtaci_cqr,0.0038400942841854135,-0.00046620127668544064,0.8149606299212598,0.02409448818897637,1.1479893620025647,10,1.0,True,0.03987132653650449,-0.015470296138598183,0.8188976377952756,-0.019310390422783597
xlstm_const,GF,42,mondrian_cqr,-0.07347012486458926,-0.06049443060821037,0.8417322834645669,0.04582677165354328,1.1479893620025647,10,0.8,True,0.026953151789162022,-0.07838833450250071,0.8433945756780402,-0.004918209637911453
xlstm_const,GF,42,native,-0.08755618971342516,-0.08417686924362902,0.8944881889763779,0.09448818897637788,1.1479893620025647,10,0.4,False,0.0651427563382112,-0.07519460162844394,0.8836395450568679,0.012361588084981223
xlstm_const,GF,42,pid_cqr,0.004211124708839387,0.005975242989796137,0.8078740157480315,0.009763779527559024,1.1479893620025647,10,1.0,True,0.017497136585284623,-0.007729674536928854,0.8083989501312336,-0.011940799245768241
xlstm_const,GF,42,pid_local_cqr,-0.022400581713649337,-0.011546874093806614,0.8078740157480315,0.009763779527559024,1.1479893620025647,10,0.9,True,0.030818105172977006,-0.03254736567652183,0.8092738407699038,-0.010146783962872497
xlstm_const,GF,42,pid_tan_cqr,-0.15341107230971585,-0.13152996853860105,0.8141732283464567,0.017007874015747992,1.1479893620025647,10,0.7,True,0.05322551836424927,-0.16926761734490392,0.8162729658792651,-0.015856545035188074
xlstm_const,GF,42,saocp_cqr,-0.14356159248519818,-0.13681953844381828,0.9275590551181102,0.1275590551181102,1.1479893620025647,10,0.1,False,0.06080193521653843,-0.12108199383043972,0.9203849518810148,0.02247959865475846
xlstm_const,GF,42,sfogd_cqr,-0.026163521386980082,-0.03471370223764523,0.8039370078740158,0.0064566929133857975,1.1479893620025647,10,1.0,True,0.039385726990201764,-0.03137004746602212,0.8040244969378828,-0.00520652607904204
xlstm_const,GF,42,spci_cqr,-0.017884686662720528,-0.019870093176556247,0.7669291338582677,0.03370078740157485,1.1479893620025647,10,1.0,True,0.031341261121373754,-0.05045134643416227,0.7664041994750657,-0.03256665977144174
xlstm_const,GF,43,aci_cqr,0.03428644606340486,0.04267478017850285,0.8133858267716535,0.027874015748031444,1.1278203698619054,10,1.0,True,0.026226676194878284,0.01661198550575682,0.8215223097112861,-0.017674460557648042
xlstm_const,GF,43,agaci_cqr,0.029458019200998387,0.04962396635836377,0.8110236220472441,0.0185826771653543,1.1278203698619054,10,1.0,True,0.02355861046755109,0.011109037684922884,0.8136482939632546,-0.018348981516075502
xlstm_const,GF,43,cqr_rolling,0.0175584283442064,0.03609145202137769,0.8220472440944881,0.034015748031496026,1.1278203698619054,10,1.0,True,0.02178877173869931,0.009331555038738948,0.8311461067366579,-0.008226873305467453
xlstm_const,GF,43,cqr_static,-0.07008254194696018,-0.1550106219293009,0.8590551181102363,0.1122834645669291,1.1278203698619054,10,0.4,False,0.014740625971855326,-0.07859044361964562,0.8705161854768154,-0.008507901672685447
xlstm_const,GF,43,decay_ocp_cqr,-0.03611237083774954,-0.043687793938931366,0.8858267716535433,0.09244094488188974,1.1278203698619054,10,0.5,False,0.011233113313253273,-0.04588801809270171,0.8888888888888888,-0.009775647254952169
xlstm_const,GF,43,dtaci_cqr,0.043711420820689906,0.053431450138301584,0.8204724409448818,0.029291338582677108,1.1278203698619054,10,1.0,True,0.03987132653650449,0.019326662111689208,0.8276465441819773,-0.024384758709000698
xlstm_const,GF,43,mondrian_cqr,-0.08524532083136127,-0.02905147357551672,0.8417322834645669,0.04173228346456689,1.1278203698619054,10,1.0,True,0.026953151789162022,-0.08824447164922566,0.8451443569553806,-0.0029991508178643933
xlstm_const,GF,43,native,-0.054479512537604746,-0.05376718922897785,0.9,0.09999999999999995,1.1278203698619054,10,0.4,False,0.0651427563382112,-0.0540902484685013,0.889763779527559,0.00038926406910344546
xlstm_const,GF,43,pid_cqr,0.02012477926232853,0.05228431881912991,0.8078740157480315,0.01133858267716532,1.1278203698619054,10,1.0,True,0.017497136585284623,0.020113225260292467,0.810148731408574,-1.1554002036062716e-05
xlstm_const,GF,43,pid_local_cqr,-0.0026581401871774712,0.023112950540765252,0.8110236220472441,0.014488188976377913,1.1278203698619054,10,1.0,True,0.030818105172977006,-0.005416822277816147,0.8136482939632547,-0.0027586820906386755
xlstm_const,GF,43,pid_tan_cqr,-0.10018555394546658,-0.08031710645883161,0.8165354330708661,0.019999999999999952,1.1278203698619054,10,0.7,True,0.05322551836424927,-0.14567234361087267,0.8197725284339458,-0.04548678966540609
xlstm_const,GF,43,saocp_cqr,-0.08275965726865975,-0.09627443839420388,0.9307086614173228,0.1307086614173228,1.1278203698619054,10,0.1,False,0.06080193521653843,-0.07318964670149763,0.9238845144356955,0.009570010567162113
xlstm_const,GF,43,sfogd_cqr,-0.03580661540886265,-0.0021253273084149704,0.8031496062992126,0.0050393700787401356,1.1278203698619054,10,0.9,True,0.039385726990201764,-0.03717258526533196,0.8040244969378828,-0.0013659698564693068
xlstm_const,GF,43,spci_cqr,0.013456574458653225,0.004169053099573372,0.7440944881889764,0.05590551181102368,1.1278203698619054,10,0.8,True,0.031341261121373754,0.01334348613176728,0.7454068241469816,-0.00011308832688594617
xlstm_const,GF,44,aci_cqr,0.02435436962249332,0.08098624456042633,0.8244094488188976,0.03102362204724406,1.0837846971364307,10,1.0,True,0.026226676194878284,0.017557942301046126,0.8293963254593176,-0.006796427321447196
xlstm_const,GF,44,agaci_cqr,0.029071457524330935,0.09042120319105196,0.8188976377952756,0.024566929133858217,1.0837846971364307,10,1.0,True,0.02355861046755109,0.025751840290471284,0.8206474190726158,-0.003319617233859651
xlstm_const,GF,44,cqr_rolling,0.030423352438916307,0.07806692288331855,0.8362204724409448,0.0396850393700787,1.0837846971364307,10,0.9,True,0.02178877173869931,0.029064101395824715,0.8407699037620298,-0.0013592510430915916
xlstm_const,GF,44,cqr_static,-0.08208082110607873,-0.20273212479793862,0.9007874015748032,0.12944881889763776,1.0837846971364307,10,0.1,False,0.014740625971855326,-0.1111051889076673,0.8906386701662292,-0.02902436780158857
xlstm_const,GF,44,decay_ocp_cqr,-0.024879257524496268,-0.03030005991921687,0.9039370078740158,0.1064566929133858,1.0837846971364307,10,0.4,False,0.011233113313253273,-0.027387211926044763,0.89501312335958,-0.0025079544015484956
xlstm_const,GF,44,dtaci_cqr,0.026442867303199558,0.08987157507319671,0.831496062992126,0.033385826771653485,1.0837846971364307,10,1.0,True,0.03987132653650449,0.019030384201765616,0.8355205599300087,-0.007412483101433942
xlstm_const,GF,44,mondrian_cqr,-0.05829216904219925,-0.013330797665517447,0.8716535433070867,0.07165354330708658,1.0837846971364307,10,0.7,True,0.026953151789162022,-0.06175688105870125,0.8740157480314961,-0.003464712016502003
xlstm_const,GF,44,native,-0.022413433375213954,-0.04294094131528211,0.9070866141732283,0.10708661417322829,1.0837846971364307,10,0.3,False,0.0651427563382112,-0.02007468133756074,0.8976377952755905,0.0023387520376532134
xlstm_const,GF,44,pid_cqr,0.02170826129412401,0.08141005483972669,0.8149606299212598,0.015905511811023575,1.0837846971364307,10,0.9,True,0.017497136585284623,0.01755508663334826,0.8145231846019247,-0.004153174660775749
xlstm_const,GF,44,pid_local_cqr,0.00841752345932767,0.05406065584522916,0.8133858267716535,0.01433070866141728,1.0837846971364307,10,1.0,True,0.030818105172977006,0.007549265454283027,0.8145231846019247,-0.000868258005044642
xlstm_const,GF,44,pid_tan_cqr,-0.10509594296649682,-0.05516418743544506,0.8244094488188976,0.02440944881889757,1.0837846971364307,10,0.6,False,0.05322551836424927,-0.12275034896394943,0.825896762904637,-0.017654405997452605
xlstm_const,GF,44,saocp_cqr,-0.08303171856709102,-0.09855461457377854,0.9330708661417322,0.13307086614173225,1.0837846971364307,10,0.0,False,0.06080193521653843,-0.0728368880639092,0.926509186351706,0.010194830503181818
xlstm_const,GF,44,sfogd_cqr,0.0035791115813391117,0.026993045519537608,0.8039370078740158,0.006771653543307066,1.0837846971364307,10,1.0,True,0.039385726990201764,-0.002235714615569373,0.804899387576553,-0.005814826196908485
xlstm_const,GF,44,spci_cqr,0.007876379684714774,0.045681034827222314,0.7614173228346457,0.040787401574803185,1.0837846971364307,10,0.9,True,0.031341261121373754,-0.017278460773968662,0.7655293088363955,-0.025154840458683436
xlstm_const,L,42,aci_cqr,0.0646379173673558,0.08348621076371888,0.8165354330708661,0.02629921259842517,1.0731227171946855,10,1.0,True,0.07251805541910405,0.03543055760852054,0.8215223097112861,-0.02920735975883526
xlstm_const,L,42,agaci_cqr,0.06271505892828189,0.08654040127649418,0.8133858267716535,0.019370078740157438,1.0731227171946855,10,1.0,True,0.06838115490820607,0.029954557899050216,0.8136482939632547,-0.03276050102923167
xlstm_const,L,42,cqr_rolling,0.05699824542109022,0.07716683263497835,0.8370078740157479,0.04204724409448816,1.0731227171946855,10,0.9,True,0.06836300021424668,0.034160249769854656,0.8416447944007,-0.022837995651235565
xlstm_const,L,42,cqr_static,-0.041803336322643214,-0.2113047980844493,0.915748031496063,0.11574803149606297,1.0731227171946855,10,0.4,False,0.12609582101619787,-0.04424810789424627,0.9230096237970253,-0.002444771571603055
xlstm_const,L,42,decay_ocp_cqr,-0.025554656071182236,-0.005680689282577589,0.9015748031496063,0.10157480314960625,1.0731227171946855,10,0.3,False,0.008885679342804487,-0.026509077089701183,0.8985126859142607,-0.0009544210185189472
xlstm_const,L,42,dtaci_cqr,0.0616560377205419,0.08758449720449074,0.8236220472440945,0.023622047244094436,1.0731227171946855,10,0.9,True,0.06252870557440426,0.03110219804230474,0.825896762904637,-0.03055383967823716
xlstm_const,L,42,mondrian_cqr,-0.0060809311724704385,0.01948408719521951,0.8645669291338584,0.06456692913385823,1.0731227171946855,10,0.6,False,0.08548771604425831,-0.02445951981098471,0.8670166229221348,-0.01837858863851427
xlstm_const,L,42,native,0.028918935537914914,0.02434494791648504,0.8779527559055118,0.08456692913385824,1.0731227171946855,10,0.6,False,0.04461023659227026,0.021614221703248337,0.8661417322834646,-0.007304713834666576
xlstm_const,L,42,pid_cqr,0.06531909451291584,0.08785968868963676,0.8173228346456692,0.01732283464566924,1.0731227171946855,10,1.0,True,0.05089625288317584,0.03427569890862536,0.8188976377952756,-0.03104339560429048
xlstm_const,L,42,pid_local_cqr,0.03943880561679841,0.05192849891696312,0.8173228346456692,0.01826771653543302,1.0731227171946855,10,0.8,True,0.06394161098961787,0.01519169163135592,0.8197725284339458,-0.024247113985442492
xlstm_const,L,42,pid_tan_cqr,-0.08148826357842276,-0.04968861108757109,0.8236220472440945,0.024566929133858217,1.0731227171946855,10,0.6,False,0.05707250934307706,-0.09591530977643603,0.8267716535433071,-0.014427046198013271
xlstm_const,L,42,saocp_cqr,-0.025479797615771904,-0.026061510779413943,0.9165354330708662,0.11653543307086611,1.0731227171946855,10,0.2,False,0.03982244187776973,-0.028404593279512058,0.9090113735783026,-0.002924795663740154
xlstm_const,L,42,sfogd_cqr,0.006782522171586258,0.02613944408107206,0.8118110236220473,0.012755905511810984,1.0731227171946855,10,0.8,True,0.056128651627526116,-0.010389251080354045,0.8136482939632547,-0.017171773251940303
xlstm_const,L,42,spci_cqr,0.07170058095835191,0.062299106814739026,0.7559055118110236,0.045354330708661426,1.0731227171946855,10,1.0,True,0.07174465393727059,0.06827475421736706,0.7594050743657044,-0.0034258267409848497
xlstm_const,L,43,aci_cqr,-0.007880138051748253,0.05614856723304136,0.8070866141732284,0.01559055118110234,1.0869377614736582,10,0.9,True,0.07251805541910405,-0.009547932068310061,0.8110236220472441,-0.0016677940165618077
xlstm_const,L,43,agaci_cqr,-0.0056660959799241795,0.05837228446542714,0.8086614173228346,0.013070866141732251,1.0869377614736582,10,1.0,True,0.06838115490820607,-0.01150535696821331,0.8110236220472441,-0.00583926098828913
xlstm_const,L,43,cqr_rolling,-0.011364754793156462,0.0530360109550985,0.831496062992126,0.03149606299212594,1.0869377614736582,10,1.0,True,0.06836300021424668,-0.013146125965429967,0.8346456692913385,-0.0017813711722735048
xlstm_const,L,43,cqr_static,-0.1678991573388411,-0.2488447206515238,0.9346456692913385,0.13464566929133853,1.0869377614736582,10,0.2,False,0.12609582101619787,-0.19501221732331686,0.9317585301837271,-0.027113059984475774
xlstm_const,L,43,decay_ocp_cqr,-0.03444033541398672,-0.03533902538555996,0.9086614173228347,0.10960629921259839,1.0869377614736582,10,0.3,False,0.008885679342804487,-0.03820520572379804,0.9011373578302712,-0.003764870309811319
xlstm_const,L,43,dtaci_cqr,-0.0008726678538623633,0.061968034221661875,0.8196850393700787,0.02220472440944876,1.0869377614736582,10,0.9,True,0.06252870557440426,-0.010097933265621917,0.8197725284339458,-0.009225265411759553
xlstm_const,L,43,mondrian_cqr,-0.09156864721672875,-0.052226325715875675,0.8708661417322835,0.07086614173228342,1.0869377614736582,10,0.6,False,0.08548771604425831,-0.09691281439582289,0.8722659667541558,-0.005344167179094139
xlstm_const,L,43,native,0.009315716863682544,0.01226728729082266,0.8708661417322835,0.07999999999999999,1.0869377614736582,10,0.5,False,0.04461023659227026,0.005379544025490013,0.858267716535433,-0.003936172838192531
xlstm_const,L,43,pid_cqr,0.014422841629740002,0.05870246498007061,0.8141732283464567,0.015118110236220427,1.0869377614736582,10,1.0,True,0.05089625288317584,-0.00974229177161079,0.8162729658792651,-0.02416513340135079
xlstm_const,L,43,pid_local_cqr,-0.02450280537281946,0.019504614326411596,0.8173228346456692,0.01732283464566924,1.0869377614736582,10,1.0,True,0.06394161098961787,-0.04189453620883743,0.8180227471566055,-0.01739173083601797
xlstm_const,L,43,pid_tan_cqr,-0.12729121805129484,-0.07286552384288306,0.8181102362204724,0.019999999999999962,1.0869377614736582,10,0.5,False,0.05707250934307706,-0.18420598669992772,0.820647419072616,-0.056914768648632874
xlstm_const,L,43,saocp_cqr,-0.06079218588339952,-0.05532653528814344,0.9094488188976377,0.10944881889763777,1.0869377614736582,10,0.3,False,0.03982244187776973,-0.06269873150003646,0.9011373578302712,-0.0019065456166369454
xlstm_const,L,43,sfogd_cqr,-0.04934612945593986,-0.001772176222384847,0.8047244094488188,0.008188976377952729,1.0869377614736582,10,1.0,True,0.056128651627526116,-0.06333558295630959,0.8066491688538933,-0.01398945350036973
xlstm_const,L,43,spci_cqr,0.023881989497901213,0.020342406751491716,0.7661417322834645,0.033858267716535495,1.0869377614736582,10,1.0,True,0.07174465393727059,0.016254427842058994,0.7690288713910761,-0.007627561655842219
xlstm_const,L,44,aci_cqr,0.050819795663800627,0.04347919922442717,0.8110236220472441,0.02236220472440943,1.0780731998877844,10,1.0,True,0.07251805541910405,0.014248339556546918,0.8153980752405949,-0.03657145610725371
xlstm_const,L,44,agaci_cqr,0.04856157095519553,0.04676189288189074,0.8047244094488188,0.015433070866141717,1.0780731998877844,10,1.0,True,0.06838115490820607,0.0046526011166901915,0.8075240594925633,-0.04390896983850534
xlstm_const,L,44,cqr_rolling,0.03289062808592802,0.03491599257006402,0.8291338582677165,0.03259842519685037,1.0780731998877844,10,0.9,True,0.06836300021424668,-0.0021948658401531596,0.8337707786526685,-0.03508549392608118
xlstm_const,L,44,cqr_static,-0.10200041632439938,-0.19203632213353428,0.9204724409448819,0.12047244094488185,1.0780731998877844,10,0.4,False,0.12609582101619787,-0.127629118539627,0.9151356080489939,-0.025628702215227617
xlstm_const,L,44,decay_ocp_cqr,-0.02775667007875926,-0.06201436042905488,0.8937007874015748,0.09370078740157475,1.0780731998877844,10,0.5,False,0.008885679342804487,-0.03809498461757865,0.8845144356955381,-0.010338314538819393
xlstm_const,L,44,dtaci_cqr,0.042403782972533666,0.047909340029136306,0.815748031496063,0.02330708661417318,1.0780731998877844,10,1.0,True,0.06252870557440426,-0.00036432698542099295,0.8188976377952756,-0.04276810995795466
xlstm_const,L,44,mondrian_cqr,-0.05290295549166191,-0.03094736231466888,0.8503937007874015,0.051338582677165304,1.0780731998877844,10,0.6,False,0.08548771604425831,-0.10424283999157402,0.8486439195100612,-0.051339884499912114
xlstm_const,L,44,native,-0.015691301054355344,-0.010576535522437026,0.8685039370078741,0.07574803149606295,1.0780731998877844,10,0.5,False,0.04461023659227026,-0.017051303759673786,0.8556430446194225,-0.0013600027053184416
xlstm_const,L,44,pid_cqr,0.03730608242922462,0.05312568294891382,0.8133858267716535,0.01433070866141728,1.0780731998877844,10,1.0,True,0.05089625288317584,0.009662823734081227,0.8136482939632547,-0.02764325869514339
xlstm_const,L,44,pid_local_cqr,0.02709892435220035,0.031639085241845874,0.815748031496063,0.016692913385826725,1.0780731998877844,10,1.0,True,0.06394161098961787,0.009047731352152089,0.8162729658792651,-0.01805119300004826
xlstm_const,L,44,pid_tan_cqr,-0.13856077292149982,-0.0889049668689757,0.8204724409448818,0.021417322834645612,1.0780731998877844,10,0.7,True,0.05707250934307706,-0.14077447348583427,0.8223972003499562,-0.002213700564334453
xlstm_const,L,44,saocp_cqr,-0.06530223949354164,-0.06000786260224837,0.9086614173228347,0.10866141732283459,1.0780731998877844,10,0.3,False,0.03982244187776973,-0.07580207588318877,0.9002624671916011,-0.010499836389647133
xlstm_const,L,44,sfogd_cqr,0.0019972680791798814,0.009738077898854525,0.8086614173228346,0.00960629921259839,1.0780731998877844,10,1.0,True,0.056128651627526116,-0.01764024726433866,0.810148731408574,-0.01963751534351854
xlstm_const,L,44,spci_cqr,-4.4072978918674455e-05,-0.0006383571016577161,0.7740157480314961,0.02818897637795279,1.0780731998877844,10,1.0,True,0.07174465393727059,-0.03226205234161994,0.7795275590551181,-0.032217979362701266
